x0,y0,x1,y1,x2,y2,x3,y3,x4,y4,x5,y5,x6,y6,x7,y7,x8,y8,x9,y9,x10,y10,x11,y11,x12,y12,x13,y13,x14,y14,x15,y15,x16,y16,x17,y17,x18,y18,x19,y19,x20,y20,x21,y21,x22,y22,x23,y23,x24,y24,x25,y25,x26,y26,x27,y27,x28,y28,x29,y29,x30,y30,x31,y31,x32,y32,x33,y33,x34,y34,x35,y35,x36,y36,x37,y37,x38,y38,x39,y39,x40,y40,x41,y41,label
0.23619836568832397,0.6332592964172363,0.28691864013671875,0.6034074425697327,0.29094433784484863,0.5536710619926453,0.24612556397914886,0.5245607495307922,0.20136559009552002,0.51706463098526,0.2842220962047577,0.5019031167030334,0.2825276553630829,0.44618305563926697,0.2785366177558899,0.41005465388298035,0.2723947763442993,0.37952184677124023,0.24208782613277435,0.504033625125885,0.2390587031841278,0.4423592686653137,0.2402210533618927,0.4031558036804199,0.2381792813539505,0.3712998926639557,0.20220127701759338,0.5197120904922485,0.1919417381286621,0.4859676957130432,0.20935150980949402,0.5155916213989258,0.22046329081058502,0.5381144881248474,0.16554419696331024,0.5441558361053467,0.17436236143112183,0.5290737152099609,0.20052912831306458,0.5518766641616821,0.21967075765132904,0.570429265499115,,,,,,,,,,,,,,,,,,,,,,,,,,,,,,,,,,,,,,,,,,,two_up
0.5554261207580566,0.6039870977401733,0.5307775735855103,0.5832846760749817,0.5277963876724243,0.5520190000534058,0.5505152940750122,0.5310846567153931,0.5782288312911987,0.5224897861480713,0.5346419215202332,0.5383169651031494,0.5345735549926758,0.5098952651023865,0.535040557384491,0.493413507938385,0.5380755662918091,0.47900429368019104,0.5558716654777527,0.5373190641403198,0.554629385471344,0.5055376887321472,0.5486144423484802,0.48588842153549194,0.5452272891998291,0.4712769091129303,0.5746820569038391,0.5428536534309387,0.572994589805603,0.5228870511054993,0.5580840110778809,0.5419175028800964,0.5545341372489929,0.555605947971344,0.592913031578064,0.5526179075241089,0.5843184590339661,0.5365141034126282,0.5729871988296509,0.5505053997039795,0.5727609992027283,0.561791181564331,,,,,,,,,,,,,,,,,,,,,,,,,,,,,,,,,,,,,,,,,,,two_up
0.20275968313217163,0.5449342727661133,0.2601812779903412,0.5192323923110962,0.29056280851364136,0.4762861132621765,0.26576411724090576,0.4446757733821869,0.22483393549919128,0.4293068051338196,0.25319379568099976,0.4033910632133484,0.25651708245277405,0.3533232808113098,0.2533026933670044,0.32075583934783936,0.2494078278541565,0.29321950674057007,0.21058738231658936,0.40608346462249756,0.21116426587104797,0.3463706970214844,0.2162407636642456,0.31037846207618713,0.21712960302829742,0.2802823483943939,0.1716814935207367,0.4224173426628113,0.17514568567276,0.38034698367118835,0.20140951871871948,0.4131218492984772,0.2142658680677414,0.4434206187725067,0.13639646768569946,0.44773200154304504,0.15433797240257263,0.41960030794143677,0.17903494834899902,0.4428263008594513,0.19109788537025452,0.46678146719932556,,,,,,,,,,,,,,,,,,,,,,,,,,,,,,,,,,,,,,,,,,,two_up
0.702654242515564,0.5985842347145081,0.6792823672294617,0.5777385234832764,0.6758859753608704,0.5503010749816895,0.7008069753646851,0.5317652225494385,0.7267332077026367,0.5207952857017517,0.6765354871749878,0.5202696323394775,0.6771340370178223,0.4900926947593689,0.6793876886367798,0.47148412466049194,0.6831094622612,0.45555952191352844,0.7012426853179932,0.5204197764396667,0.6999841928482056,0.48318055272102356,0.6982182264328003,0.4618493914604187,0.6984146237373352,0.4446266293525696,0.722973644733429,0.5293903350830078,0.7250845432281494,0.5081408023834229,0.7133802771568298,0.5279820561408997,0.7085062861442566,0.5424697399139404,0.7412890195846558,0.5437518954277039,0.7376109957695007,0.5266063213348389,0.7241426706314087,0.5406501889228821,0.7179364562034607,0.5531169772148132,,,,,,,,,,,,,,,,,,,,,,,,,,,,,,,,,,,,,,,,,,,two_up
0.7228151559829712,0.5494056940078735,0.6911898851394653,0.5245887637138367,0.6820973753929138,0.49139145016670227,0.7063996195793152,0.4669051170349121,0.7364345788955688,0.45171207189559937,0.7019192576408386,0.44487544894218445,0.709176242351532,0.4022713899612427,0.7147980332374573,0.37733346223831177,0.7224052548408508,0.3563278317451477,0.731999933719635,0.4470007121562958,0.7382523417472839,0.39767342805862427,0.7404233813285828,0.3695991039276123,0.743503212928772,0.3471647799015045,0.7569229602813721,0.4599435329437256,0.7612130045890808,0.4276382327079773,0.7442420125007629,0.44716158509254456,0.7328199744224548,0.4646645784378052,0.777793824672699,0.4795162081718445,0.7667651176452637,0.4610742926597595,0.7467607259750366,0.4651380479335785,0.7313798069953918,0.47058048844337463,,,,,,,,,,,,,,,,,,,,,,,,,,,,,,,,,,,,,,,,,,,two_up
0.1938694566488266,0.4748084545135498,0.2116696983575821,0.4575478136539459,0.22008952498435974,0.4285616874694824,0.21060867607593536,0.40807148814201355,0.19679096341133118,0.396788090467453,0.2173416018486023,0.3953245282173157,0.21950653195381165,0.3621707260608673,0.21938233077526093,0.3428713381290436,0.21850597858428955,0.32540062069892883,0.20369431376457214,0.39534276723861694,0.20639853179454803,0.3588271737098694,0.2081911414861679,0.337653785943985,0.20817236602306366,0.317876398563385,0.19057193398475647,0.40305468440055847,0.19017340242862701,0.38517385721206665,0.19554734230041504,0.4073444902896881,0.198868989944458,0.4230518341064453,0.17894655466079712,0.4157468378543854,0.18082939088344574,0.40328824520111084,0.187567800283432,0.41935884952545166,0.19259262084960938,0.4337807893753052,,,,,,,,,,,,,,,,,,,,,,,,,,,,,,,,,,,,,,,,,,,two_up
0.7037853598594666,0.508648693561554,0.6952476501464844,0.49084341526031494,0.6895917057991028,0.4691590666770935,0.698033332824707,0.4525919258594513,0.7137252688407898,0.44193169474601746,0.6891772150993347,0.4472719430923462,0.6844102740287781,0.42564642429351807,0.682357907295227,0.4135229289531708,0.6831096410751343,0.4014469385147095,0.7036343216896057,0.446991890668869,0.6964114308357239,0.42017343640327454,0.6917549967765808,0.40565067529678345,0.6886708736419678,0.3928760290145874,0.7175712585449219,0.45171675086021423,0.7148538827896118,0.43848946690559387,0.7104491591453552,0.45299479365348816,0.707679271697998,0.46342334151268005,0.7309344410896301,0.45892783999443054,0.7276812791824341,0.44522443413734436,0.7243407368659973,0.45429718494415283,0.7230345606803894,0.4633166790008545,,,,,,,,,,,,,,,,,,,,,,,,,,,,,,,,,,,,,,,,,,,two_up
0.5593889355659485,0.6379350423812866,0.5313975214958191,0.6234233975410461,0.519485592842102,0.601847231388092,0.5332305431365967,0.585269570350647,0.5494937300682068,0.5766679644584656,0.5343520045280457,0.57481449842453,0.5344745516777039,0.5498369336128235,0.5352619886398315,0.5344725251197815,0.5372267365455627,0.5211866497993469,0.5544728636741638,0.5738138556480408,0.5543190240859985,0.5446269512176514,0.5544021725654602,0.5270150899887085,0.5555660724639893,0.513160228729248,0.5729790329933167,0.5793560743331909,0.5748321413993835,0.5589845776557922,0.5667116045951843,0.5732612013816833,0.560532808303833,0.5867009162902832,0.5909332036972046,0.5899392366409302,0.5914474129676819,0.5769500732421875,0.5819553732872009,0.5838744640350342,0.5732914209365845,0.5928416848182678,,,,,,,,,,,,,,,,,,,,,,,,,,,,,,,,,,,,,,,,,,,two_up
0.3225324749946594,0.6210081577301025,0.35195502638816833,0.6058381795883179,0.35836300253868103,0.5807836055755615,0.33961692452430725,0.5648488402366638,0.3164283037185669,0.5564937591552734,0.3526650667190552,0.5484261512756348,0.355228066444397,0.5219839811325073,0.354900062084198,0.5051979422569275,0.3541301488876343,0.48959749937057495,0.33255940675735474,0.5469998121261597,0.33518466353416443,0.5176810622215271,0.33937329053878784,0.49918562173843384,0.34143126010894775,0.48253875970840454,0.3118979334831238,0.5538422465324402,0.3077739179134369,0.5306860208511353,0.31507614254951477,0.5489524006843567,0.3199508786201477,0.5639513731002808,0.2916371822357178,0.566582977771759,0.2891259491443634,0.5518231391906738,0.2995349168777466,0.5633134841918945,0.3084869086742401,0.5752661228179932,,,,,,,,,,,,,,,,,,,,,,,,,,,,,,,,,,,,,,,,,,,two_up
0.271807998418808,0.5926817655563354,0.29820576310157776,0.5737088322639465,0.31038761138916016,0.5379022359848022,0.29762497544288635,0.512983500957489,0.279096394777298,0.5019687414169312,0.3065586984157562,0.49840787053108215,0.3105148673057556,0.4569791257381439,0.3101513683795929,0.43032801151275635,0.3097895383834839,0.4085043668746948,0.28707361221313477,0.4959433972835541,0.2895928919315338,0.4505552351474762,0.29127195477485657,0.4213767647743225,0.2918662428855896,0.3982763886451721,0.268156498670578,0.5046671628952026,0.2626751959323883,0.4807302951812744,0.2668142020702362,0.5047916173934937,0.27105024456977844,0.5249608755111694,0.25086510181427,0.5207183361053467,0.24678035080432892,0.5074213743209839,0.2516980767250061,0.5238845348358154,0.25722721219062805,0.5389953851699829,,,,,,,,,,,,,,,,,,,,,,,,,,,,,,,,,,,,,,,,,,,two_up
0.6186069250106812,0.8244140148162842,0.6042063236236572,0.8384960293769836,0.5998550653457642,0.8666757345199585,0.5984345078468323,0.8911615610122681,0.5966195464134216,0.9100539684295654,0.6140405535697937,0.8859281539916992,0.6108302474021912,0.9179787039756775,0.6059859395027161,0.932655394077301,0.6020446419715881,0.942193865776062,0.6216084957122803,0.88675457239151,0.6169390082359314,0.9175485372543335,0.6104591488838196,0.9290322065353394,0.6048015356063843,0.9345454573631287,0.6251265406608582,0.8843684792518616,0.6202641725540161,0.911932110786438,0.6140034794807434,0.9224798083305359,0.6084809899330139,0.9282590746879578,0.6250218749046326,0.8807439804077148,0.6213372945785522,0.9030195474624634,0.6161501407623291,0.9132400155067444,0.6111841201782227,0.918940544128418,0.4046856462955475,0.4507812559604645,0.41841766238212585,0.43146660923957825,0.4237752854824066,0.40719589591026306,0.41228386759757996,0.3937971889972687,0.39911049604415894,0.38915449380874634,0.41799113154411316,0.36743292212486267,0.416838675737381,0.3390105962753296,0.41461774706840515,0.3224279582500458,0.41234251856803894,0.3059414029121399,0.40716153383255005,0.36720460653305054,0.4056691527366638,0.33547577261924744,0.40461310744285583,0.3144361674785614,0.40371575951576233,0.29493391513824463,0.39798420667648315,0.37517839670181274,0.396542489528656,0.3592476546764374,0.40020546317100525,0.38152992725372314,0.4028623104095459,0.3977910876274109,0.38966646790504456,0.3878515958786011,0.390036940574646,0.37453916668891907,0.3941018283367157,0.38925784826278687,0.39779505133628845,0.4028652608394623,two_up
0.3123994469642639,0.3006010949611664,0.3392353057861328,0.29555249214172363,0.3556601107120514,0.2788221836090088,0.34292274713516235,0.2622518241405487,0.325074702501297,0.25214850902557373,0.34391528367996216,0.24812443554401398,0.3463289141654968,0.22213363647460938,0.34696662425994873,0.20313742756843567,0.34690532088279724,0.18730267882347107,0.32505813241004944,0.24715815484523773,0.3246961534023285,0.2177722454071045,0.32627543807029724,0.19831934571266174,0.3253895342350006,0.18156924843788147,0.3067512512207031,0.2512710988521576,0.31219831109046936,0.23695141077041626,0.31711602210998535,0.2534828186035156,0.31864482164382935,0.26336634159088135,0.2878069281578064,0.2584061026573181,0.2942282557487488,0.24426035583019257,0.3019823133945465,0.25559112429618835,0.3041685223579407,0.26457151770591736,,,,,,,,,,,,,,,,,,,,,,,,,,,,,,,,,,,,,,,,,,,two_up
0.4497472047805786,0.7205196619033813,0.48495033383369446,0.706853985786438,0.48978376388549805,0.6801306009292603,0.45131251215934753,0.6745045185089111,0.41438376903533936,0.6713555455207825,0.46274763345718384,0.6226539611816406,0.4569438397884369,0.5799349546432495,0.4518720209598541,0.5505495667457581,0.44502079486846924,0.5249060392379761,0.4291788637638092,0.6249182820320129,0.4249551296234131,0.5767998099327087,0.422629177570343,0.5422280430793762,0.41887766122817993,0.5131171345710754,0.40099436044692993,0.6396099925041199,0.390829861164093,0.6220377087593079,0.4094235599040985,0.6498216390609741,0.4242492616176605,0.6697813868522644,0.3779856562614441,0.6627300977706909,0.3791339099407196,0.6584500074386597,0.40296250581741333,0.6763129234313965,0.4217963218688965,0.6883805990219116,,,,,,,,,,,,,,,,,,,,,,,,,,,,,,,,,,,,,,,,,,,two_up
0.6860127449035645,0.46287819743156433,0.6714956164360046,0.43280038237571716,0.6685566902160645,0.39540138840675354,0.6828944683074951,0.3735029101371765,0.6990854144096375,0.3679690957069397,0.6675639152526855,0.36861127614974976,0.6670647263526917,0.33007583022117615,0.6676921844482422,0.30650579929351807,0.6691458225250244,0.2874043583869934,0.6828258037567139,0.3702511787414551,0.6815577745437622,0.3258359432220459,0.681283712387085,0.30168455839157104,0.6822662353515625,0.2825033664703369,0.6953829526901245,0.38056060671806335,0.6976649165153503,0.36487826704978943,0.6910717487335205,0.386190801858902,0.6879296898841858,0.3998595178127289,0.7061754465103149,0.39485615491867065,0.7045866847038269,0.38310706615448,0.6976283192634583,0.39647936820983887,0.6934633255004883,0.40568551421165466,,,,,,,,,,,,,,,,,,,,,,,,,,,,,,,,,,,,,,,,,,,two_up
0.2599955201148987,0.4849756062030792,0.28805485367774963,0.4624319076538086,0.29002636671066284,0.4296291768550873,0.26100781559944153,0.4072151482105255,0.23094463348388672,0.3995342552661896,0.296526700258255,0.39017122983932495,0.2989058494567871,0.35387566685676575,0.2971016764640808,0.3318306803703308,0.2931152880191803,0.3110034465789795,0.2712007164955139,0.38759827613830566,0.2726898789405823,0.350651353597641,0.27299195528030396,0.3255084156990051,0.2722059190273285,0.30094319581985474,0.24672019481658936,0.3953338861465454,0.23694312572479248,0.3746154308319092,0.24315446615219116,0.3957512378692627,0.24700476229190826,0.4108108580112457,0.2245950698852539,0.40931031107902527,0.221119686961174,0.39218777418136597,0.23074063658714294,0.40486249327659607,0.23928317427635193,0.4180193543434143,,,,,,,,,,,,,,,,,,,,,,,,,,,,,,,,,,,,,,,,,,,two_up
0.2826060950756073,0.4862356185913086,0.3252590298652649,0.46404963731765747,0.3479204475879669,0.42535462975502014,0.32757556438446045,0.39476653933525085,0.29760485887527466,0.3730332851409912,0.319907546043396,0.3699280023574829,0.3161323666572571,0.3248212933540344,0.3100011646747589,0.29654982686042786,0.3033800721168518,0.2720770239830017,0.2826247811317444,0.37008100748062134,0.2779553234577179,0.31649261713027954,0.2789744734764099,0.28387850522994995,0.27560582756996155,0.25522980093955994,0.24970516562461853,0.3816724419593811,0.27006861567497253,0.3728701174259186,0.2896537780761719,0.40721532702445984,0.2965032160282135,0.4286113381385803,0.22358107566833496,0.40077927708625793,0.2542089521884918,0.39536333084106445,0.27663418650627136,0.42153340578079224,0.28647491335868835,0.44135990738868713,,,,,,,,,,,,,,,,,,,,,,,,,,,,,,,,,,,,,,,,,,,two_up
0.4095216989517212,0.7259334325790405,0.35948115587234497,0.6909400224685669,0.35889774560928345,0.640591561794281,0.41767483949661255,0.615193784236908,0.4771457612514496,0.6015245318412781,0.38240066170692444,0.5725573301315308,0.37515297532081604,0.505876898765564,0.37284424901008606,0.4680067300796509,0.3796594440937042,0.43694397807121277,0.4326135814189911,0.573996365070343,0.4201218783855438,0.4931451380252838,0.4062619209289551,0.4508518576622009,0.3998165726661682,0.41524428129196167,0.4711936414241791,0.5915603637695312,0.48226502537727356,0.545996367931366,0.45374754071235657,0.584702730178833,0.4394931495189667,0.6119811534881592,0.5017496943473816,0.6190199851989746,0.4941723942756653,0.5930354595184326,0.46579766273498535,0.6217170357704163,0.451090544462204,0.6434279680252075,,,,,,,,,,,,,,,,,,,,,,,,,,,,,,,,,,,,,,,,,,,two_up
0.1659262776374817,0.5366592407226562,0.20198151469230652,0.5207952260971069,0.22005034983158112,0.49344778060913086,0.19011065363883972,0.47332891821861267,0.15794968605041504,0.4642730951309204,0.2168409526348114,0.4497767388820648,0.22107186913490295,0.4140791893005371,0.22284537553787231,0.38985878229141235,0.22337274253368378,0.3701329827308655,0.1860998272895813,0.4477684497833252,0.19159622490406036,0.40577414631843567,0.19543273746967316,0.377716988325119,0.19793783128261566,0.35510048270225525,0.15722501277923584,0.45651182532310486,0.1500656008720398,0.436896950006485,0.15830212831497192,0.4602600038051605,0.16595248878002167,0.47883620858192444,0.12851807475090027,0.47158384323120117,0.12827928364276886,0.4614560306072235,0.14006561040878296,0.47829753160476685,0.15139064192771912,0.4925292730331421,,,,,,,,,,,,,,,,,,,,,,,,,,,,,,,,,,,,,,,,,,,two_up
0.7004769444465637,0.5128045082092285,0.6650241613388062,0.4920084476470947,0.647301197052002,0.4613248407840729,0.6672435998916626,0.4407077729701996,0.6972005367279053,0.43729257583618164,0.6766166090965271,0.42766615748405457,0.6771509647369385,0.39554503560066223,0.6785333156585693,0.3757404386997223,0.681951105594635,0.35878831148147583,0.7006369829177856,0.4282456040382385,0.7010152339935303,0.3892364501953125,0.6978774070739746,0.36675697565078735,0.697100043296814,0.3495027422904968,0.7232756614685059,0.4361632168292999,0.7189469337463379,0.41248399019241333,0.7054824829101562,0.43524107336997986,0.6999528408050537,0.4544185996055603,0.7449710965156555,0.44936326146125793,0.7365716099739075,0.4303649067878723,0.7232126593589783,0.4449608325958252,0.7181314826011658,0.4593605399131775,,,,,,,,,,,,,,,,,,,,,,,,,,,,,,,,,,,,,,,,,,,two_up
0.2475089132785797,0.5968503952026367,0.28277337551116943,0.5579982399940491,0.29090210795402527,0.5097220540046692,0.25496694445610046,0.48193612694740295,0.21743059158325195,0.47183096408843994,0.26015332341194153,0.4377748966217041,0.2536527216434479,0.3856010138988495,0.24603883922100067,0.3528439998626709,0.23852786421775818,0.32201629877090454,0.2284775674343109,0.44305554032325745,0.22172591090202332,0.381863534450531,0.22027724981307983,0.343287855386734,0.2173522710800171,0.30904272198677063,0.2030673325061798,0.4622972309589386,0.1890471875667572,0.4128537178039551,0.21394404768943787,0.43824729323387146,0.23309022188186646,0.46459484100341797,0.18244998157024384,0.49087685346603394,0.17871296405792236,0.45425400137901306,0.20057955384254456,0.4712037444114685,0.21920447051525116,0.4937754273414612,,,,,,,,,,,,,,,,,,,,,,,,,,,,,,,,,,,,,,,,,,,two_up
0.7660596370697021,0.5310543775558472,0.7436521053314209,0.5128064155578613,0.7345525622367859,0.48611980676651,0.756241500377655,0.4668326675891876,0.7803999781608582,0.457878053188324,0.7309523224830627,0.46951258182525635,0.7260546088218689,0.44204166531562805,0.7253953218460083,0.42572417855262756,0.7267848253250122,0.4108186662197113,0.7508012056350708,0.46643000841140747,0.7407198548316956,0.43510499596595764,0.7347263097763062,0.41914647817611694,0.7303758263587952,0.40542328357696533,0.76817387342453,0.4693308472633362,0.7719061374664307,0.4471343755722046,0.7695128917694092,0.4636276364326477,0.7674638032913208,0.4761607348918915,0.7849799990653992,0.47572341561317444,0.7883308529853821,0.4567064046859741,0.7844274044036865,0.4668392241001129,0.7806444764137268,0.47746554017066956,,,,,,,,,,,,,,,,,,,,,,,,,,,,,,,,,,,,,,,,,,,two_up
0.7629286646842957,0.6456196308135986,0.7169486880302429,0.6192353963851929,0.6964178085327148,0.5779373049736023,0.7253494262695312,0.5459206104278564,0.7669287323951721,0.5310821533203125,0.7069669961929321,0.5224566459655762,0.6992455720901489,0.4690277576446533,0.6985270977020264,0.438433974981308,0.7026428580284119,0.4113219976425171,0.7423809766769409,0.5173370838165283,0.7283415794372559,0.45640814304351807,0.722396194934845,0.42235827445983887,0.7196117639541626,0.39458176493644714,0.7755109071731567,0.5228298306465149,0.7748561501502991,0.4787997901439667,0.7667986154556274,0.5051870942115784,0.7607335448265076,0.5309684872627258,0.8095635771751404,0.5344541072845459,0.8082529306411743,0.49787554144859314,0.7950222492218018,0.5117743611335754,0.783994197845459,0.5316280722618103,,,,,,,,,,,,,,,,,,,,,,,,,,,,,,,,,,,,,,,,,,,two_up
0.732959508895874,0.5502495169639587,0.7097513675689697,0.525348961353302,0.7082887887954712,0.488620787858963,0.7370604872703552,0.46294379234313965,0.7679532170295715,0.4449061155319214,0.7074359059333801,0.41476452350616455,0.7057265043258667,0.3397411108016968,0.7040947079658508,0.298112154006958,0.705118715763092,0.26090550422668457,0.7393215298652649,0.40887197852134705,0.7327018976211548,0.3315040171146393,0.7264707088470459,0.288698673248291,0.7229030728340149,0.24651192128658295,0.7664048671722412,0.4208050072193146,0.763511061668396,0.40300536155700684,0.7509171366691589,0.4495377838611603,0.7449391484260559,0.4756348133087158,0.7886243462562561,0.4422260522842407,0.7781516313552856,0.428012490272522,0.7642887830734253,0.45758533477783203,0.7558490633964539,0.47727036476135254,,,,,,,,,,,,,,,,,,,,,,,,,,,,,,,,,,,,,,,,,,,two_up
0.264400839805603,0.29160892963409424,0.2937890887260437,0.27704015374183655,0.2992132902145386,0.2507708668708801,0.27377668023109436,0.2269780933856964,0.25022849440574646,0.21002425253391266,0.30219218134880066,0.2119968980550766,0.3067023456096649,0.17900694906711578,0.3082495927810669,0.15890400111675262,0.3073023557662964,0.14152997732162476,0.28011196851730347,0.2089194506406784,0.28435665369033813,0.17245477437973022,0.28757116198539734,0.15008804202079773,0.28814852237701416,0.13138949871063232,0.2589450478553772,0.2146994173526764,0.25333699584007263,0.19346942007541656,0.26048851013183594,0.21034099161624908,0.2654065191745758,0.22453361749649048,0.24037033319473267,0.2261698693037033,0.24156704545021057,0.21509818732738495,0.2521715462207794,0.22803109884262085,0.2615088224411011,0.24057206511497498,,,,,,,,,,,,,,,,,,,,,,,,,,,,,,,,,,,,,,,,,,,two_up
0.7100623250007629,0.5715444087982178,0.671225905418396,0.5486806035041809,0.6585966348648071,0.520319402217865,0.6865678429603577,0.49864810705184937,0.7236433625221252,0.48300930857658386,0.6694811582565308,0.47611069679260254,0.667667031288147,0.43715330958366394,0.6682935357093811,0.41459962725639343,0.6739458441734314,0.3948095738887787,0.707064688205719,0.47638723254203796,0.701176643371582,0.43026015162467957,0.6946294903755188,0.4053313732147217,0.6925190091133118,0.3844408690929413,0.7385473251342773,0.4868144989013672,0.7412780523300171,0.45710620284080505,0.7212039232254028,0.48183247447013855,0.7117327451705933,0.4996255934238434,0.7646840214729309,0.5039260387420654,0.75486159324646,0.484934002161026,0.7340757846832275,0.5012993216514587,0.7240136861801147,0.5150275826454163,,,,,,,,,,,,,,,,,,,,,,,,,,,,,,,,,,,,,,,,,,,two_up
0.46024003624916077,0.46393507719039917,0.47648492455482483,0.45319488644599915,0.4811211824417114,0.435782790184021,0.46630918979644775,0.42423874139785767,0.449004590511322,0.41869503259658813,0.4793461859226227,0.4088270366191864,0.48039084672927856,0.3875159025192261,0.47983384132385254,0.3734543025493622,0.4774450659751892,0.36187827587127686,0.46484512090682983,0.4085857570171356,0.46628519892692566,0.38501596450805664,0.46692872047424316,0.369417279958725,0.46581918001174927,0.35711967945098877,0.4515763521194458,0.4140812158584595,0.4478953182697296,0.4039594531059265,0.4529973268508911,0.41560080647468567,0.4563998281955719,0.4249802529811859,0.43998292088508606,0.42297500371932983,0.440428227186203,0.41488999128341675,0.44672727584838867,0.42218390107154846,0.45194464921951294,0.429402619600296,,,,,,,,,,,,,,,,,,,,,,,,,,,,,,,,,,,,,,,,,,,two_up
0.3531187176704407,0.5292859673500061,0.39617452025413513,0.5181255340576172,0.4177582263946533,0.49147510528564453,0.3883599042892456,0.4737056493759155,0.3531081974506378,0.465892493724823,0.388579785823822,0.448881596326828,0.3833843171596527,0.4161355793476105,0.37747856974601746,0.39456087350845337,0.3706405758857727,0.37716054916381836,0.3542807996273041,0.45128941535949707,0.34736892580986023,0.4132705628871918,0.3460794687271118,0.38784006237983704,0.34063416719436646,0.3666735887527466,0.3239366412162781,0.4617600440979004,0.3353695869445801,0.4464725852012634,0.3537220060825348,0.4678967297077179,0.360930860042572,0.4830368757247925,0.29894471168518066,0.47717148065567017,0.32201075553894043,0.465457558631897,0.34642818570137024,0.48291799426078796,0.3589922785758972,0.49792787432670593,,,,,,,,,,,,,,,,,,,,,,,,,,,,,,,,,,,,,,,,,,,two_up
0.3623448312282562,0.5033776164054871,0.3990907371044159,0.4954932630062103,0.41342321038246155,0.47538062930107117,0.39286375045776367,0.4568004012107849,0.3688422739505768,0.4435654580593109,0.42245370149612427,0.4578132927417755,0.429477334022522,0.4390467405319214,0.42972809076309204,0.42400309443473816,0.4296065866947174,0.41062313318252563,0.38951626420021057,0.453675240278244,0.389939546585083,0.4321340322494507,0.3923772871494293,0.41766414046287537,0.3943732678890228,0.40539470314979553,0.3566938042640686,0.4552071988582611,0.3557567596435547,0.4407978355884552,0.3625468611717224,0.4592151343822479,0.3643314838409424,0.4730760455131531,0.3234978914260864,0.4609971344470978,0.3248592019081116,0.44504034519195557,0.3332968056201935,0.4555564522743225,0.3370155990123749,0.4666880667209625,,,,,,,,,,,,,,,,,,,,,,,,,,,,,,,,,,,,,,,,,,,two_up
0.596804141998291,0.5748540759086609,0.5798158645629883,0.555309534072876,0.5719645619392395,0.5242645740509033,0.5735218524932861,0.49879777431488037,0.5800678730010986,0.48062822222709656,0.5899433493614197,0.5041497945785522,0.5939382910728455,0.48148852586746216,0.5894575119018555,0.47235795855522156,0.5843967795372009,0.4704356789588928,0.5995526313781738,0.5063594579696655,0.6023254990577698,0.4781816005706787,0.5939318537712097,0.47726550698280334,0.5858428478240967,0.4843231737613678,0.6090345978736877,0.5119433403015137,0.6038193702697754,0.4888439476490021,0.5939697027206421,0.5018730759620667,0.5872516632080078,0.5195543766021729,0.6183842420578003,0.5209748148918152,0.6089589595794678,0.501157283782959,0.5984933376312256,0.5075139999389648,0.5905460119247437,0.5203719735145569,,,,,,,,,,,,,,,,,,,,,,,,,,,,,,,,,,,,,,,,,,,two_up
0.6754871606826782,0.4022153913974762,0.6541005373001099,0.38361772894859314,0.641558051109314,0.34377187490463257,0.6515194177627563,0.31092870235443115,0.6706316471099854,0.29403623938560486,0.6461648941040039,0.30649375915527344,0.6396104693412781,0.2624170482158661,0.6361832022666931,0.23597559332847595,0.635728657245636,0.2131190448999405,0.6644087433815002,0.3044773042201996,0.6561524868011475,0.251237690448761,0.6500928401947021,0.22339698672294617,0.648171603679657,0.20033884048461914,0.6824126839637756,0.31454890966415405,0.6838477849960327,0.27934369444847107,0.6764139533042908,0.31132182478904724,0.6742333769798279,0.33432576060295105,0.6992248892784119,0.3324330151081085,0.6945337653160095,0.31275370717048645,0.6860690712928772,0.33797600865364075,0.6833807826042175,0.35794559121131897,,,,,,,,,,,,,,,,,,,,,,,,,,,,,,,,,,,,,,,,,,,two_up
0.3253014087677002,0.5253130197525024,0.3480812907218933,0.5122748017311096,0.359138548374176,0.4902677834033966,0.3471355140209198,0.4697396755218506,0.33328449726104736,0.45660680532455444,0.36613553762435913,0.4711951017379761,0.36833032965660095,0.4473377764225006,0.36669036746025085,0.43223100900650024,0.3653143346309662,0.4192899465560913,0.34681129455566406,0.4699673652648926,0.3489687740802765,0.44190895557403564,0.35086682438850403,0.4257846474647522,0.35154634714126587,0.41206857562065125,0.32779496908187866,0.47492846846580505,0.3243221640586853,0.46158456802368164,0.32889923453330994,0.4784461557865143,0.33272501826286316,0.49044090509414673,0.3102031946182251,0.48317956924438477,0.3120410442352295,0.47311803698539734,0.3163642883300781,0.4860500991344452,0.3200947046279907,0.4963117241859436,,,,,,,,,,,,,,,,,,,,,,,,,,,,,,,,,,,,,,,,,,,two_up
0.24832095205783844,0.5152948498725891,0.2718176543712616,0.4970093071460724,0.27537602186203003,0.46682611107826233,0.24664214253425598,0.44797876477241516,0.22067447006702423,0.43667900562286377,0.27138566970825195,0.4344070851802826,0.2669103741645813,0.39845818281173706,0.25984930992126465,0.37636205554008484,0.2538086175918579,0.35751569271087646,0.2472430169582367,0.43684786558151245,0.2400587648153305,0.3943456709384918,0.23718178272247314,0.37161752581596375,0.23355945944786072,0.350615918636322,0.22510482370853424,0.44743800163269043,0.21618008613586426,0.4333483576774597,0.22752243280410767,0.4562939405441284,0.23765860497951508,0.46698468923568726,0.20503321290016174,0.4635790288448334,0.19835533201694489,0.45204228162765503,0.21340157091617584,0.46768954396247864,0.22488948702812195,0.477636456489563,,,,,,,,,,,,,,,,,,,,,,,,,,,,,,,,,,,,,,,,,,,two_up
0.7844796776771545,0.6934885382652283,0.7462863326072693,0.6534647941589355,0.7364926934242249,0.5992464423179626,0.7591766715049744,0.5462296605110168,0.7899736166000366,0.5142807960510254,0.7394372820854187,0.5279903411865234,0.7368852496147156,0.453378826379776,0.7363101243972778,0.4118725657463074,0.7405453324317932,0.37631505727767944,0.775417149066925,0.5237674713134766,0.766970157623291,0.4425729811191559,0.7626934051513672,0.3954194188117981,0.760711133480072,0.3588531017303467,0.8089054822921753,0.53585284948349,0.8171529173851013,0.46665558218955994,0.8105566501617432,0.49524471163749695,0.8022565841674805,0.5284401774406433,0.8407067060470581,0.5568373799324036,0.8501986861228943,0.5055413842201233,0.8411167860031128,0.5110089182853699,0.8282623291015625,0.5322584509849548,,,,,,,,,,,,,,,,,,,,,,,,,,,,,,,,,,,,,,,,,,,two_up
0.27801069617271423,0.5374475717544556,0.3109108805656433,0.5271478891372681,0.3208189904689789,0.49344339966773987,0.2900635004043579,0.4650377929210663,0.2659267783164978,0.4420469105243683,0.3214227259159088,0.4516432285308838,0.3289007842540741,0.41321131587028503,0.3319382071495056,0.38837486505508423,0.3338634967803955,0.36742594838142395,0.2935052514076233,0.4482937753200531,0.29914867877960205,0.40279442071914673,0.30668988823890686,0.37862473726272583,0.31090930104255676,0.3560578227043152,0.266646146774292,0.45549607276916504,0.2614056169986725,0.4320545494556427,0.26769694685935974,0.4632813632488251,0.2762358784675598,0.4802018105983734,0.24206659197807312,0.47043856978416443,0.23956707119941711,0.4581145942211151,0.250278502702713,0.48077261447906494,0.25986921787261963,0.4944685697555542,,,,,,,,,,,,,,,,,,,,,,,,,,,,,,,,,,,,,,,,,,,two_up
0.6640667915344238,0.48189541697502136,0.6664667129516602,0.46087774634361267,0.6743286848068237,0.4388962984085083,0.6928483247756958,0.4262089729309082,0.7117442488670349,0.4183959364891052,0.6723350286483765,0.4210449457168579,0.6778314709663391,0.40064120292663574,0.6820371747016907,0.38945043087005615,0.6878172159194946,0.3796732723712921,0.6860228776931763,0.42587539553642273,0.689018189907074,0.40201398730278015,0.6911661028862,0.38872915506362915,0.6931936144828796,0.3771572411060333,0.6963322162628174,0.4338080883026123,0.7053923606872559,0.42294177412986755,0.6968239545822144,0.4334712624549866,0.6899276971817017,0.4396454989910126,0.705183744430542,0.44216713309288025,0.7119636535644531,0.431331992149353,0.7043272256851196,0.4383074641227722,0.6974449157714844,0.44311779737472534,,,,,,,,,,,,,,,,,,,,,,,,,,,,,,,,,,,,,,,,,,,two_up
0.6876286864280701,0.6032565832138062,0.6485070586204529,0.5904003977775574,0.6350540518760681,0.5560575723648071,0.6567836999893188,0.5306915044784546,0.6946220993995667,0.5172686576843262,0.6611217856407166,0.5231605172157288,0.6612697839736938,0.4907282292842865,0.6614412069320679,0.4658791720867157,0.6656675934791565,0.44862663745880127,0.7045584321022034,0.526129961013794,0.7066460251808167,0.49677249789237976,0.7034662961959839,0.4953562617301941,0.6998676657676697,0.49667900800704956,0.7487307190895081,0.5346207022666931,0.7484084963798523,0.5135405659675598,0.7236557006835938,0.5392024517059326,0.7079593539237976,0.561316967010498,0.792931318283081,0.5477377772331238,0.7751142978668213,0.538898766040802,0.7472110986709595,0.5575915575027466,0.7301636934280396,0.5753302574157715,,,,,,,,,,,,,,,,,,,,,,,,,,,,,,,,,,,,,,,,,,,two_up
0.4081984758377075,0.6999508738517761,0.38488805294036865,0.6711586117744446,0.3881559371948242,0.6377202868461609,0.4097035229206085,0.6170226335525513,0.43170762062072754,0.6096844673156738,0.39195558428764343,0.6409860253334045,0.4077579975128174,0.615662693977356,0.41602224111557007,0.6091039776802063,0.42406266927719116,0.606360673904419,0.418833464384079,0.6525105237960815,0.4378150701522827,0.6141614317893982,0.4472598731517792,0.5906150341033936,0.45426145195961,0.5715892910957336,0.4449598789215088,0.6623247265815735,0.47215667366981506,0.6263435482978821,0.48568999767303467,0.6004474759101868,0.49296101927757263,0.5794488191604614,0.46658772230148315,0.6707938313484192,0.4850609302520752,0.6383559703826904,0.48680272698402405,0.6238032579421997,0.4859689772129059,0.6143211126327515,,,,,,,,,,,,,,,,,,,,,,,,,,,,,,,,,,,,,,,,,,,middle_finger
0.1729847490787506,0.7391728758811951,0.18221193552017212,0.7543295621871948,0.18072418868541718,0.7746770977973938,0.17745423316955566,0.7928223609924316,0.17372041940689087,0.8064128756523132,0.14735768735408783,0.787797749042511,0.1486627608537674,0.8149071931838989,0.16154946386814117,0.8252793550491333,0.17286762595176697,0.8297683000564575,0.1441480964422226,0.7894753813743591,0.14669837057590485,0.815467357635498,0.15883015096187592,0.8262782692909241,0.17068377137184143,0.832305908203125,0.1454511284828186,0.7899678349494934,0.14809054136276245,0.8123101592063904,0.1593407839536667,0.8228705525398254,0.16966937482357025,0.8305330872535706,0.14856399595737457,0.789000928401947,0.1505391001701355,0.8067222237586975,0.15954844653606415,0.8160375356674194,0.16894415020942688,0.8226485252380371,,,,,,,,,,,,,,,,,,,,,,,,,,,,,,,,,,,,,,,,,,,middle_finger
0.6253102421760559,0.8827639222145081,0.6789001226425171,0.8476839661598206,0.6974551677703857,0.790331244468689,0.6865066289901733,0.7428999543190002,0.6555218696594238,0.7143726348876953,0.6773340702056885,0.8135923147201538,0.6741951704025269,0.7448462247848511,0.667232871055603,0.7418787479400635,0.6609591245651245,0.7523448467254639,0.6250386238098145,0.8189804553985596,0.6338253617286682,0.7239740490913391,0.6359826922416687,0.666427731513977,0.6330110430717468,0.6292587518692017,0.5752612352371216,0.8201621174812317,0.586642324924469,0.7349714040756226,0.6079310178756714,0.7417219281196594,0.6175022721290588,0.7610694766044617,0.5380183458328247,0.8190544247627258,0.558831512928009,0.750662624835968,0.5807158946990967,0.7561081051826477,0.5872718691825867,0.7724008560180664,,,,,,,,,,,,,,,,,,,,,,,,,,,,,,,,,,,,,,,,,,,middle_finger
0.25988730788230896,0.6879409551620483,0.29022806882858276,0.7035863995552063,0.29811424016952515,0.7301060557365417,0.29466116428375244,0.756190836429596,0.2939021587371826,0.7760500311851501,0.2577654719352722,0.7428033947944641,0.26131969690322876,0.7779051065444946,0.275920033454895,0.7887310981750488,0.2890138030052185,0.7926775813102722,0.23943352699279785,0.7414973974227905,0.24670478701591492,0.7767349481582642,0.2649782598018646,0.7865625023841858,0.2799510061740875,0.7895121574401855,0.23115980625152588,0.738605797290802,0.23766657710075378,0.7695361971855164,0.25415313243865967,0.7772798538208008,0.2680596709251404,0.7786574363708496,0.22817134857177734,0.7354233264923096,0.23530612885951996,0.7590415477752686,0.24797168374061584,0.7672256231307983,0.2592586576938629,0.7689908742904663,0.7447553277015686,0.5554326176643372,0.7751539349555969,0.5443318486213684,0.8043972253799438,0.5338628888130188,0.8218467235565186,0.5255034565925598,0.8356450796127319,0.5194151997566223,0.8137175440788269,0.5659518241882324,0.8111302256584167,0.5325302481651306,0.8049301505088806,0.5205923318862915,0.8010326027870178,0.5151394605636597,0.7876502871513367,0.5727463960647583,0.7834631204605103,0.5202592611312866,0.7782124280929565,0.5039163827896118,0.7710407376289368,0.4938165545463562,0.7603917121887207,0.5725500583648682,0.7601268291473389,0.5288953185081482,0.7587688565254211,0.5311691761016846,0.7573757767677307,0.5378941893577576,0.7353606224060059,0.5678015947341919,0.7367919683456421,0.5376315712928772,0.738525390625,0.5349867939949036,0.7401173114776611,0.5384566187858582,middle_finger
0.6800549030303955,0.7133879065513611,0.6608549356460571,0.7271556258201599,0.656084418296814,0.7464900016784668,0.653285026550293,0.7631529569625854,0.6528399586677551,0.7756223082542419,0.6836702823638916,0.7632669806480408,0.6631966829299927,0.7824958562850952,0.6493040323257446,0.7774004936218262,0.6452305912971497,0.7713751792907715,0.6888914108276367,0.763004720211029,0.6685895323753357,0.7795395851135254,0.655343770980835,0.7730281352996826,0.6519129872322083,0.7660441398620605,0.6883420348167419,0.7606256008148193,0.671532392501831,0.7742388248443604,0.6600313782691956,0.7688955664634705,0.6568180918693542,0.7626024484634399,0.6849350929260254,0.7586866021156311,0.6734439730644226,0.7701800465583801,0.6635396480560303,0.7671034336090088,0.6599699258804321,0.7615679502487183,0.4859699010848999,0.5038450956344604,0.45631980895996094,0.48038747906684875,0.45003822445869446,0.4484478235244751,0.4636095464229584,0.42421406507492065,0.4815777838230133,0.4145727753639221,0.4615330100059509,0.45042505860328674,0.46658480167388916,0.41424882411956787,0.46299538016319275,0.40858662128448486,0.46267837285995483,0.40871742367744446,0.4928869903087616,0.45569950342178345,0.49654221534729004,0.4065141975879669,0.4902230501174927,0.3843128979206085,0.48613402247428894,0.37081417441368103,0.5197401642799377,0.4587554931640625,0.5094028115272522,0.4171175956726074,0.4980452060699463,0.4235665500164032,0.4944455623626709,0.4351350963115692,0.5395455956459045,0.4609719514846802,0.5270025134086609,0.4260236620903015,0.5166433453559875,0.4309960901737213,0.5151311159133911,0.4422239363193512,middle_finger
0.7785491347312927,0.7481772899627686,0.7453375458717346,0.7635106444358826,0.7356685996055603,0.783947229385376,0.7325107455253601,0.8006318807601929,0.7289499640464783,0.8128523230552673,0.7740463614463806,0.796623945236206,0.7525650262832642,0.8162992000579834,0.7337197661399841,0.8210100531578064,0.7190120816230774,0.8233217597007751,0.7897425889968872,0.7974109053611755,0.7654614448547363,0.8176649808883667,0.7465680837631226,0.8189254403114319,0.7335395216941833,0.8162124752998352,0.7963431477546692,0.7954049706459045,0.7741773128509521,0.8141910433769226,0.7559384107589722,0.8157184720039368,0.7431864738464355,0.8128155469894409,0.7954893708229065,0.7925441861152649,0.7795247435569763,0.8073521256446838,0.763641893863678,0.8097485899925232,0.7511234879493713,0.80828458070755,0.4214320778846741,0.46699434518814087,0.39079171419143677,0.4490862786769867,0.3846537172794342,0.4238107204437256,0.40390729904174805,0.4072974920272827,0.42697596549987793,0.40251001715660095,0.3892645239830017,0.41626468300819397,0.41130557656288147,0.3918974995613098,0.4229329824447632,0.39585742354393005,0.4311102032661438,0.40352511405944824,0.41642650961875916,0.4172946810722351,0.4193056523799896,0.38297349214553833,0.4216845631599426,0.36396974325180054,0.42516887187957764,0.35003775358200073,0.4446042776107788,0.4224507212638855,0.45053917169570923,0.3975580334663391,0.44683611392974854,0.405693382024765,0.4419444799423218,0.41517919301986694,0.4716094732284546,0.4301164746284485,0.4687913954257965,0.4127882122993469,0.46445295214653015,0.4193420708179474,0.46346694231033325,0.4273984730243683,middle_finger
0.30582404136657715,0.5542454719543457,0.280047744512558,0.5355861186981201,0.27203887701034546,0.5078255534172058,0.29008108377456665,0.48767325282096863,0.30884304642677307,0.475891649723053,0.2611865699291229,0.5083644986152649,0.28307512402534485,0.47546061873435974,0.2924075126647949,0.4737861752510071,0.29436153173446655,0.4766033887863159,0.282003253698349,0.5180687308311462,0.29912281036376953,0.4657896161079407,0.3034656345844269,0.43310272693634033,0.3092329502105713,0.40774062275886536,0.30779385566711426,0.5277291536331177,0.34050634503364563,0.4821073114871979,0.3437361717224121,0.49435606598854065,0.33907419443130493,0.5092796087265015,0.3353724181652069,0.5351355671882629,0.35612744092941284,0.49936628341674805,0.35923677682876587,0.5080629587173462,0.3514029085636139,0.5199235677719116,,,,,,,,,,,,,,,,,,,,,,,,,,,,,,,,,,,,,,,,,,,middle_finger
0.7738352417945862,0.5698418021202087,0.8317262530326843,0.5280381441116333,0.8622744083404541,0.48298269510269165,0.8506048917770386,0.4444522559642792,0.8105302453041077,0.4295816719532013,0.858036458492279,0.4678965210914612,0.8332498073577881,0.40786510705947876,0.8169716596603394,0.4206288158893585,0.8159017562866211,0.44399192929267883,0.8120177388191223,0.47029656171798706,0.7914760112762451,0.39058491587638855,0.7839249968528748,0.34612590074539185,0.777467668056488,0.3162475824356079,0.7603966593742371,0.4772505462169647,0.7455180883407593,0.419097900390625,0.7466556429862976,0.4389616847038269,0.7560408115386963,0.4608667194843292,0.7154541015625,0.48839306831359863,0.7075844407081604,0.4472733438014984,0.7137973308563232,0.4619029462337494,0.7225136160850525,0.4761466979980469,,,,,,,,,,,,,,,,,,,,,,,,,,,,,,,,,,,,,,,,,,,middle_finger
0.6470987796783447,0.33698123693466187,0.668829083442688,0.32170626521110535,0.6842056512832642,0.29584547877311707,0.6904962658882141,0.273148775100708,0.7015839219093323,0.25971096754074097,0.6968512535095215,0.300445556640625,0.7030429244041443,0.2715184688568115,0.6924782395362854,0.27303603291511536,0.6862251162528992,0.2810085415840149,0.680075466632843,0.3027035593986511,0.6765206456184387,0.2619183361530304,0.6735597252845764,0.2425619661808014,0.6706033945083618,0.2289051115512848,0.6575744152069092,0.30417394638061523,0.6504777073860168,0.2718157172203064,0.6477789878845215,0.28036296367645264,0.6491202116012573,0.2907249927520752,0.6354014277458191,0.3056202828884125,0.6334553956985474,0.2779642641544342,0.6325150728225708,0.28514084219932556,0.6338256001472473,0.2946621775627136,0.2753346264362335,0.6226032972335815,0.2937759757041931,0.6416845917701721,0.2902289927005768,0.6649654507637024,0.28140953183174133,0.6849728226661682,0.2754667401313782,0.7006868720054626,0.2608654499053955,0.6772089004516602,0.2725748121738434,0.6992961764335632,0.28723573684692383,0.6954597234725952,0.2921912968158722,0.6874389052391052,0.2530069053173065,0.6734040379524231,0.26932764053344727,0.6919630765914917,0.28372058272361755,0.6905203461647034,0.29142171144485474,0.6851576566696167,0.2517493963241577,0.6692219376564026,0.2677041292190552,0.6850661635398865,0.2810894846916199,0.6837813854217529,0.28895556926727295,0.6790300607681274,0.2524245083332062,0.6662413477897644,0.266621857881546,0.6789265871047974,0.2782592475414276,0.6799048781394958,0.28546929359436035,0.6780604124069214,middle_finger
0.8144358992576599,0.5921487808227539,0.8052064776420593,0.6060694456100464,0.8004727363586426,0.6294021606445312,0.8006608486175537,0.6502278447151184,0.7993000745773315,0.6635280251502991,0.8321028351783752,0.6412553191184998,0.8242036700248718,0.6711408495903015,0.8060544729232788,0.6736493110656738,0.7942535877227783,0.6678517460823059,0.8305198550224304,0.6413766741752625,0.8138036727905273,0.6634666323661804,0.7995495796203613,0.6592104434967041,0.7954440712928772,0.6517824530601501,0.8260259032249451,0.6402870416641235,0.8120415210723877,0.6575528979301453,0.8005775809288025,0.6528759598731995,0.7983725666999817,0.6457464098930359,0.8213774561882019,0.6393306851387024,0.8121685981750488,0.6536586880683899,0.8032187223434448,0.6506408452987671,0.8016110062599182,0.6443073749542236,0.3586455285549164,0.3487990200519562,0.3306936025619507,0.3282209634780884,0.3186049461364746,0.31059783697128296,0.32726383209228516,0.29448577761650085,0.3416706919670105,0.2871650159358978,0.30952680110931396,0.2924310266971588,0.32532554864883423,0.2726495862007141,0.3367006480693817,0.2787645161151886,0.34145069122314453,0.28604480624198914,0.33109164237976074,0.28812533617019653,0.33584216237068176,0.25422316789627075,0.33915212750434875,0.23369979858398438,0.3401603102684021,0.2192789763212204,0.35496267676353455,0.2883957624435425,0.3655438721179962,0.27374422550201416,0.3688162565231323,0.28161826729774475,0.3664015829563141,0.28950005769729614,0.3776285648345947,0.2937373220920563,0.38395655155181885,0.2806498110294342,0.3851671814918518,0.28822061419487,0.38293567299842834,0.29622477293014526,middle_finger
0.7349662184715271,0.7038428783416748,0.7204240560531616,0.7185245752334595,0.7165250182151794,0.7376428246498108,0.7141046524047852,0.7540713548660278,0.7131140828132629,0.7660725116729736,0.7455559968948364,0.7449358701705933,0.7440459132194519,0.7659009695053101,0.7317799925804138,0.7736356854438782,0.7210896611213684,0.7767598628997803,0.7486450672149658,0.7433512210845947,0.7456424236297607,0.7635125517845154,0.7317755222320557,0.7684297561645508,0.7206377983093262,0.7685449123382568,0.7472105622291565,0.7415326237678528,0.7436843514442444,0.7582610845565796,0.7316244840621948,0.7627292275428772,0.722239077091217,0.7624220848083496,0.7437926530838013,0.7397893071174622,0.741021454334259,0.7528196573257446,0.7313457131385803,0.7579572796821594,0.7234079241752625,0.7589482069015503,0.3084777891635895,0.5407800674438477,0.27875345945358276,0.526985228061676,0.2625296115875244,0.4987279772758484,0.2706621587276459,0.4756152629852295,0.2864667773246765,0.4627278745174408,0.25259295105934143,0.5031032562255859,0.2616265118122101,0.45707347989082336,0.2700471580028534,0.4639480710029602,0.28078731894493103,0.4772860109806061,0.28098222613334656,0.5054516792297363,0.2813563048839569,0.44835734367370605,0.28840163350105286,0.4215201139450073,0.2980574369430542,0.40208613872528076,0.3121793270111084,0.5060908794403076,0.31451305747032166,0.45833709836006165,0.311747282743454,0.4678730368614197,0.3091467618942261,0.48165827989578247,0.3416295647621155,0.5058014392852783,0.3400917053222656,0.46676012873649597,0.33491286635398865,0.47370514273643494,0.33293378353118896,0.48824647068977356,middle_finger
0.32891103625297546,0.4398933947086334,0.30805331468582153,0.4274178743362427,0.2988123595714569,0.40672963857650757,0.30613481998443604,0.39046257734298706,0.3196329176425934,0.38157615065574646,0.2939729392528534,0.4000178575515747,0.3087984323501587,0.37318742275238037,0.3182685077190399,0.37486785650253296,0.3232238292694092,0.38149330019950867,0.31353700160980225,0.40194690227508545,0.3210967183113098,0.3679050803184509,0.326455682516098,0.3481934070587158,0.32983842492103577,0.3338496685028076,0.334922730922699,0.40572839975357056,0.34360837936401367,0.37882527709007263,0.3436773121356964,0.3846515715122223,0.34091630578041077,0.39321044087409973,0.3552931249141693,0.4104606509208679,0.36013999581336975,0.3894210755825043,0.3568580150604248,0.3936857283115387,0.35438933968544006,0.4014265239238739,,,,,,,,,,,,,,,,,,,,,,,,,,,,,,,,,,,,,,,,,,,middle_finger
0.6726452708244324,0.6590291857719421,0.6997748613357544,0.6295658946037292,0.7034711837768555,0.604514479637146,0.6880162358283997,0.583295464515686,0.6649736762046814,0.5760833621025085,0.6977126002311707,0.5862934589385986,0.6729276180267334,0.5556155443191528,0.6645941138267517,0.5626795887947083,0.6658358573913574,0.5744785070419312,0.672454833984375,0.5895517468452454,0.6608803868293762,0.5458999276161194,0.6611452102661133,0.520028293132782,0.6637434959411621,0.5027605295181274,0.6458469033241272,0.5959863066673279,0.6387466788291931,0.5661119818687439,0.642285168170929,0.5730679035186768,0.6477310657501221,0.5818219780921936,0.6226643919944763,0.6059879064559937,0.6214534640312195,0.5779581665992737,0.626524806022644,0.5846318602561951,0.6310330033302307,0.5936596989631653,,,,,,,,,,,,,,,,,,,,,,,,,,,,,,,,,,,,,,,,,,,middle_finger
0.20686298608779907,0.7234632968902588,0.166703462600708,0.6833010315895081,0.1648285835981369,0.6336090564727783,0.19064047932624817,0.6047689914703369,0.22071473300457,0.6041538715362549,0.19151796400547028,0.664690375328064,0.23480992019176483,0.602603554725647,0.25885093212127686,0.5656420588493347,0.28047019243240356,0.5369480848312378,0.24075928330421448,0.6811075806617737,0.27344346046447754,0.6121779680252075,0.24810628592967987,0.6155436038970947,0.23175203800201416,0.6328262686729431,0.2769331634044647,0.6911441087722778,0.29160019755363464,0.6272372007369995,0.2713129222393036,0.6338838338851929,0.262723445892334,0.6518789529800415,0.3035643994808197,0.6949737668037415,0.3115878403186798,0.6419228315353394,0.2925262153148651,0.6456927061080933,0.2839062809944153,0.661388635635376,,,,,,,,,,,,,,,,,,,,,,,,,,,,,,,,,,,,,,,,,,,middle_finger
0.809923529624939,0.7805185317993164,0.8328656554222107,0.7505269050598145,0.8311910033226013,0.7208123803138733,0.8104403614997864,0.69935542345047,0.7862807512283325,0.6921409368515015,0.8253245949745178,0.7103853225708008,0.7995477318763733,0.6764036417007446,0.7904778718948364,0.6824201345443726,0.792001485824585,0.6948809623718262,0.8005908727645874,0.7165693640708923,0.7791256904602051,0.670038104057312,0.7722997665405273,0.6420196294784546,0.7701318264007568,0.6229053139686584,0.773688554763794,0.726448655128479,0.7544505000114441,0.6903064846992493,0.7612833380699158,0.6983621716499329,0.7705878019332886,0.7076336145401001,0.7515608072280884,0.739854097366333,0.7420579195022583,0.7086461186408997,0.7512255907058716,0.7151345610618591,0.758986234664917,0.7235680222511292,,,,,,,,,,,,,,,,,,,,,,,,,,,,,,,,,,,,,,,,,,,middle_finger
0.1481117308139801,0.615702211856842,0.1223553717136383,0.598851203918457,0.11881175637245178,0.5776127576828003,0.13140368461608887,0.561037540435791,0.14690744876861572,0.5546751618385315,0.11484967172145844,0.5654163360595703,0.1261547952890396,0.5444677472114563,0.13316427171230316,0.5504739880561829,0.13681001961231232,0.559461236000061,0.13453947007656097,0.5635370016098022,0.13711562752723694,0.5337733030319214,0.13937276601791382,0.5141907334327698,0.14179322123527527,0.4997142553329468,0.15468882024288177,0.5645086765289307,0.15524710714817047,0.5450116395950317,0.15198592841625214,0.5516977906227112,0.1489579975605011,0.5600448846817017,0.1734371930360794,0.5678520798683167,0.16860708594322205,0.5536364912986755,0.1644163727760315,0.5590723156929016,0.16309824585914612,0.5659503936767578,,,,,,,,,,,,,,,,,,,,,,,,,,,,,,,,,,,,,,,,,,,middle_finger
0.6442264914512634,0.5396839380264282,0.6936740279197693,0.48596829175949097,0.7135540246963501,0.4394151270389557,0.7030532360076904,0.396619975566864,0.6660900712013245,0.3834803104400635,0.6626256108283997,0.3997054398059845,0.6134400367736816,0.36503028869628906,0.6085420250892639,0.38149455189704895,0.619173526763916,0.403303861618042,0.6123695969581604,0.40668049454689026,0.5671343803405762,0.33623549342155457,0.5453566312789917,0.28720948100090027,0.5327630639076233,0.2546880841255188,0.5650672316551208,0.42533499002456665,0.5349302291870117,0.379054456949234,0.5493171811103821,0.40004679560661316,0.5689514875411987,0.4197712540626526,0.5319676995277405,0.4517919421195984,0.520273745059967,0.4244562089443207,0.5356515049934387,0.44208845496177673,0.551481306552887,0.45682018995285034,,,,,,,,,,,,,,,,,,,,,,,,,,,,,,,,,,,,,,,,,,,middle_finger
0.6787078976631165,0.7493807673454285,0.7475019693374634,0.7257125973701477,0.77751624584198,0.6901080012321472,0.7569694519042969,0.6564531922340393,0.7177771329879761,0.6472688913345337,0.7528053522109985,0.6787557601928711,0.7327909469604492,0.6359498500823975,0.7273181676864624,0.648734986782074,0.7306162118911743,0.6666228771209717,0.7048778533935547,0.6802735328674316,0.6926026344299316,0.628065824508667,0.6948806047439575,0.5980913043022156,0.6922969818115234,0.5774539113044739,0.6580712795257568,0.6835963129997253,0.6596287488937378,0.6404815912246704,0.6706056594848633,0.6489886045455933,0.6781438589096069,0.6617571711540222,0.6213245987892151,0.6906699538230896,0.6315085887908936,0.6554560661315918,0.642174482345581,0.6627342104911804,0.6479561924934387,0.6741988062858582,,,,,,,,,,,,,,,,,,,,,,,,,,,,,,,,,,,,,,,,,,,middle_finger
0.42327356338500977,0.3401172161102295,0.3848252296447754,0.3251069188117981,0.36351558566093445,0.2980969548225403,0.3638902008533478,0.27126172184944153,0.37820833921432495,0.25464388728141785,0.37914925813674927,0.28318527340888977,0.3816014230251312,0.24337035417556763,0.38372403383255005,0.25234168767929077,0.3861185312271118,0.26664549112319946,0.40755635499954224,0.28226104378700256,0.41070061922073364,0.2322055846452713,0.41337358951568604,0.20556944608688354,0.4177455008029938,0.1850457638502121,0.4334849715232849,0.2851159870624542,0.43495699763298035,0.25229209661483765,0.4292895793914795,0.2615327537059784,0.4253459572792053,0.272736132144928,0.4554940164089203,0.2912918031215668,0.4507002830505371,0.2644874155521393,0.4459307789802551,0.272192120552063,0.4456331133842468,0.28350213170051575,,,,,,,,,,,,,,,,,,,,,,,,,,,,,,,,,,,,,,,,,,,middle_finger
0.6249305605888367,0.6463673710823059,0.6696416139602661,0.6166672706604004,0.6738850474357605,0.5762324333190918,0.6348521113395691,0.5529083609580994,0.595731794834137,0.5518986582756042,0.6668789982795715,0.5911682844161987,0.6445930004119873,0.5515331029891968,0.628649115562439,0.5586024522781372,0.6240070462226868,0.5695221424102783,0.6232988834381104,0.6013974547386169,0.6090747117996216,0.5507828593254089,0.6062452793121338,0.5213652849197388,0.6040516495704651,0.502213180065155,0.5766815543174744,0.6078137159347534,0.5674111247062683,0.559052586555481,0.5849146246910095,0.5674400329589844,0.5997389554977417,0.5794716477394104,0.5409305095672607,0.6127839088439941,0.5439095497131348,0.5795214176177979,0.5638073682785034,0.58756422996521,0.5752846598625183,0.5984899997711182,,,,,,,,,,,,,,,,,,,,,,,,,,,,,,,,,,,,,,,,,,,middle_finger
0.22973567247390747,0.6994242072105408,0.20497284829616547,0.6656219363212585,0.20294839143753052,0.6131884455680847,0.2191489040851593,0.5695345997810364,0.23652717471122742,0.5473411679267883,0.1905967742204666,0.6094226837158203,0.2058883011341095,0.5439279079437256,0.21523328125476837,0.5563172698020935,0.2190493494272232,0.5771248936653137,0.21317297220230103,0.6123359203338623,0.22229903936386108,0.5370414853096008,0.2293112576007843,0.4952663481235504,0.23398244380950928,0.46226802468299866,0.23675817251205444,0.6140756011009216,0.24192063510417938,0.5602012872695923,0.23935188353061676,0.5718449950218201,0.23553022742271423,0.5887125730514526,0.2575559914112091,0.6144340634346008,0.25554969906806946,0.5725066065788269,0.252188503742218,0.5831546187400818,0.25154614448547363,0.5990861058235168,,,,,,,,,,,,,,,,,,,,,,,,,,,,,,,,,,,,,,,,,,,middle_finger
0.735083281993866,0.5394535660743713,0.794060468673706,0.48501381278038025,0.8044898509979248,0.423927903175354,0.7710252404212952,0.38084354996681213,0.718512773513794,0.36511093378067017,0.8356412053108215,0.3959422707557678,0.7621209621429443,0.3407135009765625,0.714317798614502,0.325405091047287,0.6835438013076782,0.3141980767250061,0.7845465540885925,0.3925630450248718,0.7413902878761292,0.3139360249042511,0.7146835923194885,0.2736782431602478,0.6976927518844604,0.24487923085689545,0.7282281517982483,0.39782190322875977,0.6794634461402893,0.3460013270378113,0.6780943274497986,0.37081417441368103,0.6941626071929932,0.39352482557296753,0.6723060607910156,0.4101065695285797,0.643364667892456,0.3712525963783264,0.6466009020805359,0.3927268385887146,0.6608256697654724,0.4111253619194031,,,,,,,,,,,,,,,,,,,,,,,,,,,,,,,,,,,,,,,,,,,middle_finger
0.6961051821708679,0.651806116104126,0.7323982119560242,0.606765866279602,0.7325173616409302,0.5722761750221252,0.7055515050888062,0.5472720861434937,0.6713035702705383,0.5383487343788147,0.753361165523529,0.5496312975883484,0.7099336981773376,0.5157284736633301,0.6873611807823181,0.5276784300804138,0.6835389733314514,0.5422078967094421,0.7204108834266663,0.5465876460075378,0.6941989660263062,0.48499754071235657,0.6794911026954651,0.44986966252326965,0.6715200543403625,0.4258517026901245,0.6818310618400574,0.5521090626716614,0.6556886434555054,0.5262550115585327,0.6545189619064331,0.5469077229499817,0.6634732484817505,0.5619169473648071,0.6457000970840454,0.5627381801605225,0.6342928409576416,0.5458283424377441,0.6358249187469482,0.5617879629135132,0.6431752443313599,0.5737349390983582,,,,,,,,,,,,,,,,,,,,,,,,,,,,,,,,,,,,,,,,,,,middle_finger
0.7136867642402649,0.7864739298820496,0.7440797686576843,0.7696530222892761,0.7722201943397522,0.7397753596305847,0.7793949842453003,0.7068765759468079,0.7750042080879211,0.6897618770599365,0.7953191995620728,0.7534829378128052,0.784184455871582,0.7024567723274231,0.7643055319786072,0.707008957862854,0.7580903768539429,0.7200289964675903,0.7672498822212219,0.7615390419960022,0.7545973062515259,0.6994109749794006,0.7489815950393677,0.6712549328804016,0.746022641658783,0.6510145664215088,0.7335314750671387,0.7647760510444641,0.7227822542190552,0.7121575474739075,0.7183001041412354,0.7220392823219299,0.7189397215843201,0.7360793948173523,0.7026333212852478,0.7635366320610046,0.6997219324111938,0.7194865345954895,0.6974599361419678,0.726953387260437,0.6976743936538696,0.7401535511016846,0.3017919957637787,0.8510044813156128,0.34909284114837646,0.8502854704856873,0.38341522216796875,0.8712864518165588,0.40904250741004944,0.8948065638542175,0.42808595299720764,0.913040816783905,0.3776674270629883,0.8821935653686523,0.41108405590057373,0.9246025681495667,0.4269109070301056,0.9473099708557129,0.43410298228263855,0.9597154259681702,0.350559264421463,0.8941248655319214,0.3829352557659149,0.9392682313919067,0.39566850662231445,0.9537242650985718,0.40006735920906067,0.9550963044166565,0.32409441471099854,0.9031562209129333,0.3533449172973633,0.9440064430236816,0.3673139810562134,0.9476751089096069,0.3717304468154907,0.9409264326095581,0.30136820673942566,0.908734142780304,0.32517266273498535,0.941032886505127,0.33752644062042236,0.9428949952125549,0.340327650308609,0.9348536133766174,middle_finger
0.3002201020717621,0.6416540145874023,0.2568906545639038,0.622220516204834,0.2142373025417328,0.5862672924995422,0.1993628293275833,0.5537649393081665,0.19903886318206787,0.5264657139778137,0.19481950998306274,0.5815981030464172,0.2123742699623108,0.5279877185821533,0.23309148848056793,0.5319380760192871,0.24157467484474182,0.5446879863739014,0.220986008644104,0.5908700823783875,0.2391795814037323,0.5233289003372192,0.24999967217445374,0.48410844802856445,0.25412607192993164,0.4543062150478363,0.25981780886650085,0.5989207625389099,0.29099082946777344,0.5352885723114014,0.3019140362739563,0.5504850149154663,0.29691290855407715,0.5726855397224426,0.30108073353767395,0.6024816036224365,0.32347750663757324,0.5532311797142029,0.32970815896987915,0.5643238425254822,0.3249048888683319,0.581741452217102,,,,,,,,,,,,,,,,,,,,,,,,,,,,,,,,,,,,,,,,,,,middle_finger
0.36765962839126587,0.8071192502975464,0.34276747703552246,0.773144543170929,0.32727253437042236,0.7154671549797058,0.3313850164413452,0.667737603187561,0.34753236174583435,0.6505061388015747,0.33135026693344116,0.7187669277191162,0.34108948707580566,0.6444095373153687,0.34581008553504944,0.6586892604827881,0.3489227294921875,0.6812697649002075,0.3525943160057068,0.7279795408248901,0.3596939742565155,0.6368241906166077,0.36317136883735657,0.590969443321228,0.3661457598209381,0.5553215146064758,0.37400543689727783,0.7345888614654541,0.379328191280365,0.654546856880188,0.3753398358821869,0.6690824627876282,0.3713032305240631,0.6936154961585999,0.3924786150455475,0.7390514612197876,0.390796035528183,0.6775628328323364,0.386210560798645,0.6894834041595459,0.38535839319229126,0.7120960354804993,,,,,,,,,,,,,,,,,,,,,,,,,,,,,,,,,,,,,,,,,,,middle_finger
0.24019189178943634,0.5318699479103088,0.18820825219154358,0.4998868703842163,0.16962558031082153,0.4667421877384186,0.19111719727516174,0.43682119250297546,0.2207731455564499,0.42577463388442993,0.16849631071090698,0.44567757844924927,0.19549593329429626,0.4097384810447693,0.2112165093421936,0.41795769333839417,0.2175293266773224,0.4316040575504303,0.2134351134300232,0.4440169036388397,0.2246655821800232,0.38475731015205383,0.23183612525463104,0.34734413027763367,0.23934844136238098,0.32163530588150024,0.2563686966896057,0.44778820872306824,0.2639405429363251,0.4131191372871399,0.2602017819881439,0.42386096715927124,0.25465095043182373,0.43936920166015625,0.2913074493408203,0.456677109003067,0.2852979004383087,0.4350314736366272,0.28037676215171814,0.44394004344940186,0.27969053387641907,0.456125408411026,,,,,,,,,,,,,,,,,,,,,,,,,,,,,,,,,,,,,,,,,,,middle_finger
0.6272873282432556,0.7373902201652527,0.6581875085830688,0.7281147837638855,0.6730619668960571,0.7013282179832458,0.6642206907272339,0.6700930595397949,0.6476210355758667,0.6515204906463623,0.6775688529014587,0.7172771692276001,0.6734137535095215,0.6827493906021118,0.6639980673789978,0.6783274412155151,0.6583689451217651,0.6815348863601685,0.6523899435997009,0.7194573283195496,0.6525179147720337,0.6770885586738586,0.6528615951538086,0.658760666847229,0.6539050340652466,0.6473278403282166,0.6281010508537292,0.7179610729217529,0.6305993795394897,0.679673969745636,0.6317576766014099,0.685231626033783,0.6342504620552063,0.6959235668182373,0.6077408194541931,0.7145688533782959,0.6131938695907593,0.6831086277961731,0.6170640587806702,0.6855077743530273,0.6210599541664124,0.6934492588043213,,,,,,,,,,,,,,,,,,,,,,,,,,,,,,,,,,,,,,,,,,,middle_finger
0.46128004789352417,0.6115769147872925,0.5082396864891052,0.5930313467979431,0.5314592719078064,0.5633711814880371,0.5290558934211731,0.5309025645256042,0.5128587484359741,0.5123363137245178,0.5364082455635071,0.5391833782196045,0.5279101729393005,0.50398188829422,0.5164931416511536,0.516939103603363,0.513581395149231,0.5362958908081055,0.5052651166915894,0.5321152806282043,0.4912516176700592,0.48106375336647034,0.48842427134513855,0.4522973895072937,0.4847872257232666,0.4348321259021759,0.4684286415576935,0.5316623449325562,0.45511242747306824,0.5031597018241882,0.4550308287143707,0.5209057927131653,0.46151405572891235,0.5394356846809387,0.43740710616111755,0.5375470519065857,0.42969560623168945,0.514727771282196,0.4315769076347351,0.5289708375930786,0.4367360472679138,0.5429980158805847,,,,,,,,,,,,,,,,,,,,,,,,,,,,,,,,,,,,,,,,,,,middle_finger
0.6915407180786133,0.6038798689842224,0.7269263863563538,0.5673868060112,0.7303828597068787,0.5377017855644226,0.707095205783844,0.5159091949462891,0.6766981482505798,0.5096131563186646,0.7357773780822754,0.5168510675430298,0.707308828830719,0.4910060465335846,0.6945326328277588,0.5004045367240906,0.6966512203216553,0.5142271518707275,0.7042628526687622,0.5154547095298767,0.6903751492500305,0.466043621301651,0.6851667165756226,0.4363406002521515,0.6847615838050842,0.41669368743896484,0.6694721579551697,0.5212154388427734,0.6562660932540894,0.49768200516700745,0.6588046550750732,0.5127165913581848,0.6675235033035278,0.524851381778717,0.6388190984725952,0.5330435037612915,0.6350868344306946,0.5189820528030396,0.6405203938484192,0.5307347178459167,0.6482859253883362,0.5395507216453552,,,,,,,,,,,,,,,,,,,,,,,,,,,,,,,,,,,,,,,,,,,middle_finger
0.32131484150886536,0.6955852508544922,0.29123181104660034,0.6772481799125671,0.27410390973091125,0.6476871967315674,0.28131258487701416,0.6218808889389038,0.2979785203933716,0.6065517067909241,0.25859004259109497,0.636932909488678,0.28136926889419556,0.5921558141708374,0.2948901057243347,0.5991883277893066,0.29835373163223267,0.6119944453239441,0.28368493914604187,0.6374959349632263,0.299204558134079,0.5847277045249939,0.31070929765701294,0.559216320514679,0.3165610730648041,0.538271963596344,0.3118571639060974,0.6405600905418396,0.3343738913536072,0.6024933457374573,0.3380364775657654,0.6151787042617798,0.33344146609306335,0.6276922225952148,0.34013816714286804,0.6462644338607788,0.3534969985485077,0.6146813035011292,0.3540961742401123,0.6262860894203186,0.35037872195243835,0.6391304135322571,,,,,,,,,,,,,,,,,,,,,,,,,,,,,,,,,,,,,,,,,,,middle_finger
0.174358531832695,0.8902746438980103,0.20356100797653198,0.8986309766769409,0.21123658120632172,0.9249697923660278,0.20757991075515747,0.9514250159263611,0.2057187557220459,0.971868634223938,0.16963596642017365,0.9404302835464478,0.1730821579694748,0.9716051816940308,0.1818268746137619,0.9903553128242493,0.18984228372573853,1.0015168190002441,0.1515999585390091,0.9427867531776428,0.16037006676197052,0.9708747863769531,0.17130252718925476,0.9886798858642578,0.18183967471122742,0.9994438886642456,0.14343568682670593,0.9445684552192688,0.1519860476255417,0.968703031539917,0.1637762486934662,0.9845050573348999,0.1747671216726303,0.9953742027282715,0.1427125334739685,0.9463415145874023,0.14914917945861816,0.9665940999984741,0.1577311009168625,0.9797099828720093,0.1660386621952057,0.9896922707557678,0.5411917567253113,0.5681968331336975,0.5710085034370422,0.5496512651443481,0.5844282507896423,0.5209574699401855,0.5759741067886353,0.49606388807296753,0.562079131603241,0.48414334654808044,0.5674853324890137,0.5105375051498413,0.5633270144462585,0.48182544112205505,0.5614220499992371,0.4900641441345215,0.5627219080924988,0.5040948390960693,0.541707456111908,0.5104584097862244,0.5398226380348206,0.47067883610725403,0.5428718328475952,0.4447019398212433,0.5439958572387695,0.4272521138191223,0.5171759128570557,0.5132817625999451,0.5212422013282776,0.4848768711090088,0.5293322801589966,0.4930773973464966,0.5341268181800842,0.5028054714202881,0.500141441822052,0.5189731121063232,0.5094799995422363,0.4982917904853821,0.5176436901092529,0.5054537653923035,0.5208315849304199,0.5135510563850403,middle_finger
0.6856575012207031,0.74038165807724,0.7498156428337097,0.6943814754486084,0.7747518420219421,0.6375188827514648,0.7441146373748779,0.5919860005378723,0.688848614692688,0.5848122835159302,0.7490758895874023,0.6238048672676086,0.7162669897079468,0.5753698945045471,0.7120948433876038,0.5994861721992493,0.7216986417770386,0.6265829205513,0.6951493620872498,0.6331308484077454,0.6707915663719177,0.5575740933418274,0.6671878099441528,0.5086792707443237,0.6612981557846069,0.4775945842266083,0.6414868235588074,0.6453555226325989,0.6411508321762085,0.5898917317390442,0.6559616327285767,0.6024503111839294,0.6665108799934387,0.6209676861763,0.6032060384750366,0.6598438024520874,0.6125355362892151,0.6111544966697693,0.623646080493927,0.6204776763916016,0.6286099553108215,0.6343939900398254,,,,,,,,,,,,,,,,,,,,,,,,,,,,,,,,,,,,,,,,,,,middle_finger
0.3689011037349701,0.7221957445144653,0.3418499529361725,0.714846134185791,0.3266087770462036,0.6963121891021729,0.33865588903427124,0.6814391016960144,0.36131390929222107,0.6762256026268005,0.31833675503730774,0.7328494787216187,0.33153048157691956,0.6937839388847351,0.339350163936615,0.6920663714408875,0.3479391932487488,0.6991310119628906,0.34574392437934875,0.7428688406944275,0.3531787693500519,0.6858780980110168,0.3595830202102661,0.6596689224243164,0.3678022623062134,0.6424893736839294,0.37668973207473755,0.7450615763664246,0.3850995600223541,0.6923825144767761,0.38247063755989075,0.6950607895851135,0.3793327510356903,0.7061739563941956,0.40660560131073,0.7426102161407471,0.40561023354530334,0.7028779983520508,0.4015394449234009,0.7051628232002258,0.40141552686691284,0.7152713537216187,,,,,,,,,,,,,,,,,,,,,,,,,,,,,,,,,,,,,,,,,,,middle_finger
0.21908780932426453,0.6063488721847534,0.1889732927083969,0.5927532315254211,0.16611571609973907,0.5599139332771301,0.15796531736850739,0.5329141616821289,0.15070319175720215,0.5135693550109863,0.1571529507637024,0.5588468313217163,0.16785240173339844,0.5210170745849609,0.1731487512588501,0.519742488861084,0.1746191829442978,0.52448970079422,0.17939627170562744,0.5654848217964172,0.19209171831607819,0.5202175974845886,0.2022944539785385,0.49661216139793396,0.21200047433376312,0.4777493476867676,0.20758870244026184,0.5725136399269104,0.2276986986398697,0.5318896174430847,0.22360524535179138,0.5429183840751648,0.21705873310565948,0.5583323836326599,0.23703867197036743,0.5788336396217346,0.24527308344841003,0.5460124015808105,0.24205276370048523,0.5533475875854492,0.23905342817306519,0.566124439239502,0.7616716623306274,0.7984650731086731,0.7354267239570618,0.8125396370887756,0.7225093245506287,0.8375843167304993,0.7179161310195923,0.8584461212158203,0.7166600227355957,0.8731750249862671,0.7509338855743408,0.8518320918083191,0.743550181388855,0.8858813047409058,0.7277988195419312,0.8927597999572754,0.7185243964195251,0.8902527689933777,0.7653088569641113,0.853977382183075,0.7543029189109802,0.8856242895126343,0.7364071607589722,0.8895324468612671,0.7266477346420288,0.8852247595787048,0.7724337577819824,0.853363573551178,0.7613762617111206,0.8810510635375977,0.7454147338867188,0.8833388686180115,0.7364296317100525,0.8792593479156494,0.774071216583252,0.8515208959579468,0.7658241391181946,0.8731622695922852,0.7526723146438599,0.8764639496803284,0.7450575828552246,0.8736849427223206,middle_finger
0.27493783831596375,0.5108282566070557,0.21433189511299133,0.48017027974128723,0.1913730502128601,0.43229958415031433,0.20809853076934814,0.39001715183258057,0.2385498434305191,0.3670411705970764,0.18080776929855347,0.427354097366333,0.19075746834278107,0.35217761993408203,0.2072032392024994,0.3656109571456909,0.2207866758108139,0.3884797692298889,0.23217983543872833,0.4258873760700226,0.23118463158607483,0.3430933952331543,0.23562666773796082,0.2984352707862854,0.2382795810699463,0.26277291774749756,0.28209444880485535,0.42408522963523865,0.2713220417499542,0.35921186208724976,0.2686292231082916,0.370229035615921,0.26757705211639404,0.3880876302719116,0.3248719871044159,0.4214082360267639,0.30271023511886597,0.36618927121162415,0.2947003245353699,0.3738345503807068,0.2967926561832428,0.39137640595436096,,,,,,,,,,,,,,,,,,,,,,,,,,,,,,,,,,,,,,,,,,,middle_finger
0.3486936092376709,0.7467426657676697,0.3841000497341156,0.7238702178001404,0.4319932162761688,0.7062361836433411,0.46503064036369324,0.6918875575065613,0.4801172614097595,0.6784799098968506,0.4733608067035675,0.7194727659225464,0.5162718296051025,0.7309713959693909,0.4978657066822052,0.7321298718452454,0.4779263138771057,0.7293696999549866,0.46762293577194214,0.736696183681488,0.512163519859314,0.746204137802124,0.4951871335506439,0.7462213039398193,0.4726046621799469,0.7435344457626343,0.45851925015449524,0.7529594302177429,0.4999633729457855,0.7608547806739807,0.4851890802383423,0.7602284550666809,0.4638223350048065,0.7574530839920044,0.44776204228401184,0.7674424052238464,0.4842066168785095,0.7721800208091736,0.47034335136413574,0.7705000042915344,0.4524344801902771,0.7683774828910828,,,,,,,,,,,,,,,,,,,,,,,,,,,,,,,,,,,,,,,,,,,like
0.4822194576263428,0.1825137734413147,0.49568089842796326,0.1683046966791153,0.509958028793335,0.15671563148498535,0.5203538537025452,0.14603738486766815,0.5227847695350647,0.13521458208560944,0.5373302102088928,0.16577281057834625,0.5498313307762146,0.17978668212890625,0.540247917175293,0.18220458924770355,0.5315425992012024,0.18017657101154327,0.5369150042533875,0.17600592970848083,0.5473183989524841,0.18934790790081024,0.5374699234962463,0.19022773206233978,0.5282754302024841,0.18750785291194916,0.5337071418762207,0.18606562912464142,0.5408504009246826,0.19724614918231964,0.5314078330993652,0.19728213548660278,0.5226277112960815,0.1940567046403885,0.5285217761993408,0.19582027196884155,0.5339559316635132,0.20309379696846008,0.5247816443443298,0.20240794122219086,0.51703280210495,0.19969893991947174,,,,,,,,,,,,,,,,,,,,,,,,,,,,,,,,,,,,,,,,,,,like
0.682710587978363,0.6250154376029968,0.5999594926834106,0.5605696439743042,0.5019732713699341,0.5149639844894409,0.42129969596862793,0.47311267256736755,0.3865262269973755,0.4301440715789795,0.35288307070732117,0.5585451722145081,0.30452293157577515,0.5963143110275269,0.3542180061340332,0.6067747473716736,0.395236611366272,0.6045278906822205,0.35527554154396057,0.6068485975265503,0.32503819465637207,0.6402122974395752,0.3690054416656494,0.6426668763160706,0.4135483503341675,0.6355193257331848,0.38301652669906616,0.6537590026855469,0.359917014837265,0.6754089593887329,0.3991529643535614,0.6739622950553894,0.4442158043384552,0.6671028137207031,0.4170040488243103,0.6946022510528564,0.4035171866416931,0.7045565843582153,0.4430548846721649,0.6993870735168457,0.4800858497619629,0.690726637840271,,,,,,,,,,,,,,,,,,,,,,,,,,,,,,,,,,,,,,,,,,,like
0.4087619185447693,0.6468029618263245,0.42931872606277466,0.6550400853157043,0.4362451732158661,0.6688945293426514,0.43307527899742126,0.6814880967140198,0.43068450689315796,0.6882027387619019,0.4159921705722809,0.6840165853500366,0.4173312783241272,0.7005518674850464,0.42491820454597473,0.7050773501396179,0.4312629699707031,0.7056866884231567,0.4053565561771393,0.6823841333389282,0.40969783067703247,0.698613166809082,0.4188653528690338,0.70163893699646,0.42526131868362427,0.7009038925170898,0.40034306049346924,0.6794608235359192,0.40584301948547363,0.6937292218208313,0.4142618179321289,0.6968462467193604,0.42054930329322815,0.6965803503990173,0.39857110381126404,0.6759921908378601,0.4037134349346161,0.6873383522033691,0.4108656644821167,0.6912440657615662,0.41658923029899597,0.6916283965110779,0.6418628692626953,0.41565513610839844,0.6330561637878418,0.3979981243610382,0.6197013258934021,0.38362735509872437,0.6121270060539246,0.3708399534225464,0.6129617094993591,0.359564870595932,0.5956776738166809,0.3878667950630188,0.5747184753417969,0.39340707659721375,0.582036018371582,0.39595654606819153,0.5901000499725342,0.39512917399406433,0.5942923426628113,0.3979744613170624,0.5778173208236694,0.4047712981700897,0.5872141718864441,0.4050694406032562,0.5957679152488708,0.4031692445278168,0.5961443781852722,0.4081196188926697,0.5833864808082581,0.41294512152671814,0.5915219783782959,0.41273924708366394,0.5994163751602173,0.4109612703323364,0.5992857813835144,0.4171920716762543,0.5894752740859985,0.41934800148010254,0.5969264507293701,0.41904205083847046,0.6041654944419861,0.4178594946861267,like
0.38010427355766296,0.6787124276161194,0.39359986782073975,0.6348726153373718,0.3787643611431122,0.5976188778877258,0.3610279858112335,0.5700939893722534,0.35632556676864624,0.5473388433456421,0.2614390552043915,0.6106934547424316,0.2794129550457001,0.6147205829620361,0.30510860681533813,0.6232938170433044,0.31661590933799744,0.6297065019607544,0.24413171410560608,0.6378921270370483,0.27251389622688293,0.641289472579956,0.2987702786922455,0.6463705897331238,0.3125939667224884,0.6503060460090637,0.24716873466968536,0.6646724343299866,0.2674200236797333,0.6642128825187683,0.2914976477622986,0.6658366918563843,0.3062133491039276,0.669051468372345,0.2549901008605957,0.6869966983795166,0.26936063170433044,0.6865711808204651,0.29108715057373047,0.6865019798278809,0.30596011877059937,0.6871939301490784,,,,,,,,,,,,,,,,,,,,,,,,,,,,,,,,,,,,,,,,,,,like
0.5640307068824768,0.7795928120613098,0.5561169385910034,0.7389296889305115,0.5382673740386963,0.7040409445762634,0.5249757766723633,0.6767939329147339,0.5249965190887451,0.6553918123245239,0.48146405816078186,0.7189306020736694,0.44491004943847656,0.7205439805984497,0.4630863666534424,0.7260986566543579,0.48129525780677795,0.7277894020080566,0.4711192846298218,0.743802547454834,0.4451902508735657,0.7428302764892578,0.4616073668003082,0.746366024017334,0.47766736149787903,0.7480007410049438,0.46952900290489197,0.7675871849060059,0.44993358850479126,0.7635515332221985,0.46302279829978943,0.7644906044006348,0.478604793548584,0.7668853402137756,0.4720947742462158,0.7879825234413147,0.45652255415916443,0.7816325426101685,0.4701143801212311,0.7819503545761108,0.48423051834106445,0.7843908071517944,,,,,,,,,,,,,,,,,,,,,,,,,,,,,,,,,,,,,,,,,,,like
0.5333417057991028,0.48278623819351196,0.5194903016090393,0.4563254117965698,0.4972633123397827,0.4383114278316498,0.4841811954975128,0.4236105978488922,0.4803350269794464,0.4091425836086273,0.4651242792606354,0.45556342601776123,0.4470665752887726,0.4598691761493683,0.4578746259212494,0.4613095819950104,0.46897462010383606,0.46137261390686035,0.4624427556991577,0.470674067735672,0.45178377628326416,0.4738440215587616,0.4620036482810974,0.4734494984149933,0.4727063477039337,0.4731724262237549,0.46623462438583374,0.48520639538764954,0.4560343027114868,0.48508691787719727,0.4642550051212311,0.48378869891166687,0.4750783443450928,0.48388299345970154,0.472709596157074,0.49673229455947876,0.461402952671051,0.49535220861434937,0.46835723519325256,0.4941626191139221,0.4766603410243988,0.49443307518959045,,,,,,,,,,,,,,,,,,,,,,,,,,,,,,,,,,,,,,,,,,,like
0.4349706768989563,0.7078545093536377,0.41613274812698364,0.6488809585571289,0.3613555133342743,0.6106303334236145,0.3061176836490631,0.590066134929657,0.29105284810066223,0.5557610392570496,0.2517775893211365,0.6485626101493835,0.2571062445640564,0.6658881306648254,0.29196104407310486,0.6724051237106323,0.3180956542491913,0.6726876497268677,0.2457575798034668,0.6946064233779907,0.2546084225177765,0.7044426798820496,0.28693249821662903,0.7051815390586853,0.31406348943710327,0.7034291625022888,0.2591198980808258,0.7351849675178528,0.266990602016449,0.7402613162994385,0.29424795508384705,0.7378523349761963,0.3188477158546448,0.7334153652191162,0.2781098186969757,0.7689597606658936,0.2888476252555847,0.7720890045166016,0.3146590292453766,0.7663986086845398,0.33330219984054565,0.7600058913230896,,,,,,,,,,,,,,,,,,,,,,,,,,,,,,,,,,,,,,,,,,,like
0.5614020228385925,0.49575668573379517,0.5336740016937256,0.4516776502132416,0.48387688398361206,0.41480597853660583,0.44817793369293213,0.3880210816860199,0.4410417079925537,0.36075690388679504,0.4542234241962433,0.4299512207508087,0.3934948146343231,0.4515411853790283,0.41429370641708374,0.45549365878105164,0.4359499216079712,0.44951239228248596,0.45826685428619385,0.458757221698761,0.4022331237792969,0.47913360595703125,0.42350485920906067,0.47914230823516846,0.444184273481369,0.475070983171463,0.4662388861179352,0.4881505072116852,0.4184010624885559,0.5013471841812134,0.43677374720573425,0.499237596988678,0.45648494362831116,0.4950622022151947,0.4759610593318939,0.5134804844856262,0.4357088506221771,0.5172119736671448,0.4524382948875427,0.5159420371055603,0.47108033299446106,0.5141268968582153,,,,,,,,,,,,,,,,,,,,,,,,,,,,,,,,,,,,,,,,,,,like
0.4813919961452484,0.6121348738670349,0.470802903175354,0.5888857841491699,0.4518797695636749,0.5700579881668091,0.43866077065467834,0.5570439100265503,0.43462929129600525,0.5440911054611206,0.42720338702201843,0.5791070461273193,0.40462201833724976,0.5849959850311279,0.4134332537651062,0.588436484336853,0.4243949055671692,0.5872862935066223,0.42474091053009033,0.5926308631896973,0.40479812026023865,0.5981535315513611,0.4148700535297394,0.5995383262634277,0.42657017707824707,0.5987207293510437,0.4260689914226532,0.6061305999755859,0.40749338269233704,0.6091699004173279,0.4156266748905182,0.6100110411643982,0.4265521466732025,0.609839141368866,0.42893725633621216,0.6183373928070068,0.41176387667655945,0.6196409463882446,0.4192517101764679,0.6197982430458069,0.42939281463623047,0.6196758151054382,,,,,,,,,,,,,,,,,,,,,,,,,,,,,,,,,,,,,,,,,,,like
0.27764660120010376,0.7787619829177856,0.29620131850242615,0.7961546182632446,0.30043724179267883,0.8172832131385803,0.2990572452545166,0.8358653783798218,0.29889172315597534,0.8503737449645996,0.2705347537994385,0.825985848903656,0.27791643142700195,0.8502035737037659,0.28932714462280273,0.8587381839752197,0.2982921600341797,0.8631146550178528,0.2596361041069031,0.8243204355239868,0.27107423543930054,0.8489299416542053,0.28539177775382996,0.8568098545074463,0.29709726572036743,0.8595793843269348,0.2564612329006195,0.8219015598297119,0.2662668824195862,0.8446946740150452,0.2786269783973694,0.8514549732208252,0.28942087292671204,0.8537641763687134,0.257666677236557,0.8194478154182434,0.26418164372444153,0.8370031118392944,0.27311408519744873,0.844203770160675,0.28208112716674805,0.847623884677887,,,,,,,,,,,,,,,,,,,,,,,,,,,,,,,,,,,,,,,,,,,like
0.5222988724708557,0.7905060648918152,0.5122053623199463,0.7973172664642334,0.50881028175354,0.8084022998809814,0.5071346163749695,0.8183425068855286,0.5054754614830017,0.8255576491355896,0.5225218534469604,0.8166695237159729,0.5211178064346313,0.8294066786766052,0.5164432525634766,0.8353352546691895,0.5119161605834961,0.8387903571128845,0.52564537525177,0.8175519108772278,0.5236551761627197,0.8303967714309692,0.5180519223213196,0.8353565335273743,0.5126652717590332,0.838210940361023,0.5256260633468628,0.8177441358566284,0.5230754613876343,0.829687237739563,0.518487811088562,0.8347628712654114,0.5138789415359497,0.8382213711738586,0.5235047936439514,0.8175280094146729,0.5214968919754028,0.8283344507217407,0.5172001123428345,0.8336265087127686,0.5130674839019775,0.836766242980957,,,,,,,,,,,,,,,,,,,,,,,,,,,,,,,,,,,,,,,,,,,like
0.5439326763153076,0.41755515336990356,0.528614342212677,0.39626964926719666,0.5092007517814636,0.3801642060279846,0.49521467089653015,0.3683798015117645,0.48709776997566223,0.3579337000846863,0.501919686794281,0.38805487751960754,0.47333580255508423,0.39525651931762695,0.4638316333293915,0.40160176157951355,0.46166670322418213,0.40598300099372864,0.5049791932106018,0.3979695439338684,0.4745798408985138,0.4073512852191925,0.4662249684333801,0.41379550099372864,0.4658348262310028,0.41751497983932495,0.5078257918357849,0.4082053601741791,0.479697048664093,0.41500014066696167,0.470738023519516,0.4202967882156372,0.4695613384246826,0.42345476150512695,0.5113071799278259,0.4180939197540283,0.49037688970565796,0.42331045866012573,0.48240184783935547,0.42654815316200256,0.47916391491889954,0.42816218733787537,0.2502382695674896,0.6477954387664795,0.26767656207084656,0.6561257243156433,0.2775012254714966,0.6709359884262085,0.28320959210395813,0.6864197850227356,0.28948909044265747,0.6977912783622742,0.25109484791755676,0.6867993474006653,0.25795772671699524,0.7081946134567261,0.27311617136001587,0.7112693190574646,0.2823891341686249,0.7092425227165222,0.24086445569992065,0.689228355884552,0.249522402882576,0.7126286625862122,0.26763463020324707,0.7148891091346741,0.2788194417953491,0.711445152759552,0.23696297407150269,0.6896176934242249,0.243928924202919,0.711065948009491,0.2602972984313965,0.7128236293792725,0.2717902958393097,0.7094703316688538,0.23680724203586578,0.6887027025222778,0.24190567433834076,0.7056995630264282,0.25383493304252625,0.709763765335083,0.2631371021270752,0.7094542980194092,like
0.23241934180259705,0.6341268420219421,0.23978456854820251,0.5958601236343384,0.2653040289878845,0.5619180798530579,0.2750866413116455,0.5320997834205627,0.27322202920913696,0.5067285299301147,0.3119867742061615,0.5648310780525208,0.3742959201335907,0.5779114365577698,0.35620546340942383,0.5836971998214722,0.3346043825149536,0.5804241299629211,0.31496134400367737,0.5896885395050049,0.37223848700523376,0.6013302206993103,0.35117265582084656,0.6049090027809143,0.32840216159820557,0.6009684801101685,0.31502386927604675,0.6146239638328552,0.36435529589653015,0.6215104460716248,0.3439459800720215,0.6245125532150269,0.3215689957141876,0.6214045882225037,0.3126095235347748,0.6370928883552551,0.34725257754325867,0.6389354467391968,0.3298850953578949,0.6405728459358215,0.31117889285087585,0.6385035514831543,,,,,,,,,,,,,,,,,,,,,,,,,,,,,,,,,,,,,,,,,,,like
0.6119949817657471,0.5857654213905334,0.6386369466781616,0.5310841798782349,0.6936747431755066,0.49498823285102844,0.7415574789047241,0.46262770891189575,0.7611593008041382,0.4253768026828766,0.7295353412628174,0.5413657426834106,0.827023446559906,0.5278641581535339,0.7950738668441772,0.5166673064231873,0.7627198100090027,0.5174073576927185,0.7365570664405823,0.581246018409729,0.8126554489135742,0.5560640096664429,0.781324028968811,0.5425024628639221,0.7550089955329895,0.5467724204063416,0.7342750430107117,0.6105244755744934,0.7971603870391846,0.5809139609336853,0.7726112604141235,0.5691832900047302,0.7474371194839478,0.5734624266624451,0.7314431071281433,0.6314818263053894,0.7769545912742615,0.604099452495575,0.7581735253334045,0.5924502611160278,0.7383069396018982,0.5956495404243469,,,,,,,,,,,,,,,,,,,,,,,,,,,,,,,,,,,,,,,,,,,like
0.4826899468898773,0.7235457301139832,0.5358933806419373,0.716701328754425,0.5739939212799072,0.7335589528083801,0.5953085422515869,0.7571175694465637,0.6052548289299011,0.7784263491630554,0.5910122394561768,0.7442474365234375,0.6331455707550049,0.7838508486747742,0.648000955581665,0.8067172765731812,0.6514210104942322,0.8194451332092285,0.5694760084152222,0.7624626159667969,0.6135057806968689,0.8049336075782776,0.6286418437957764,0.8264006972312927,0.6326633095741272,0.8351961374282837,0.5427380800247192,0.7777769565582275,0.5820553302764893,0.8185533881187439,0.5981107354164124,0.8359066247940063,0.6058297157287598,0.8410979509353638,0.5138522386550903,0.7885010242462158,0.5435203909873962,0.8219009041786194,0.5613311529159546,0.8359733819961548,0.5750529766082764,0.8398051261901855,0.6544919013977051,0.4524206817150116,0.6332834362983704,0.4127578139305115,0.5933206677436829,0.3700363337993622,0.5738231539726257,0.34008562564849854,0.5853849053382874,0.31493496894836426,0.5604711771011353,0.38971516489982605,0.48819422721862793,0.40282711386680603,0.5029475688934326,0.4096527695655823,0.525263249874115,0.4071548581123352,0.5600225925445557,0.41563156247138977,0.4883248507976532,0.43055325746536255,0.504258394241333,0.4327452778816223,0.5256285667419434,0.4299779534339905,0.5649676322937012,0.4434504210948944,0.5009090304374695,0.45191681385040283,0.513335108757019,0.45179253816604614,0.5329846739768982,0.44997918605804443,0.5738767981529236,0.4678720235824585,0.523101270198822,0.47034257650375366,0.5291597247123718,0.46851015090942383,0.5416170954704285,0.4672490060329437,like
0.3959883749485016,0.694347620010376,0.42995893955230713,0.6653285026550293,0.4589534103870392,0.6432213187217712,0.4807344675064087,0.6217972040176392,0.4928603768348694,0.5998967289924622,0.5077933073043823,0.6859063506126404,0.5372157692909241,0.684104859828949,0.5205258131027222,0.679534912109375,0.5027427673339844,0.6785141229629517,0.5033137798309326,0.7104834318161011,0.5293070673942566,0.7034549117088318,0.5143706798553467,0.6968637704849243,0.49622803926467896,0.695914626121521,0.4914405047893524,0.7285884022712708,0.5174456834793091,0.7204373478889465,0.5032519102096558,0.7137496471405029,0.4857465326786041,0.7110834717750549,0.4775286614894867,0.7426237463951111,0.4974430799484253,0.7341740131378174,0.48552417755126953,0.7270434498786926,0.4707506597042084,0.7241982817649841,,,,,,,,,,,,,,,,,,,,,,,,,,,,,,,,,,,,,,,,,,,like
0.20799654722213745,0.7917824983596802,0.2574748396873474,0.7182906270027161,0.3141389489173889,0.6647131443023682,0.3501832187175751,0.612095832824707,0.356952428817749,0.5613029599189758,0.40348657965660095,0.7165117859840393,0.5035693049430847,0.701309323310852,0.46546605229377747,0.6932603120803833,0.4228185713291168,0.6936673521995544,0.413382351398468,0.7652546763420105,0.5003714561462402,0.7398859262466431,0.4669075012207031,0.7278684973716736,0.43241992592811584,0.7289164066314697,0.40848642587661743,0.8031574487686157,0.4805556833744049,0.7731663584709167,0.453754186630249,0.763222336769104,0.42037543654441833,0.7623998522758484,0.3991733491420746,0.8309577107429504,0.4481133222579956,0.800187885761261,0.42599594593048096,0.7894513010978699,0.39806056022644043,0.7890039086341858,,,,,,,,,,,,,,,,,,,,,,,,,,,,,,,,,,,,,,,,,,,like
0.47266238927841187,0.7547736167907715,0.4853527247905731,0.7657009363174438,0.4877470135688782,0.781714677810669,0.48675093054771423,0.797456681728363,0.4867693781852722,0.8094677329063416,0.4628050923347473,0.7925163507461548,0.46621423959732056,0.8152765035629272,0.47751784324645996,0.8258824348449707,0.4887111485004425,0.8316106796264648,0.4607645571231842,0.7937376499176025,0.46533703804016113,0.8146912455558777,0.47672179341316223,0.825253963470459,0.48969703912734985,0.8309794664382935,0.46308791637420654,0.79453444480896,0.4675084948539734,0.8131670951843262,0.47746890783309937,0.8222380876541138,0.4887487292289734,0.8282147645950317,0.466547429561615,0.7943059802055359,0.47091612219810486,0.8097606897354126,0.4782029092311859,0.8182248473167419,0.4867492914199829,0.8241652846336365,0.7630590200424194,0.5187782049179077,0.7519963383674622,0.49975037574768066,0.7406731843948364,0.48002445697784424,0.7344083786010742,0.4647023677825928,0.734156608581543,0.4519159197807312,0.745577335357666,0.4803752899169922,0.7150053977966309,0.4831908345222473,0.7192549705505371,0.4894680678844452,0.7291733026504517,0.4890194535255432,0.7473001480102539,0.4917972683906555,0.7132665514945984,0.4949861168861389,0.7215629816055298,0.4986688792705536,0.7317784428596497,0.4982443153858185,0.7470125555992126,0.502764105796814,0.7161753177642822,0.5056484341621399,0.724153995513916,0.508431613445282,0.7346163392066956,0.507269561290741,0.7459201812744141,0.5128126740455627,0.7202857136726379,0.513582706451416,0.7263388633728027,0.5154109597206116,0.7360918521881104,0.5154025554656982,like
0.656924843788147,0.5694857239723206,0.6253417730331421,0.5145314335823059,0.5764062404632568,0.46943122148513794,0.5417466759681702,0.4377294182777405,0.532353937625885,0.39870357513427734,0.550754725933075,0.49198246002197266,0.5002598762512207,0.5369710922241211,0.5185940861701965,0.54738849401474,0.5377147793769836,0.5367184281349182,0.557483434677124,0.5338093638420105,0.50937819480896,0.5805926322937012,0.52987140417099,0.5821560025215149,0.5485766530036926,0.5697675943374634,0.5690727233886719,0.5753296613693237,0.5257894396781921,0.6132239699363708,0.5435144901275635,0.6113609671592712,0.5607838034629822,0.5992618799209595,0.5820559859275818,0.6136985421180725,0.5472137928009033,0.6394494771957397,0.5617439150810242,0.6355881094932556,0.5778513550758362,0.625531792640686,,,,,,,,,,,,,,,,,,,,,,,,,,,,,,,,,,,,,,,,,,,like
0.5507245659828186,0.5725780725479126,0.5356559753417969,0.5507292747497559,0.5187762975692749,0.5350263714790344,0.508908748626709,0.5208900570869446,0.5083764791488647,0.508791446685791,0.4908791184425354,0.5465553402900696,0.4731334447860718,0.5468536019325256,0.4839199185371399,0.5480251908302307,0.49442875385284424,0.5494326949119568,0.48894673585891724,0.5597183704376221,0.4724017083644867,0.5587049722671509,0.48134109377861023,0.5586087703704834,0.49148014187812805,0.5595863461494446,0.4905291795730591,0.5723791718482971,0.47512760758399963,0.5702672004699707,0.4818459451198578,0.5695809721946716,0.49153611063957214,0.5707554817199707,0.49389222264289856,0.5835713744163513,0.47885602712631226,0.580782949924469,0.48484566807746887,0.5794197916984558,0.4933467507362366,0.5798971652984619,0.3267766833305359,0.7378109097480774,0.35254061222076416,0.749786376953125,0.3628787398338318,0.7672605514526367,0.36591845750808716,0.7870838642120361,0.3706440329551697,0.8017677068710327,0.3329814672470093,0.7848173975944519,0.3505381643772125,0.8092989921569824,0.3637383282184601,0.8042393922805786,0.366521954536438,0.7955614328384399,0.3192266523838043,0.7866055965423584,0.3406943380832672,0.8098682761192322,0.3550676703453064,0.8031588196754456,0.3567868173122406,0.7950600981712341,0.31361645460128784,0.785528838634491,0.33360370993614197,0.8068420886993408,0.34568434953689575,0.8012726306915283,0.34771260619163513,0.7931508421897888,0.3132312595844269,0.7838878035545349,0.32797563076019287,0.8010715842247009,0.33828413486480713,0.7988356947898865,0.3411361277103424,0.7928188443183899,like
0.37053197622299194,0.5327664017677307,0.383089542388916,0.5137885808944702,0.39967820048332214,0.4965531826019287,0.4088311493396759,0.4821522831916809,0.41037821769714355,0.4693826735019684,0.4183960258960724,0.5031684041023254,0.44788897037506104,0.5099551677703857,0.4378965198993683,0.513979434967041,0.4269927442073822,0.512598991394043,0.41848471760749817,0.5157819986343384,0.4462759494781494,0.522310733795166,0.43621811270713806,0.5251916646957397,0.4248834550380707,0.5230432152748108,0.4174845218658447,0.5286793112754822,0.44266238808631897,0.5336024165153503,0.4329785406589508,0.5358569025993347,0.4212084710597992,0.533998429775238,0.41533130407333374,0.5407917499542236,0.43605804443359375,0.5432459115982056,0.42729222774505615,0.5442193150520325,0.4165906608104706,0.5428576469421387,,,,,,,,,,,,,,,,,,,,,,,,,,,,,,,,,,,,,,,,,,,like
0.47249045968055725,0.5021883249282837,0.46926426887512207,0.4759027361869812,0.4805426597595215,0.4538838267326355,0.4883580803871155,0.4345897436141968,0.48634183406829834,0.41655081510543823,0.5371294617652893,0.46591582894325256,0.534873366355896,0.47387954592704773,0.5226300954818726,0.4788684546947479,0.5119925737380981,0.48045113682746887,0.5460690259933472,0.4844086468219757,0.5376936793327332,0.4900653064250946,0.5237070322036743,0.4922771751880646,0.5136209726333618,0.4931600093841553,0.5446030497550964,0.5023897290229797,0.5347288250923157,0.504459023475647,0.5219806432723999,0.5054623484611511,0.511880099773407,0.5054309964179993,0.5381969213485718,0.5175604224205017,0.5266823172569275,0.521029531955719,0.5148122310638428,0.5203658938407898,0.506105363368988,0.5186533331871033,,,,,,,,,,,,,,,,,,,,,,,,,,,,,,,,,,,,,,,,,,,like
0.40648409724235535,0.4370643198490143,0.423001229763031,0.422091007232666,0.44063618779182434,0.4105898141860962,0.4494686424732208,0.39946508407592773,0.4475967586040497,0.38828524947166443,0.4546937346458435,0.42503970861434937,0.47257089614868164,0.4204052984714508,0.4632529616355896,0.4195512533187866,0.4530440866947174,0.4204328656196594,0.4539768695831299,0.43567797541618347,0.47132885456085205,0.43092185258865356,0.4638639986515045,0.4290895462036133,0.45441240072250366,0.4302595257759094,0.4511764943599701,0.44491246342658997,0.46634039282798767,0.43997716903686523,0.46016937494277954,0.437792032957077,0.45166319608688354,0.43845146894454956,0.44705116748809814,0.4526565968990326,0.460068941116333,0.44858238101005554,0.4547242820262909,0.445974200963974,0.4473681151866913,0.44641849398612976,,,,,,,,,,,,,,,,,,,,,,,,,,,,,,,,,,,,,,,,,,,like
0.4389829635620117,0.41411805152893066,0.4447556734085083,0.3904578983783722,0.453819215297699,0.37336766719818115,0.4615171551704407,0.359639436006546,0.4670233130455017,0.34634485840797424,0.46880459785461426,0.3912365138530731,0.4821462333202362,0.3939330279827118,0.4758133590221405,0.3936155438423157,0.4683147370815277,0.3926372528076172,0.46861281991004944,0.4088601768016815,0.4810098111629486,0.4111846089363098,0.47470077872276306,0.4097214341163635,0.46761173009872437,0.4082922339439392,0.4670911431312561,0.4242183566093445,0.4777681529521942,0.42445212602615356,0.47272226214408875,0.42322951555252075,0.4667174816131592,0.42182376980781555,0.46499091386795044,0.4372105598449707,0.4741579592227936,0.4369479715824127,0.47029364109039307,0.4348377287387848,0.46505555510520935,0.43332213163375854,,,,,,,,,,,,,,,,,,,,,,,,,,,,,,,,,,,,,,,,,,,like
0.5790994167327881,0.6852367520332336,0.5709309577941895,0.6475856900215149,0.5441278219223022,0.6158363819122314,0.5252397060394287,0.5929385423660278,0.5239126086235046,0.5745953321456909,0.4883482754230499,0.6302903890609741,0.4852539598941803,0.6322895288467407,0.5021325349807739,0.6388896107673645,0.5140199065208435,0.6431885361671448,0.4807569682598114,0.6529761552810669,0.4845704436302185,0.6556224226951599,0.5015131831169128,0.6586700677871704,0.5129333734512329,0.6616848707199097,0.48432838916778564,0.6754864454269409,0.48864972591400146,0.676297128200531,0.5037412047386169,0.6766072511672974,0.5151752233505249,0.6787964105606079,0.49092891812324524,0.694596529006958,0.495792418718338,0.6944814324378967,0.5101405382156372,0.6940240859985352,0.5203079581260681,0.6949388980865479,,,,,,,,,,,,,,,,,,,,,,,,,,,,,,,,,,,,,,,,,,,like
0.35513341426849365,0.8575445413589478,0.4009886085987091,0.7953965067863464,0.45194539427757263,0.7466509342193604,0.4782169461250305,0.7026645541191101,0.47402095794677734,0.6614102721214294,0.5405799150466919,0.8024672269821167,0.6300774812698364,0.7903696298599243,0.6103090047836304,0.7791736125946045,0.5836472511291504,0.779212236404419,0.5465547442436218,0.8468860983848572,0.6302500367164612,0.8207012414932251,0.6054688692092896,0.8063250780105591,0.5730493664741516,0.8061537146568298,0.5427268743515015,0.8815537095069885,0.6061748266220093,0.8477678298950195,0.5819478631019592,0.8374224901199341,0.5508434772491455,0.8381519317626953,0.5357573628425598,0.906913161277771,0.583365261554718,0.8751001358032227,0.5633334517478943,0.8647417426109314,0.5391327738761902,0.8652534484863281,,,,,,,,,,,,,,,,,,,,,,,,,,,,,,,,,,,,,,,,,,,like
0.3749399483203888,0.3470177948474884,0.4018824100494385,0.3214895725250244,0.42845624685287476,0.305740624666214,0.4462134838104248,0.2922598421573639,0.4513677954673767,0.2763233780860901,0.4649578332901001,0.33713874220848083,0.49327901005744934,0.33537182211875916,0.4776666760444641,0.330032616853714,0.46105337142944336,0.3288828134536743,0.46069368720054626,0.35641399025917053,0.4866964519023895,0.3521156907081604,0.4740057587623596,0.3459063470363617,0.4597904682159424,0.3460005223751068,0.4513798952102661,0.3705006241798401,0.4781055748462677,0.36806023120880127,0.4680909216403961,0.36260852217674255,0.45459720492362976,0.3609783947467804,0.4405916929244995,0.3805088698863983,0.4607951045036316,0.38077664375305176,0.4548540711402893,0.3759540617465973,0.4443504512310028,0.3735272288322449,0.7424079179763794,0.6290302872657776,0.7144090533256531,0.6378533244132996,0.7010045051574707,0.6576451659202576,0.6978363990783691,0.6754516959190369,0.6967158913612366,0.6899953484535217,0.7302743792533875,0.6787572503089905,0.7218940258026123,0.7042059898376465,0.7133563756942749,0.7161367535591125,0.7062361836433411,0.7238954305648804,0.7455057501792908,0.6791250109672546,0.7342810034751892,0.703912615776062,0.720947802066803,0.711222767829895,0.7098867297172546,0.7128376364707947,0.7533988952636719,0.6765213012695312,0.7421223521232605,0.6994128227233887,0.7292264699935913,0.7056875824928284,0.7190369963645935,0.7073085308074951,0.7551708817481995,0.6728772521018982,0.7457666993141174,0.6917252540588379,0.7344619631767273,0.6982250809669495,0.7249610424041748,0.7002574801445007,like
0.52449631690979,0.8093945384025574,0.5396042466163635,0.7788565158843994,0.5594376921653748,0.7584932446479797,0.5819272398948669,0.7452093362808228,0.5914096236228943,0.7307134866714478,0.6066157221794128,0.7783534526824951,0.6244744062423706,0.7773227095603943,0.6110992431640625,0.7773922085762024,0.5975886583328247,0.778505802154541,0.6122639775276184,0.7962073683738708,0.6271092295646667,0.7916162014007568,0.6157060265541077,0.7902798056602478,0.6031576991081238,0.792742908000946,0.6099608540534973,0.8117722868919373,0.628977358341217,0.8061549663543701,0.618736743927002,0.8049386143684387,0.60526442527771,0.8062829375267029,0.6040379405021667,0.8255234360694885,0.6266719102859497,0.8232748508453369,0.6200146675109863,0.820854127407074,0.608448326587677,0.8204249143600464,,,,,,,,,,,,,,,,,,,,,,,,,,,,,,,,,,,,,,,,,,,like
0.33677947521209717,0.5519328117370605,0.33786749839782715,0.5310767292976379,0.3555079996585846,0.5140920281410217,0.3788262903690338,0.5070607662200928,0.3950628638267517,0.5046707987785339,0.3544144630432129,0.5128294825553894,0.3852192759513855,0.494864284992218,0.4041321873664856,0.48625487089157104,0.4191359877586365,0.48073670268058777,0.363540381193161,0.5262060165405273,0.40076974034309387,0.5090174674987793,0.42386624217033386,0.4999256730079651,0.44155946373939514,0.4938339293003082,0.37282490730285645,0.5397444367408752,0.4081152379512787,0.525263249874115,0.4295431077480316,0.5167926549911499,0.4444180727005005,0.5105259418487549,0.3810511529445648,0.5512402057647705,0.4084250330924988,0.5412640571594238,0.4214908182621002,0.5364868640899658,0.4304111897945404,0.5331054925918579,0.5886980891227722,0.39727023243904114,0.5789488554000854,0.37528571486473083,0.5640432834625244,0.35621556639671326,0.5547193288803101,0.34081390500068665,0.5570521354675293,0.32654091715812683,0.5491189956665039,0.3617633581161499,0.5177567005157471,0.3670215904712677,0.5276867747306824,0.3708804249763489,0.5387694239616394,0.3693656921386719,0.5478758215904236,0.37447383999824524,0.5177584290504456,0.3806997239589691,0.5287206768989563,0.3818780183792114,0.5397536158561707,0.3804170787334442,0.5474965572357178,0.3873969316482544,0.5217750072479248,0.39169713854789734,0.5315017104148865,0.3922792971134186,0.5417165756225586,0.3904990255832672,0.5476939082145691,0.3990556597709656,0.5256848931312561,0.40087974071502686,0.5346736311912537,0.4010365605354309,0.5451100468635559,0.40037161111831665,like
0.6834648847579956,0.6784114837646484,0.6641511917114258,0.6539193987846375,0.6319527626037598,0.639808177947998,0.6036368012428284,0.6290733814239502,0.5945894718170166,0.6176166534423828,0.5938845872879028,0.6517954468727112,0.5505361557006836,0.6470481157302856,0.5690093636512756,0.646135151386261,0.5883611440658569,0.6475526094436646,0.5878786444664001,0.6659268736839294,0.5511941909790039,0.6594122052192688,0.5679270625114441,0.6576752662658691,0.5842261910438538,0.6592115759849548,0.5891754627227783,0.6788034439086914,0.5600177049636841,0.6712079048156738,0.5736310482025146,0.6687686443328857,0.5887519717216492,0.6701279878616333,0.5953860878944397,0.6897377371788025,0.5706402659416199,0.6815139055252075,0.5828685760498047,0.6791254281997681,0.5965160131454468,0.681220531463623,,,,,,,,,,,,,,,,,,,,,,,,,,,,,,,,,,,,,,,,,,,like
0.5806468725204468,0.822708249092102,0.572148859500885,0.7992455363273621,0.5563513040542603,0.7782260775566101,0.5463157296180725,0.7605059146881104,0.5497112274169922,0.7447335124015808,0.5439081192016602,0.782669186592102,0.5054951310157776,0.7918201684951782,0.5156940817832947,0.7973302006721497,0.5286577343940735,0.7951369285583496,0.5427572727203369,0.7967893481254578,0.5058737397193909,0.8063616752624512,0.5188747048377991,0.8083698749542236,0.5313951969146729,0.8060880899429321,0.5413697361946106,0.8110262155532837,0.5113394260406494,0.8182039856910706,0.5226853489875793,0.818634569644928,0.5341698527336121,0.8158045411109924,0.5408074259757996,0.8238547444343567,0.5172382593154907,0.8280994892120361,0.5276616811752319,0.8282193541526794,0.5393562316894531,0.8266100883483887,,,,,,,,,,,,,,,,,,,,,,,,,,,,,,,,,,,,,,,,,,,like
0.38764438033103943,0.7105743885040283,0.40829530358314514,0.6850913763046265,0.43711328506469727,0.664912760257721,0.45679062604904175,0.6474418640136719,0.4559914171695709,0.6311821341514587,0.4714065194129944,0.6746906638145447,0.5114816427230835,0.6795353889465332,0.49136799573898315,0.6823036074638367,0.4724609851837158,0.6814191341400146,0.47529667615890503,0.6934825778007507,0.509607195854187,0.6941454410552979,0.4921850264072418,0.6955706477165222,0.4745742678642273,0.6960170269012451,0.47534382343292236,0.7110570073127747,0.5049428939819336,0.7082008719444275,0.4901652932167053,0.7097893357276917,0.47243374586105347,0.7106131911277771,0.472817063331604,0.7261620759963989,0.49704504013061523,0.7215805053710938,0.48421159386634827,0.7218125462532043,0.4692121744155884,0.7229846715927124,,,,,,,,,,,,,,,,,,,,,,,,,,,,,,,,,,,,,,,,,,,like
0.60067218542099,0.9074521064758301,0.589302122592926,0.9201220273971558,0.5856102108955383,0.9373883008956909,0.5855886340141296,0.9531726837158203,0.5849764347076416,0.965075671672821,0.5987433791160583,0.9464271068572998,0.5980209112167358,0.9680283069610596,0.5955641269683838,0.9768997430801392,0.5933800339698792,0.9822447896003723,0.6065583229064941,0.945387065410614,0.6053942441940308,0.967320442199707,0.6011509895324707,0.975287914276123,0.597059965133667,0.9789025187492371,0.6112619638442993,0.9436318278312683,0.6099787354469299,0.9636726379394531,0.6057916879653931,0.9713069200515747,0.601631224155426,0.9751079678535461,0.612922728061676,0.9416690468788147,0.6120184659957886,0.9582463502883911,0.6084152460098267,0.9657056331634521,0.604759931564331,0.9694167375564575,0.4378626346588135,0.6645471453666687,0.44255366921424866,0.6473533511161804,0.449253648519516,0.6317381858825684,0.45261242985725403,0.6198499202728271,0.4518190920352936,0.609792947769165,0.46038147807121277,0.636725902557373,0.4703380763530731,0.6382588148117065,0.46624937653541565,0.6412035822868347,0.4613551199436188,0.6410088539123535,0.4618171453475952,0.648015022277832,0.47119706869125366,0.6488959193229675,0.4672962725162506,0.6511952877044678,0.46227800846099854,0.6514788866043091,0.46207159757614136,0.659440279006958,0.46994543075561523,0.6591557860374451,0.46611884236335754,0.6611995697021484,0.46111252903938293,0.6619139313697815,0.46135154366493225,0.670117199420929,0.46835485100746155,0.6687527298927307,0.4648365080356598,0.6695783138275146,0.4605138301849365,0.6704087257385254,like
0.39814653992652893,0.7110921144485474,0.4053184986114502,0.6748872399330139,0.41675251722335815,0.6473796367645264,0.42475712299346924,0.6244451999664307,0.42792394757270813,0.6051967740058899,0.4601721465587616,0.6717702746391296,0.47035619616508484,0.678613007068634,0.4613816440105438,0.6812925338745117,0.4518316686153412,0.6806703805923462,0.462390661239624,0.6959452033042908,0.46638521552085876,0.7001394033432007,0.457841694355011,0.7003002166748047,0.4488070607185364,0.700206995010376,0.4584351181983948,0.7170612215995789,0.45931655168533325,0.717801570892334,0.45089036226272583,0.7169042229652405,0.4422092139720917,0.7154228687286377,0.4518701732158661,0.735477089881897,0.4513680338859558,0.7349101901054382,0.4434996247291565,0.7327578663825989,0.43607351183891296,0.730859100818634,,,,,,,,,,,,,,,,,,,,,,,,,,,,,,,,,,,,,,,,,,,like
0.5443974733352661,0.4965274930000305,0.5168662071228027,0.46406781673431396,0.4777570366859436,0.4331943094730377,0.45747900009155273,0.40905770659446716,0.45319464802742004,0.3848588466644287,0.43568769097328186,0.45395228266716003,0.39453041553497314,0.47051823139190674,0.4121520519256592,0.47707870602607727,0.4322656989097595,0.4737144410610199,0.4369554817676544,0.4769153296947479,0.3953390121459961,0.4933690130710602,0.4137089252471924,0.49689802527427673,0.4359464943408966,0.49320006370544434,0.44535061717033386,0.5005309581756592,0.40373414754867554,0.5128457546234131,0.41955384612083435,0.5147647857666016,0.44036751985549927,0.5114490985870361,0.4574662446975708,0.5221127271652222,0.42028555274009705,0.5296489000320435,0.4320470988750458,0.5300459861755371,0.44978708028793335,0.5280998945236206,0.15437640249729156,0.8687636256217957,0.21279378235340118,0.8838942050933838,0.23577085137367249,0.9197373986244202,0.24341052770614624,0.9588338136672974,0.2506614923477173,0.988539457321167,0.17224183678627014,0.9606009125709534,0.23509538173675537,0.9909512996673584,0.24584431946277618,0.9682393074035645,0.2338731437921524,0.9515613913536072,0.14911679923534393,0.9693858027458191,0.21708154678344727,0.9930859804153442,0.22800740599632263,0.9708612561225891,0.21678951382637024,0.9561603665351868,0.14225298166275024,0.9705315232276917,0.202215313911438,0.9912222623825073,0.21218499541282654,0.9718162417411804,0.202166348695755,0.9576500058174133,0.14263246953487396,0.9691530466079712,0.18906250596046448,0.9855851531028748,0.19803324341773987,0.9708982110023499,0.18980421125888824,0.9581249356269836,like
0.37167495489120483,0.4932154417037964,0.3892870843410492,0.44981494545936584,0.4124636650085449,0.41987344622612,0.4305892586708069,0.38805249333381653,0.4317932724952698,0.35706275701522827,0.4465924799442291,0.4470923840999603,0.47173047065734863,0.4422447979450226,0.4584144353866577,0.44406089186668396,0.4456510543823242,0.44628843665122986,0.4498554766178131,0.47771212458610535,0.47444823384284973,0.4671366214752197,0.46299049258232117,0.46400684118270874,0.4513578414916992,0.46730369329452515,0.4472624957561493,0.5045029520988464,0.47175613045692444,0.49130958318710327,0.4619663953781128,0.48850080370903015,0.4489767253398895,0.4906873404979706,0.4425484538078308,0.5264583230018616,0.4626336395740509,0.5166878700256348,0.4541625678539276,0.5120179057121277,0.4425729811191559,0.5126574039459229,,,,,,,,,,,,,,,,,,,,,,,,,,,,,,,,,,,,,,,,,,,like
0.6685878038406372,0.6180197596549988,0.6463010311126709,0.6022391319274902,0.6352587938308716,0.5824216604232788,0.6464889049530029,0.5668394565582275,0.6640746593475342,0.5570274591445923,0.6432357430458069,0.5476635098457336,0.6315733194351196,0.5189489126205444,0.6261962056159973,0.5000526905059814,0.624259889125824,0.48467496037483215,0.664478600025177,0.5498447418212891,0.6757998466491699,0.517189621925354,0.6845914125442505,0.49657145142555237,0.6927055716514587,0.4811842441558838,0.6828191876411438,0.5584226250648499,0.6796779632568359,0.5472670793533325,0.6667776107788086,0.5629146099090576,0.6597561836242676,0.5764046311378479,0.6979666948318481,0.5704832673072815,0.6926169991493225,0.5590134859085083,0.6803826093673706,0.5696653127670288,0.6732537150382996,0.5811054706573486,,,,,,,,,,,,,,,,,,,,,,,,,,,,,,,,,,,,,,,,,,,peace
0.23335686326026917,0.8166489005088806,0.3163736164569855,0.79025799036026,0.336216539144516,0.7486404776573181,0.2760162651538849,0.7229567766189575,0.20587262511253357,0.7048627734184265,0.2980385422706604,0.6548203229904175,0.3236912190914154,0.5955038070678711,0.3368628919124603,0.555092990398407,0.3462376594543457,0.5215320587158203,0.21527233719825745,0.6602413654327393,0.16874359548091888,0.5892747044563293,0.14201027154922485,0.5440479516983032,0.12173263728618622,0.5063485503196716,0.14869354665279388,0.6838797926902771,0.11172904074192047,0.6462780833244324,0.15291576087474823,0.6831352710723877,0.18705901503562927,0.714682936668396,0.09582182765007019,0.7154102325439453,0.06888943910598755,0.6922317743301392,0.10843886435031891,0.7151369452476501,0.14748360216617584,0.7367716431617737,,,,,,,,,,,,,,,,,,,,,,,,,,,,,,,,,,,,,,,,,,,peace
0.7683901786804199,0.3816773295402527,0.729440450668335,0.3668239414691925,0.7069105505943298,0.3433888256549835,0.7291561961174011,0.3308556377887726,0.7712033987045288,0.3264455497264862,0.7462369799613953,0.303635835647583,0.7336151599884033,0.27191293239593506,0.723790168762207,0.25295913219451904,0.7211172580718994,0.23676413297653198,0.7876381278038025,0.30613481998443604,0.7986233234405518,0.2658036947250366,0.7987188100814819,0.24305939674377441,0.8011269569396973,0.22413024306297302,0.8211170434951782,0.31752705574035645,0.8213000297546387,0.2950335741043091,0.7904253005981445,0.31341248750686646,0.7764463424682617,0.32692497968673706,0.8484399318695068,0.3352484405040741,0.826877236366272,0.325615257024765,0.7895817756652832,0.34059223532676697,0.7699217200279236,0.3532991111278534,0.04919099062681198,0.7205907702445984,0.10373926162719727,0.737076997756958,0.11813300848007202,0.7638219594955444,0.10662111639976501,0.791963517665863,0.10632188618183136,0.8134562373161316,0.050349555909633636,0.7745715975761414,0.05698620527982712,0.8125220537185669,0.07303014397621155,0.8322876691818237,0.08661699295043945,0.8462885618209839,0.013652200810611248,0.777006983757019,0.025683462619781494,0.8161405324935913,0.05117340385913849,0.8351572751998901,0.07280802726745605,0.8459324240684509,-0.0034198779612779617,0.7779622673988342,0.006532579660415649,0.8120843768119812,0.03196294978260994,0.8277612924575806,0.05493077635765076,0.8362771272659302,-0.009441107511520386,0.7780640125274658,-6.666406989097595e-06,0.8042786121368408,0.019936256110668182,0.8168235421180725,0.03850544989109039,0.8237195611000061,peace
0.5468259453773499,0.6743265986442566,0.5237449407577515,0.6508039236068726,0.5165130496025085,0.6204254627227783,0.5334016680717468,0.5949971675872803,0.5530915260314941,0.5786228179931641,0.5228531956672668,0.5906732082366943,0.5150319337844849,0.556195080280304,0.5128323435783386,0.5359804630279541,0.5139339566230774,0.5192053914070129,0.5483439564704895,0.5917400121688843,0.5573813915252686,0.5506706833839417,0.5649141073226929,0.5261729955673218,0.572253942489624,0.5076342821121216,0.5697670578956604,0.6012057662010193,0.5658503174781799,0.5780747532844543,0.5498336553573608,0.5934826135635376,0.53949373960495,0.6081703901290894,0.5867977142333984,0.6139514446258545,0.581503689289093,0.5985710620880127,0.5687433481216431,0.5991203784942627,0.5591436624526978,0.6015099883079529,,,,,,,,,,,,,,,,,,,,,,,,,,,,,,,,,,,,,,,,,,,peace
0.6434730291366577,0.7850229740142822,0.6153490543365479,0.7971198558807373,0.6042820811271667,0.8177537322044373,0.5989673733711243,0.8374099731445312,0.5929434299468994,0.8537761569023132,0.6314741373062134,0.8379094004631042,0.6243525743484497,0.8593966364860535,0.6154590249061584,0.8689366579055786,0.6080356240272522,0.8748700022697449,0.6458508968353271,0.8356385231018066,0.6385666728019714,0.8565226197242737,0.6274555921554565,0.8650283217430115,0.6174867749214172,0.8690617084503174,0.6549166440963745,0.8307607173919678,0.6487869620323181,0.8491346836090088,0.6379774212837219,0.8575528860092163,0.6280227303504944,0.8617425560951233,0.6593372225761414,0.824748694896698,0.6553088426589966,0.8412942290306091,0.6458261013031006,0.8494834899902344,0.6368308067321777,0.8537413477897644,0.14807653427124023,0.403120219707489,0.16192954778671265,0.39256051182746887,0.16074742376804352,0.36945104598999023,0.13678698241710663,0.3499454855918884,0.1198020726442337,0.3352389931678772,0.17968180775642395,0.34695252776145935,0.19549240171909332,0.32340988516807556,0.20595327019691467,0.3078845739364624,0.2139892578125,0.29429441690444946,0.15872299671173096,0.3418068289756775,0.15677213668823242,0.3139294385910034,0.15494589507579803,0.29601970314979553,0.15473957359790802,0.2809826731681824,0.13989026844501495,0.34465497732162476,0.13036775588989258,0.3296828866004944,0.12612876296043396,0.3401962220668793,0.12355677783489227,0.34764567017555237,0.12599292397499084,0.352358877658844,0.11858712881803513,0.3394257128238678,0.11472836881875992,0.3454638421535492,0.11262206733226776,0.35121187567710876,peace
0.7986096143722534,0.48149973154067993,0.7769102454185486,0.4612721800804138,0.7761424779891968,0.42803534865379333,0.8030054569244385,0.40328216552734375,0.8311507701873779,0.39018550515174866,0.7809208035469055,0.3952966034412384,0.7722088694572449,0.35941213369369507,0.7652170658111572,0.3402050733566284,0.7672315239906311,0.32198774814605713,0.8079989552497864,0.39432159066200256,0.8067390322685242,0.3450939655303955,0.8053002953529358,0.31566110253334045,0.8050155639648438,0.29142868518829346,0.8319922089576721,0.4031732380390167,0.8483838438987732,0.36833077669143677,0.8380694389343262,0.3879143297672272,0.8292885422706604,0.403938353061676,0.8542495965957642,0.41814500093460083,0.861891508102417,0.3971268832683563,0.8495966792106628,0.41255927085876465,0.8403405547142029,0.4282519221305847,,,,,,,,,,,,,,,,,,,,,,,,,,,,,,,,,,,,,,,,,,,peace
0.26812323927879333,0.582716166973114,0.30265945196151733,0.5649843215942383,0.31314003467559814,0.5358358025550842,0.29278984665870667,0.5126181244850159,0.26259419322013855,0.4958755671977997,0.29865631461143494,0.4724668860435486,0.3120470941066742,0.4272662401199341,0.31917259097099304,0.39826616644859314,0.3223368227481842,0.3713032901287079,0.26045894622802734,0.46999338269233704,0.23954515159130096,0.42151620984077454,0.22451557219028473,0.3877006471157074,0.20975786447525024,0.35756537318229675,0.22867147624492645,0.48304399847984314,0.2107357382774353,0.45064741373062134,0.22821301221847534,0.4783950746059418,0.24121883511543274,0.5014655590057373,0.20229697227478027,0.5071627497673035,0.18853424489498138,0.4855939745903015,0.20619496703147888,0.5003669857978821,0.22473369538784027,0.5166181921958923,,,,,,,,,,,,,,,,,,,,,,,,,,,,,,,,,,,,,,,,,,,peace
0.3778150677680969,0.5059647560119629,0.389887273311615,0.4897986352443695,0.39258041977882385,0.46102532744407654,0.3777787983417511,0.4429512023925781,0.36428290605545044,0.43241339921951294,0.3930220603942871,0.43060895800590515,0.39969831705093384,0.39875859022140503,0.4053851068019867,0.3780960738658905,0.4091101288795471,0.3614547848701477,0.3791089653968811,0.43121805787086487,0.3756994307041168,0.39266493916511536,0.3753601312637329,0.36985427141189575,0.37407106161117554,0.35123324394226074,0.36695003509521484,0.4411129057407379,0.3627011775970459,0.42805951833724976,0.3691001534461975,0.44675180315971375,0.37454134225845337,0.45756617188453674,0.35703685879707336,0.4554896950721741,0.3546620309352875,0.4437752664089203,0.3606589138507843,0.45656630396842957,0.36612555384635925,0.46566277742385864,,,,,,,,,,,,,,,,,,,,,,,,,,,,,,,,,,,,,,,,,,,peace
0.47044140100479126,0.4806283116340637,0.47986212372779846,0.47382473945617676,0.4838816821575165,0.4616902470588684,0.47705671191215515,0.45347538590431213,0.4695967733860016,0.44806334376335144,0.4829430878162384,0.43958160281181335,0.48643824458122253,0.42179492115974426,0.4877532124519348,0.41178613901138306,0.4884524643421173,0.40273842215538025,0.47449734807014465,0.4405710697174072,0.4704948365688324,0.42169249057769775,0.46718931198120117,0.4105735123157501,0.46429553627967834,0.40205448865890503,0.46719393134117126,0.4459196627140045,0.4648530185222626,0.4407004415988922,0.4676261842250824,0.44960957765579224,0.4697882831096649,0.45612388849258423,0.4610932469367981,0.45325997471809387,0.45978426933288574,0.4501878321170807,0.46249085664749146,0.45645228028297424,0.46512091159820557,0.461292028427124,0.6327940225601196,0.7170533537864685,0.6182589530944824,0.7285824418067932,0.613166868686676,0.7455669641494751,0.6161872744560242,0.7606732845306396,0.6211205720901489,0.7687869668006897,0.6224416494369507,0.7593851685523987,0.6216655969619751,0.7805777192115784,0.6214672923088074,0.7912459969520569,0.6211190819740295,0.7995021343231201,0.6314862370491028,0.76055908203125,0.6277746558189392,0.7731752991676331,0.624530553817749,0.7682672142982483,0.6233129501342773,0.7614368200302124,0.6377441883087158,0.7585638761520386,0.6323474645614624,0.7701390385627747,0.6294896602630615,0.7659764885902405,0.6289145946502686,0.7597466111183167,0.6414612531661987,0.7554555535316467,0.6371037364006042,0.7652035355567932,0.6335808038711548,0.762596607208252,0.6321460008621216,0.7579703330993652,peace
0.1811264008283615,0.7019754648208618,0.21841533482074738,0.6687497496604919,0.2419103980064392,0.5928910970687866,0.23359094560146332,0.521131157875061,0.2092168927192688,0.4858178198337555,0.23972739279270172,0.5145225524902344,0.2590508460998535,0.4371427297592163,0.2668394148349762,0.3880801796913147,0.2717476487159729,0.34636425971984863,0.21218641102313995,0.5012287497520447,0.20932959020137787,0.39939385652542114,0.20876538753509521,0.34029126167297363,0.20546545088291168,0.2903342843055725,0.18500865995883942,0.5119696855545044,0.18812623620033264,0.44874805212020874,0.20228303968906403,0.4961439073085785,0.20800410211086273,0.5366502404212952,0.15833961963653564,0.5346764326095581,0.16376829147338867,0.48584622144699097,0.1803591251373291,0.505094587802887,0.19262108206748962,0.5293492674827576,,,,,,,,,,,,,,,,,,,,,,,,,,,,,,,,,,,,,,,,,,,peace
0.1434071660041809,0.7872986793518066,0.16600725054740906,0.7986235618591309,0.17510557174682617,0.8141758441925049,0.17645549774169922,0.8306083083152771,0.17903673648834229,0.8431128859519958,0.15403056144714355,0.8300514817237854,0.16288572549819946,0.850215494632721,0.1703241467475891,0.8606561422348022,0.17508870363235474,0.8675131797790527,0.1412201225757599,0.8316307067871094,0.15150228142738342,0.8519177436828613,0.16088226437568665,0.8606343269348145,0.16663143038749695,0.8656166791915894,0.13420838117599487,0.831261396408081,0.14283791184425354,0.8501366376876831,0.1516575664281845,0.8581402897834778,0.15758821368217468,0.8625563383102417,0.13065142929553986,0.8302817940711975,0.1368885040283203,0.8469475507736206,0.1441333144903183,0.854741632938385,0.149936705827713,0.8591641187667847,0.4158070385456085,0.5180817246437073,0.4022885859012604,0.5075588226318359,0.39695194363594055,0.49489232897758484,0.4038948118686676,0.4838009178638458,0.41084417700767517,0.4759465456008911,0.3953881859779358,0.48383843898773193,0.3902347981929779,0.4684772491455078,0.38840505480766296,0.46015051007270813,0.38780340552330017,0.4533386826515198,0.4064815640449524,0.4830934703350067,0.4039665460586548,0.4657028317451477,0.40401896834373474,0.4568585455417633,0.405381977558136,0.4503512978553772,0.4170604646205902,0.48528969287872314,0.4165275990962982,0.47805294394493103,0.41550180315971375,0.48613807559013367,0.41550999879837036,0.49281182885169983,0.4267313778400421,0.48873499035835266,0.42501571774482727,0.482719749212265,0.4227331876754761,0.48791468143463135,0.42178136110305786,0.49325287342071533,peace
0.6943008899688721,0.6043360829353333,0.6875141859054565,0.6022474765777588,0.689673662185669,0.5941627621650696,0.7013816237449646,0.5861884355545044,0.7122459411621094,0.5773811936378479,0.6868565082550049,0.5504125356674194,0.67874675989151,0.5241410136222839,0.6729851961135864,0.5082788467407227,0.6695806980133057,0.4947936534881592,0.6997798085212708,0.5473676919937134,0.7017457485198975,0.513333797454834,0.7046961188316345,0.4945841431617737,0.7073724865913391,0.47738373279571533,0.7113588452339172,0.5524103045463562,0.7177584767341614,0.5479075908660889,0.71364426612854,0.56546550989151,0.709007978439331,0.5742403268814087,0.720856249332428,0.5608683824539185,0.7268176078796387,0.5542836785316467,0.7234119176864624,0.5649238228797913,0.718201756477356,0.5710974335670471,,,,,,,,,,,,,,,,,,,,,,,,,,,,,,,,,,,,,,,,,,,peace
0.4429505467414856,0.4933217167854309,0.4739755094051361,0.4715166389942169,0.4823267459869385,0.4433056116104126,0.4630621075630188,0.42178618907928467,0.44077709317207336,0.4059508740901947,0.47073790431022644,0.3991808295249939,0.4887715280056,0.36903148889541626,0.49626079201698303,0.35044997930526733,0.5000061988830566,0.33317887783050537,0.44202977418899536,0.40044763684272766,0.42629680037498474,0.3634352684020996,0.41536158323287964,0.341606467962265,0.40394023060798645,0.324108749628067,0.41930606961250305,0.41202276945114136,0.40996605157852173,0.3861132264137268,0.4296613931655884,0.40025368332862854,0.44245490431785583,0.41492369771003723,0.4030427932739258,0.42933642864227295,0.405516117811203,0.4143339693546295,0.4235035181045532,0.4232161343097687,0.43842071294784546,0.4338555932044983,,,,,,,,,,,,,,,,,,,,,,,,,,,,,,,,,,,,,,,,,,,peace
0.31886327266693115,0.4863898456096649,0.3681707978248596,0.44874876737594604,0.3773146867752075,0.3884879946708679,0.33549797534942627,0.35246652364730835,0.28547602891921997,0.334035187959671,0.3543538451194763,0.3266296684741974,0.3665056824684143,0.26399245858192444,0.3745594918727875,0.22753867506980896,0.37811869382858276,0.19344261288642883,0.30523958802223206,0.33309221267700195,0.2642931640148163,0.26912662386894226,0.2366352677345276,0.22970548272132874,0.2092527151107788,0.193718820810318,0.2663043737411499,0.3562777042388916,0.2528633773326874,0.33874276280403137,0.2896333932876587,0.37902989983558655,0.3158310651779175,0.40542203187942505,0.23911350965499878,0.3875865340232849,0.22991055250167847,0.37374138832092285,0.26392969489097595,0.40001627802848816,0.29461827874183655,0.42141270637512207,,,,,,,,,,,,,,,,,,,,,,,,,,,,,,,,,,,,,,,,,,,peace
0.23135218024253845,0.6805819272994995,0.2540196478366852,0.6558443903923035,0.24669940769672394,0.6199126839637756,0.2052256166934967,0.6004317998886108,0.1709255576133728,0.5875200033187866,0.24641290307044983,0.5688753724098206,0.2556055784225464,0.5223715305328369,0.2620188593864441,0.493183434009552,0.2666117250919342,0.46791088581085205,0.21735066175460815,0.5724855065345764,0.198171466588974,0.5227589011192322,0.18861845135688782,0.49252909421920776,0.18206684291362762,0.46612048149108887,0.19301551580429077,0.5871089696884155,0.17528587579727173,0.5794017910957336,0.1910230815410614,0.605746328830719,0.20888352394104004,0.6172966361045837,0.1763526350259781,0.6070012450218201,0.1599394828081131,0.5985218286514282,0.17528019845485687,0.6169109344482422,0.19339117407798767,0.6292401552200317,,,,,,,,,,,,,,,,,,,,,,,,,,,,,,,,,,,,,,,,,,,peace
0.316995233297348,0.5112048387527466,0.3705700635910034,0.47037237882614136,0.3834366202354431,0.4067598283290863,0.34306877851486206,0.3586982786655426,0.2979964315891266,0.3372146487236023,0.3596993386745453,0.35904794931411743,0.379197895526886,0.2940371036529541,0.3916395306587219,0.2554406523704529,0.3987584710121155,0.2206248790025711,0.3109096586704254,0.36343178153038025,0.2778888940811157,0.296609491109848,0.25573262572288513,0.25544703006744385,0.2303522676229477,0.22038757801055908,0.2716744542121887,0.38277342915534973,0.27241629362106323,0.3541278839111328,0.3104320168495178,0.38717222213745117,0.3309289813041687,0.4107358455657959,0.24490635097026825,0.40967923402786255,0.25477826595306396,0.3839677572250366,0.28820279240608215,0.4052376449108124,0.3095686435699463,0.4255281090736389,,,,,,,,,,,,,,,,,,,,,,,,,,,,,,,,,,,,,,,,,,,peace
0.7347304224967957,0.4260103702545166,0.7092503309249878,0.39620447158813477,0.7031722664833069,0.3520192801952362,0.7267874479293823,0.32446300983428955,0.749834418296814,0.30958497524261475,0.7108194828033447,0.30590587854385376,0.7010977268218994,0.25847458839416504,0.6934665441513062,0.22836712002754211,0.6902226805686951,0.20279400050640106,0.7353538870811462,0.3064544200897217,0.7417168617248535,0.24965499341487885,0.7467323541641235,0.21405911445617676,0.7532665133476257,0.18603010475635529,0.7557868957519531,0.3204919099807739,0.763839066028595,0.29310843348503113,0.7517774105072021,0.3268046975135803,0.7447775602340698,0.3537570834159851,0.7736718654632568,0.34414756298065186,0.7741078734397888,0.327581524848938,0.7620818614959717,0.35144540667533875,0.7551097869873047,0.37250617146492004,,,,,,,,,,,,,,,,,,,,,,,,,,,,,,,,,,,,,,,,,,,peace
0.7308163642883301,0.573242723941803,0.6932927966117859,0.549760639667511,0.6826714277267456,0.5089665651321411,0.709967851638794,0.47768914699554443,0.7373538017272949,0.455466091632843,0.7015696167945862,0.45840194821357727,0.6856364011764526,0.4127466678619385,0.6785419583320618,0.3838323950767517,0.677090585231781,0.3594505488872528,0.7381899356842041,0.460460901260376,0.7533242106437683,0.4100955128669739,0.761172354221344,0.37856152653694153,0.7704219222068787,0.35338813066482544,0.766090452671051,0.4744624197483063,0.7838703989982605,0.4425148069858551,0.7559024691581726,0.46187078952789307,0.7361264824867249,0.48043254017829895,0.7876245379447937,0.49581632018089294,0.7902355194091797,0.4741242825984955,0.7645636200904846,0.4784816801548004,0.7438462376594543,0.4869280159473419,,,,,,,,,,,,,,,,,,,,,,,,,,,,,,,,,,,,,,,,,,,peace
0.21286539733409882,0.527047872543335,0.23632477223873138,0.5127827525138855,0.2471974790096283,0.492679238319397,0.23057818412780762,0.47765660285949707,0.2087893933057785,0.4686329960823059,0.2416180819272995,0.4551250636577606,0.2506089508533478,0.427530437707901,0.25642159581184387,0.41035038232803345,0.25887152552604675,0.39548492431640625,0.21576590836048126,0.4544477164745331,0.20332476496696472,0.4207334816455841,0.19758804142475128,0.40150678157806396,0.19071447849273682,0.38525620102882385,0.19379019737243652,0.4629923403263092,0.18998906016349792,0.4513165056705475,0.20190677046775818,0.470682293176651,0.20823675394058228,0.4825524091720581,0.17578604817390442,0.4763641953468323,0.17620639503002167,0.4655087888240814,0.18720577657222748,0.4782547056674957,0.1951138973236084,0.48724624514579773,,,,,,,,,,,,,,,,,,,,,,,,,,,,,,,,,,,,,,,,,,,peace
0.2097201943397522,0.582597017288208,0.23383140563964844,0.5663076043128967,0.23615795373916626,0.5404444932937622,0.20251813530921936,0.5271172523498535,0.17353884875774384,0.5184917449951172,0.23341450095176697,0.5037081241607666,0.2408841997385025,0.4737239181995392,0.2439996302127838,0.454462468624115,0.2453649938106537,0.4372032582759857,0.20777583122253418,0.5036672353744507,0.1985570192337036,0.46873387694358826,0.1920037567615509,0.4481523633003235,0.18550655245780945,0.4305891990661621,0.1866561770439148,0.512684166431427,0.1741001307964325,0.4969276189804077,0.1836022436618805,0.5168261528015137,0.19230860471725464,0.5296920537948608,0.16983236372470856,0.5271044969558716,0.16210249066352844,0.5185750722885132,0.17274144291877747,0.5315714478492737,0.18428491055965424,0.541278600692749,,,,,,,,,,,,,,,,,,,,,,,,,,,,,,,,,,,,,,,,,,,peace
0.3732612133026123,0.326524555683136,0.38403838872909546,0.31799229979515076,0.38798385858535767,0.30611225962638855,0.38079914450645447,0.2966810464859009,0.3702172040939331,0.29209673404693604,0.387376606464386,0.29505467414855957,0.3922922909259796,0.28222012519836426,0.39458638429641724,0.2742837071418762,0.3955857753753662,0.26723626255989075,0.3773317337036133,0.29371577501296997,0.3728131949901581,0.27930957078933716,0.3695307970046997,0.27050986886024475,0.3654554486274719,0.2628045976161957,0.3683650493621826,0.29580381512641907,0.36710861325263977,0.2878970205783844,0.370694637298584,0.295236200094223,0.37176790833473206,0.3009936213493347,0.3603377938270569,0.3000231981277466,0.35812121629714966,0.29107338190078735,0.36196640133857727,0.29428425431251526,0.3644278943538666,0.2987857758998871,,,,,,,,,,,,,,,,,,,,,,,,,,,,,,,,,,,,,,,,,,,peace
0.5569055080413818,0.651360273361206,0.5451275110244751,0.6423003673553467,0.5426017642021179,0.6302727460861206,0.5510008931159973,0.6218137741088867,0.5593113303184509,0.616357147693634,0.5437911152839661,0.6177269816398621,0.5389732718467712,0.6036821603775024,0.5368117094039917,0.5942385196685791,0.5358694195747375,0.5868017077445984,0.5556145906448364,0.6178587675094604,0.559906005859375,0.6028407216072083,0.5639631748199463,0.5937590599060059,0.5676642060279846,0.5868598222732544,0.5656421184539795,0.6213467717170715,0.5670730471611023,0.6176148653030396,0.5625656247138977,0.6251929402351379,0.5598177313804626,0.631027102470398,0.5735707879066467,0.6266234517097473,0.5728713274002075,0.6238160133361816,0.5675408244132996,0.6288489103317261,0.5640939474105835,0.6332468390464783,,,,,,,,,,,,,,,,,,,,,,,,,,,,,,,,,,,,,,,,,,,peace
0.7330757975578308,0.6544544696807861,0.7156350612640381,0.6171804070472717,0.7154679298400879,0.567296028137207,0.7380986213684082,0.5347336530685425,0.7603181004524231,0.5136979222297668,0.7240167856216431,0.5020089149475098,0.7207304835319519,0.4435150623321533,0.7198397517204285,0.40633153915405273,0.7219226956367493,0.37403035163879395,0.746411919593811,0.50767982006073,0.7582162022590637,0.43438029289245605,0.7656913995742798,0.3945426940917969,0.7731009721755981,0.3632262945175171,0.7630259990692139,0.5322636365890503,0.7751188278198242,0.48861321806907654,0.7604855298995972,0.5244162678718567,0.7510331273078918,0.5514475107192993,0.7755007743835449,0.5686787366867065,0.7793375849723816,0.5454407334327698,0.7643515467643738,0.5700807571411133,0.7543307542800903,0.5918224453926086,,,,,,,,,,,,,,,,,,,,,,,,,,,,,,,,,,,,,,,,,,,peace
0.6642066836357117,0.7183963060379028,0.640982985496521,0.6935467720031738,0.6357038021087646,0.6652007102966309,0.659783661365509,0.6496647000312805,0.6859671473503113,0.6428483128547668,0.6525458097457886,0.6289221048355103,0.6426381468772888,0.5973616242408752,0.6369478106498718,0.5782111287117004,0.6352673172950745,0.5624465346336365,0.6765239238739014,0.632128119468689,0.6862708926200867,0.5918194055557251,0.6916841864585876,0.5691742300987244,0.6969007849693298,0.553451418876648,0.695716142654419,0.6444602608680725,0.6911643147468567,0.630885660648346,0.6734488606452942,0.6494244337081909,0.6644939184188843,0.66389399766922,0.7102500796318054,0.6614412665367126,0.7042116522789001,0.648497462272644,0.6863020658493042,0.6617031693458557,0.6765300035476685,0.673458993434906,,,,,,,,,,,,,,,,,,,,,,,,,,,,,,,,,,,,,,,,,,,peace
0.2918378412723541,0.2720024287700653,0.30670350790023804,0.2562660574913025,0.29781097173690796,0.22863852977752686,0.2649710178375244,0.2128598392009735,0.2400650680065155,0.19923382997512817,0.29806816577911377,0.19398729503154755,0.2998846471309662,0.1578233540058136,0.3021811246871948,0.13356488943099976,0.3018324673175812,0.11398684233427048,0.2734624147415161,0.19785451889038086,0.2558509409427643,0.15825265645980835,0.24891318380832672,0.13403834402561188,0.24111810326576233,0.11358947306871414,0.2546231746673584,0.21039676666259766,0.24206238985061646,0.20043320953845978,0.25750410556793213,0.21959403157234192,0.2683159112930298,0.2284347116947174,0.24152912199497223,0.22679367661476135,0.23263058066368103,0.21619795262813568,0.24578368663787842,0.22952328622341156,0.2562457323074341,0.23722927272319794,,,,,,,,,,,,,,,,,,,,,,,,,,,,,,,,,,,,,,,,,,,peace
0.1348918378353119,0.7490218281745911,0.17497800290584564,0.722367525100708,0.19332987070083618,0.6741013526916504,0.16811032593250275,0.6410689949989319,0.13728657364845276,0.6181426644325256,0.18422812223434448,0.5810637474060059,0.2016172707080841,0.512677788734436,0.21160376071929932,0.4679625630378723,0.21862635016441345,0.4306238293647766,0.14685329794883728,0.5750682950019836,0.15057024359703064,0.48743805289268494,0.15519478917121887,0.4344630241394043,0.15740272402763367,0.39181822538375854,0.11304304003715515,0.5933394432067871,0.10294774919748306,0.5593529939651489,0.1116858720779419,0.6108455657958984,0.12020514905452728,0.6469817161560059,0.0821610763669014,0.6252717971801758,0.07637832313776016,0.6085368394851685,0.08768006414175034,0.6433713436126709,0.09883596748113632,0.67038893699646,,,,,,,,,,,,,,,,,,,,,,,,,,,,,,,,,,,,,,,,,,,peace
0.2476857453584671,0.6331194639205933,0.27919891476631165,0.6120520234107971,0.2883739471435547,0.580730676651001,0.25700274109840393,0.558847963809967,0.2233864814043045,0.5481206178665161,0.27315831184387207,0.5411273837089539,0.27837660908699036,0.5038247108459473,0.28054267168045044,0.4801921248435974,0.2812742590904236,0.4602486491203308,0.2429860234260559,0.5417388677597046,0.23525094985961914,0.5008777379989624,0.23104792833328247,0.4750733971595764,0.22522389888763428,0.4540620446205139,0.218314066529274,0.5526355504989624,0.20808061957359314,0.5299857258796692,0.22218383848667145,0.5491816997528076,0.23156040906906128,0.5660026669502258,0.19712896645069122,0.5693871974945068,0.1865447461605072,0.5498313903808594,0.20016731321811676,0.5602258443832397,0.21334964036941528,0.5728425979614258,,,,,,,,,,,,,,,,,,,,,,,,,,,,,,,,,,,,,,,,,,,peace
0.3309749960899353,0.5470361113548279,0.3750261664390564,0.5393033027648926,0.4079044461250305,0.5225083231925964,0.397458553314209,0.506363034248352,0.37338006496429443,0.49805697798728943,0.4061298668384552,0.4761875867843628,0.42432379722595215,0.4435420036315918,0.43842077255249023,0.42057228088378906,0.4484879970550537,0.4001494348049164,0.36306411027908325,0.4694489538669586,0.35460078716278076,0.4332543909549713,0.35339415073394775,0.40407705307006836,0.35186687111854553,0.3796379566192627,0.3224794566631317,0.4745190441608429,0.3484773337841034,0.48761415481567383,0.36296555399894714,0.5165097713470459,0.36913037300109863,0.5342748761177063,0.28922829031944275,0.48626214265823364,0.31886667013168335,0.5009520053863525,0.33953019976615906,0.521969735622406,0.35517022013664246,0.5366047620773315,,,,,,,,,,,,,,,,,,,,,,,,,,,,,,,,,,,,,,,,,,,peace
0.305025190114975,0.6034047603607178,0.32849791646003723,0.5923513174057007,0.33143821358680725,0.5548938512802124,0.3041766881942749,0.5138818621635437,0.2809581458568573,0.4777053892612457,0.3549225628376007,0.4688624143600464,0.3659641146659851,0.4076520800590515,0.3684895932674408,0.36609601974487305,0.36963775753974915,0.32802361249923706,0.3273061215877533,0.4549230635166168,0.3238944411277771,0.3840692937374115,0.3151252865791321,0.33742275834083557,0.30781179666519165,0.29842042922973633,0.30089980363845825,0.4627997577190399,0.27975699305534363,0.4393220543861389,0.27591782808303833,0.4796168804168701,0.27751871943473816,0.5089031457901001,0.27717727422714233,0.48341140151023865,0.26012396812438965,0.46285825967788696,0.2614021599292755,0.49175629019737244,0.2685224413871765,0.5180433392524719,,,,,,,,,,,,,,,,,,,,,,,,,,,,,,,,,,,,,,,,,,,peace
0.3319924771785736,0.3719291090965271,0.34627705812454224,0.3639141619205475,0.35044583678245544,0.3493081331253052,0.33682072162628174,0.3386283814907074,0.3232361078262329,0.3327650725841522,0.34774383902549744,0.3244503438472748,0.354794979095459,0.3061092793941498,0.35801318287849426,0.29420068860054016,0.3601361811161041,0.2843632698059082,0.33167603611946106,0.32355013489723206,0.32470032572746277,0.30292949080467224,0.32034724950790405,0.28997305035591125,0.31757014989852905,0.27993300557136536,0.31924447417259216,0.3288547992706299,0.3126083016395569,0.31225499510765076,0.3172134459018707,0.3170263171195984,0.3217439651489258,0.32320037484169006,0.30970317125320435,0.33818840980529785,0.3053295612335205,0.3267630338668823,0.3083905875682831,0.3281661570072174,0.31221774220466614,0.332011878490448,0.7091249823570251,0.6437568664550781,0.6811557412147522,0.6498645544052124,0.6736646294593811,0.6691690683364868,0.6785421371459961,0.6885561347007751,0.6850113272666931,0.7005468010902405,0.6841602325439453,0.6757931709289551,0.6841577291488647,0.7020143270492554,0.6850324273109436,0.7139026522636414,0.6836367249488831,0.7221083641052246,0.7003666162490845,0.6796777248382568,0.6978172063827515,0.7043384909629822,0.6927815675735474,0.7148507237434387,0.6886317729949951,0.7205695509910583,0.7126796841621399,0.6818997263908386,0.7049025893211365,0.7025664448738098,0.6972726583480835,0.7059016227722168,0.6929872035980225,0.7053929567337036,0.7192822098731995,0.6828908324241638,0.7100517153739929,0.6987311840057373,0.7032381296157837,0.7009949088096619,0.6993261575698853,0.6996882557868958,peace
0.19960099458694458,0.5611068606376648,0.24063992500305176,0.5460370182991028,0.2682170271873474,0.518426239490509,0.26257848739624023,0.49331846833229065,0.24224317073822021,0.475080668926239,0.260802686214447,0.47176146507263184,0.27890169620513916,0.4374130070209503,0.28779637813568115,0.4176672399044037,0.2938855290412903,0.3999055027961731,0.22943012416362762,0.4670770466327667,0.22341185808181763,0.42271050810813904,0.2206428200006485,0.39540085196495056,0.21473616361618042,0.3719451427459717,0.1993621587753296,0.47391870617866516,0.21603351831436157,0.45989617705345154,0.23044785857200623,0.48684951663017273,0.23408326506614685,0.5036226511001587,0.17397387325763702,0.48668786883354187,0.19629809260368347,0.47470584511756897,0.21092408895492554,0.49453967809677124,0.21612970530986786,0.5097448825836182,,,,,,,,,,,,,,,,,,,,,,,,,,,,,,,,,,,,,,,,,,,peace
0.25090938806533813,0.4202544093132019,0.2623251676559448,0.40508270263671875,0.2645644545555115,0.3814406991004944,0.252055287361145,0.36668214201927185,0.23981362581253052,0.3653097152709961,0.2663626968860626,0.3471737504005432,0.2692223787307739,0.3196753263473511,0.26965415477752686,0.3036705553531647,0.269711971282959,0.28949299454689026,0.2549656629562378,0.34639906883239746,0.25133970379829407,0.3154917359352112,0.2481340765953064,0.2973751723766327,0.24527138471603394,0.2817600667476654,0.24465668201446533,0.35382673144340515,0.23960569500923157,0.3369652330875397,0.24248647689819336,0.3553069829940796,0.24463526904582977,0.3700505495071411,0.23557254672050476,0.36555686593055725,0.23309969902038574,0.3512595295906067,0.23610785603523254,0.36228200793266296,0.23963916301727295,0.3725981116294861,,,,,,,,,,,,,,,,,,,,,,,,,,,,,,,,,,,,,,,,,,,peace
0.8888822793960571,0.6953378915786743,0.8386326432228088,0.6981509923934937,0.8119664788246155,0.6747103929519653,0.8409876823425293,0.639672577381134,0.8712260723114014,0.609557569026947,0.771122932434082,0.6013505458831787,0.7272529006004333,0.5579181909561157,0.7004578709602356,0.5277993679046631,0.6815433502197266,0.5009612441062927,0.8152006268501282,0.5852640867233276,0.7963777780532837,0.5267772674560547,0.7912183403968811,0.4863414168357849,0.7879868745803833,0.45161110162734985,0.8570356965065002,0.5886309742927551,0.8689900636672974,0.5570678114891052,0.8954747319221497,0.5909295678138733,0.9132219552993774,0.6198497414588928,0.8957821130752563,0.6024858951568604,0.9087114930152893,0.5849912166595459,0.9209626913070679,0.6089310646057129,0.9256657361984253,0.6321119666099548,,,,,,,,,,,,,,,,,,,,,,,,,,,,,,,,,,,,,,,,,,,peace
0.3571488559246063,0.5178968906402588,0.37441664934158325,0.5067085027694702,0.38138434290885925,0.48509904742240906,0.3674938380718231,0.467698872089386,0.35165274143218994,0.456083208322525,0.38404786586761475,0.461765855550766,0.3931494653224945,0.4370165467262268,0.39812687039375305,0.4218144118785858,0.4019366502761841,0.4097152054309845,0.36587145924568176,0.46067163348197937,0.3621186912059784,0.4309840798377991,0.3606760501861572,0.4135322570800781,0.3595389127731323,0.400489866733551,0.350389301776886,0.4657916724681854,0.3451986312866211,0.45488667488098145,0.3502300977706909,0.46935418248176575,0.35479041934013367,0.4798775017261505,0.33825060725212097,0.47437068819999695,0.3369571268558502,0.4643748104572296,0.341416597366333,0.4754042327404022,0.3456140458583832,0.48412150144577026,,,,,,,,,,,,,,,,,,,,,,,,,,,,,,,,,,,,,,,,,,,peace
0.3437552750110626,0.4671018123626709,0.3575296401977539,0.4449065625667572,0.35825270414352417,0.4090504050254822,0.34042784571647644,0.38362133502960205,0.3242594301700592,0.36794447898864746,0.3632727563381195,0.3720395267009735,0.3733980655670166,0.33674731850624084,0.3796004056930542,0.3121485710144043,0.38318100571632385,0.2921149432659149,0.3453862965106964,0.37131017446517944,0.3387235701084137,0.32952916622161865,0.33470532298088074,0.30307337641716003,0.3295862376689911,0.28085315227508545,0.33049991726875305,0.3834194242954254,0.32023507356643677,0.36645984649658203,0.3271770179271698,0.3852238059043884,0.3325333595275879,0.3977844715118408,0.3184681832790375,0.40212804079055786,0.3105740547180176,0.3865051865577698,0.31594106554985046,0.39811334013938904,0.32189804315567017,0.4082876741886139,,,,,,,,,,,,,,,,,,,,,,,,,,,,,,,,,,,,,,,,,,,peace
0.25840210914611816,0.5092248916625977,0.2758966386318207,0.48015278577804565,0.27851447463035583,0.4412344992160797,0.2615799605846405,0.4128427505493164,0.24661248922348022,0.3999563455581665,0.2794940173625946,0.4207172989845276,0.2867019474506378,0.38522154092788696,0.29121559858322144,0.3629510998725891,0.2946528494358063,0.34353893995285034,0.26246246695518494,0.42380279302597046,0.25158312916755676,0.3893432915210724,0.24298469722270966,0.3678244650363922,0.23504966497421265,0.34877118468284607,0.24877330660820007,0.4350149631500244,0.24083968997001648,0.4227714538574219,0.24996620416641235,0.4420010447502136,0.25807812809944153,0.45247364044189453,0.23859606683254242,0.45128917694091797,0.2321891188621521,0.437836229801178,0.23951303958892822,0.45182397961616516,0.24654707312583923,0.4634413719177246,,,,,,,,,,,,,,,,,,,,,,,,,,,,,,,,,,,,,,,,,,,peace
0.27770307660102844,0.6035454869270325,0.3327335715293884,0.5909905433654785,0.36404868960380554,0.5644710659980774,0.3241255283355713,0.5466371178627014,0.2690255045890808,0.5378986597061157,0.3313668966293335,0.4662889242172241,0.3440694510936737,0.3996509909629822,0.34819191694259644,0.3607848286628723,0.3510691523551941,0.3249658942222595,0.28033679723739624,0.4653456211090088,0.25129443407058716,0.3940110206604004,0.23055428266525269,0.3465544581413269,0.21305423974990845,0.3080872893333435,0.24084734916687012,0.482850581407547,0.21820999681949615,0.4727799892425537,0.2278425097465515,0.5159801840782166,0.23675885796546936,0.5471781492233276,0.21053393185138702,0.5103586316108704,0.19516626000404358,0.5079439878463745,0.2081371396780014,0.5384296774864197,0.2201971709728241,0.5651900768280029,,,,,,,,,,,,,,,,,,,,,,,,,,,,,,,,,,,,,,,,,,,peace
0.7402700781822205,0.41258832812309265,0.7136058807373047,0.39181768894195557,0.7082722187042236,0.36018383502960205,0.7294617295265198,0.3376268446445465,0.75345379114151,0.3221801519393921,0.7174082398414612,0.3290741443634033,0.707188606262207,0.2943037748336792,0.7014994025230408,0.2736828327178955,0.7002983689308167,0.25610461831092834,0.7436755299568176,0.329484224319458,0.7460058331489563,0.28425100445747375,0.745529055595398,0.2604483366012573,0.748080849647522,0.2420867383480072,0.7661609649658203,0.3393305242061615,0.7651821970939636,0.31791001558303833,0.7512013912200928,0.34048184752464294,0.7448423504829407,0.357634574174881,0.7844041585922241,0.35456788539886475,0.7720678448677063,0.34216558933258057,0.7557601928710938,0.358342707157135,0.7482173442840576,0.37164106965065,,,,,,,,,,,,,,,,,,,,,,,,,,,,,,,,,,,,,,,,,,,peace
0.1436731070280075,0.49487048387527466,0.16389180719852448,0.4824814200401306,0.17181169986724854,0.46059954166412354,0.1484866589307785,0.4450155198574066,0.12540775537490845,0.43296152353286743,0.17690378427505493,0.4216228127479553,0.18331848084926605,0.3890853524208069,0.1850317269563675,0.37006938457489014,0.1853334903717041,0.35203346610069275,0.1508169174194336,0.4228873550891876,0.140000581741333,0.4176885783672333,0.14386382699012756,0.4424090087413788,0.15111711621284485,0.4493497610092163,0.12784111499786377,0.42915844917297363,0.11681360006332397,0.4293847680091858,0.12646305561065674,0.4512563645839691,0.13559189438819885,0.45219093561172485,0.1080210953950882,0.4386158585548401,0.0996904969215393,0.4361906945705414,0.1094742864370346,0.45147863030433655,0.11698238551616669,0.45371341705322266,,,,,,,,,,,,,,,,,,,,,,,,,,,,,,,,,,,,,,,,,,,one
0.31945183873176575,0.556997537612915,0.3568763732910156,0.532809853553772,0.3750959038734436,0.49648335576057434,0.35219454765319824,0.47045859694480896,0.3186612129211426,0.4631607234477997,0.3456202447414398,0.462694376707077,0.3447413146495819,0.4241146743297577,0.3442177474498749,0.4010895788669586,0.3409065306186676,0.3801336884498596,0.3153766393661499,0.46953538060188293,0.3182763159275055,0.4422345757484436,0.3311930298805237,0.47310182452201843,0.3330974578857422,0.49261099100112915,0.28904250264167786,0.48170098662376404,0.2923663854598999,0.4627690613269806,0.3124229311943054,0.4937607944011688,0.31708866357803345,0.5104583501815796,0.26287642121315,0.4971850514411926,0.2718028128147125,0.4782557189464569,0.2908918857574463,0.49938562512397766,0.29541170597076416,0.5144115686416626,,,,,,,,,,,,,,,,,,,,,,,,,,,,,,,,,,,,,,,,,,,one
0.4082193970680237,0.481136679649353,0.4146977961063385,0.46187135577201843,0.4136074483394623,0.44357845187187195,0.40608280897140503,0.43345388770103455,0.3980376124382019,0.4346334636211395,0.4084445834159851,0.43095991015434265,0.4044358730316162,0.40948182344436646,0.4015650153160095,0.3985837399959564,0.3992953300476074,0.3895210027694702,0.4032663106918335,0.4361758828163147,0.39867377281188965,0.42359718680381775,0.40057238936424255,0.4311348795890808,0.40274015069007874,0.43674901127815247,0.3990495800971985,0.44285890460014343,0.39569640159606934,0.43723180890083313,0.4001651108264923,0.44418513774871826,0.40350446105003357,0.4477893114089966,0.39619114995002747,0.45077961683273315,0.3953232765197754,0.44613608717918396,0.39887359738349915,0.45070216059684753,0.40127983689308167,0.4540683925151825,0.5609307289123535,0.7460559010505676,0.5572369694709778,0.767490565776825,0.5560897588729858,0.7862847447395325,0.5545123219490051,0.8010469079017639,0.5536065697669983,0.8125913739204407,0.5646442174911499,0.7962672710418701,0.5609017610549927,0.8187117576599121,0.5565938353538513,0.829026460647583,0.5529897809028625,0.8346570730209351,0.5655658841133118,0.7983666658401489,0.5611306428909302,0.8214212656021118,0.5567173957824707,0.8310093879699707,0.5523806810379028,0.8369756937026978,0.5643221139907837,0.7990016341209412,0.5604400038719177,0.8226152062416077,0.5563184022903442,0.831663966178894,0.5525323152542114,0.8371284604072571,0.5609965920448303,0.7979902625083923,0.5582318305969238,0.8184074759483337,0.5556031465530396,0.8278477191925049,0.5528592467308044,0.8342193365097046,one
0.7765831351280212,0.586193323135376,0.7255905866622925,0.5504602193832397,0.7110769748687744,0.4999212622642517,0.7218595147132874,0.45757532119750977,0.7362045645713806,0.4255821704864502,0.7511920928955078,0.46237924695014954,0.7454768419265747,0.41476160287857056,0.734545886516571,0.3849400281906128,0.7273247241973877,0.3620385527610779,0.7805674076080322,0.4639608561992645,0.7483315467834473,0.4225473403930664,0.729248583316803,0.4593586027622223,0.7258540391921997,0.49205151200294495,0.8134530782699585,0.47086355090141296,0.7699583768844604,0.4381096363067627,0.7523571848869324,0.481965035200119,0.7530114650726318,0.5145277976989746,0.847913384437561,0.48278355598449707,0.8027592897415161,0.44940388202667236,0.785481870174408,0.4755556285381317,0.7887844443321228,0.49842995405197144,,,,,,,,,,,,,,,,,,,,,,,,,,,,,,,,,,,,,,,,,,,one
0.22273504734039307,0.5015578269958496,0.25469791889190674,0.48761865496635437,0.2704789340496063,0.4613500237464905,0.25557515025138855,0.4375050961971283,0.23557154834270477,0.4225958287715912,0.269325852394104,0.42160385847091675,0.2719404399394989,0.38936883211135864,0.2724769711494446,0.3686402142047882,0.27206453680992126,0.3500758409500122,0.24350999295711517,0.423399418592453,0.24125827848911285,0.3973994553089142,0.24423973262310028,0.41936150193214417,0.2463497668504715,0.4358663856983185,0.21949775516986847,0.4304504990577698,0.22037118673324585,0.4168657958507538,0.229047492146492,0.44225046038627625,0.23320043087005615,0.4557013213634491,0.1973341554403305,0.44178569316864014,0.2012740671634674,0.42399391531944275,0.21161435544490814,0.44186484813690186,0.21646887063980103,0.4563899636268616,,,,,,,,,,,,,,,,,,,,,,,,,,,,,,,,,,,,,,,,,,,one
0.6889686584472656,0.37111011147499084,0.6741565465927124,0.3579603433609009,0.666240394115448,0.34279847145080566,0.6731889247894287,0.33356356620788574,0.6865500211715698,0.3300390839576721,0.6779851317405701,0.3219618499279022,0.6758621335029602,0.30407971143722534,0.6745884418487549,0.2933630049228668,0.6753114461898804,0.2833958864212036,0.6939968466758728,0.32617300748825073,0.6941620111465454,0.3176945745944977,0.6881133913993835,0.33144670724868774,0.6859824657440186,0.3390357792377472,0.7080831527709961,0.332772433757782,0.7070645093917847,0.32849442958831787,0.6986137628555298,0.3407121002674103,0.6954575181007385,0.34584081172943115,0.7196490168571472,0.3408404588699341,0.7188026309013367,0.33587154746055603,0.7102800011634827,0.3438706696033478,0.7059505581855774,0.3479915261268616,0.3156783878803253,0.5880537629127502,0.3313901722431183,0.6022933125495911,0.3356390595436096,0.6202048659324646,0.3365708589553833,0.6362048983573914,0.33727651834487915,0.6464682817459106,0.31076064705848694,0.630969226360321,0.3199419379234314,0.6513842344284058,0.3337704837322235,0.6535349488258362,0.3425017297267914,0.6503462791442871,0.30214083194732666,0.6304338574409485,0.3159455955028534,0.6494348049163818,0.32924672961235046,0.6509183049201965,0.33824390172958374,0.6480000615119934,0.2991800606250763,0.6285601854324341,0.31365111470222473,0.6461414098739624,0.32557108998298645,0.6472117304801941,0.3338256776332855,0.6443558931350708,0.30032235383987427,0.6263036727905273,0.31230559945106506,0.6395906209945679,0.3215588629245758,0.6420108675956726,0.328189879655838,0.6411068439483643,one
0.19295260310173035,0.47496622800827026,0.21936988830566406,0.4712391793727875,0.23963117599487305,0.4528859555721283,0.23366890847682953,0.4338792562484741,0.21766313910484314,0.4177224040031433,0.232235848903656,0.41568756103515625,0.23656590282917023,0.3883662521839142,0.23818522691726685,0.36906152963638306,0.23765306174755096,0.3528597354888916,0.20667828619480133,0.4169381558895111,0.20230121910572052,0.39797675609588623,0.20361003279685974,0.41988494992256165,0.20731277763843536,0.43712249398231506,0.18199457228183746,0.4234515428543091,0.17874298989772797,0.4130217730998993,0.18673783540725708,0.4369725286960602,0.1939145028591156,0.45167702436447144,0.15803468227386475,0.43258389830589294,0.15895482897758484,0.4223126471042633,0.16755254566669464,0.44018593430519104,0.1746653914451599,0.4525300860404968,0.8296496868133545,0.6184078454971313,0.8259825706481934,0.6305654048919678,0.8320828676223755,0.6424221396446228,0.8369385600090027,0.6544830799102783,0.84019535779953,0.6662423610687256,0.8707671165466309,0.64613276720047,0.8935624361038208,0.6612263917922974,0.901588499546051,0.6730718016624451,0.9044879674911499,0.6826395392417908,0.8770138621330261,0.6434488296508789,0.9018493890762329,0.6576945185661316,0.9087729454040527,0.6704460382461548,0.9095643758773804,0.6802700161933899,0.877674400806427,0.6428561806678772,0.8990637063980103,0.6550888419151306,0.9056164622306824,0.6659955382347107,0.9076364636421204,0.6748959422111511,0.8749676942825317,0.6437413096427917,0.8914772868156433,0.6535034775733948,0.899088442325592,0.6617223024368286,0.9032440781593323,0.6682795286178589,one
0.9158895015716553,0.5907526612281799,0.8705611824989319,0.5643853545188904,0.8431274890899658,0.5242783427238464,0.865115761756897,0.48885419964790344,0.8966598510742188,0.46779948472976685,0.8539972305297852,0.48328062891960144,0.8414756059646606,0.43730175495147705,0.8383748531341553,0.4064440131187439,0.8388038873672485,0.3808583915233612,0.8955059051513672,0.48726293444633484,0.8973929286003113,0.45023855566978455,0.897172212600708,0.47996658086776733,0.8945791125297546,0.5053401589393616,0.933335542678833,0.49672839045524597,0.9368485808372498,0.46317005157470703,0.9253222942352295,0.49733367562294006,0.9167850613594055,0.5250375270843506,0.9699050784111023,0.510583221912384,0.9704341292381287,0.4860989451408386,0.9550456404685974,0.5074694752693176,0.9448588490486145,0.5278037786483765,,,,,,,,,,,,,,,,,,,,,,,,,,,,,,,,,,,,,,,,,,,one
0.7173080444335938,0.5806581377983093,0.6819319725036621,0.5514920353889465,0.6613837480545044,0.5161129832267761,0.6779706478118896,0.4844413995742798,0.7120153903961182,0.46811819076538086,0.6801984906196594,0.4696407616138458,0.6706509590148926,0.42540794610977173,0.6675205230712891,0.3991965353488922,0.6669992208480835,0.3761838972568512,0.7127007842063904,0.4758930802345276,0.7147313952445984,0.4547065198421478,0.7058289051055908,0.49472010135650635,0.7028507590293884,0.5116624236106873,0.7429214119911194,0.48732808232307434,0.7424382567405701,0.47135788202285767,0.7236259579658508,0.5072183012962341,0.7177721858024597,0.5205068588256836,0.7696434855461121,0.5029379725456238,0.7700591087341309,0.4845830798149109,0.7515483498573303,0.5082365274429321,0.7461702227592468,0.5201944708824158,,,,,,,,,,,,,,,,,,,,,,,,,,,,,,,,,,,,,,,,,,,one
0.3896973431110382,0.7140979766845703,0.41700851917266846,0.7008538246154785,0.45049694180488586,0.6963896751403809,0.4806562066078186,0.6999787092208862,0.5010679364204407,0.7059641480445862,0.4591245651245117,0.7076406478881836,0.5030720829963684,0.7130802869796753,0.5177858471870422,0.7132284045219421,0.5214053988456726,0.7123321890830994,0.4569185674190521,0.7208986878395081,0.5028490424156189,0.7242961525917053,0.5018097162246704,0.720100998878479,0.49051037430763245,0.7181107997894287,0.4515824019908905,0.7323340177536011,0.49557557702064514,0.7345010042190552,0.4923526346683502,0.7289400696754456,0.48037418723106384,0.7264999151229858,0.4447425305843353,0.7413316369056702,0.47934690117836,0.7443585991859436,0.4821133017539978,0.7394156455993652,0.47484254837036133,0.7359434962272644,0.5788777470588684,0.5660958290100098,0.5547885298728943,0.5518815517425537,0.5400464534759521,0.536974310874939,0.5395739674568176,0.5262396335601807,0.5536662340164185,0.5224395394325256,0.5722793340682983,0.5127751231193542,0.568293035030365,0.4923047125339508,0.5642110705375671,0.4792371392250061,0.5622788071632385,0.4688315987586975,0.5929496884346008,0.5158189535140991,0.5664199590682983,0.5153975486755371,0.5596119165420532,0.5275272727012634,0.5669997334480286,0.5324925184249878,0.60561603307724,0.523876965045929,0.5724627375602722,0.5287342071533203,0.5670087933540344,0.5380767583847046,0.5760049819946289,0.5398375391960144,0.6121529936790466,0.5336201786994934,0.5814098119735718,0.5385370850563049,0.5762506127357483,0.5457205176353455,0.5847855806350708,0.5467047691345215,one
0.5176436901092529,0.47969433665275574,0.5355387330055237,0.46612852811813354,0.5435384511947632,0.4526851773262024,0.5425786375999451,0.44019815325737,0.5344223976135254,0.43148258328437805,0.5305864810943604,0.4346195459365845,0.5315228700637817,0.41819483041763306,0.5315119624137878,0.4088256061077118,0.5305542945861816,0.4005788564682007,0.5194534063339233,0.43668413162231445,0.5232855081558228,0.42447495460510254,0.5279769897460938,0.43412870168685913,0.5285602807998657,0.4430026113986969,0.5089564323425293,0.44108831882476807,0.5149677395820618,0.43393051624298096,0.5206871032714844,0.4444436728954315,0.5213841795921326,0.4529629349708557,0.49838611483573914,0.44723042845726013,0.5041124820709229,0.44042152166366577,0.5108528137207031,0.4476932883262634,0.5134239792823792,0.45480746030807495,,,,,,,,,,,,,,,,,,,,,,,,,,,,,,,,,,,,,,,,,,,one
0.5481849312782288,0.6718833446502686,0.5333881378173828,0.6614712476730347,0.5242424607276917,0.6480010151863098,0.5264333486557007,0.6365165710449219,0.5384806394577026,0.6295447945594788,0.5365259647369385,0.6229801177978516,0.5399613380432129,0.6002081632614136,0.5415651798248291,0.5867946147918701,0.5450850129127502,0.575839638710022,0.5498045682907104,0.6259350180625916,0.5531302690505981,0.6081810593605042,0.5440500378608704,0.6196449398994446,0.5392535924911499,0.6304342150688171,0.5621536374092102,0.6320381760597229,0.5586074590682983,0.6252421736717224,0.5487028956413269,0.6396357417106628,0.5470734238624573,0.6484742760658264,0.57370525598526,0.6402129530906677,0.5704949498176575,0.6313799023628235,0.5608365535736084,0.640815019607544,0.557955801486969,0.6473914384841919,,,,,,,,,,,,,,,,,,,,,,,,,,,,,,,,,,,,,,,,,,,one
0.355023592710495,0.4431518018245697,0.3780285716056824,0.431805282831192,0.3893907368183136,0.414069801568985,0.3879643678665161,0.3994166851043701,0.371805876493454,0.39686858654022217,0.372391015291214,0.3883126378059387,0.3720533549785614,0.3640637993812561,0.371463805437088,0.35060930252075195,0.37067142128944397,0.3385803699493408,0.35700520873069763,0.392601877450943,0.35608670115470886,0.3822169005870819,0.3629484474658966,0.3989078104496002,0.36754000186920166,0.4124816358089447,0.3428434729576111,0.3989099860191345,0.34273529052734375,0.39129024744033813,0.35301434993743896,0.4069053530693054,0.35931679606437683,0.419974148273468,0.32948195934295654,0.40669211745262146,0.3308495879173279,0.3996427059173584,0.34161925315856934,0.40941092371940613,0.3497306704521179,0.4190884232521057,0.7558972835540771,0.8128643035888672,0.7207815647125244,0.8205866813659668,0.7047308087348938,0.8381550908088684,0.7000062465667725,0.8571164011955261,0.7008218169212341,0.8705061078071594,0.725351095199585,0.8598617911338806,0.720218300819397,0.8808967471122742,0.71577388048172,0.8722164630889893,0.7163563370704651,0.8620849847793579,0.7454081773757935,0.861755907535553,0.736947774887085,0.8786932229995728,0.7315328121185303,0.8710252642631531,0.732649564743042,0.862879753112793,0.7627933025360107,0.8594443798065186,0.7551193237304688,0.8749356269836426,0.7498964667320251,0.8701238036155701,0.7505732178688049,0.8626229166984558,0.7764617204666138,0.8549228310585022,0.7708032727241516,0.8694984316825867,0.7660216093063354,0.8661350011825562,0.766240656375885,0.8594310879707336,one
0.650725781917572,0.49642643332481384,0.6352525949478149,0.48702239990234375,0.6234755516052246,0.4766528308391571,0.6240154504776001,0.46763813495635986,0.6316866874694824,0.4607192873954773,0.6307541131973267,0.4577980041503906,0.6266889572143555,0.4412459135055542,0.623203694820404,0.4302479326725006,0.6235016584396362,0.4225320518016815,0.643633246421814,0.4593487083911896,0.6414931416511536,0.44550633430480957,0.6357142925262451,0.451546847820282,0.6326485872268677,0.4592476487159729,0.6561270952224731,0.4633602797985077,0.6520137190818787,0.4534183442592621,0.6444900035858154,0.46230489015579224,0.6415923237800598,0.47056061029434204,0.6679733991622925,0.46974611282348633,0.6622198224067688,0.46092885732650757,0.6539642810821533,0.46643710136413574,0.6493277549743652,0.4730679988861084,,,,,,,,,,,,,,,,,,,,,,,,,,,,,,,,,,,,,,,,,,,one
0.7702581882476807,0.5174442529678345,0.7322176098823547,0.4919049143791199,0.7054101824760437,0.4574041962623596,0.706723153591156,0.4268918037414551,0.7409184575080872,0.4162651598453522,0.7403061389923096,0.40208056569099426,0.7391343116760254,0.3533897399902344,0.7383812069892883,0.3232628107070923,0.7423727512359619,0.29797497391700745,0.7799307107925415,0.40635809302330017,0.7620335221290588,0.39435774087905884,0.7461681365966797,0.4341730773448944,0.7469712495803833,0.45568180084228516,0.8127599358558655,0.4189600348472595,0.7861593961715698,0.4227246344089508,0.7672638297080994,0.45531684160232544,0.7706280946731567,0.46707266569137573,0.8397325873374939,0.43650078773498535,0.8104115724563599,0.4396846294403076,0.7902880907058716,0.4621213674545288,0.7928088903427124,0.46952083706855774,,,,,,,,,,,,,,,,,,,,,,,,,,,,,,,,,,,,,,,,,,,one
0.665432333946228,0.7193518877029419,0.6531874537467957,0.70045405626297,0.6485464572906494,0.6801851987838745,0.6531147956848145,0.6659052968025208,0.6603147387504578,0.655216634273529,0.6527851223945618,0.6510500311851501,0.6503409743309021,0.624413251876831,0.6483624577522278,0.6095657348632812,0.6468176245689392,0.5962367653846741,0.6637778878211975,0.6535406708717346,0.6653619408607483,0.6371623277664185,0.665058434009552,0.6558513045310974,0.6637839078903198,0.6703751683235168,0.6741539835929871,0.6587074995040894,0.6757231950759888,0.6422969698905945,0.6729722023010254,0.6600759625434875,0.6699645519256592,0.6736909747123718,0.6836829781532288,0.6662864685058594,0.6858466863632202,0.6495606303215027,0.6822365522384644,0.6585549116134644,0.678110659122467,0.6684455275535583,,,,,,,,,,,,,,,,,,,,,,,,,,,,,,,,,,,,,,,,,,,one
0.16823168098926544,0.7137826085090637,0.19283036887645721,0.6998057961463928,0.20233312249183655,0.6734054088592529,0.1824609339237213,0.6556524038314819,0.15823855996131897,0.6401673555374146,0.18971166014671326,0.6245158910751343,0.19946147501468658,0.581907331943512,0.2051869034767151,0.5525417923927307,0.20669299364089966,0.5281265377998352,0.15788769721984863,0.6342856287956238,0.14303363859653473,0.6175331473350525,0.15319843590259552,0.6489081978797913,0.1644548773765564,0.6666664481163025,0.13082753121852875,0.6507375240325928,0.11547163128852844,0.6413798332214355,0.1372467577457428,0.6699382662773132,0.15373721718788147,0.6837518215179443,0.10719890892505646,0.6713287830352783,0.09966561198234558,0.6651735901832581,0.11951236426830292,0.6872276067733765,0.13477516174316406,0.6982439756393433,,,,,,,,,,,,,,,,,,,,,,,,,,,,,,,,,,,,,,,,,,,one
0.7017073631286621,0.9079631567001343,0.6654332280158997,0.9187910556793213,0.6558433175086975,0.9429202675819397,0.6556888222694397,0.9664965867996216,0.6509928107261658,0.9841063022613525,0.6829847693443298,0.9632688164710999,0.6829542517662048,0.9897265434265137,0.679990828037262,1.0046263933181763,0.6778867244720459,1.0155788660049438,0.7040244340896606,0.9645573496818542,0.7001676559448242,0.9919758439064026,0.6916839480400085,1.005422592163086,0.6858848333358765,1.0142498016357422,0.7184157371520996,0.9613656401634216,0.7121981382369995,0.9855341911315918,0.6996636390686035,0.9920892119407654,0.6899523735046387,0.9946668744087219,0.7270112037658691,0.9561667442321777,0.7220145463943481,0.9763253927230835,0.7108762860298157,0.9825473427772522,0.7013004422187805,0.9840654134750366,0.20652814209461212,0.5459574460983276,0.20070621371269226,0.5218050479888916,0.21706141531467438,0.5018628835678101,0.2406233251094818,0.492595911026001,0.25932419300079346,0.48775723576545715,0.2380739003419876,0.4843880236148834,0.2419676035642624,0.4575909972190857,0.24300150573253632,0.43987423181533813,0.24372397363185883,0.42479103803634644,0.2518403232097626,0.4953659474849701,0.2367023080587387,0.4773271977901459,0.21479687094688416,0.48396578431129456,0.2012833058834076,0.4916052222251892,0.2574593126773834,0.5093896389007568,0.23432134091854095,0.4934191107749939,0.2124156653881073,0.49743056297302246,0.1998758167028427,0.5025166869163513,0.25659802556037903,0.523575484752655,0.24064691364765167,0.5107715129852295,0.2267836630344391,0.5059939026832581,0.2186661660671234,0.5037902593612671,one
0.22200420498847961,0.5686158537864685,0.2785887122154236,0.5516937375068665,0.32088401913642883,0.5156038403511047,0.3401033580303192,0.4819476008415222,0.3310948312282562,0.4532516300678253,0.27343112230300903,0.44638821482658386,0.2750469148159027,0.3911797106266022,0.2777702212333679,0.3566729426383972,0.2729732394218445,0.3266344964504242,0.24081914126873016,0.44453588128089905,0.2824075222015381,0.408837229013443,0.30064186453819275,0.4476222097873688,0.29991626739501953,0.4778797924518585,0.2124098837375641,0.45421329140663147,0.25950032472610474,0.44575750827789307,0.27277401089668274,0.48533761501312256,0.26690876483917236,0.5065815448760986,0.18969660997390747,0.47285252809524536,0.241077721118927,0.46647539734840393,0.2730618119239807,0.4944317638874054,0.2828407287597656,0.5137810707092285,,,,,,,,,,,,,,,,,,,,,,,,,,,,,,,,,,,,,,,,,,,one
0.14122384786605835,0.5632386803627014,0.15955978631973267,0.5484088063240051,0.16717292368412018,0.5258193612098694,0.1534505933523178,0.5066698789596558,0.13487723469734192,0.493958443403244,0.16989213228225708,0.4956299066543579,0.17189371585845947,0.4635453224182129,0.17334941029548645,0.44290339946746826,0.17327721416950226,0.4264746904373169,0.14606741070747375,0.4999282658100128,0.13935962319374084,0.4864785075187683,0.14311116933822632,0.5088964104652405,0.14638422429561615,0.525705873966217,0.12565621733665466,0.5080904364585876,0.11974924802780151,0.5026854276657104,0.13005082309246063,0.5237473845481873,0.1355852633714676,0.536274254322052,0.10711194574832916,0.5185815691947937,0.10607780516147614,0.5102348923683167,0.11380844563245773,0.5258828401565552,0.11885234713554382,0.5363836884498596,,,,,,,,,,,,,,,,,,,,,,,,,,,,,,,,,,,,,,,,,,,one
0.6149159669876099,0.562402606010437,0.5984988808631897,0.5473295450210571,0.5907386541366577,0.5302704572677612,0.5909440517425537,0.5156113505363464,0.5996659994125366,0.5081000328063965,0.6009199619293213,0.5133384466171265,0.598501443862915,0.4944707453250885,0.5962903499603271,0.48282748460769653,0.5959666967391968,0.47313886880874634,0.6139455437660217,0.5152368545532227,0.6161959171295166,0.49939799308776855,0.6089609265327454,0.5095953345298767,0.602471113204956,0.5196775197982788,0.6264302134513855,0.5200707912445068,0.6241313815116882,0.5089657306671143,0.6159353256225586,0.5218419432640076,0.6114375591278076,0.5321558713912964,0.6375123262405396,0.527459442615509,0.632861852645874,0.5176993012428284,0.6233352422714233,0.5265558958053589,0.6184564232826233,0.5351990461349487,0.2884569466114044,0.914423942565918,0.3021005094051361,0.9288255572319031,0.3027856647968292,0.947376012802124,0.2986854910850525,0.9648571610450745,0.2967113256454468,0.9784866571426392,0.2754684090614319,0.9578999280929565,0.27843695878982544,0.981810986995697,0.2891157865524292,0.9899489879608154,0.29853442311286926,0.9930034279823303,0.2672173082828522,0.9577832221984863,0.2730891704559326,0.9806674718856812,0.28528350591659546,0.9878633618354797,0.29675397276878357,0.9900999069213867,0.2651742696762085,0.9571990966796875,0.26980260014533997,0.9786230325698853,0.28049638867378235,0.9854465126991272,0.29138511419296265,0.9882013201713562,0.26665833592414856,0.9565790891647339,0.26857587695121765,0.9737964868545532,0.2766774892807007,0.9814108610153198,0.2858414947986603,0.9852593541145325,one
0.22158698737621307,0.576094925403595,0.25844988226890564,0.5587249994277954,0.28450924158096313,0.5190236568450928,0.26703789830207825,0.48792964220046997,0.23131391406059265,0.4870820939540863,0.26270827651023865,0.4749355614185333,0.2753099501132965,0.4286198616027832,0.2817336618900299,0.4017243981361389,0.2848128080368042,0.3760451674461365,0.2329936921596527,0.478012353181839,0.24196384847164154,0.45930585265159607,0.24773521721363068,0.4921940565109253,0.24518463015556335,0.5061530470848083,0.20729270577430725,0.4874078929424286,0.21992802619934082,0.4829367697238922,0.23099730908870697,0.5179722905158997,0.2310177981853485,0.5259560942649841,0.1841798722743988,0.5019174218177795,0.20317569375038147,0.4983176290988922,0.21317103505134583,0.5216878652572632,0.20943132042884827,0.5277318358421326,,,,,,,,,,,,,,,,,,,,,,,,,,,,,,,,,,,,,,,,,,,one
0.2622060775756836,0.5453565716743469,0.2892863154411316,0.5285777449607849,0.30330517888069153,0.5053085684776306,0.28287744522094727,0.48874881863594055,0.2542968988418579,0.484871506690979,0.2861652374267578,0.4703318476676941,0.28724148869514465,0.4362250566482544,0.287044882774353,0.41621342301368713,0.2844271659851074,0.39783987402915955,0.2609747648239136,0.47583088278770447,0.2564011812210083,0.45990419387817383,0.2653043568134308,0.48221975564956665,0.2704026699066162,0.49559950828552246,0.24094276130199432,0.4855617582798004,0.2397031933069229,0.47994524240493774,0.2536449432373047,0.5012810826301575,0.26007673144340515,0.5106309652328491,0.2245212197303772,0.4978924095630646,0.2274227887392044,0.4905936121940613,0.23761053383350372,0.5043261647224426,0.24209332466125488,0.511559009552002,,,,,,,,,,,,,,,,,,,,,,,,,,,,,,,,,,,,,,,,,,,one
0.7110785841941833,0.4318658113479614,0.6817644238471985,0.4036843478679657,0.6698454022407532,0.3629436492919922,0.6841115355491638,0.33084142208099365,0.70168137550354,0.31437253952026367,0.6819738149642944,0.3109203279018402,0.6817068457603455,0.2609952688217163,0.6808829307556152,0.2299048900604248,0.6817401051521301,0.2060888409614563,0.7067165374755859,0.3152990937232971,0.7093093395233154,0.285569965839386,0.7056492567062378,0.30616679787635803,0.7042076587677002,0.3266192376613617,0.7272133827209473,0.32841363549232483,0.7259463667869568,0.31373947858810425,0.7200261354446411,0.3338003158569336,0.7177889943122864,0.35053807497024536,0.7441976070404053,0.34595733880996704,0.7406104803085327,0.3361067473888397,0.7335687875747681,0.35103240609169006,0.7302848696708679,0.3646233081817627,,,,,,,,,,,,,,,,,,,,,,,,,,,,,,,,,,,,,,,,,,,one
0.3451719880104065,0.8238514065742493,0.35808512568473816,0.8338181972503662,0.36406710743904114,0.84738689661026,0.36720138788223267,0.8601236343383789,0.36970871686935425,0.869334876537323,0.34365084767341614,0.8611096739768982,0.35075199604034424,0.877241849899292,0.3595544993877411,0.8822638988494873,0.36570268869400024,0.8840247392654419,0.3388209939002991,0.8616329431533813,0.35014307498931885,0.8756842017173767,0.3600432872772217,0.8785372376441956,0.36769843101501465,0.8789068460464478,0.33823204040527344,0.8611649870872498,0.34936758875846863,0.8737636804580688,0.3581598699092865,0.8772287964820862,0.3655300438404083,0.8783593773841858,0.3399508595466614,0.860137403011322,0.34762972593307495,0.8714402318000793,0.3553884029388428,0.8749486804008484,0.36283430457115173,0.8756707906723022,,,,,,,,,,,,,,,,,,,,,,,,,,,,,,,,,,,,,,,,,,,one
0.2757345139980316,0.6243994832038879,0.3007715344429016,0.6079972386360168,0.3157643973827362,0.5780089497566223,0.3072819113731384,0.5511476397514343,0.2890423536300659,0.5338385105133057,0.30785030126571655,0.5487123727798462,0.31239524483680725,0.5167896747589111,0.31595030426979065,0.4985095262527466,0.31646424531936646,0.4791211485862732,0.28287526965141296,0.5529231429100037,0.2800638973712921,0.5366353988647461,0.2834954261779785,0.5646927356719971,0.2872968912124634,0.5668573975563049,0.26161623001098633,0.5614234209060669,0.2577734589576721,0.5511530041694641,0.2682321071624756,0.5771341919898987,0.27252304553985596,0.5762801170349121,0.24140435457229614,0.5728670358657837,0.24080857634544373,0.5659621953964233,0.2508971393108368,0.5813344717025757,0.2509358525276184,0.5825430154800415,,,,,,,,,,,,,,,,,,,,,,,,,,,,,,,,,,,,,,,,,,,one
0.782890260219574,0.4379686117172241,0.7597590088844299,0.4192207157611847,0.7499930262565613,0.3958325982093811,0.7687925100326538,0.38212066888809204,0.7922923564910889,0.37613582611083984,0.7736418843269348,0.3597150146961212,0.774194598197937,0.32751983404159546,0.7743126153945923,0.3077878952026367,0.7767404317855835,0.29131829738616943,0.796748161315918,0.3671596348285675,0.7995209693908691,0.34793153405189514,0.7885419726371765,0.3701765835285187,0.7830901145935059,0.3864419460296631,0.8175875544548035,0.377169668674469,0.8162404298782349,0.36545664072036743,0.7993344664573669,0.38698792457580566,0.7921786904335022,0.40001851320266724,0.8363702297210693,0.38937294483184814,0.835313618183136,0.37493765354156494,0.8181293606758118,0.38869255781173706,0.8086596727371216,0.39895638823509216,,,,,,,,,,,,,,,,,,,,,,,,,,,,,,,,,,,,,,,,,,,one
0.5791690349578857,0.5825669169425964,0.5667877793312073,0.567714273929596,0.5608027577400208,0.547454297542572,0.5649187564849854,0.5292698740959167,0.5717610120773315,0.5171776413917542,0.5602388978004456,0.5182008743286133,0.559043288230896,0.4888160526752472,0.5604221224784851,0.47084370255470276,0.5624864101409912,0.45559823513031006,0.572504997253418,0.5198194980621338,0.5751686096191406,0.5044933557510376,0.574127197265625,0.5179136395454407,0.5710476636886597,0.5305482745170593,0.584301769733429,0.5255057215690613,0.5859362483024597,0.5218504071235657,0.5816984176635742,0.5397688746452332,0.5774679183959961,0.552445650100708,0.5943264961242676,0.5346522331237793,0.5939134359359741,0.5335326194763184,0.5887930393218994,0.547178328037262,0.5847668647766113,0.5573553442955017,,,,,,,,,,,,,,,,,,,,,,,,,,,,,,,,,,,,,,,,,,,one
0.6030464172363281,0.5330838561058044,0.5932613611221313,0.5129101872444153,0.5855296850204468,0.49336230754852295,0.5870054364204407,0.4780803620815277,0.5954616069793701,0.4724422097206116,0.5983742475509644,0.46823108196258545,0.5974904298782349,0.44128432869911194,0.5961825251579285,0.425881028175354,0.5965548753738403,0.4142933487892151,0.6078771948814392,0.4730723202228546,0.6028426289558411,0.45835673809051514,0.5964142680168152,0.4760744571685791,0.5945172905921936,0.49009260535240173,0.6170845031738281,0.4808116853237152,0.6108850240707397,0.47096705436706543,0.6034817099571228,0.4874529242515564,0.6013631820678711,0.4996548891067505,0.6251309514045715,0.49139636754989624,0.6192309856414795,0.48149722814559937,0.6114469766616821,0.4907717704772949,0.608463704586029,0.4989015758037567,,,,,,,,,,,,,,,,,,,,,,,,,,,,,,,,,,,,,,,,,,,one
0.45053184032440186,0.3399614989757538,0.4663070738315582,0.3324066400527954,0.4731457531452179,0.3233370780944824,0.4694820046424866,0.31518492102622986,0.4609491527080536,0.31039953231811523,0.47101646661758423,0.31067121028900146,0.4723380506038666,0.29720503091812134,0.47221457958221436,0.28907322883605957,0.4715542793273926,0.2820952236652374,0.46103635430336,0.31211069226264954,0.45922550559043884,0.30440375208854675,0.4594511091709137,0.31353458762168884,0.46035489439964294,0.3203919231891632,0.45211219787597656,0.3148965835571289,0.44989100098609924,0.30903536081314087,0.4520818293094635,0.31800928711891174,0.4539761245250702,0.3240174651145935,0.4441327750682831,0.3188231289386749,0.4423559904098511,0.3136875033378601,0.44464603066444397,0.3193434476852417,0.44711437821388245,0.3239167630672455,,,,,,,,,,,,,,,,,,,,,,,,,,,,,,,,,,,,,,,,,,,one
0.21254847943782806,0.6019567251205444,0.23701810836791992,0.5900004506111145,0.2560936510562897,0.5667308568954468,0.24982281029224396,0.5465021729469299,0.23074866831302643,0.53584885597229,0.25076809525489807,0.5350061655044556,0.2569754719734192,0.5112427473068237,0.2579386830329895,0.4965957701206207,0.25699853897094727,0.48200300335884094,0.2290066033601761,0.5361555218696594,0.22870033979415894,0.5233286023139954,0.23014013469219208,0.546392560005188,0.23102180659770966,0.5556070804595947,0.208695188164711,0.5423473715782166,0.20697510242462158,0.5344177484512329,0.21410322189331055,0.5577588677406311,0.21645744144916534,0.5652744174003601,0.18827995657920837,0.5515960454940796,0.1885058581829071,0.5452921390533447,0.196808859705925,0.561367392539978,0.19894810020923615,0.5674169659614563,,,,,,,,,,,,,,,,,,,,,,,,,,,,,,,,,,,,,,,,,,,one
0.2385956197977066,0.35106223821640015,0.2901448607444763,0.3320593535900116,0.3112940788269043,0.3096529245376587,0.3256976306438446,0.2938006520271301,0.3155965805053711,0.28647443652153015,0.2380467802286148,0.2790391147136688,0.2400599718093872,0.2511812448501587,0.2449938952922821,0.23155231773853302,0.24390774965286255,0.21476399898529053,0.21658281981945038,0.2830083668231964,0.2898222506046295,0.2731570601463318,0.2986462414264679,0.2913040220737457,0.28176403045654297,0.2976198196411133,0.21068201959133148,0.29217860102653503,0.2859590947628021,0.28879430890083313,0.2904496192932129,0.3044036328792572,0.27134987711906433,0.30779561400413513,0.217289537191391,0.3034864068031311,0.28059595823287964,0.30259841680526733,0.28008073568344116,0.3147280514240265,0.25816071033477783,0.3182278871536255,0.943665087223053,0.8041771650314331,0.8899465799331665,0.822704553604126,0.8724272847175598,0.8526503443717957,0.8656441569328308,0.8801814913749695,0.8609784841537476,0.9027245044708252,0.9330552220344543,0.8743707537651062,0.912331759929657,0.9089405536651611,0.890254020690918,0.9241043925285339,0.8718786239624023,0.9337400197982788,0.9674131274223328,0.8729326725006104,0.940719485282898,0.907700777053833,0.9109705090522766,0.9212294816970825,0.886080801486969,0.9281721115112305,0.9865160584449768,0.867115318775177,0.962630569934845,0.8961048722267151,0.934559166431427,0.9060946702957153,0.9118311405181885,0.909385621547699,0.9939240217208862,0.8606495261192322,0.980207085609436,0.8848099112510681,0.9567386507987976,0.8939051032066345,0.934343159198761,0.8964256644248962,one
0.4545511305332184,0.4054238498210907,0.47233033180236816,0.3857893943786621,0.48086825013160706,0.35715240240097046,0.4805954694747925,0.3349905014038086,0.4722304046154022,0.32029759883880615,0.4625822901725769,0.32838788628578186,0.4604368805885315,0.2969319522380829,0.46072953939437866,0.27967074513435364,0.4598660469055176,0.2629142999649048,0.45010823011398315,0.33030959963798523,0.4605221152305603,0.31524306535720825,0.46878233551979065,0.3340481221675873,0.47005513310432434,0.3470926880836487,0.44182145595550537,0.3390054404735565,0.4595922529697418,0.34106767177581787,0.4647234380245209,0.36025291681289673,0.46219050884246826,0.367110013961792,0.4378696382045746,0.3514704704284668,0.45632028579711914,0.3624642491340637,0.45866459608078003,0.37405455112457275,0.4537559151649475,0.3748268187046051,0.7244840264320374,0.6998069286346436,0.7080113887786865,0.7174699902534485,0.7045429944992065,0.7443249225616455,0.7035495042800903,0.7685238718986511,0.7040667533874512,0.7874849438667297,0.7303969860076904,0.7630614042282104,0.7221531271934509,0.7951722741127014,0.7155512571334839,0.811217188835144,0.7114564180374146,0.8237074613571167,0.7375264167785645,0.7617924809455872,0.7283293604850769,0.7909868955612183,0.7198459506034851,0.8051837682723999,0.7130495309829712,0.8162861466407776,0.7387992143630981,0.7601891160011292,0.7300865054130554,0.786665141582489,0.7221716642379761,0.8015575408935547,0.7155215740203857,0.8132835626602173,0.7362555265426636,0.7597482204437256,0.7291776537895203,0.7827928066253662,0.7217419743537903,0.7965111136436462,0.7151702046394348,0.806235134601593,one
0.366339772939682,0.7588518261909485,0.37557944655418396,0.7734547257423401,0.3780927360057831,0.7889677882194519,0.3774661123752594,0.8011329174041748,0.37553009390830994,0.8104432821273804,0.35145410895347595,0.7959941029548645,0.34833669662475586,0.8132360577583313,0.3474820554256439,0.8230133652687073,0.3466084599494934,0.8309395909309387,0.3463769853115082,0.7932734489440918,0.3553963005542755,0.8071345090866089,0.36566340923309326,0.8045523762702942,0.3697425425052643,0.799638032913208,0.34527724981307983,0.7904564142227173,0.35425981879234314,0.8030678033828735,0.3630141317844391,0.8001214861869812,0.36582955718040466,0.7955204844474792,0.3457358777523041,0.787968635559082,0.353878378868103,0.7984128594398499,0.36112895607948303,0.7966182827949524,0.36345309019088745,0.7922699451446533,0.6792356967926025,0.5306892991065979,0.6715637445449829,0.5161324143409729,0.6688376069068909,0.5012798309326172,0.6736333966255188,0.49102336168289185,0.6787263751029968,0.4846629798412323,0.6750001907348633,0.48684489727020264,0.6723713278770447,0.47212859988212585,0.6715178489685059,0.4635208547115326,0.6719756126403809,0.45598480105400085,0.6859593391418457,0.4904145896434784,0.685016393661499,0.4846009314060211,0.6805399656295776,0.49356696009635925,0.6783917546272278,0.4991903305053711,0.6955487132072449,0.49580201506614685,0.692623496055603,0.4929003417491913,0.6871455907821655,0.50086510181427,0.6857622861862183,0.5048882365226746,0.7029101848602295,0.5022732615470886,0.6991636753082275,0.5002359747886658,0.6935929656028748,0.5056750178337097,0.6921383738517761,0.5088953375816345,one
0.22510294616222382,0.48066166043281555,0.26602742075920105,0.4728793501853943,0.2918097972869873,0.45109885931015015,0.2797471284866333,0.4320785105228424,0.2511889934539795,0.4180908501148224,0.26576656103134155,0.38869619369506836,0.26972272992134094,0.3442933261394501,0.27258142828941345,0.31606411933898926,0.27049943804740906,0.29173025488853455,0.23275543749332428,0.39499279856681824,0.23408862948417664,0.3807780146598816,0.24738115072250366,0.4126007854938507,0.25653257966041565,0.4321569502353668,0.20320969820022583,0.4090563654899597,0.2002822756767273,0.3969026803970337,0.2207486480474472,0.4262460470199585,0.23557573556900024,0.44382229447364807,0.17756301164627075,0.42704880237579346,0.1787465363740921,0.4235035181045532,0.19731470942497253,0.44305163621902466,0.21273928880691528,0.4545765519142151,,,,,,,,,,,,,,,,,,,,,,,,,,,,,,,,,,,,,,,,,,,one
0.6637259721755981,0.32385700941085815,0.6252017617225647,0.31004074215888977,0.5939214825630188,0.2825098931789398,0.5811576843261719,0.24965307116508484,0.5930981636047363,0.22746245563030243,0.6129821538925171,0.21370138227939606,0.6004857420921326,0.17195507884025574,0.5909427404403687,0.14547431468963623,0.5866536498069763,0.12086830288171768,0.6297941207885742,0.20691373944282532,0.6004447340965271,0.19358068704605103,0.6035760641098022,0.22979407012462616,0.6143000721931458,0.25183263421058655,0.6455470323562622,0.2035244107246399,0.6120122671127319,0.20095747709274292,0.6168570518493652,0.2365104854106903,0.6296949982643127,0.2567955255508423,0.660423755645752,0.2028885781764984,0.6249106526374817,0.19960038363933563,0.6212933659553528,0.223783940076828,0.6275314092636108,0.24026291072368622,,,,,,,,,,,,,,,,,,,,,,,,,,,,,,,,,,,,,,,,,,,one
0.7387462854385376,0.5199096202850342,0.6919828653335571,0.4941556751728058,0.6581043601036072,0.45901140570640564,0.6765053272247314,0.4309096932411194,0.7174106240272522,0.413565069437027,0.6905523538589478,0.3873542845249176,0.6771698594093323,0.3301796317100525,0.6700340509414673,0.2952612042427063,0.6692782640457153,0.2657145857810974,0.7367742657661438,0.39420169591903687,0.7299554347991943,0.36266276240348816,0.7209968566894531,0.40287476778030396,0.7189664244651794,0.4330384135246277,0.7799475789070129,0.4075637459754944,0.7684629559516907,0.39335745573043823,0.7486000061035156,0.4357624351978302,0.7428399920463562,0.46143755316734314,0.8208659887313843,0.4267667233943939,0.8104662895202637,0.40624767541885376,0.7843487858772278,0.4351426959037781,0.7727701663970947,0.45599210262298584,,,,,,,,,,,,,,,,,,,,,,,,,,,,,,,,,,,,,,,,,,,one
0.44943949580192566,0.8152851462364197,0.4468534588813782,0.780758798122406,0.44954901933670044,0.7412505149841309,0.45686301589012146,0.7101640105247498,0.4628501236438751,0.6867106556892395,0.4509083032608032,0.7344911694526672,0.4657871723175049,0.683717668056488,0.47390565276145935,0.6492487192153931,0.4800916314125061,0.620769739151001,0.4542202651500702,0.7353664040565491,0.4691760540008545,0.6787247061729431,0.4774409532546997,0.6408541202545166,0.48402664065361023,0.6092721223831177,0.46064409613609314,0.7415716052055359,0.47548454999923706,0.6844921112060547,0.4821687638759613,0.6513923406600952,0.48859837651252747,0.6225000619888306,0.47115740180015564,0.7529555559158325,0.47855982184410095,0.7147526144981384,0.4824782609939575,0.6913546919822693,0.4885910749435425,0.6700913310050964,0.5285214185714722,0.8182212114334106,0.5385472774505615,0.7845975160598755,0.5340126752853394,0.7471027970314026,0.5268989205360413,0.7188841700553894,0.5204105973243713,0.6948639154434204,0.5331611633300781,0.7349655628204346,0.5208251476287842,0.6835781335830688,0.5123863220214844,0.6494486331939697,0.5070702433586121,0.6194944977760315,0.5317255258560181,0.7398686408996582,0.5164523720741272,0.6797849535942078,0.5067035555839539,0.6406684517860413,0.501450777053833,0.6093325018882751,0.5224606990814209,0.7484956383705139,0.5107113718986511,0.6874569654464722,0.5012801289558411,0.6516468524932861,0.49860718846321106,0.6225852370262146,0.5058501958847046,0.7600431442260742,0.4992668330669403,0.7194529175758362,0.4953762888908386,0.6918005347251892,0.4945593476295471,0.666959285736084,holy
0.5551087260246277,0.631412148475647,0.5592735409736633,0.6034180521965027,0.5569949746131897,0.5727190971374512,0.5510395765304565,0.5481266379356384,0.5408205389976501,0.5301195383071899,0.5609046816825867,0.5573645830154419,0.547534704208374,0.5155293345451355,0.5390076637268066,0.4887733459472656,0.5322684645652771,0.4665243625640869,0.56231290102005,0.5608991980552673,0.5468009114265442,0.5113084316253662,0.5353143215179443,0.48137491941452026,0.5280096530914307,0.45717936754226685,0.5545456409454346,0.5679837465286255,0.5433336496353149,0.5185617804527283,0.5322514772415161,0.49018537998199463,0.5271421670913696,0.4681122303009033,0.5399042367935181,0.5767173171043396,0.5336301922798157,0.5455675721168518,0.5290496349334717,0.5239460468292236,0.5272237062454224,0.5057492852210999,,,,,,,,,,,,,,,,,,,,,,,,,,,,,,,,,,,,,,,,,,,holy
0.46558064222335815,0.663379430770874,0.4755890369415283,0.6428613662719727,0.4810889959335327,0.6183061003684998,0.47920116782188416,0.5981041789054871,0.4753994047641754,0.5826744437217712,0.48811081051826477,0.6056935787200928,0.4758872985839844,0.5751486420631409,0.46777740120887756,0.5558937191963196,0.46330153942108154,0.5399210453033447,0.4885886013507843,0.6071259379386902,0.4755105972290039,0.5710251927375793,0.46704888343811035,0.5506654977798462,0.46168234944343567,0.5339217782020569,0.48321840167045593,0.6117190718650818,0.47321778535842896,0.5770269632339478,0.4651406705379486,0.5574938058853149,0.4601271450519562,0.5420162677764893,0.4742099642753601,0.6180388927459717,0.4693106710910797,0.5949826836585999,0.4653093218803406,0.5793963670730591,0.46273279190063477,0.5658805966377258,,,,,,,,,,,,,,,,,,,,,,,,,,,,,,,,,,,,,,,,,,,holy
0.6099422574043274,0.6336528062820435,0.6288492679595947,0.6033920645713806,0.6353444457054138,0.5689763426780701,0.6362600922584534,0.5423773527145386,0.6357589960098267,0.5219911336898804,0.6277972459793091,0.5490443110466003,0.6252027750015259,0.5130307674407959,0.6213042736053467,0.48851633071899414,0.6205023527145386,0.46780404448509216,0.622122049331665,0.5488805770874023,0.6168305277824402,0.5063636898994446,0.6144707798957825,0.4793280065059662,0.6146703958511353,0.45457586646080017,0.6163206696510315,0.5526953339576721,0.6094915270805359,0.5109066367149353,0.6065008640289307,0.4847976565361023,0.6053850650787354,0.4618200659751892,0.6112083792686462,0.5608899593353271,0.6071540117263794,0.5305653810501099,0.6053063273429871,0.5085691213607788,0.6043239831924438,0.4884492754936218,,,,,,,,,,,,,,,,,,,,,,,,,,,,,,,,,,,,,,,,,,,holy
0.5140787959098816,0.6697678565979004,0.5107691884040833,0.6411658525466919,0.5051699876785278,0.6076669096946716,0.4994373321533203,0.5824690461158752,0.4941342771053314,0.562242329120636,0.5036984086036682,0.5959072113037109,0.49465706944465637,0.5593342185020447,0.4888712167739868,0.531226396560669,0.48453259468078613,0.5083699226379395,0.5010625720024109,0.5967199206352234,0.4902794063091278,0.556244969367981,0.48537325859069824,0.5255680084228516,0.48243850469589233,0.49867820739746094,0.49523425102233887,0.5997751951217651,0.4844343662261963,0.5607192516326904,0.4789120852947235,0.5319463014602661,0.4758766293525696,0.508077085018158,0.48662301898002625,0.604820728302002,0.476357638835907,0.5763533711433411,0.47100839018821716,0.5549992322921753,0.46788278222084045,0.5362631678581238,,,,,,,,,,,,,,,,,,,,,,,,,,,,,,,,,,,,,,,,,,,holy
0.5807785987854004,0.5492172837257385,0.5848450660705566,0.5227181911468506,0.5789610743522644,0.49467918276786804,0.5692096948623657,0.47471973299980164,0.5609378814697266,0.4601181149482727,0.5777118802070618,0.4813973009586334,0.5636565685272217,0.44881725311279297,0.5557430386543274,0.4268207848072052,0.5501325130462646,0.4081586003303528,0.5746712684631348,0.48336493968963623,0.5604851245880127,0.44479724764823914,0.5534901022911072,0.42086324095726013,0.5482827425003052,0.4003840684890747,0.5676065683364868,0.48915308713912964,0.5553762316703796,0.4514297544956207,0.5491546988487244,0.4300422966480255,0.5457625389099121,0.411033570766449,0.5579820871353149,0.49780622124671936,0.5486695766448975,0.4749923050403595,0.5436450839042664,0.45701006054878235,0.5406938195228577,0.4400522708892822,,,,,,,,,,,,,,,,,,,,,,,,,,,,,,,,,,,,,,,,,,,holy
0.45357799530029297,0.713650643825531,0.46935194730758667,0.694775402545929,0.47369277477264404,0.6686391234397888,0.46892550587654114,0.6483256220817566,0.4650503695011139,0.6341208219528198,0.46604812145233154,0.6551616787910461,0.4646594226360321,0.6292559504508972,0.46491745114326477,0.6109263896942139,0.4653160870075226,0.5961133241653442,0.45942580699920654,0.6557887196540833,0.4575697183609009,0.6263405084609985,0.4599495530128479,0.6073480248451233,0.46359676122665405,0.5917474627494812,0.4543862044811249,0.6591731309890747,0.45384716987609863,0.6301851272583008,0.4571951627731323,0.6127224564552307,0.4606669545173645,0.5986666679382324,0.4516631066799164,0.6651011109352112,0.45312345027923584,0.645840048789978,0.455394446849823,0.6320445537567139,0.45842111110687256,0.6200870275497437,,,,,,,,,,,,,,,,,,,,,,,,,,,,,,,,,,,,,,,,,,,holy
0.47630661725997925,0.6151518225669861,0.48997610807418823,0.5946489572525024,0.49805909395217896,0.5730443596839905,0.5050424933433533,0.5560505390167236,0.5069297552108765,0.542838454246521,0.4949498772621155,0.5623323917388916,0.4992063045501709,0.5376808643341064,0.5015762448310852,0.5192886590957642,0.5049879550933838,0.5046151280403137,0.4932026267051697,0.5630025863647461,0.496484637260437,0.5350102782249451,0.49987757205963135,0.5151002407073975,0.5049053430557251,0.49822625517845154,0.4905470311641693,0.5675762891769409,0.4941021800041199,0.5408077836036682,0.4973737299442291,0.5227677822113037,0.5020369291305542,0.507329523563385,0.48783770203590393,0.5765873789787292,0.4906335473060608,0.558870792388916,0.4916475713253021,0.5461757779121399,0.4932933747768402,0.5339144468307495,0.5082822442054749,0.626067578792572,0.5172978639602661,0.6051596999168396,0.5197127461433411,0.5816177725791931,0.5213669538497925,0.564854085445404,0.5197621583938599,0.5512874126434326,0.5210930109024048,0.5724946856498718,0.5192764401435852,0.5466505885124207,0.5157811045646667,0.5293622016906738,0.5138186812400818,0.515520453453064,0.5196500420570374,0.574676513671875,0.5162188410758972,0.545741856098175,0.5112257599830627,0.5273495316505432,0.5084314346313477,0.5132094025611877,0.5137885808944702,0.5788782835006714,0.5092858076095581,0.5499739646911621,0.503911554813385,0.5314590334892273,0.5018883943557739,0.517909049987793,0.5037461519241333,0.5843027234077454,0.499752938747406,0.5628642439842224,0.4966745376586914,0.5482884049415588,0.4952588379383087,0.5363163948059082,holy
0.44922977685928345,0.7397488355636597,0.4497678279876709,0.7154666185379028,0.4540466070175171,0.6873225569725037,0.45963791012763977,0.6683786511421204,0.4661317765712738,0.6550850868225098,0.45261719822883606,0.6673787832260132,0.46422120928764343,0.6354886293411255,0.46929728984832764,0.6129429340362549,0.47194626927375793,0.5944236516952515,0.45348215103149414,0.6664767265319824,0.46500104665756226,0.631427526473999,0.4712084233760834,0.6089053750038147,0.4758533835411072,0.5888781547546387,0.45955926179885864,0.6684525609016418,0.4701344966888428,0.6324397921562195,0.47509992122650146,0.6110906004905701,0.4783492982387543,0.5924375057220459,0.47279050946235657,0.6747251749038696,0.47827857732772827,0.6491866111755371,0.4792284071445465,0.6321724653244019,0.47964468598365784,0.6171653270721436,,,,,,,,,,,,,,,,,,,,,,,,,,,,,,,,,,,,,,,,,,,holy
0.4807151257991791,0.5425155162811279,0.48810067772865295,0.5079805850982666,0.4799923896789551,0.4711640477180481,0.47148099541664124,0.44272029399871826,0.4654827117919922,0.4204903841018677,0.484860897064209,0.4565952718257904,0.4833618104457855,0.41297078132629395,0.48024097084999084,0.3813650906085968,0.480268657207489,0.35479772090911865,0.478079229593277,0.45866575837135315,0.4711034297943115,0.40661686658859253,0.46980103850364685,0.37179937958717346,0.47252964973449707,0.3418065905570984,0.4700108468532562,0.4646531641483307,0.45960181951522827,0.41352295875549316,0.45480573177337646,0.38022294640541077,0.45335158705711365,0.3520400822162628,0.4631422758102417,0.47530397772789,0.4526882767677307,0.4406043291091919,0.4452661871910095,0.4157870411872864,0.4408656656742096,0.3926597237586975,,,,,,,,,,,,,,,,,,,,,,,,,,,,,,,,,,,,,,,,,,,holy
0.5710316300392151,0.7148854732513428,0.5743420720100403,0.6892625689506531,0.5727393627166748,0.6584221720695496,0.567647397518158,0.6356369853019714,0.5620412826538086,0.6173995733261108,0.5855434536933899,0.6434313654899597,0.5649466514587402,0.6056927442550659,0.5533100366592407,0.5769830346107483,0.5448432564735413,0.5539638996124268,0.5842361450195312,0.6453197598457336,0.5629429221153259,0.5997995138168335,0.5494149327278137,0.5681886076927185,0.5382301211357117,0.5442975759506226,0.5754116773605347,0.649743378162384,0.5583673715591431,0.6044947504997253,0.5445446372032166,0.5742032527923584,0.5364394783973694,0.5501794815063477,0.5597389340400696,0.6566359400749207,0.5475408434867859,0.6249168515205383,0.539749801158905,0.6006064414978027,0.5345760583877563,0.5795069932937622,,,,,,,,,,,,,,,,,,,,,,,,,,,,,,,,,,,,,,,,,,,holy
0.4593207538127899,0.6209412217140198,0.49098068475723267,0.5843801498413086,0.5020957589149475,0.5426322221755981,0.5064409971237183,0.509819507598877,0.5081422328948975,0.4853878617286682,0.48750558495521545,0.5270097851753235,0.5023508071899414,0.4781399369239807,0.5101112127304077,0.4451757073402405,0.5165805816650391,0.41863277554512024,0.48736271262168884,0.5257843732833862,0.5028126239776611,0.46684175729751587,0.5121230483055115,0.43213188648223877,0.5189609527587891,0.40458622574806213,0.4898211359977722,0.5322973728179932,0.5060366988182068,0.47327640652656555,0.5107530951499939,0.43988797068595886,0.5160276293754578,0.4111638069152832,0.4985337555408478,0.5461504459381104,0.5064495801925659,0.5049413442611694,0.508660078048706,0.4769952893257141,0.5126978158950806,0.4514467716217041,0.568047046661377,0.621776819229126,0.5677312016487122,0.5806540250778198,0.551586925983429,0.5394619107246399,0.536627471446991,0.5108029842376709,0.5232802629470825,0.4883742332458496,0.5572261810302734,0.5273547172546387,0.5401585102081299,0.4801693558692932,0.5276899933815002,0.44609230756759644,0.5205159187316895,0.4176087975502014,0.5629371404647827,0.5310570597648621,0.5399090051651001,0.4719560146331787,0.5269326567649841,0.4333375096321106,0.5193637013435364,0.40584713220596313,0.5572056174278259,0.5401132702827454,0.5349261164665222,0.4779655635356903,0.5182883143424988,0.44320183992385864,0.5108217000961304,0.41729700565338135,0.54257732629776,0.552763819694519,0.5261213779449463,0.5123271942138672,0.5170243978500366,0.48477545380592346,0.5109648704528809,0.46086448431015015,holy
0.5436325669288635,0.8250548839569092,0.5596970319747925,0.801652729511261,0.5696539878845215,0.7725570201873779,0.574792742729187,0.7504110932350159,0.5771711468696594,0.733112633228302,0.5618305802345276,0.7595454454421997,0.5691154599189758,0.7295479774475098,0.5729918479919434,0.7052393555641174,0.5762086510658264,0.6864864826202393,0.558692991733551,0.7598930597305298,0.5613678693771362,0.725830078125,0.5643506646156311,0.7004364728927612,0.5684711933135986,0.679013192653656,0.5577771067619324,0.7641940116882324,0.5606779456138611,0.7302557229995728,0.5622855424880981,0.7055913805961609,0.5646776556968689,0.6845144033432007,0.5596328973770142,0.7729248404502869,0.5614132285118103,0.7491182088851929,0.5614967346191406,0.7304493188858032,0.5620492696762085,0.7130648493766785,,,,,,,,,,,,,,,,,,,,,,,,,,,,,,,,,,,,,,,,,,,holy
0.45390820503234863,0.6670536994934082,0.46955782175064087,0.6270570755004883,0.46909099817276,0.5747372508049011,0.46551012992858887,0.537390410900116,0.4674932062625885,0.5073826313018799,0.4534044861793518,0.5544911623001099,0.4593139886856079,0.5039812922477722,0.4636733829975128,0.4650559425354004,0.46569275856018066,0.4324282705783844,0.44966670870780945,0.5556039214134216,0.45633044838905334,0.4993208944797516,0.4621843695640564,0.4569427967071533,0.4675431549549103,0.41785871982574463,0.45068028569221497,0.5601587891578674,0.4555932283401489,0.5033978819847107,0.4607519209384918,0.46466758847236633,0.46428701281547546,0.43036073446273804,0.4594775438308716,0.5689281225204468,0.4599364697933197,0.5275599360466003,0.46041375398635864,0.49673259258270264,0.46206146478652954,0.46988171339035034,,,,,,,,,,,,,,,,,,,,,,,,,,,,,,,,,,,,,,,,,,,holy
0.4527762532234192,0.49514031410217285,0.47359877824783325,0.4569353759288788,0.47829365730285645,0.41657841205596924,0.4772479832172394,0.3866768479347229,0.47618329524993896,0.363023042678833,0.4721778333187103,0.41275861859321594,0.4741443395614624,0.36959630250930786,0.4750964641571045,0.33590954542160034,0.4735673666000366,0.30820369720458984,0.4650561511516571,0.41307562589645386,0.4679039716720581,0.3674868941307068,0.4691852331161499,0.3330158591270447,0.4712460935115814,0.3025398850440979,0.4550906717777252,0.41352200508117676,0.45963841676712036,0.37019267678260803,0.46081826090812683,0.33915644884109497,0.46127358078956604,0.3124871253967285,0.4424760043621063,0.41550278663635254,0.4464150071144104,0.38336020708084106,0.4471915364265442,0.36012789607048035,0.4463658034801483,0.33951812982559204,,,,,,,,,,,,,,,,,,,,,,,,,,,,,,,,,,,,,,,,,,,holy
0.47413867712020874,0.7820698618888855,0.4757407307624817,0.7513885498046875,0.48035725951194763,0.7153209447860718,0.4865924119949341,0.6877603530883789,0.4903460144996643,0.6663386225700378,0.48123428225517273,0.7036182284355164,0.4901670217514038,0.6627141237258911,0.49466025829315186,0.6344802379608154,0.49685293436050415,0.6113609671592712,0.48468708992004395,0.7058579921722412,0.49488773941993713,0.6601786017417908,0.5001114010810852,0.6293072700500488,0.5030788779258728,0.602206289768219,0.4905688464641571,0.7134435176849365,0.49994510412216187,0.6687570810317993,0.5032796263694763,0.6407198309898376,0.5049749612808228,0.6152663230895996,0.49825015664100647,0.7257625460624695,0.5019916892051697,0.6965926289558411,0.5019204616546631,0.6749849319458008,0.5022995471954346,0.6551439166069031,0.5264970660209656,0.7850328087806702,0.5174248814582825,0.757270336151123,0.510433554649353,0.7214816212654114,0.5074669122695923,0.6929306387901306,0.5026649236679077,0.6719382405281067,0.5246631503105164,0.6961168646812439,0.5129754543304443,0.6582333445549011,0.5062307119369507,0.6329962611198425,0.5022216439247131,0.6116587519645691,0.5293434858322144,0.6986335515975952,0.516086995601654,0.6528697609901428,0.5094244480133057,0.6259350776672363,0.5053113698959351,0.60312819480896,0.5298789739608765,0.7079517841339111,0.5171023011207581,0.6642671823501587,0.5098140239715576,0.6387965679168701,0.5052968263626099,0.6170949339866638,0.5265729427337646,0.7223973274230957,0.5173094868659973,0.696946382522583,0.5096950531005859,0.6770989298820496,0.503531813621521,0.6590284109115601,holy
0.4886474311351776,0.6429240107536316,0.5038298964500427,0.617538332939148,0.5093746781349182,0.5892747044563293,0.511762797832489,0.5678098797798157,0.5121894478797913,0.5510764122009277,0.49323633313179016,0.5803978443145752,0.5058742761611938,0.5481361746788025,0.5104502439498901,0.523737370967865,0.5123459100723267,0.5045650005340576,0.496313214302063,0.5811173319816589,0.505763828754425,0.543217658996582,0.5100554823875427,0.5181775093078613,0.5125210881233215,0.4979133605957031,0.5049386024475098,0.5853896737098694,0.5159271955490112,0.5476524829864502,0.518979012966156,0.5255430340766907,0.5215136408805847,0.5072615146636963,0.5221602320671082,0.5932884812355042,0.5283041000366211,0.5673375725746155,0.5285781621932983,0.5492027401924133,0.5293435454368591,0.5327612161636353,,,,,,,,,,,,,,,,,,,,,,,,,,,,,,,,,,,,,,,,,,,holy
0.5786187052726746,0.6070572733879089,0.5969541668891907,0.5606980919837952,0.584372341632843,0.5124773383140564,0.5710468888282776,0.4780009984970093,0.558639645576477,0.45126473903656006,0.5756168961524963,0.49156174063682556,0.5535597801208496,0.43143805861473083,0.5386180877685547,0.3904504179954529,0.5285085439682007,0.35599246621131897,0.5733264684677124,0.49539685249328613,0.5461915731430054,0.423919141292572,0.5298377275466919,0.3784167170524597,0.519934892654419,0.3430238962173462,0.5603065490722656,0.505780816078186,0.5342093110084534,0.43564021587371826,0.5170336961746216,0.39329442381858826,0.5090722441673279,0.359832763671875,0.5379159450531006,0.5218210816383362,0.5204294323921204,0.4718896746635437,0.5106058120727539,0.44003647565841675,0.5045648813247681,0.41176342964172363,0.4586483836174011,0.6174085140228271,0.5084710121154785,0.590714156627655,0.5312010645866394,0.5373424887657166,0.534162163734436,0.497345507144928,0.5305085182189941,0.4667915403842926,0.545203685760498,0.5145998597145081,0.533394992351532,0.4574933350086212,0.5317509174346924,0.41535794734954834,0.5305750370025635,0.3824581205844879,0.5356189012527466,0.5150809288024902,0.5231466293334961,0.4510895013809204,0.5209062099456787,0.4067017138004303,0.5136052370071411,0.37615108489990234,0.5157427787780762,0.5169338583946228,0.5068765878677368,0.45335501432418823,0.5047124624252319,0.4084755778312683,0.5016818046569824,0.377957820892334,0.48613879084587097,0.5200084447860718,0.48761171102523804,0.46464991569519043,0.4909288287162781,0.4279303550720215,0.4912734031677246,0.4017571806907654,holy
0.5012893676757812,0.5989065766334534,0.518756628036499,0.573833703994751,0.5257071852684021,0.5424274802207947,0.5315135717391968,0.5174767971038818,0.5307561159133911,0.4982580542564392,0.5126146078109741,0.5269742608070374,0.5163943767547607,0.4881799817085266,0.518165111541748,0.4632324278354645,0.5189963579177856,0.44325369596481323,0.5093502402305603,0.5291527509689331,0.5129820704460144,0.48396217823028564,0.5173773169517517,0.45764800906181335,0.5196895003318787,0.43528395891189575,0.5077750086784363,0.536529004573822,0.5091758966445923,0.4938283860683441,0.5112833976745605,0.46993178129196167,0.5121733546257019,0.44931718707084656,0.5100830793380737,0.5478792786598206,0.5121160745620728,0.5225189328193665,0.5118995904922485,0.5034392476081848,0.5108374357223511,0.4858139157295227,,,,,,,,,,,,,,,,,,,,,,,,,,,,,,,,,,,,,,,,,,,holy
0.5168040990829468,0.510033369064331,0.5172713994979858,0.48342686891555786,0.516846776008606,0.44590625166893005,0.5138440728187561,0.41677582263946533,0.5110430121421814,0.3938506245613098,0.5256317257881165,0.42836642265319824,0.5177557468414307,0.38661321997642517,0.5133819580078125,0.3556648790836334,0.5095680356025696,0.3304239809513092,0.5252922773361206,0.4300685524940491,0.5161526203155518,0.38078102469444275,0.5098421573638916,0.34535372257232666,0.5046994090080261,0.31703847646713257,0.5211746096611023,0.43316906690597534,0.5138747692108154,0.3839948773384094,0.5079020261764526,0.352017343044281,0.5040881633758545,0.326831579208374,0.5137117505073547,0.4384846091270447,0.5085492730140686,0.40423494577407837,0.5044503211975098,0.37846511602401733,0.5017948150634766,0.35774239897727966,,,,,,,,,,,,,,,,,,,,,,,,,,,,,,,,,,,,,,,,,,,holy
0.46041375398635864,0.6556164622306824,0.46778038144111633,0.6319428086280823,0.475159615278244,0.6075039505958557,0.48155227303504944,0.5892686247825623,0.4834180772304535,0.5736234188079834,0.47641128301620483,0.5953203439712524,0.48389869928359985,0.5640420317649841,0.48655012249946594,0.5414536595344543,0.48850834369659424,0.5241491198539734,0.47332486510276794,0.5968624353408813,0.47998374700546265,0.562881350517273,0.48394128680229187,0.5387636423110962,0.4876708686351776,0.5190650224685669,0.471046507358551,0.6042532920837402,0.47678881883621216,0.5738158226013184,0.47948476672172546,0.5530369877815247,0.4820028245449066,0.5353623032569885,0.4712461531162262,0.6160041093826294,0.4759536385536194,0.6007899045944214,0.4788021147251129,0.5888397693634033,0.4819602072238922,0.5772171020507812,,,,,,,,,,,,,,,,,,,,,,,,,,,,,,,,,,,,,,,,,,,holy
0.5243415236473083,0.5429106950759888,0.5318916440010071,0.5080138444900513,0.5238308310508728,0.4720323383808136,0.5178804397583008,0.4453258514404297,0.509067714214325,0.42435798048973083,0.5270042419433594,0.46085116267204285,0.5119874477386475,0.4136897921562195,0.5038577914237976,0.37936264276504517,0.49960827827453613,0.35054656863212585,0.5285497903823853,0.4635779857635498,0.5067443251609802,0.4089815616607666,0.495869517326355,0.37011682987213135,0.49113205075263977,0.3395118713378906,0.5200268030166626,0.4687877893447876,0.5014865398406982,0.41455477476119995,0.49057868123054504,0.37717461585998535,0.48651760816574097,0.34703391790390015,0.5031571984291077,0.47706785798072815,0.4908476769924164,0.43498650193214417,0.4837262034416199,0.40665218234062195,0.4805222153663635,0.38206279277801514,,,,,,,,,,,,,,,,,,,,,,,,,,,,,,,,,,,,,,,,,,,holy
0.5091708302497864,0.3396928310394287,0.5121644735336304,0.31137603521347046,0.5227898359298706,0.2802271842956543,0.5323104858398438,0.25734829902648926,0.5406942367553711,0.23917336761951447,0.5213744044303894,0.2706792950630188,0.532913863658905,0.23543697595596313,0.5408936738967896,0.20588059723377228,0.547493040561676,0.1814245879650116,0.5233377814292908,0.27223652601242065,0.5320424437522888,0.23389074206352234,0.5381522178649902,0.20121395587921143,0.5443496704101562,0.17196807265281677,0.5290963649749756,0.2776090204715729,0.5396277904510498,0.24071839451789856,0.5446985960006714,0.21315522491931915,0.5501105189323425,0.18830488622188568,0.5385488867759705,0.28702661395072937,0.5438968539237976,0.2601347863674164,0.5453188419342041,0.23968882858753204,0.548042893409729,0.22129057347774506,0.5777886509895325,0.3470381796360016,0.5844239592552185,0.3202895224094391,0.5808746218681335,0.28479284048080444,0.5782649517059326,0.25938817858695984,0.573620080947876,0.23879806697368622,0.5854129791259766,0.2770507335662842,0.5741238594055176,0.23733873665332794,0.5642741918563843,0.20343270897865295,0.5564582347869873,0.17658308148384094,0.5859764814376831,0.2795705795288086,0.5715599060058594,0.2352701723575592,0.5602247714996338,0.19709055125713348,0.5511280298233032,0.16662655770778656,0.5812568664550781,0.28387847542762756,0.5694287419319153,0.2401018589735031,0.5583338737487793,0.2059321105480194,0.5509349703788757,0.18038693070411682,0.5715145468711853,0.2898370027542114,0.5611853003501892,0.25738444924354553,0.5550196170806885,0.2324363738298416,0.5504801273345947,0.21194061636924744,holy
0.5283558368682861,0.5813040733337402,0.5458022356033325,0.5536075234413147,0.5451475381851196,0.5179336071014404,0.5384425520896912,0.49106934666633606,0.5283066034317017,0.47199103236198425,0.5392300486564636,0.5033212900161743,0.5229799747467041,0.46531417965888977,0.5130510330200195,0.4369252026081085,0.5055471062660217,0.41288119554519653,0.5345121026039124,0.5065488219261169,0.515529990196228,0.4616878032684326,0.5024772882461548,0.4289059638977051,0.49570462107658386,0.40136098861694336,0.5235841870307922,0.5145732164382935,0.5097562074661255,0.46994662284851074,0.4979781210422516,0.440228670835495,0.49310505390167236,0.41657206416130066,0.5068382024765015,0.52678382396698,0.5004502534866333,0.4965985119342804,0.4932553768157959,0.4735620319843292,0.4892164468765259,0.4542942941188812,,,,,,,,,,,,,,,,,,,,,,,,,,,,,,,,,,,,,,,,,,,holy
0.5020174384117126,0.8431791067123413,0.5118913650512695,0.8128212690353394,0.5234729647636414,0.774034857749939,0.5295845866203308,0.7434671521186829,0.5299146771430969,0.718970537185669,0.5287708640098572,0.7599310874938965,0.5350403785705566,0.7211115956306458,0.5364026427268982,0.6892755627632141,0.5373154878616333,0.6628981232643127,0.522555947303772,0.7605384588241577,0.5236198902130127,0.7166321277618408,0.5242652297019958,0.6821545362472534,0.5274470448493958,0.6512324213981628,0.5166507363319397,0.7623940110206604,0.517092764377594,0.7195401191711426,0.517504096031189,0.6860078573226929,0.5186925530433655,0.6562864780426025,0.5136327147483826,0.7679006457328796,0.5138392448425293,0.734396755695343,0.5130601525306702,0.7086856961250305,0.5134071707725525,0.6855123043060303,,,,,,,,,,,,,,,,,,,,,,,,,,,,,,,,,,,,,,,,,,,holy
0.44439807534217834,0.7144503593444824,0.4464731216430664,0.6838727593421936,0.44912001490592957,0.6467928886413574,0.4549700915813446,0.6198614239692688,0.46253347396850586,0.6004093885421753,0.4397853910923004,0.6369362473487854,0.4575512111186981,0.5983409881591797,0.4695632755756378,0.5724468231201172,0.4791797995567322,0.5511607527732849,0.4414796829223633,0.6393157839775085,0.4582381546497345,0.5966818332672119,0.47225654125213623,0.570041835308075,0.4859723448753357,0.5465332269668579,0.4490694999694824,0.6465814709663391,0.46090495586395264,0.6041206121444702,0.4704144597053528,0.5789345502853394,0.4792555868625641,0.556624710559845,0.4636812210083008,0.6582866311073303,0.4627632200717926,0.6297312378883362,0.46096497774124146,0.6101824641227722,0.4601776897907257,0.5919272303581238,,,,,,,,,,,,,,,,,,,,,,,,,,,,,,,,,,,,,,,,,,,holy
0.42701661586761475,0.5633957982063293,0.42466050386428833,0.5337194204330444,0.43265247344970703,0.5026784539222717,0.44446250796318054,0.4796149730682373,0.4524800181388855,0.4626922905445099,0.4303646385669708,0.4939018189907074,0.4394605755805969,0.4607192873954773,0.44448617100715637,0.43535926938056946,0.44851425290107727,0.4150029420852661,0.43474510312080383,0.49665728211402893,0.442767858505249,0.4593594968318939,0.44845375418663025,0.4305356442928314,0.4538024067878723,0.4051665663719177,0.44362401962280273,0.5046819448471069,0.45194390416145325,0.4679822623729706,0.45578834414482117,0.4428761601448059,0.4597308337688446,0.4204476475715637,0.45737966895103455,0.5179750323295593,0.4612948000431061,0.4962712526321411,0.46052831411361694,0.47962966561317444,0.4612123668193817,0.4643862247467041,,,,,,,,,,,,,,,,,,,,,,,,,,,,,,,,,,,,,,,,,,,holy
0.47134292125701904,0.604011058807373,0.48237088322639465,0.5768681168556213,0.49030643701553345,0.5460247993469238,0.4944266378879547,0.5240430235862732,0.49940186738967896,0.5052356719970703,0.47866517305374146,0.5336427092552185,0.4914765954017639,0.4959287643432617,0.500783383846283,0.46607378125190735,0.5072213411331177,0.4424012303352356,0.48003116250038147,0.5328958630561829,0.4893910586833954,0.490622341632843,0.4968281388282776,0.4588639438152313,0.5030286312103271,0.43199145793914795,0.4851827323436737,0.5351423621177673,0.4949829876422882,0.49350062012672424,0.5006733536720276,0.4644898474216461,0.505587100982666,0.43965888023376465,0.4944652020931244,0.5415053367614746,0.49911239743232727,0.510930061340332,0.5014857053756714,0.4884825646877289,0.5041311383247375,0.4686792194843292,,,,,,,,,,,,,,,,,,,,,,,,,,,,,,,,,,,,,,,,,,,holy
0.5383204221725464,0.6390819549560547,0.5287527441978455,0.6144145727157593,0.525181233882904,0.5793039202690125,0.5229077339172363,0.5531837940216064,0.5199687480926514,0.5320665240287781,0.5469794273376465,0.5596656203269958,0.5361443161964417,0.5198371410369873,0.5301075577735901,0.4933061897754669,0.5260297060012817,0.47173988819122314,0.5517759323120117,0.5612331032752991,0.5395275354385376,0.5134424567222595,0.5309014916419983,0.48473578691482544,0.5266066789627075,0.45957499742507935,0.5510251522064209,0.5656834244728088,0.5411475896835327,0.5201212167739868,0.5330203175544739,0.4925597310066223,0.5297687649726868,0.4691315293312073,0.5467618107795715,0.5732788443565369,0.5405842065811157,0.5413652062416077,0.5361452102661133,0.5197734832763672,0.534744381904602,0.5012667179107666,0.47528135776519775,0.6413214206695557,0.509338915348053,0.6186767816543579,0.5246803760528564,0.5836828947067261,0.528207004070282,0.5572995543479919,0.5324469208717346,0.5367185473442078,0.5229275822639465,0.5730230212211609,0.5281615853309631,0.5353459119796753,0.5315589308738708,0.5035434365272522,0.5318870544433594,0.47881120443344116,0.5208835601806641,0.5713178515434265,0.5246880054473877,0.5272207856178284,0.5278962850570679,0.4928642809391022,0.5283390283584595,0.46655985713005066,0.5193087458610535,0.5715605020523071,0.5233799815177917,0.525527834892273,0.5244860649108887,0.4927172362804413,0.5256748795509338,0.4668181240558624,0.5180116295814514,0.5762879252433777,0.5232487320899963,0.5394842624664307,0.5254102945327759,0.513319730758667,0.5264679789543152,0.4920787811279297,holy
0.5066244006156921,0.6336654424667358,0.5155931115150452,0.6121178269386292,0.5217293500900269,0.5834092497825623,0.5250709056854248,0.5615510940551758,0.5248622894287109,0.5452512502670288,0.528965413570404,0.573432981967926,0.5360115766525269,0.541088342666626,0.5376591682434082,0.518481433391571,0.5375392436981201,0.5006600618362427,0.5301797986030579,0.5763286352157593,0.5347335338592529,0.5393521189689636,0.5355480909347534,0.5150091052055359,0.5346606969833374,0.49475836753845215,0.5302760601043701,0.5835865139961243,0.5333004593849182,0.5483638048171997,0.5329620242118835,0.5261637568473816,0.5315813422203064,0.5069568157196045,0.5303670763969421,0.5945674180984497,0.5304907560348511,0.5730537176132202,0.5297514796257019,0.5564585328102112,0.5292875170707703,0.5412287712097168,,,,,,,,,,,,,,,,,,,,,,,,,,,,,,,,,,,,,,,,,,,holy
0.5306035876274109,0.3740629553794861,0.544282078742981,0.3620848059654236,0.5533776879310608,0.33990412950515747,0.5542727708816528,0.3241681456565857,0.5505684018135071,0.310841828584671,0.5554041862487793,0.32631033658981323,0.5517581701278687,0.3012320399284363,0.5470744371414185,0.2827320992946625,0.5416660308837891,0.2681303024291992,0.5513699650764465,0.3253253400325775,0.5447803139686584,0.29771143198013306,0.5379705429077148,0.27809828519821167,0.5317996144294739,0.26141050457954407,0.5423144102096558,0.325435072183609,0.5375427603721619,0.2983650267124176,0.5313661694526672,0.27977874875068665,0.5250058174133301,0.26456499099731445,0.5290868282318115,0.3269645571708679,0.5253263711929321,0.30578115582466125,0.522297739982605,0.2912540137767792,0.5190967321395874,0.27936574816703796,,,,,,,,,,,,,,,,,,,,,,,,,,,,,,,,,,,,,,,,,,,holy
0.5035370588302612,0.5627620220184326,0.4944726824760437,0.5483579635620117,0.4922780394554138,0.529365062713623,0.488193154335022,0.5161963105201721,0.48394203186035156,0.5051370859146118,0.5179886817932129,0.5177035331726074,0.5056405067443848,0.49330613017082214,0.49621933698654175,0.4752807021141052,0.48815298080444336,0.4615177512168884,0.5201348662376404,0.5180039405822754,0.5078596472740173,0.4882752597332001,0.49626490473747253,0.4692271947860718,0.48603296279907227,0.45540493726730347,0.5149469375610352,0.5197215676307678,0.5039092898368835,0.4903983473777771,0.4922012984752655,0.4723997712135315,0.48379427194595337,0.459141343832016,0.5019665360450745,0.5225300788879395,0.4930786192417145,0.5009180903434753,0.4851433038711548,0.4863070547580719,0.4791514575481415,0.47541841864585876,,,,,,,,,,,,,,,,,,,,,,,,,,,,,,,,,,,,,,,,,,,holy
0.5177800059318542,0.45023560523986816,0.5193429589271545,0.4291829466819763,0.5177805423736572,0.40545615553855896,0.5136372447013855,0.38764429092407227,0.5082923173904419,0.375406414270401,0.5238234400749207,0.38996851444244385,0.5169840455055237,0.36431825160980225,0.5116668939590454,0.35205480456352234,0.5089516639709473,0.3414590060710907,0.5229890942573547,0.3930835425853729,0.5121361613273621,0.363850861787796,0.508056640625,0.35025954246520996,0.5058363676071167,0.33873626589775085,0.5195953845977783,0.39870724081993103,0.5091361999511719,0.370999813079834,0.5048752427101135,0.35641103982925415,0.502754271030426,0.3438301384449005,0.515239417552948,0.4057799279689789,0.5078900456428528,0.38694751262664795,0.5057864189147949,0.37477293610572815,0.5054149031639099,0.3635281026363373,,,,,,,,,,,,,,,,,,,,,,,,,,,,,,,,,,,,,,,,,,,holy
0.48737987875938416,0.5014445781707764,0.49412453174591064,0.48052680492401123,0.49411502480506897,0.45208799839019775,0.4895274341106415,0.4302915334701538,0.4844958782196045,0.4134484827518463,0.49185711145401,0.432611882686615,0.4847673773765564,0.3973596394062042,0.48092809319496155,0.37045490741729736,0.47819992899894714,0.349786639213562,0.4908022880554199,0.43280601501464844,0.4818859398365021,0.39190858602523804,0.4778948128223419,0.3643641769886017,0.4754432737827301,0.34234389662742615,0.48785924911499023,0.43625450134277344,0.4803217947483063,0.3974934220314026,0.4761112928390503,0.37239187955856323,0.4734131395816803,0.35269635915756226,0.4837442636489868,0.443095326423645,0.47904515266418457,0.41576871275901794,0.475478857755661,0.3964793086051941,0.47265782952308655,0.380925714969635,,,,,,,,,,,,,,,,,,,,,,,,,,,,,,,,,,,,,,,,,,,holy
0.5001335740089417,0.6535101532936096,0.5067685842514038,0.6306554675102234,0.5125414133071899,0.6032425165176392,0.5126385688781738,0.5812335014343262,0.511322557926178,0.5633309483528137,0.5146649479866028,0.5878568887710571,0.5109518766403198,0.5546902418136597,0.5081171989440918,0.5298552513122559,0.5056842565536499,0.5101883411407471,0.5123957395553589,0.5881456136703491,0.5082194209098816,0.5499324798583984,0.505651593208313,0.5239709615707397,0.5043631196022034,0.5019199252128601,0.5076159238815308,0.5908770561218262,0.5038759112358093,0.5543267726898193,0.5012067556381226,0.5307329297065735,0.49979695677757263,0.5110893249511719,0.5012107491493225,0.5964748859405518,0.49960240721702576,0.5725576281547546,0.49812179803848267,0.5546337366104126,0.4979255199432373,0.5388873815536499,,,,,,,,,,,,,,,,,,,,,,,,,,,,,,,,,,,,,,,,,,,holy
0.3838403820991516,0.6745726466178894,0.3908878266811371,0.6247671842575073,0.399526447057724,0.5786553025245667,0.4094217121601105,0.5443296432495117,0.4168732464313507,0.5177475214004517,0.38644319772720337,0.5660954117774963,0.4006486237049103,0.5164334774017334,0.4113062918186188,0.4801589548587799,0.4222675859928131,0.4501166343688965,0.38613903522491455,0.5689831972122192,0.3979218304157257,0.5132118463516235,0.4108254909515381,0.4741206169128418,0.4255273640155792,0.4393323063850403,0.39433735609054565,0.5781199932098389,0.40505269169807434,0.5223718881607056,0.41521504521369934,0.48590087890625,0.4254360496997833,0.45365095138549805,0.4133298993110657,0.5941201448440552,0.4166633188724518,0.5538021326065063,0.41785216331481934,0.5254214406013489,0.42116281390190125,0.49926671385765076,0.4733949601650238,0.6683332920074463,0.48859065771102905,0.6303153038024902,0.49039286375045776,0.5870058536529541,0.48904117941856384,0.5505421161651611,0.4834279716014862,0.5228714942932129,0.4829220771789551,0.5612097978591919,0.4703579843044281,0.5099287629127502,0.4607665538787842,0.4771445691585541,0.45436322689056396,0.4489747881889343,0.4770815968513489,0.562802255153656,0.4666265845298767,0.5060557126998901,0.45519644021987915,0.47113293409347534,0.4475349485874176,0.4407690167427063,0.467912882566452,0.573435366153717,0.4573867917060852,0.5204554796218872,0.4470306634902954,0.4872843623161316,0.44111669063568115,0.45992007851600647,0.4559057056903839,0.5898054838180542,0.44491446018218994,0.552656352519989,0.4389452040195465,0.5265581607818604,0.4362495541572571,0.5035983920097351,holy
0.48346489667892456,0.44387543201446533,0.4903009831905365,0.42099636793136597,0.4970526695251465,0.3966662585735321,0.5024281740188599,0.3789358139038086,0.5090465545654297,0.3650822341442108,0.4930557906627655,0.391114741563797,0.49939200282096863,0.365665078163147,0.5043855905532837,0.3438716232776642,0.5078825950622559,0.3262748718261719,0.49505674839019775,0.39035969972610474,0.4988247752189636,0.36170968413352966,0.5031960606575012,0.3383650481700897,0.5072895288467407,0.3173072338104248,0.5000377893447876,0.39252620935440063,0.503109872341156,0.3633546233177185,0.5054066777229309,0.3424958288669586,0.5084673762321472,0.3233150243759155,0.5081073045730591,0.3983037769794464,0.5069979429244995,0.37466827034950256,0.5068354606628418,0.3576918840408325,0.5080446600914001,0.3423854112625122,0.5402695536613464,0.4347299635410309,0.5430256128311157,0.41247421503067017,0.5443367958068848,0.38837549090385437,0.543773889541626,0.3710612952709198,0.5382207632064819,0.35782182216644287,0.5515593886375427,0.3820134103298187,0.5396914482116699,0.3533625304698944,0.5320960283279419,0.3339429199695587,0.527775764465332,0.31859463453292847,0.5519304871559143,0.38531598448753357,0.5381393432617188,0.35320284962654114,0.5285144448280334,0.33155807852745056,0.5219686627388,0.31398165225982666,0.5463905930519104,0.3896053731441498,0.5328534841537476,0.35857364535331726,0.5225553512573242,0.33904963731765747,0.5172021389007568,0.3236258924007416,0.5361389517784119,0.394829660654068,0.5262250900268555,0.37135639786720276,0.5201734900474548,0.3560890555381775,0.5168150067329407,0.34355640411376953,holy
0.49624037742614746,0.6375473141670227,0.5044733285903931,0.587496817111969,0.5022208094596863,0.5271682143211365,0.4981924295425415,0.4836835265159607,0.4915982782840729,0.45118117332458496,0.5030216574668884,0.4985038936138153,0.4875693917274475,0.42849230766296387,0.47922787070274353,0.38050490617752075,0.47471678256988525,0.34329044818878174,0.5020872950553894,0.504336416721344,0.4858637750148773,0.4253425896167755,0.4774872064590454,0.3743310272693634,0.4730440080165863,0.33134108781814575,0.49671828746795654,0.5201489925384521,0.48134297132492065,0.4462415874004364,0.4718412160873413,0.3969176411628723,0.4670669436454773,0.35558658838272095,0.48842084407806396,0.5430382490158081,0.47654351592063904,0.5014397501945496,0.47112327814102173,0.4699071943759918,0.46806082129478455,0.43928584456443787,,,,,,,,,,,,,,,,,,,,,,,,,,,,,,,,,,,,,,,,,,,holy
0.3371467888355255,0.531907856464386,0.39877885580062866,0.525985598564148,0.446821928024292,0.4949442744255066,0.45883703231811523,0.4548022449016571,0.4398591220378876,0.43255409598350525,0.43545788526535034,0.4502772092819214,0.43994584679603577,0.418558269739151,0.4246033728122711,0.455392062664032,0.4226810038089752,0.4701307415962219,0.4008450210094452,0.44649583101272583,0.4054524302482605,0.41511476039886475,0.3947800397872925,0.4589082598686218,0.39780402183532715,0.46596550941467285,0.36687690019607544,0.44602471590042114,0.37344974279403687,0.41800937056541443,0.3660410940647125,0.45910367369651794,0.3676069378852844,0.46754929423332214,0.3315439820289612,0.4461207687854767,0.3396265506744385,0.42802852392196655,0.3387913703918457,0.45634961128234863,0.3376069962978363,0.46570542454719543,,,,,,,,,,,,,,,,,,,,,,,,,,,,,,,,,,,,,,,,,,,fist
0.7093297839164734,0.8681004047393799,0.6832900643348694,0.887324869632721,0.677882969379425,0.9155711531639099,0.6754873991012573,0.9408811926841736,0.6734902858734131,0.9596400260925293,0.7242727875709534,0.9259672164916992,0.711581289768219,0.9616416692733765,0.6973402500152588,0.9799036979675293,0.686005175113678,0.9920833110809326,0.7372685074806213,0.9266222715377808,0.7207409739494324,0.9616347551345825,0.704038679599762,0.9793075919151306,0.6895071268081665,0.9909200668334961,0.7401837706565857,0.9265922904014587,0.7253165245056152,0.9573448896408081,0.7097753286361694,0.9733564853668213,0.6957394480705261,0.9836982488632202,0.7368931174278259,0.926540732383728,0.7266395092010498,0.9510490894317627,0.7131022214889526,0.9660227298736572,0.7002516984939575,0.9755651950836182,0.19341540336608887,0.4418404996395111,0.23486165702342987,0.43768054246902466,0.26750651001930237,0.4153555631637573,0.2711755633354187,0.3896571397781372,0.24952051043510437,0.3827999234199524,0.24637140333652496,0.38840001821517944,0.23911766707897186,0.3685387969017029,0.2357621043920517,0.39126667380332947,0.23838680982589722,0.4046092927455902,0.22149169445037842,0.38851815462112427,0.2166949063539505,0.36923572421073914,0.21940651535987854,0.39483365416526794,0.2245587259531021,0.40412449836730957,0.19951468706130981,0.3905649483203888,0.19514936208724976,0.3727397322654724,0.1990363448858261,0.3964184820652008,0.20367437601089478,0.40654394030570984,0.1779060959815979,0.39345988631248474,0.17626464366912842,0.37773531675338745,0.18023531138896942,0.3944781720638275,0.18334200978279114,0.4044463634490967,fist
0.3782117962837219,0.3922400176525116,0.40730100870132446,0.38204923272132874,0.42656323313713074,0.3655671179294586,0.42979204654693604,0.349738746881485,0.4209037721157074,0.34102505445480347,0.4178609251976013,0.35231679677963257,0.42358142137527466,0.3441408574581146,0.41696545481681824,0.3555040955543518,0.4136419892311096,0.35982194542884827,0.40410321950912476,0.35022327303886414,0.40649086236953735,0.3457660973072052,0.4023348391056061,0.35891976952552795,0.4018678367137909,0.3611132502555847,0.39087191224098206,0.35029521584510803,0.3929801881313324,0.34793421626091003,0.3911595940589905,0.3601362407207489,0.3914203345775604,0.36221420764923096,0.37811821699142456,0.35135796666145325,0.38254693150520325,0.3495093882083893,0.38154393434524536,0.35779520869255066,0.3806605935096741,0.3601415455341339,,,,,,,,,,,,,,,,,,,,,,,,,,,,,,,,,,,,,,,,,,,fist
0.7682856917381287,0.4799627661705017,0.7008698582649231,0.46219807863235474,0.6521071791648865,0.4146970808506012,0.6338378190994263,0.3687669038772583,0.6466963887214661,0.34173232316970825,0.6759247779846191,0.37490394711494446,0.6919735670089722,0.3381692171096802,0.6963270902633667,0.3750418722629547,0.6869506239891052,0.39208221435546875,0.7149606347084045,0.37714773416519165,0.7296417355537415,0.34308508038520813,0.729086697101593,0.3880586326122284,0.7136368155479431,0.39707648754119873,0.7534089088439941,0.38195404410362244,0.7662922739982605,0.35349589586257935,0.7609394192695618,0.39902323484420776,0.7456516027450562,0.4117288589477539,0.7886493802070618,0.3906983435153961,0.7969558238983154,0.37059321999549866,0.7907978296279907,0.4025992453098297,0.7793015241622925,0.41460615396499634,,,,,,,,,,,,,,,,,,,,,,,,,,,,,,,,,,,,,,,,,,,fist
0.4148125946521759,0.51188725233078,0.4384986162185669,0.4939475655555725,0.45686089992523193,0.4671836793422699,0.4570019245147705,0.43854737281799316,0.4422968626022339,0.42235657572746277,0.44341349601745605,0.43551942706108093,0.4489137828350067,0.4159129559993744,0.44742244482040405,0.44106507301330566,0.445869117975235,0.45106571912765503,0.4286558926105499,0.43320178985595703,0.43338334560394287,0.416608065366745,0.43360191583633423,0.44802457094192505,0.4315135180950165,0.45464664697647095,0.4136112332344055,0.4349116384983063,0.41896218061447144,0.41752421855926514,0.4204186797142029,0.44902098178863525,0.417443186044693,0.458182156085968,0.3966091275215149,0.4387884736061096,0.4039726257324219,0.4224204123020172,0.4074247479438782,0.4433957040309906,0.4049684405326843,0.4529944658279419,,,,,,,,,,,,,,,,,,,,,,,,,,,,,,,,,,,,,,,,,,,fist
0.7741608023643494,0.8297982215881348,0.7336880564689636,0.8444918394088745,0.719228982925415,0.876420795917511,0.7138646841049194,0.9074136018753052,0.711002767086029,0.9338918328285217,0.7819841504096985,0.9036931395530701,0.76753830909729,0.9488406777381897,0.7373985052108765,0.9502816796302795,0.7219627499580383,0.9400365352630615,0.7995142936706543,0.90474534034729,0.7765305042266846,0.9480900168418884,0.7449555993080139,0.9461905360221863,0.7283468842506409,0.9367348551750183,0.8043845295906067,0.903645396232605,0.7816258668899536,0.9403955936431885,0.7525708675384521,0.9382542371749878,0.7373800873756409,0.9279994368553162,0.8021629452705383,0.9010087847709656,0.7847843170166016,0.9304785132408142,0.7606616020202637,0.9318506717681885,0.7472997307777405,0.9236931204795837,0.3001301884651184,0.3194890022277832,0.3410031497478485,0.31546515226364136,0.3710140287876129,0.30262213945388794,0.3831709623336792,0.2820039689540863,0.38058286905288696,0.2639002799987793,0.35721397399902344,0.276007741689682,0.3623010218143463,0.26117801666259766,0.35916954278945923,0.27185389399528503,0.35440513491630554,0.2838592827320099,0.3375084698200226,0.2715147137641907,0.3458489775657654,0.25550660490989685,0.34236985445022583,0.27219945192337036,0.335891455411911,0.28692904114723206,0.31726688146591187,0.2692563235759735,0.32631880044937134,0.2534879744052887,0.32466229796409607,0.2720392048358917,0.31913554668426514,0.2873287796974182,0.2942529618740082,0.2686816453933716,0.30558350682258606,0.25723403692245483,0.3079453110694885,0.27075856924057007,0.3061024844646454,0.2830919921398163,fist
0.16060468554496765,0.3885253667831421,0.19136421382427216,0.3890703618526459,0.21974487602710724,0.37078791856765747,0.20827420055866241,0.3412453532218933,0.19094176590442657,0.3215835988521576,0.24509750306606293,0.33400681614875793,0.22290706634521484,0.31350234150886536,0.2070041000843048,0.33248192071914673,0.21020744740962982,0.3429144322872162,0.21805118024349213,0.32472676038742065,0.19600482285022736,0.3097626566886902,0.18474024534225464,0.3368082344532013,0.19452863931655884,0.34450963139533997,0.19157889485359192,0.32070720195770264,0.1695125252008438,0.31050652265548706,0.16280780732631683,0.3370533585548401,0.17528314888477325,0.3448367416858673,0.1652509719133377,0.31965172290802,0.15305039286613464,0.3125324249267578,0.14990472793579102,0.33036261796951294,0.15897755324840546,0.3370247781276703,,,,,,,,,,,,,,,,,,,,,,,,,,,,,,,,,,,,,,,,,,,fist
0.15061181783676147,0.21672427654266357,0.19787810742855072,0.21098549664020538,0.2313743382692337,0.1912093311548233,0.24412985146045685,0.1622328758239746,0.2297021746635437,0.14549267292022705,0.2126595675945282,0.17058658599853516,0.21720390021800995,0.14958113431930542,0.20927606523036957,0.16088849306106567,0.20266158878803253,0.173674076795578,0.1879013478755951,0.165996715426445,0.19048799574375153,0.1431867778301239,0.1837206333875656,0.16270555555820465,0.177385151386261,0.17830979824066162,0.16684624552726746,0.16347722709178925,0.16706976294517517,0.14225664734840393,0.16317206621170044,0.16341696679592133,0.1599554419517517,0.17971624433994293,0.14583393931388855,0.16197340190410614,0.14658594131469727,0.14658361673355103,0.14455676078796387,0.16057538986206055,0.14430788159370422,0.17307765781879425,,,,,,,,,,,,,,,,,,,,,,,,,,,,,,,,,,,,,,,,,,,fist
0.3118916451931,0.2877371907234192,0.3446882963180542,0.2903459966182709,0.3803294003009796,0.2791813611984253,0.391334593296051,0.260695219039917,0.36907052993774414,0.24989432096481323,0.37124690413475037,0.24737180769443512,0.3781563639640808,0.22648732364177704,0.37749677896499634,0.2376052439212799,0.37145349383354187,0.25016528367996216,0.35286569595336914,0.2425062656402588,0.3569221496582031,0.22545062005519867,0.3530399799346924,0.24420514702796936,0.3489534854888916,0.2561088800430298,0.3337043523788452,0.24041947722434998,0.3363916873931885,0.22541600465774536,0.3354547321796417,0.24356287717819214,0.3328271210193634,0.25529149174690247,0.3127390444278717,0.2399631291627884,0.317251056432724,0.22677402198314667,0.31825345754623413,0.23951321840286255,0.31682613492012024,0.24948452413082123,,,,,,,,,,,,,,,,,,,,,,,,,,,,,,,,,,,,,,,,,,,fist
0.4823267459869385,0.47949767112731934,0.5568715929985046,0.43556952476501465,0.5907637476921082,0.3818184435367584,0.5862672328948975,0.3374098837375641,0.5493668913841248,0.3159922659397125,0.5961030125617981,0.3638758361339569,0.6029857993125916,0.3200169801712036,0.5841042399406433,0.33206549286842346,0.5651887059211731,0.34894248843193054,0.5586729049682617,0.36778631806373596,0.5526849627494812,0.32340648770332336,0.5434736013412476,0.3370000123977661,0.5381993055343628,0.3503108024597168,0.5216389298439026,0.3758715093135834,0.5047602653503418,0.34540802240371704,0.5084176063537598,0.36270904541015625,0.515460193157196,0.3773254156112671,0.48564672470092773,0.3889216184616089,0.4746183156967163,0.37187573313713074,0.4772948622703552,0.3804206848144531,0.48239487409591675,0.3900807201862335,,,,,,,,,,,,,,,,,,,,,,,,,,,,,,,,,,,,,,,,,,,fist
0.7209826707839966,0.39084529876708984,0.6854335069656372,0.3907659947872162,0.6497545838356018,0.37881481647491455,0.6349837779998779,0.35950008034706116,0.6494241952896118,0.34583547711372375,0.6597143411636353,0.34190505743026733,0.6519954204559326,0.3371719419956207,0.6621173620223999,0.3558386266231537,0.6647294759750366,0.3557608425617218,0.6777756810188293,0.33404383063316345,0.6710633635520935,0.33374884724617004,0.6818585991859436,0.35773247480392456,0.682381808757782,0.352620005607605,0.6986764669418335,0.3300257623195648,0.6932004690170288,0.3301770091056824,0.7000890970230103,0.35149604082107544,0.7002585530281067,0.3481931984424591,0.7201452851295471,0.3282364010810852,0.7147865295410156,0.3296049237251282,0.7178837656974792,0.3443605899810791,0.7195501923561096,0.3426656126976013,,,,,,,,,,,,,,,,,,,,,,,,,,,,,,,,,,,,,,,,,,,fist
0.21537569165229797,0.47183260321617126,0.25636473298072815,0.4683295786380768,0.28696876764297485,0.4466032385826111,0.2834448218345642,0.4190275967121124,0.25941938161849976,0.40828728675842285,0.281322181224823,0.41596925258636475,0.2844286262989044,0.3900614380836487,0.27337032556533813,0.4081966280937195,0.2708721160888672,0.4218108355998993,0.25761428475379944,0.411964476108551,0.25735944509506226,0.3862430155277252,0.25054773688316345,0.4094802439212799,0.25258925557136536,0.4215599000453949,0.2337668538093567,0.4124629497528076,0.23369750380516052,0.3908837139606476,0.23150599002838135,0.414016455411911,0.2357388436794281,0.42705491185188293,0.21035830676555634,0.4169102907180786,0.21220113337039948,0.4014706015586853,0.21433797478675842,0.4173983037471771,0.21843650937080383,0.42887401580810547,,,,,,,,,,,,,,,,,,,,,,,,,,,,,,,,,,,,,,,,,,,fist
0.270915687084198,0.2281302511692047,0.30703532695770264,0.2164788544178009,0.3374514877796173,0.19377316534519196,0.33995094895362854,0.16692505776882172,0.32460516691207886,0.1519620716571808,0.31854867935180664,0.17242510616779327,0.32197344303131104,0.15814019739627838,0.3152037560939789,0.17889626324176788,0.31195127964019775,0.18174579739570618,0.29605501890182495,0.17094621062278748,0.2976436913013458,0.1575774997472763,0.2942095696926117,0.18619754910469055,0.295236736536026,0.1857668161392212,0.274274080991745,0.17186874151229858,0.2758859694004059,0.15834982693195343,0.2744179368019104,0.18557697534561157,0.2741483449935913,0.18690529465675354,0.25001174211502075,0.17272067070007324,0.2537497878074646,0.16343043744564056,0.25578242540359497,0.18108022212982178,0.25400274991989136,0.1839970350265503,0.8333643674850464,0.8056294918060303,0.8113051056861877,0.8254902362823486,0.8071887493133545,0.8565341234207153,0.8061718940734863,0.8826121091842651,0.8061925768852234,0.903645396232605,0.8454302549362183,0.8726274371147156,0.835804283618927,0.9066821336746216,0.8193256855010986,0.9210969805717468,0.8040254712104797,0.9294694662094116,0.8523515462875366,0.870502233505249,0.8385400772094727,0.9012323617935181,0.8184043169021606,0.9134631156921387,0.8001155853271484,0.9187893271446228,0.8510758280754089,0.8661738038063049,0.8371338248252869,0.8905225396156311,0.819350004196167,0.9015829563140869,0.8029566407203674,0.9066951274871826,0.8466865420341492,0.8623777031898499,0.8363214135169983,0.8806337118148804,0.8210249543190002,0.8889082074165344,0.8064109683036804,0.892144501209259,fist
0.8166010975837708,0.4372365474700928,0.7868612408638,0.42248332500457764,0.7628761529922485,0.39029306173324585,0.7558194994926453,0.3545483946800232,0.7591649293899536,0.32847902178764343,0.7801477313041687,0.35100287199020386,0.7755484580993652,0.3380526006221771,0.7795555591583252,0.365551620721817,0.7821274995803833,0.3662133812904358,0.7987796664237976,0.34672117233276367,0.7937427759170532,0.33917829394340515,0.795710027217865,0.37845730781555176,0.7980530858039856,0.3719283640384674,0.8176335096359253,0.34692639112472534,0.8121155500411987,0.3401823341846466,0.8111211061477661,0.3777153491973877,0.8118824362754822,0.37494826316833496,0.8346381187438965,0.3495192229747772,0.8297535181045532,0.3446591794490814,0.8276694416999817,0.3702361583709717,0.8288037776947021,0.3724013864994049,,,,,,,,,,,,,,,,,,,,,,,,,,,,,,,,,,,,,,,,,,,fist
0.23149727284908295,0.3634820878505707,0.2566441297531128,0.3495520353317261,0.2701498568058014,0.3300311863422394,0.2679953873157501,0.31305015087127686,0.2550392746925354,0.3040267825126648,0.26138022541999817,0.31446072459220886,0.25933098793029785,0.29822561144828796,0.25844505429267883,0.3115585744380951,0.2592514455318451,0.3211870491504669,0.24477723240852356,0.3162156939506531,0.24129334092140198,0.29958122968673706,0.2446536123752594,0.3158701956272125,0.24710318446159363,0.3258003294467926,0.22895261645317078,0.32019132375717163,0.2263895571231842,0.3077816963195801,0.23297441005706787,0.3232972323894501,0.23684240877628326,0.33236783742904663,0.21400712430477142,0.32612183690071106,0.21519441902637482,0.31702283024787903,0.22151902318000793,0.32664674520492554,0.22507338225841522,0.33375248312950134,0.6738523840904236,0.7351356744766235,0.6486387252807617,0.7467014193534851,0.6393753886222839,0.7659293413162231,0.6358128786087036,0.7816112041473389,0.6331444978713989,0.7937001585960388,0.6549108624458313,0.7796719074249268,0.6495571136474609,0.8005034923553467,0.6439077258110046,0.8078317046165466,0.6401060223579407,0.8117226958274841,0.6716420650482178,0.7793203592300415,0.664681077003479,0.7972633838653564,0.6553273797035217,0.799791693687439,0.6493635773658752,0.7985423803329468,0.6837383508682251,0.7753788232803345,0.6758204102516174,0.7892999649047852,0.6661421060562134,0.790407121181488,0.6614881753921509,0.7884660959243774,0.6919484734535217,0.770431399345398,0.6845706701278687,0.781021237373352,0.6764915585517883,0.7818012833595276,0.6731634140014648,0.7791380286216736,fist
0.15503939986228943,0.6811296343803406,0.2331773042678833,0.672106146812439,0.28551268577575684,0.6225589513778687,0.2910066545009613,0.5629247426986694,0.2872128486633301,0.5269802212715149,0.2621694803237915,0.5705715417861938,0.2536916434764862,0.5234413146972656,0.24389827251434326,0.5633724331855774,0.2487877458333969,0.5916544795036316,0.218080073595047,0.5647952556610107,0.21132102608680725,0.5186787843704224,0.2086961716413498,0.5686766505241394,0.21300990879535675,0.5947661995887756,0.17754465341567993,0.5665432810783386,0.17101100087165833,0.5226086974143982,0.17332936823368073,0.5710871815681458,0.17991794645786285,0.5979029536247253,0.13576443493366241,0.573889970779419,0.13335655629634857,0.5410494804382324,0.13859453797340393,0.5739518404006958,0.1456107497215271,0.5970011949539185,,,,,,,,,,,,,,,,,,,,,,,,,,,,,,,,,,,,,,,,,,,fist
0.7193971276283264,0.37748029828071594,0.6959705948829651,0.3682764172554016,0.6751626133918762,0.3504282832145691,0.6698567867279053,0.33087608218193054,0.6836183071136475,0.3224186897277832,0.6812120079994202,0.332834929227829,0.679440438747406,0.317678838968277,0.6825287342071533,0.3319724500179291,0.6865078210830688,0.34067198634147644,0.69749516248703,0.33055272698402405,0.6963956356048584,0.31363123655319214,0.6970150470733643,0.33187779784202576,0.6983228325843811,0.34095853567123413,0.7142114043235779,0.33115729689598083,0.71296626329422,0.31619030237197876,0.7111892104148865,0.33490291237831116,0.7110396027565002,0.3444615304470062,0.7308651208877563,0.33516326546669006,0.7266958355903625,0.32474175095558167,0.7230255007743835,0.3377470374107361,0.7224858999252319,0.3454444110393524,0.41982102394104004,0.4957142472267151,0.42494648694992065,0.47272807359695435,0.4466710686683655,0.45680665969848633,0.4710780084133148,0.4530677795410156,0.48776865005493164,0.4565540552139282,0.4524630606174469,0.45427465438842773,0.4820398688316345,0.43953466415405273,0.4973740577697754,0.43122467398643494,0.506662130355835,0.4252980649471283,0.45991232991218567,0.4677044153213501,0.49994513392448425,0.45517417788505554,0.5223105549812317,0.448266863822937,0.5381753444671631,0.44292977452278137,0.4664434492588043,0.48202404379844666,0.5065745711326599,0.47235724329948425,0.529568076133728,0.4648730158805847,0.5452319979667664,0.45838451385498047,0.4719702899456024,0.49531474709510803,0.5008511543273926,0.48886391520500183,0.5179072022438049,0.48421692848205566,0.531106173992157,0.4795116186141968,fist
0.6218739151954651,0.3475883901119232,0.6047106385231018,0.331561416387558,0.589381217956543,0.29799842834472656,0.5872817039489746,0.26091817021369934,0.5975316166877747,0.24247348308563232,0.5921757817268372,0.2640874981880188,0.5838252902030945,0.2376246154308319,0.5859794616699219,0.2621729373931885,0.590261697769165,0.2764504849910736,0.606024444103241,0.2571011185646057,0.5981877446174622,0.23387476801872253,0.6013144850730896,0.26602625846862793,0.6049877405166626,0.2778875231742859,0.6200620532035828,0.254256933927536,0.6139999032020569,0.22945575416088104,0.6145504713058472,0.2631886899471283,0.616281270980835,0.2784247100353241,0.6337048411369324,0.2550274133682251,0.6283583045005798,0.23750156164169312,0.6265321373939514,0.26146018505096436,0.6272316575050354,0.27669787406921387,,,,,,,,,,,,,,,,,,,,,,,,,,,,,,,,,,,,,,,,,,,fist
0.2451527714729309,0.24831241369247437,0.27445170283317566,0.24320118129253387,0.30136001110076904,0.23049557209014893,0.3069104254245758,0.21346256136894226,0.28993844985961914,0.20771607756614685,0.28288570046424866,0.20639324188232422,0.2821044921875,0.19408029317855835,0.2778177559375763,0.21097221970558167,0.2782021164894104,0.21618618071079254,0.26416686177253723,0.2049044370651245,0.2635493278503418,0.19401107728481293,0.2630704343318939,0.21367068588733673,0.26576775312423706,0.2151462286710739,0.24743889272212982,0.20536209642887115,0.24744530022144318,0.19566690921783447,0.2478325515985489,0.21269279718399048,0.25007912516593933,0.21475210785865784,0.23080739378929138,0.20603503286838531,0.231312096118927,0.19895309209823608,0.23328453302383423,0.2096136510372162,0.2341831922531128,0.21230338513851166,,,,,,,,,,,,,,,,,,,,,,,,,,,,,,,,,,,,,,,,,,,fist
0.23728397488594055,0.6031622886657715,0.29621273279190063,0.5801150798797607,0.33264127373695374,0.5375586748123169,0.3309357464313507,0.4923059344291687,0.31709539890289307,0.45876163244247437,0.3368407189846039,0.5055670738220215,0.35750412940979004,0.4726603627204895,0.3417339026927948,0.5034311413764954,0.33054670691490173,0.5151450037956238,0.3004676401615143,0.4976833462715149,0.3177342414855957,0.45895230770111084,0.30803659558296204,0.4970104992389679,0.30155104398727417,0.5040523409843445,0.2619590759277344,0.49895918369293213,0.2776474952697754,0.47744354605674744,0.2732399106025696,0.517655611038208,0.26700156927108765,0.5208563208580017,0.2241559475660324,0.5054398775100708,0.24453501403331757,0.49749109148979187,0.2458917498588562,0.5222681760787964,0.23781752586364746,0.5230262279510498,,,,,,,,,,,,,,,,,,,,,,,,,,,,,,,,,,,,,,,,,,,fist
0.7422231435775757,0.598413348197937,0.6984139680862427,0.5887528657913208,0.659048855304718,0.570728063583374,0.6504974365234375,0.5419875383377075,0.6740824580192566,0.5241059064865112,0.6670337319374084,0.5251216888427734,0.6670902967453003,0.5052396059036255,0.677098274230957,0.5314886569976807,0.6778060793876648,0.5452213287353516,0.7033573389053345,0.5190945863723755,0.7041307687759399,0.49766218662261963,0.7122688293457031,0.5336015224456787,0.7069846391677856,0.545107364654541,0.7374180555343628,0.5173951983451843,0.7406362295150757,0.4985646605491638,0.7432313561439514,0.5315803289413452,0.7355353236198425,0.5448570251464844,0.7684398293495178,0.5212520956993103,0.7713953256607056,0.5043643116950989,0.7701612114906311,0.5274215340614319,0.7624130249023438,0.5392314195632935,,,,,,,,,,,,,,,,,,,,,,,,,,,,,,,,,,,,,,,,,,,fist
0.5168806314468384,0.8682761788368225,0.4588758647441864,0.8927306532859802,0.41794300079345703,0.9338881969451904,0.4001985192298889,0.9717690944671631,0.4052734076976776,1.00301194190979,0.396678626537323,0.949224591255188,0.4062270522117615,1.0078331232070923,0.4139680564403534,1.0463759899139404,0.4207752048969269,1.0731912851333618,0.4221509099006653,0.9497113823890686,0.4311180114746094,1.0123108625411987,0.43812909722328186,1.0550872087478638,0.447793573141098,1.0859925746917725,0.4568495750427246,0.9485825300216675,0.46360552310943604,1.0087281465530396,0.47044917941093445,1.0473061800003052,0.4761716425418854,1.0734364986419678,0.5011124610900879,0.9469510912895203,0.5054392218589783,0.9957184791564941,0.50960373878479,1.0251606702804565,0.5131829977035522,1.0473048686981201,0.2579745948314667,0.42425596714019775,0.30266857147216797,0.4121319055557251,0.33362308144569397,0.38390323519706726,0.3324947655200958,0.35012581944465637,0.3097849488258362,0.33583807945251465,0.3243149220943451,0.36661654710769653,0.32563892006874084,0.3395126163959503,0.3197402060031891,0.36301109194755554,0.3195936679840088,0.3751748502254486,0.2979869842529297,0.3660045564174652,0.2966074049472809,0.34058380126953125,0.2947467863559723,0.3724372684955597,0.2987150251865387,0.37941309809684753,0.27290084958076477,0.36717355251312256,0.27161645889282227,0.34467390179634094,0.2724328935146332,0.3761429786682129,0.27577605843544006,0.3848016560077667,0.2459002137184143,0.36870625615119934,0.24799808859825134,0.3526540696620941,0.25162041187286377,0.37387242913246155,0.2533952593803406,0.3828771114349365,fist
0.6702391505241394,0.4297666549682617,0.6564832925796509,0.4146929979324341,0.6538043022155762,0.37363728880882263,0.6589460372924805,0.33384764194488525,0.6650063991546631,0.3110269010066986,0.6595498323440552,0.31480342149734497,0.6734235882759094,0.30085551738739014,0.6717376112937927,0.3444443643093109,0.6671435236930847,0.34662312269210815,0.6746120452880859,0.3117300271987915,0.6898109316825867,0.3008793592453003,0.6869274377822876,0.3550247251987457,0.6816526055335999,0.3516559302806854,0.6893605589866638,0.32016751170158386,0.7024378776550293,0.3028796911239624,0.7000109553337097,0.3540382981300354,0.6917150020599365,0.35304945707321167,0.700393557548523,0.32896488904953003,0.7144209146499634,0.3233133554458618,0.7137997150421143,0.3548371493816376,0.7087461948394775,0.35617077350616455,,,,,,,,,,,,,,,,,,,,,,,,,,,,,,,,,,,,,,,,,,,fist
0.6563145518302917,0.46308469772338867,0.6328249573707581,0.4443334639072418,0.6189473271369934,0.42156800627708435,0.6236602067947388,0.4009751081466675,0.6398202180862427,0.3899422585964203,0.6283309459686279,0.4036867916584015,0.627386212348938,0.38300469517707825,0.6154837012290955,0.3775409460067749,0.6050123572349548,0.3745509088039398,0.6452637910842896,0.40540510416030884,0.6439641118049622,0.3863145112991333,0.6380108594894409,0.4040689468383789,0.6398812532424927,0.4142667055130005,0.662250816822052,0.4091397821903229,0.6597377061843872,0.39340102672576904,0.6517168283462524,0.41194242238998413,0.6520183682441711,0.42138248682022095,0.6789684891700745,0.414737731218338,0.6736621856689453,0.3998316526412964,0.6659243702888489,0.4133610129356384,0.6661332249641418,0.4222416281700134,,,,,,,,,,,,,,,,,,,,,,,,,,,,,,,,,,,,,,,,,,,fist
0.7310904264450073,0.6563413739204407,0.6848378777503967,0.6481165885925293,0.6432209014892578,0.6207494139671326,0.6370793581008911,0.5892826914787292,0.6645102500915527,0.5735976696014404,0.6643738746643066,0.5828127264976501,0.6575250625610352,0.5605136752128601,0.6628038883209229,0.5876765847206116,0.6707125902175903,0.6063268780708313,0.6956624388694763,0.5794647932052612,0.6853921413421631,0.5584092140197754,0.6907696723937988,0.5926938652992249,0.6954302787780762,0.6100480556488037,0.7260844707489014,0.5778778791427612,0.7148269414901733,0.5590441226959229,0.715875506401062,0.5922592878341675,0.7192773222923279,0.610984206199646,0.7584583759307861,0.5809484124183655,0.7438002824783325,0.564435601234436,0.738438069820404,0.5881937742233276,0.7388171553611755,0.6028972268104553,,,,,,,,,,,,,,,,,,,,,,,,,,,,,,,,,,,,,,,,,,,fist
0.8083294630050659,0.6136563420295715,0.773455798625946,0.6096298098564148,0.7382670044898987,0.5908756256103516,0.7294986844062805,0.5675667524337769,0.7488974928855896,0.5553276538848877,0.7533664703369141,0.561704158782959,0.740976870059967,0.5474705100059509,0.7483533620834351,0.5674236416816711,0.7566437721252441,0.5735844373703003,0.7745200991630554,0.5583059191703796,0.7634759545326233,0.5452491044998169,0.7725953459739685,0.5685452222824097,0.7794014811515808,0.5724403262138367,0.7974973917007446,0.5561515092849731,0.7877253890037537,0.5415799021720886,0.7921485900878906,0.5644111037254333,0.7970563769340515,0.5707276463508606,0.8217185735702515,0.55615234375,0.8127517104148865,0.5416035652160645,0.8119001388549805,0.5582007169723511,0.8150714635848999,0.5656187534332275,,,,,,,,,,,,,,,,,,,,,,,,,,,,,,,,,,,,,,,,,,,fist
0.27695244550704956,0.5014010071754456,0.3626393973827362,0.4770296812057495,0.40921616554260254,0.4327934980392456,0.4002847373485565,0.3802288770675659,0.3501470983028412,0.36501574516296387,0.39408838748931885,0.397183895111084,0.399896502494812,0.3600684404373169,0.377922922372818,0.3886558413505554,0.37254035472869873,0.4088444113731384,0.35174956917762756,0.38536426424980164,0.357073575258255,0.34733346104621887,0.3446723222732544,0.3852439820766449,0.3435249924659729,0.4065055549144745,0.3099222481250763,0.3793136179447174,0.3139810860157013,0.33887672424316406,0.31089872121810913,0.3812271058559418,0.30992478132247925,0.4095824360847473,0.26672351360321045,0.37940481305122375,0.27536147832870483,0.34479326009750366,0.28195637464523315,0.37067699432373047,0.2858297526836395,0.39505279064178467,,,,,,,,,,,,,,,,,,,,,,,,,,,,,,,,,,,,,,,,,,,fist
0.8025162816047668,0.6506999731063843,0.769989013671875,0.6384493708610535,0.7451663017272949,0.6176681518554688,0.7452181577682495,0.5936431884765625,0.7656852602958679,0.5854800343513489,0.7656492590904236,0.5988454818725586,0.7663480639457703,0.5814390182495117,0.7644720673561096,0.5840182900428772,0.7646245956420898,0.5906417369842529,0.7851306200027466,0.5983805656433105,0.7867783904075623,0.5811229348182678,0.7841066122055054,0.599336564540863,0.7829822301864624,0.6167184114456177,0.8039616346359253,0.6005858778953552,0.8055962920188904,0.5853607654571533,0.800652801990509,0.6040319204330444,0.7969741225242615,0.6211134195327759,0.8222699761390686,0.6052260994911194,0.8203935623168945,0.5914691090583801,0.8151715993881226,0.6043815612792969,0.8123512268066406,0.6178091764450073,,,,,,,,,,,,,,,,,,,,,,,,,,,,,,,,,,,,,,,,,,,fist
0.42342355847358704,0.32250717282295227,0.4570657014846802,0.315615177154541,0.4844847023487091,0.30340394377708435,0.49079230427742004,0.2908274233341217,0.47482502460479736,0.28726959228515625,0.4673786461353302,0.2890409827232361,0.4660807251930237,0.2799733281135559,0.4630739986896515,0.2922632396221161,0.4631287455558777,0.29588189721107483,0.44656437635421753,0.28918176889419556,0.4451211988925934,0.2810680866241455,0.4469853937625885,0.29539209604263306,0.4492012858390808,0.2965902090072632,0.4273931682109833,0.2909047305583954,0.42841610312461853,0.28356602787971497,0.4309651255607605,0.29649096727371216,0.43181926012039185,0.29844367504119873,0.4086516499519348,0.2930401861667633,0.41153478622436523,0.28858035802841187,0.41554924845695496,0.2965404987335205,0.41626185178756714,0.29834896326065063,,,,,,,,,,,,,,,,,,,,,,,,,,,,,,,,,,,,,,,,,,,fist
0.6622598171234131,0.3912889361381531,0.6365180015563965,0.3690238296985626,0.6159049272537231,0.332859605550766,0.6153836250305176,0.30210429430007935,0.6281267404556274,0.2974300682544708,0.64303058385849,0.2810598611831665,0.6409671306610107,0.26588380336761475,0.6373172402381897,0.3045763671398163,0.6387175917625427,0.3135440945625305,0.6602911353111267,0.2830328047275543,0.6571672558784485,0.2679828405380249,0.6525459885597229,0.31287384033203125,0.6552188396453857,0.31817638874053955,0.6767206192016602,0.289291113615036,0.6748172640800476,0.2703222334384918,0.6688294410705566,0.31120485067367554,0.670520544052124,0.3195904791355133,0.6920979022979736,0.30141496658325195,0.690107524394989,0.284681499004364,0.6845680475234985,0.3118044435977936,0.6852641701698303,0.3207133412361145,,,,,,,,,,,,,,,,,,,,,,,,,,,,,,,,,,,,,,,,,,,fist
0.23886555433273315,0.33119186758995056,0.28043562173843384,0.32766228914260864,0.3254355490207672,0.3085412383079529,0.3455868661403656,0.2881195545196533,0.329895943403244,0.2752123177051544,0.30661648511886597,0.2757258117198944,0.31377705931663513,0.26360127329826355,0.3023875057697296,0.28717684745788574,0.29675742983818054,0.28981348872184753,0.28119704127311707,0.270882248878479,0.2887992858886719,0.2589070796966553,0.2818170487880707,0.2876611649990082,0.28120362758636475,0.2877282500267029,0.25616785883903503,0.2705787122249603,0.263688325881958,0.25945723056793213,0.260760635137558,0.28585588932037354,0.25938865542411804,0.28718331456184387,0.23124971985816956,0.269819438457489,0.23888908326625824,0.2643905282020569,0.2392994463443756,0.2809811234474182,0.23733291029930115,0.2834227681159973,0.7417725324630737,0.7421745657920837,0.714195728302002,0.7576021552085876,0.7039849758148193,0.7849961519241333,0.6960312128067017,0.8075639009475708,0.6905715465545654,0.8274651169776917,0.7372251152992249,0.8030254244804382,0.7254493236541748,0.8302486538887024,0.7118772864341736,0.8430220484733582,0.6995505094528198,0.8505169153213501,0.745667040348053,0.803207278251648,0.7313360571861267,0.8292688727378845,0.7137622833251953,0.8395723104476929,0.698681116104126,0.8446192145347595,0.7474496364593506,0.800266444683075,0.731908917427063,0.8203263282775879,0.7163543701171875,0.8250076770782471,0.7042766213417053,0.826917827129364,0.7452207207679749,0.7974541187286377,0.7330958843231201,0.8126574754714966,0.7191823720932007,0.8161361813545227,0.7081733345985413,0.8170148134231567,fist
0.5045899152755737,0.512593686580658,0.5290511250495911,0.49379175901412964,0.5418741106987,0.466267853975296,0.5229994654655457,0.4432682693004608,0.4988912343978882,0.434699147939682,0.5315133333206177,0.4455805718898773,0.5321431159973145,0.4287576377391815,0.533342719078064,0.4494949281215668,0.5315464735031128,0.4544526934623718,0.5074061155319214,0.4488191306591034,0.5054465532302856,0.43144771456718445,0.5136196613311768,0.45671769976615906,0.512216329574585,0.4589495360851288,0.4861069917678833,0.4560941755771637,0.4846278429031372,0.44017142057418823,0.4970853626728058,0.4639931619167328,0.4950646758079529,0.46581271290779114,0.46459054946899414,0.46555379033088684,0.4702860116958618,0.4557458758354187,0.48000138998031616,0.4699496924877167,0.47616493701934814,0.4720506966114044,,,,,,,,,,,,,,,,,,,,,,,,,,,,,,,,,,,,,,,,,,,fist
0.7611095905303955,0.6136255264282227,0.7259689569473267,0.61039799451828,0.6907491683959961,0.596023678779602,0.6782655119895935,0.5762997269630432,0.6963033676147461,0.5632933974266052,0.6998856067657471,0.5631208419799805,0.6834267377853394,0.5492689609527588,0.6935726404190063,0.5707811117172241,0.7043836116790771,0.5769701600074768,0.7233461141586304,0.5588162541389465,0.7088375091552734,0.5472908020019531,0.7211511135101318,0.5736216902732849,0.7286414504051208,0.5781277418136597,0.7480208873748779,0.5556715130805969,0.7348436713218689,0.542838454246521,0.7423884868621826,0.5693545341491699,0.74838787317276,0.5762672424316406,0.7740377187728882,0.5548748970031738,0.7601572871208191,0.5405428409576416,0.7609289884567261,0.5597826242446899,0.7642037272453308,0.5674970746040344,,,,,,,,,,,,,,,,,,,,,,,,,,,,,,,,,,,,,,,,,,,fist
0.26862719655036926,0.33896902203559875,0.3118457496166229,0.30967476963996887,0.3392142951488495,0.26196959614753723,0.3253292441368103,0.21394139528274536,0.2969034016132355,0.19662725925445557,0.3407237231731415,0.22604094445705414,0.3444199562072754,0.17701682448387146,0.3324761390686035,0.2168581336736679,0.32914450764656067,0.24239106476306915,0.3108990490436554,0.21945026516914368,0.31324607133865356,0.17268498241901398,0.3046950697898865,0.2218802571296692,0.30162328481674194,0.2450525015592575,0.28366410732269287,0.2195010632276535,0.2829993963241577,0.17787891626358032,0.28170397877693176,0.22811588644981384,0.2821587324142456,0.2513028085231781,0.25617843866348267,0.22622805833816528,0.25844892859458923,0.1980038434267044,0.26103708148002625,0.23465366661548615,0.2629309296607971,0.25657299160957336,,,,,,,,,,,,,,,,,,,,,,,,,,,,,,,,,,,,,,,,,,,fist
0.29149505496025085,0.295587956905365,0.33777257800102234,0.28849247097969055,0.3774263262748718,0.2606704831123352,0.3758070468902588,0.23146040737628937,0.3374863564968109,0.22849316895008087,0.35024896264076233,0.22929862141609192,0.35349684953689575,0.20632916688919067,0.3476921617984772,0.22954519093036652,0.34678295254707336,0.24378645420074463,0.3210693895816803,0.2271415740251541,0.32199835777282715,0.2057366967201233,0.319248765707016,0.23712453246116638,0.3183649778366089,0.24966895580291748,0.292875200510025,0.2287219613790512,0.29114457964897156,0.2078714370727539,0.2928955554962158,0.2389439344406128,0.29492616653442383,0.25193265080451965,0.26347067952156067,0.23245814442634583,0.26245203614234924,0.21561168134212494,0.26723235845565796,0.2370704710483551,0.27015095949172974,0.2488589882850647,,,,,,,,,,,,,,,,,,,,,,,,,,,,,,,,,,,,,,,,,,,fist
0.18531420826911926,0.41673266887664795,0.2565646767616272,0.4168494939804077,0.33245766162872314,0.387939989566803,0.3524765968322754,0.33686622977256775,0.32211413979530334,0.29695552587509155,0.32596898078918457,0.3191750645637512,0.333331435918808,0.28901055455207825,0.30911970138549805,0.3313322067260742,0.3066326081752777,0.345990389585495,0.2740563154220581,0.30554887652397156,0.28207114338874817,0.27657899260520935,0.25841352343559265,0.33782148361206055,0.26774540543556213,0.3437332212924957,0.2231278419494629,0.29919347167015076,0.22904875874519348,0.2710779905319214,0.21405214071273804,0.32776474952697754,0.21979951858520508,0.33599433302879333,0.1685628443956375,0.29311004281044006,0.17647524178028107,0.2767442464828491,0.17218230664730072,0.31397393345832825,0.17307333648204803,0.32249611616134644,,,,,,,,,,,,,,,,,,,,,,,,,,,,,,,,,,,,,,,,,,,fist
0.7734344601631165,0.5886031985282898,0.7106595039367676,0.5732160806655884,0.6650928258895874,0.5402355790138245,0.6741117238998413,0.5064440965652466,0.7268528938293457,0.4934079647064209,0.6822978258132935,0.5048952698707581,0.6745226979255676,0.4859611690044403,0.6820534467697144,0.5100686550140381,0.6902636289596558,0.5175603032112122,0.729790210723877,0.5043853521347046,0.7312093377113342,0.48432689905166626,0.7338719367980957,0.5172874927520752,0.7357571721076965,0.5196987986564636,0.7809107303619385,0.5085629820823669,0.7849643230438232,0.489816278219223,0.7778225541114807,0.5224142670631409,0.7750104069709778,0.5283235907554626,0.8314642310142517,0.5153098106384277,0.8329375982284546,0.5004139542579651,0.8197504878044128,0.522469162940979,0.813823938369751,0.5286482572555542,,,,,,,,,,,,,,,,,,,,,,,,,,,,,,,,,,,,,,,,,,,fist
0.4609408378601074,0.2910987436771393,0.48759326338768005,0.28154656291007996,0.49934977293014526,0.2673041522502899,0.5015828013420105,0.2543767988681793,0.5002381801605225,0.24442288279533386,0.4920933246612549,0.2555777430534363,0.49337679147720337,0.2427026629447937,0.49151864647865295,0.253479540348053,0.48780566453933716,0.2606465518474579,0.47970154881477356,0.2550114393234253,0.4809842109680176,0.24194693565368652,0.47933706641197205,0.25585150718688965,0.4762668311595917,0.2626444697380066,0.46698516607284546,0.2557882070541382,0.46834203600883484,0.24303774535655975,0.4680977761745453,0.2562643885612488,0.4658581018447876,0.26275572180747986,0.4528120160102844,0.25793105363845825,0.4542688727378845,0.24820250272750854,0.45647016167640686,0.2564568519592285,0.45592519640922546,0.26117628812789917,,,,,,,,,,,,,,,,,,,,,,,,,,,,,,,,,,,,,,,,,,,fist
0.3735121190547943,0.7004528045654297,0.37950730323791504,0.663762629032135,0.40437984466552734,0.6344528198242188,0.4198516607284546,0.6098718643188477,0.4228767454624176,0.5892474055290222,0.4452047049999237,0.6599521040916443,0.4976130723953247,0.6516999006271362,0.5278551578521729,0.6476725339889526,0.5515851378440857,0.6451951861381531,0.4555322527885437,0.6803667545318604,0.4718416929244995,0.6563840508460999,0.4551859200000763,0.6508703827857971,0.442350834608078,0.6558341979980469,0.4578297436237335,0.6944001913070679,0.468077152967453,0.6690592169761658,0.4547587037086487,0.665749728679657,0.4423970580101013,0.6703922152519226,0.4581255316734314,0.7029840350151062,0.4656803607940674,0.6808181405067444,0.4530308246612549,0.6775416135787964,0.4412215054035187,0.6807757019996643,0.6173834800720215,0.5330235958099365,0.5975533723831177,0.5625995397567749,0.5657802224159241,0.5893426537513733,0.5484235286712646,0.6138384342193604,0.5496473908424377,0.6345275640487671,0.5172442197799683,0.5639864802360535,0.475430428981781,0.5710957646369934,0.4482590854167938,0.575360894203186,0.42537620663642883,0.5783904790878296,0.5133764743804932,0.5467012524604797,0.5065543055534363,0.5683659911155701,0.5433317422866821,0.5687230825424194,0.5491852164268494,0.5596168041229248,0.5168988108634949,0.5295347571372986,0.5204262137413025,0.5525223016738892,0.5523448586463928,0.5524942874908447,0.5530179738998413,0.543104350566864,0.5254503488540649,0.5140072703361511,0.5254953503608704,0.5348985195159912,0.5485769510269165,0.5378157496452332,0.5511078834533691,0.5293474197387695,take_picture
0.3912196159362793,0.532788097858429,0.39651182293891907,0.5845478177070618,0.4099755883216858,0.6282880306243896,0.41065385937690735,0.6753336787223816,0.4071219861507416,0.7143047451972961,0.46362146735191345,0.5852651000022888,0.49826011061668396,0.5875725150108337,0.5215083360671997,0.5896761417388916,0.5421060919761658,0.5881825089454651,0.46593183279037476,0.5421360731124878,0.46097344160079956,0.5584959387779236,0.43307918310165405,0.5681614875793457,0.4242747724056244,0.5678520202636719,0.45608311891555786,0.5054047107696533,0.4388733506202698,0.5299139618873596,0.41582515835762024,0.5453441739082336,0.41128188371658325,0.5469544529914856,0.44118234515190125,0.475583016872406,0.4238041639328003,0.4998185336589813,0.4073386490345001,0.5170469880104065,0.4043804705142975,0.5202762484550476,0.569913387298584,0.8443518877029419,0.5716181993484497,0.7612854242324829,0.5523659586906433,0.6960176825523376,0.5434127449989319,0.6393983364105225,0.54904705286026,0.5971883535385132,0.5059725046157837,0.7316766977310181,0.45525383949279785,0.7259669899940491,0.42412808537483215,0.7280657887458801,0.4013094902038574,0.7321733832359314,0.4943653345108032,0.7802570462226868,0.4872313439846039,0.7636780738830566,0.5040172934532166,0.7582917809486389,0.5185548663139343,0.7619333863258362,0.4943978190422058,0.8231161832809448,0.4935489594936371,0.7939826846122742,0.5071110725402832,0.7857919335365295,0.5184001922607422,0.7913961410522461,0.4970617890357971,0.8538287878036499,0.49807050824165344,0.8263787627220154,0.5093757510185242,0.8193613290786743,0.5169282555580139,0.8224195241928101,take_picture
0.35188180208206177,0.5915202498435974,0.3772055208683014,0.6231347918510437,0.4001025855541229,0.6449292302131653,0.40945711731910706,0.6676517724990845,0.41486498713493347,0.6879286170005798,0.45384082198143005,0.6218780279159546,0.49030137062072754,0.6220636963844299,0.5127372741699219,0.6238335371017456,0.5365006327629089,0.6229344010353088,0.4523676037788391,0.6085892915725708,0.4655506908893585,0.6301984190940857,0.43616342544555664,0.6388787627220154,0.4201953709125519,0.6376098990440369,0.44191113114356995,0.5968018174171448,0.4505026042461395,0.6196520924568176,0.4221450686454773,0.6253874897956848,0.4077858626842499,0.6210781931877136,0.42658159136772156,0.5874043703079224,0.43458545207977295,0.6070497035980225,0.4167335331439972,0.6144872903823853,0.4059389531612396,0.6123068928718567,0.5953686237335205,0.7322205305099487,0.5860577821731567,0.6960384249687195,0.5646030902862549,0.6702271699905396,0.5490856766700745,0.6482282876968384,0.5426244735717773,0.6296172738075256,0.5144591331481934,0.6884901523590088,0.4659506678581238,0.690401017665863,0.4390520751476288,0.6937450170516968,0.4175080955028534,0.6958203315734863,0.5075953602790833,0.7096453309059143,0.4764866232872009,0.7091072201728821,0.48920556902885437,0.7061105370521545,0.5066096186637878,0.7056555151939392,0.5126243829727173,0.7292221188545227,0.49364912509918213,0.7231376767158508,0.5060369372367859,0.7199227809906006,0.5208260416984558,0.7215265035629272,0.520805835723877,0.7439165711402893,0.5097522735595703,0.7377492189407349,0.5228983163833618,0.7350989580154419,0.5352569818496704,0.7367118000984192,take_picture
0.39613136649131775,0.3926205337047577,0.4111190438270569,0.4161515235900879,0.433239609003067,0.43798699975013733,0.44091182947158813,0.45762357115745544,0.4377727210521698,0.4739532172679901,0.47910076379776,0.41906675696372986,0.5155760049819946,0.4230148196220398,0.536862313747406,0.4256949722766876,0.555901050567627,0.42750823497772217,0.48091256618499756,0.4051416516304016,0.48562905192375183,0.4217790961265564,0.45627760887145996,0.42156070470809937,0.44195109605789185,0.416611909866333,0.47651615738868713,0.3918425738811493,0.4759555757045746,0.40844208002090454,0.44965028762817383,0.40836572647094727,0.43846338987350464,0.40366125106811523,0.4689963161945343,0.37926214933395386,0.46897920966148376,0.3936968743801117,0.4509630799293518,0.3970673680305481,0.44276943802833557,0.3946591019630432,0.5671412944793701,0.5209798216819763,0.5619790554046631,0.4903562366962433,0.5501893162727356,0.4677828848361969,0.5501392483711243,0.44746607542037964,0.5553168058395386,0.43146634101867676,0.5101453065872192,0.4802859425544739,0.47249019145965576,0.480328232049942,0.44867607951164246,0.4809679687023163,0.4307473599910736,0.48209908604621887,0.5021653771400452,0.49782294034957886,0.5014614462852478,0.49279794096946716,0.5162649154663086,0.4896845817565918,0.5285068154335022,0.4899216592311859,0.504773736000061,0.514968991279602,0.5055735111236572,0.5070945620536804,0.516526460647583,0.5047219395637512,0.5262562036514282,0.5067406296730042,0.5097870826721191,0.5280957818031311,0.5100942850112915,0.5217663645744324,0.5195611119270325,0.5196641683578491,0.5272229909896851,0.5209479928016663,take_picture
0.6656113266944885,0.4462496042251587,0.6472554802894592,0.4150645136833191,0.6163637638092041,0.3962401747703552,0.5952231884002686,0.3768725097179413,0.5903862118721008,0.3602072298526764,0.577465295791626,0.41878819465637207,0.5298668742179871,0.4191235601902008,0.5011535882949829,0.4219285845756531,0.4794599115848541,0.4241899251937866,0.5750398635864258,0.4389039874076843,0.5458382964134216,0.43493661284446716,0.5577893257141113,0.4302143454551697,0.5744556188583374,0.42809006571769714,0.5828045606613159,0.4556519687175751,0.5685340166091919,0.4475345015525818,0.5807440280914307,0.44272586703300476,0.5955814719200134,0.4426655173301697,0.5920648574829102,0.46797022223472595,0.5841593742370605,0.4586526155471802,0.5970960855484009,0.45450571179389954,0.6098601818084717,0.45341500639915466,0.4041346311569214,0.336351215839386,0.4259326159954071,0.3561702072620392,0.4587703347206116,0.3725954294204712,0.47966912388801575,0.390148788690567,0.4856422543525696,0.4096126854419708,0.5013604760169983,0.35212409496307373,0.5406339168548584,0.3539732098579407,0.565350353717804,0.3539092242717743,0.5875368118286133,0.3524860143661499,0.5005064010620117,0.3386108875274658,0.5066899061203003,0.35750922560691833,0.47582873702049255,0.36114293336868286,0.45948129892349243,0.35695046186447144,0.49372634291648865,0.3261617422103882,0.49313652515411377,0.3484779894351959,0.4630514979362488,0.3497752845287323,0.44936105608940125,0.34404614567756653,0.48306915163993835,0.3143743574619293,0.4848491847515106,0.3350399136543274,0.4646092653274536,0.3387060761451721,0.4547401964664459,0.3339371979236603,take_picture
0.6277374029159546,0.28811943531036377,0.6016178727149963,0.31428685784339905,0.5712747573852539,0.33268874883651733,0.5559791922569275,0.355691134929657,0.5494973063468933,0.3766089975833893,0.5155609846115112,0.2925039231777191,0.4999862611293793,0.32939261198043823,0.5306104421615601,0.33356064558029175,0.5465353727340698,0.32563507556915283,0.5184059143066406,0.2834622859954834,0.508690357208252,0.33046039938926697,0.5438270568847656,0.33226385712623596,0.5537728667259216,0.3209765553474426,0.5300747752189636,0.278650164604187,0.5257009863853455,0.3240739405155182,0.557299017906189,0.32439976930618286,0.5653727054595947,0.31229251623153687,0.5464523434638977,0.2784220576286316,0.539435863494873,0.3127904534339905,0.5597222447395325,0.31750693917274475,0.5702861547470093,0.31062641739845276,0.36186280846595764,0.4383299946784973,0.35817277431488037,0.3980618417263031,0.37950021028518677,0.36910778284072876,0.39338693022727966,0.34140658378601074,0.40064722299575806,0.32124391198158264,0.44002285599708557,0.3854144811630249,0.4908349812030792,0.3842441439628601,0.5228449702262878,0.3829014301300049,0.546754777431488,0.3824148178100586,0.45167285203933716,0.40841981768608093,0.4475056231021881,0.39987319707870483,0.42956334352493286,0.39970728754997253,0.416541188955307,0.4044160544872284,0.4498276114463806,0.4287266731262207,0.443469762802124,0.4167240858078003,0.427803099155426,0.4181373715400696,0.41528642177581787,0.4226749837398529,0.44551435112953186,0.4449115991592407,0.44136521220207214,0.43358585238456726,0.4257667064666748,0.43304410576820374,0.4130997657775879,0.43636083602905273,take_picture
0.6314307451248169,0.5792558789253235,0.6152141094207764,0.5424537062644958,0.5885056853294373,0.5174105763435364,0.5755683183670044,0.49127480387687683,0.5745152831077576,0.4702552855014801,0.5391619801521301,0.5456351041793823,0.4923449456691742,0.5351863503456116,0.4631306529045105,0.5307777523994446,0.4409721791744232,0.5289271473884583,0.531374990940094,0.5692340731620789,0.5199791193008423,0.5523598790168762,0.5355345606803894,0.5469223260879517,0.5494908690452576,0.5482137799263,0.5371849536895752,0.5876365303993225,0.5309032201766968,0.5678631663322449,0.5438674092292786,0.5633435249328613,0.5568988919258118,0.5665917992591858,0.5455342531204224,0.600935161113739,0.5424834489822388,0.5830088257789612,0.5540580749511719,0.5784951448440552,0.5649018883705139,0.5804007053375244,0.3589850962162018,0.4312029182910919,0.3862634301185608,0.4575616717338562,0.42115700244903564,0.47553175687789917,0.436103880405426,0.49761125445365906,0.4370757043361664,0.5193318724632263,0.4796350300312042,0.4420197606086731,0.5174810886383057,0.4558103680610657,0.5437511801719666,0.46157726645469666,0.5679606795310974,0.46400463581085205,0.4755423665046692,0.4277801513671875,0.4780287444591522,0.4693306088447571,0.44670790433883667,0.46933963894844055,0.4385388493537903,0.4584486186504364,0.4633408486843109,0.4203394651412964,0.4623299241065979,0.46133506298065186,0.4341464042663574,0.46110203862190247,0.4291200041770935,0.45031222701072693,0.44518983364105225,0.4179149866104126,0.44429782032966614,0.45216694474220276,0.4245429039001465,0.45376691222190857,0.41890817880630493,0.44260573387145996,take_picture
0.6073057651519775,0.43704456090927124,0.5800212025642395,0.4538520276546478,0.5527594089508057,0.4724396765232086,0.5390569567680359,0.4951419532299042,0.5333400964736938,0.5181304216384888,0.5040082931518555,0.44533926248550415,0.4574492573738098,0.4513791799545288,0.42650723457336426,0.4549785554409027,0.40290209650993347,0.4554509222507477,0.5097518563270569,0.42998838424682617,0.4846765398979187,0.44183284044265747,0.5114498734474182,0.45385244488716125,0.5363088250160217,0.45950376987457275,0.5218837261199951,0.4159088432788849,0.504071831703186,0.4296714961528778,0.5339834690093994,0.44247710704803467,0.5573149919509888,0.4478967487812042,0.5380856990814209,0.40217164158821106,0.5195592045783997,0.41182368993759155,0.534429669380188,0.4244065582752228,0.5483081936836243,0.43043071031570435,0.343498170375824,0.5514352917671204,0.353918194770813,0.5233805775642395,0.3740502595901489,0.5033983588218689,0.39160874485969543,0.48108968138694763,0.3970241844654083,0.461648166179657,0.42379721999168396,0.5084832310676575,0.4742795526981354,0.5110183954238892,0.5045389533042908,0.5145296454429626,0.5281037092208862,0.5179441571235657,0.4279146194458008,0.5251797437667847,0.4778834581375122,0.5281053185462952,0.4664657711982727,0.5343390703201294,0.44762569665908813,0.5361645817756653,0.425996869802475,0.5446814298629761,0.4674168527126312,0.54830002784729,0.45379623770713806,0.5538427233695984,0.4360174536705017,0.5541179180145264,0.422344446182251,0.56412672996521,0.4591527283191681,0.5644193291664124,0.44822630286216736,0.566319465637207,0.4329316020011902,0.5654599666595459,take_picture
0.6990689039230347,0.48868826031684875,0.6643840670585632,0.5208986401557922,0.6338677406311035,0.5486640930175781,0.6260618567466736,0.579291045665741,0.6311105489730835,0.6009071469306946,0.5525985956192017,0.5134888887405396,0.5008113384246826,0.517416775226593,0.46696293354034424,0.5201838612556458,0.43938711285591125,0.520986795425415,0.5537317991256714,0.4926157295703888,0.5383114218711853,0.5237904787063599,0.5769619345664978,0.537105143070221,0.6014219522476196,0.5339019298553467,0.5696884393692017,0.4762125611305237,0.5695982575416565,0.5109288096427917,0.6012457609176636,0.5189486742019653,0.6144797801971436,0.5115404725074768,0.5933166742324829,0.4650258421897888,0.5972435474395752,0.4954454302787781,0.6187613010406494,0.5029270648956299,0.6268003582954407,0.4951377511024475,,,,,,,,,,,,,,,,,,,,,,,,,,,,,,,,,,,,,,,,,,,take_picture
0.4646798074245453,0.6100517511367798,0.4631960988044739,0.5679559707641602,0.46770623326301575,0.5309751033782959,0.4648057520389557,0.5041131973266602,0.459283709526062,0.4833475351333618,0.4986129403114319,0.5531425476074219,0.5191389918327332,0.546299159526825,0.5320556163787842,0.5383255481719971,0.5407803058624268,0.5306029915809631,0.5042045712471008,0.577006459236145,0.5080490708351135,0.5620951056480408,0.5011751651763916,0.5607426762580872,0.49421119689941406,0.5648108124732971,0.5047467947006226,0.5972031950950623,0.50560462474823,0.5805143117904663,0.4985874593257904,0.5802518129348755,0.4913801848888397,0.5831747055053711,0.5036946535110474,0.6137952208518982,0.5041351914405823,0.5991657972335815,0.49798351526260376,0.5972802639007568,0.49190548062324524,0.5987486839294434,0.5553403496742249,0.4097904860973358,0.5472865700721741,0.44110631942749023,0.5379771590232849,0.4729747772216797,0.5372112393379211,0.5016578435897827,0.5396019220352173,0.5248767733573914,0.5033701658248901,0.44952592253685,0.4804420471191406,0.4608205556869507,0.46804875135421753,0.4741378128528595,0.4582301676273346,0.48454350233078003,0.50310218334198,0.43294623494148254,0.4887383282184601,0.45973747968673706,0.5060228109359741,0.46674731373786926,0.5161795616149902,0.45757216215133667,0.5050429701805115,0.4156765341758728,0.49703049659729004,0.44376370310783386,0.5136359930038452,0.44734588265419006,0.5207208395004272,0.43557295203208923,0.5092288851737976,0.3968953788280487,0.5005898475646973,0.4205562174320221,0.5127569437026978,0.4271712899208069,0.5194432139396667,0.41966474056243896,take_picture
0.7503226399421692,0.6475101113319397,0.7243351936340332,0.5963759422302246,0.6793373227119446,0.5656887888908386,0.6571257710456848,0.5323360562324524,0.6565067768096924,0.5039243102073669,0.6225602626800537,0.5999680161476135,0.5430178642272949,0.5905930995941162,0.5003471970558167,0.587516188621521,0.4682614803314209,0.5865053534507751,0.6093776822090149,0.6312286257743835,0.5744112730026245,0.6013040542602539,0.5920252799987793,0.5900376439094543,0.6130276322364807,0.5883621573448181,0.6093642711639404,0.6529011726379395,0.5863246321678162,0.6155462265014648,0.6026363968849182,0.608468234539032,0.6206303238868713,0.6130189299583435,0.6129152774810791,0.6657083034515381,0.5994579792022705,0.6328897476196289,0.6137534976005554,0.6241121292114258,0.6270896792411804,0.6257277131080627,0.37100866436958313,0.4477492868900299,0.40438175201416016,0.48513177037239075,0.44888508319854736,0.513823390007019,0.46770089864730835,0.5450425148010254,0.4703558385372162,0.5744131207466125,0.5313130021095276,0.46895831823349,0.5870175361633301,0.48021700978279114,0.6266075968742371,0.48510897159576416,0.6594594120979309,0.4870448410511017,0.529421865940094,0.4489876925945282,0.5435695648193359,0.49743860960006714,0.5010427832603455,0.5073009133338928,0.47036948800086975,0.5032429695129395,0.5101171135902405,0.440754234790802,0.5133590698242188,0.4937508702278137,0.47241589426994324,0.5022604465484619,0.4463622570037842,0.4981077015399933,0.48213818669319153,0.4425327777862549,0.47386378049850464,0.4899424910545349,0.4442189335823059,0.5030719637870789,0.42493104934692383,0.5046873688697815,take_picture
0.3396644592285156,0.8054852485656738,0.37741056084632874,0.7812889218330383,0.42712029814720154,0.7630926370620728,0.4606301188468933,0.743882417678833,0.464013010263443,0.7229604125022888,0.4675067365169525,0.7842274904251099,0.5266481637954712,0.7831512093544006,0.5591651797294617,0.7824222445487976,0.5844813585281372,0.7844510674476624,0.47033512592315674,0.8061459064483643,0.5314225554466248,0.8101583123207092,0.5133458971977234,0.8058902025222778,0.48787564039230347,0.8042311668395996,0.4615115821361542,0.825731098651886,0.5183650851249695,0.8289077877998352,0.5002698302268982,0.8224692344665527,0.4758107364177704,0.8188303112983704,0.4459814131259918,0.8424761295318604,0.49362093210220337,0.8493759632110596,0.4853793680667877,0.8421658277511597,0.46662256121635437,0.8361341953277588,0.6948180198669434,0.7056540846824646,0.6568990349769592,0.725727379322052,0.6163756847381592,0.7426192164421082,0.598136305809021,0.762300431728363,0.5956370234489441,0.7773449420928955,0.5626627802848816,0.7117025852203369,0.5155106782913208,0.7139188051223755,0.48506778478622437,0.7184733748435974,0.45895835757255554,0.7175029516220093,0.5687758326530457,0.6997240781784058,0.5168865919113159,0.6976301074028015,0.5414332747459412,0.712454617023468,0.5697256326675415,0.7156611084938049,0.5838088989257812,0.6882500052452087,0.5391035079956055,0.6899977326393127,0.5638114809989929,0.705328106880188,0.5892977118492126,0.7070367932319641,0.6059181690216064,0.6781158447265625,0.568485677242279,0.6785651445388794,0.5808992981910706,0.6929214596748352,0.6018788814544678,0.6976841688156128,take_picture
0.33287447690963745,0.3553091585636139,0.3494997024536133,0.36889272928237915,0.36996763944625854,0.37891125679016113,0.38063251972198486,0.3883460760116577,0.3877265453338623,0.39856910705566406,0.4204917550086975,0.3516607880592346,0.4512421786785126,0.3620595633983612,0.47442173957824707,0.37094369530677795,0.4947739839553833,0.37826764583587646,0.4128589928150177,0.3356969356536865,0.4168625771999359,0.3694170415401459,0.39017799496650696,0.38221243023872375,0.3715497851371765,0.3829406797885895,0.39306509494781494,0.325477659702301,0.3924102187156677,0.359220415353775,0.372609943151474,0.3677193522453308,0.3611920177936554,0.3643796741962433,0.36662644147872925,0.3189638555049896,0.36931633949279785,0.346176415681839,0.35759976506233215,0.3584039807319641,0.34999075531959534,0.35919222235679626,0.5430063009262085,0.49396973848342896,0.4962223172187805,0.46415719389915466,0.46070611476898193,0.44099733233451843,0.4346018135547638,0.43214860558509827,0.4133906662464142,0.42597609758377075,0.5178427696228027,0.42123594880104065,0.5084499716758728,0.4000706076622009,0.5014586448669434,0.3891972601413727,0.4958256185054779,0.3796939253807068,0.5226868391036987,0.4352838695049286,0.47421780228614807,0.4369261562824249,0.4434894323348999,0.4415213465690613,0.42864516377449036,0.44905540347099304,0.5216036438941956,0.4517363905906677,0.4724636971950531,0.4574127495288849,0.4509301781654358,0.46564996242523193,0.44125911593437195,0.4697076082229614,0.5152893662452698,0.47037482261657715,0.4786597490310669,0.4690628945827484,0.46061426401138306,0.47288164496421814,0.4495922327041626,0.47519707679748535,take_picture
0.7061373591423035,0.5134273767471313,0.6828073263168335,0.5369712710380554,0.6547684073448181,0.5624350309371948,0.6400175094604492,0.5892633199691772,0.6354038715362549,0.6125489473342896,0.5903545022010803,0.5381909608840942,0.5396168231964111,0.5411949157714844,0.5104749798774719,0.5440704226493835,0.48531749844551086,0.5432236194610596,0.5907811522483826,0.5210027694702148,0.5649330615997314,0.539779543876648,0.5981038808822632,0.5476672649383545,0.6278311610221863,0.5478991866111755,0.5966036319732666,0.5034381747245789,0.5800514817237854,0.523948073387146,0.612517237663269,0.5316048860549927,0.6381961107254028,0.5314289927482605,0.6065813899040222,0.48501062393188477,0.5862607359886169,0.5027931928634644,0.5996615290641785,0.5118291974067688,0.6126927733421326,0.5134424567222595,0.4031378924846649,0.658247172832489,0.4322504997253418,0.6208773851394653,0.4597407579421997,0.5973789095878601,0.4766545593738556,0.5719283223152161,0.480121910572052,0.5475082993507385,0.5287070870399475,0.6221421957015991,0.5794082880020142,0.6191610097885132,0.6128390431404114,0.6170054078102112,0.6362371444702148,0.6172520518302917,0.5343722105026245,0.6526944637298584,0.5523378252983093,0.6494178175926208,0.5339769124984741,0.645560085773468,0.5148146748542786,0.643592894077301,0.5230309963226318,0.6768208742141724,0.5269069075584412,0.6678529977798462,0.5096794366836548,0.6642464995384216,0.4927751123905182,0.6613137722015381,0.5076180100440979,0.6952963471412659,0.5064302086830139,0.6866529583930969,0.48965930938720703,0.6824111342430115,0.47383272647857666,0.6796545386314392,take_picture
0.5797745585441589,0.838672399520874,0.573210597038269,0.7645282745361328,0.5451819896697998,0.7144849300384521,0.5233648419380188,0.6757214665412903,0.5197685956954956,0.638756513595581,0.48339977860450745,0.7611685395240784,0.4404199719429016,0.7389522194862366,0.41580039262771606,0.7328475713729858,0.39718928933143616,0.732252836227417,0.4763341546058655,0.8041568398475647,0.4700884222984314,0.7769098281860352,0.4859904944896698,0.7707425355911255,0.49854767322540283,0.7751216292381287,0.48470258712768555,0.8398369550704956,0.4796368479728699,0.8074009418487549,0.49212563037872314,0.8018732070922852,0.5050696730613708,0.8095694184303284,0.49574851989746094,0.8646838665008545,0.4910535514354706,0.8377751708030701,0.502040445804596,0.8295195698738098,0.5135451555252075,0.8323381543159485,0.3429577350616455,0.5474511384963989,0.36299246549606323,0.6016815900802612,0.3866373300552368,0.6477333307266235,0.3956371247768402,0.6842175126075745,0.39513304829597473,0.7183250784873962,0.4391033947467804,0.6025214195251465,0.4769996404647827,0.6177685260772705,0.5003107190132141,0.6277636885643005,0.5215399861335754,0.6337049007415771,0.4407624900341034,0.5672280192375183,0.4260076582431793,0.611197829246521,0.3911427855491638,0.6164683699607849,0.37497079372406006,0.6055279970169067,0.42821788787841797,0.5368200540542603,0.40621453523635864,0.5832787752151489,0.37914255261421204,0.589699387550354,0.37007397413253784,0.5797989964485168,0.409030556678772,0.5115913152694702,0.39398691058158875,0.5513785481452942,0.3755509853363037,0.5637102127075195,0.3691151738166809,0.5574782490730286,take_picture
0.3952816128730774,0.6606477499008179,0.4002103805541992,0.6855179071426392,0.4195683002471924,0.7139204144477844,0.428874135017395,0.737725555896759,0.4306853413581848,0.7567349672317505,0.47610363364219666,0.6990017294883728,0.5146454572677612,0.7071706056594849,0.5392541289329529,0.7097436189651489,0.5611494779586792,0.7099493145942688,0.48062288761138916,0.6831552982330322,0.4933004081249237,0.6919106841087341,0.46341827511787415,0.6919893026351929,0.4449436664581299,0.689568817615509,0.47885775566101074,0.6660351157188416,0.4902030825614929,0.6746151447296143,0.46162715554237366,0.6771007776260376,0.44305339455604553,0.6758277416229248,0.4725852906703949,0.6477552056312561,0.48287516832351685,0.6563217043876648,0.4603012204170227,0.6638903021812439,0.44237402081489563,0.66716468334198,0.6185766458511353,0.8296422958374023,0.6142970323562622,0.7869632244110107,0.5844414234161377,0.7568180561065674,0.56794273853302,0.732806384563446,0.5705606937408447,0.7141143679618835,0.5278695821762085,0.7753266096115112,0.484317809343338,0.7734143137931824,0.4535869061946869,0.7761848568916321,0.4282529652118683,0.7791216373443604,0.5144445300102234,0.7991746068000793,0.5174986124038696,0.7901299595832825,0.5374990701675415,0.7880110740661621,0.5516921877861023,0.7909406423568726,0.518925666809082,0.8223157525062561,0.5274415016174316,0.8085449934005737,0.5428933501243591,0.8073207139968872,0.5528919696807861,0.8127856254577637,0.5281273126602173,0.839380145072937,0.5393314361572266,0.8255613446235657,0.5531145930290222,0.8252695202827454,0.5599713921546936,0.830026388168335,take_picture
0.4999760389328003,0.7020531892776489,0.5055366158485413,0.7252922654151917,0.5225062966346741,0.750848650932312,0.5229660272598267,0.7734337449073792,0.5165998339653015,0.7910780906677246,0.5714722871780396,0.73328697681427,0.6126091480255127,0.7361999750137329,0.6393213868141174,0.737938642501831,0.6622644662857056,0.7384809851646423,0.573205828666687,0.7182077169418335,0.5986664295196533,0.7209751009941101,0.5764843225479126,0.7208324670791626,0.5593834519386292,0.7213367223739624,0.5680279731750488,0.7028127312660217,0.5916861295700073,0.7046529054641724,0.5733233690261841,0.7060073614120483,0.5584822297096252,0.7067312598228455,0.5597661733627319,0.6875293254852295,0.5812298059463501,0.6869009137153625,0.5702588558197021,0.6888270378112793,0.5590807795524597,0.6891767978668213,0.6935877203941345,0.8444267511367798,0.6832005977630615,0.8147687315940857,0.6632701754570007,0.7871075868606567,0.6566625833511353,0.7618445754051208,0.6650073528289795,0.7431806325912476,0.6124022603034973,0.8043549060821533,0.5686492919921875,0.8034194111824036,0.5422134399414062,0.8051100969314575,0.5200838446617126,0.807313084602356,0.6069843173027039,0.8229345083236694,0.6001698970794678,0.822905957698822,0.621786892414093,0.8201176524162292,0.6374118328094482,0.8186751008033752,0.6120821833610535,0.8404420018196106,0.6098713874816895,0.8375868797302246,0.6281813979148865,0.834322452545166,0.6421141624450684,0.8328596353530884,0.6195075511932373,0.8542789220809937,0.6150031685829163,0.8502913117408752,0.6307169198989868,0.8462463021278381,0.6431821584701538,0.8442739248275757,take_picture
0.34146761894226074,0.38108348846435547,0.37713485956192017,0.4129670262336731,0.42180463671684265,0.43621528148651123,0.4450155198574066,0.4547555446624756,0.44959187507629395,0.4728929400444031,0.45960429310798645,0.4016100764274597,0.5145147442817688,0.39639976620674133,0.5439040660858154,0.39662858843803406,0.5739947557449341,0.3925912082195282,0.4538692235946655,0.38802310824394226,0.49152934551239014,0.40033450722694397,0.4537908732891083,0.4088643193244934,0.43372467160224915,0.40512406826019287,0.44323480129241943,0.37230008840560913,0.48077332973480225,0.38589537143707275,0.4467445909976959,0.39305439591407776,0.42984580993652344,0.3878379762172699,0.4309934675693512,0.3531173765659332,0.4663126766681671,0.3559996485710144,0.449199914932251,0.366163432598114,0.4349829852581024,0.3652098774909973,0.6581870317459106,0.5000638961791992,0.6353896856307983,0.4627569615840912,0.6005470752716064,0.44286561012268066,0.5797424912452698,0.4207034111022949,0.5752525925636292,0.40059494972229004,0.5570718050003052,0.47742778062820435,0.5043051242828369,0.47692570090293884,0.473068505525589,0.480352520942688,0.4492263197898865,0.4859524369239807,0.5554745197296143,0.49621453881263733,0.5353807806968689,0.4713003933429718,0.5529576539993286,0.45608848333358765,0.5713595151901245,0.4527789354324341,0.5614948868751526,0.5069984793663025,0.543194055557251,0.48204970359802246,0.5588240027427673,0.46957746148109436,0.5757080912590027,0.4700462520122528,0.5669361352920532,0.5115512013435364,0.5513539910316467,0.49044284224510193,0.5629056692123413,0.47878119349479675,0.5761211514472961,0.47689491510391235,take_picture
0.5363993644714355,0.6352415680885315,0.5096291899681091,0.6659121513366699,0.48215019702911377,0.6906428933143616,0.4655987620353699,0.7169392704963684,0.46236157417297363,0.7382389307022095,0.41571152210235596,0.6632406115531921,0.36916816234588623,0.6650480628013611,0.33783796429634094,0.6632125377655029,0.3087637424468994,0.6599947214126587,0.4132208824157715,0.6467311382293701,0.40811848640441895,0.6788828372955322,0.4450642764568329,0.6799126863479614,0.4535198211669922,0.6664608716964722,0.4195258319377899,0.6327464580535889,0.42019298672676086,0.6678470373153687,0.45324763655662537,0.6674240827560425,0.4594717025756836,0.6538934111595154,0.4322926998138428,0.6218345165252686,0.4281918406486511,0.652446985244751,0.452987939119339,0.6536785364151001,0.4615749716758728,0.6425166726112366,0.21650150418281555,0.8077898025512695,0.2419065684080124,0.7608014345169067,0.2778019905090332,0.7314345836639404,0.30171555280685425,0.7056248784065247,0.3092096745967865,0.6811658143997192,0.3423931896686554,0.762170672416687,0.40700334310531616,0.756336510181427,0.44683995842933655,0.7536596655845642,0.47594279050827026,0.7525056004524231,0.3480890989303589,0.7930083870887756,0.3655661642551422,0.771975576877594,0.3426409363746643,0.7672961354255676,0.324237585067749,0.7714768052101135,0.34038475155830383,0.8143433332443237,0.35142722725868225,0.790962815284729,0.3323226571083069,0.7885735034942627,0.3163789212703705,0.7926856279373169,0.32988765835762024,0.8300402760505676,0.3382827639579773,0.8102625012397766,0.31937822699546814,0.8066887855529785,0.30357831716537476,0.8083885312080383,take_picture
0.6391245126724243,0.3629837930202484,0.6019425392150879,0.39878636598587036,0.5615341067314148,0.42970365285873413,0.5452070832252502,0.46371734142303467,0.5420356392860413,0.4912637770175934,0.4913097321987152,0.389398992061615,0.44138309359550476,0.40100330114364624,0.4080507159233093,0.4096023142337799,0.3789767026901245,0.4158869981765747,0.490978479385376,0.37003403902053833,0.4585677981376648,0.3953959047794342,0.4989908039569855,0.40473300218582153,0.5213850140571594,0.39919358491897583,0.49971598386764526,0.3516920208930969,0.4842558205127716,0.3836233913898468,0.5246565341949463,0.38842734694480896,0.5384138822555542,0.37716734409332275,0.516341507434845,0.3360045552253723,0.51204913854599,0.3666114807128906,0.5383548736572266,0.3705272674560547,0.5459491610527039,0.3579709827899933,0.27673161029815674,0.5593743324279785,0.3155619204044342,0.5144876837730408,0.35811758041381836,0.478576123714447,0.37747591733932495,0.4466716945171356,0.38098034262657166,0.41480985283851624,0.4033505320549011,0.5299997329711914,0.4750248193740845,0.5179100632667542,0.5132427215576172,0.510676920413971,0.5425792932510376,0.5066757202148438,0.40912550687789917,0.5633755922317505,0.4623214900493622,0.5343919992446899,0.4452069103717804,0.523135781288147,0.4253273904323578,0.5241676568984985,0.40903931856155396,0.5844656229019165,0.45093226432800293,0.5512266755104065,0.43695032596588135,0.5400717854499817,0.420855849981308,0.5393444299697876,0.4070379137992859,0.5973771214485168,0.4388917088508606,0.568458080291748,0.4285217225551605,0.5556540489196777,0.4155959486961365,0.551240861415863,take_picture
0.36973851919174194,0.8129056692123413,0.37475213408470154,0.7631514668464661,0.38715583086013794,0.7256709933280945,0.3825903832912445,0.6929972171783447,0.3679354190826416,0.6675834655761719,0.4796757996082306,0.7361061573028564,0.5366752743721008,0.7075223922729492,0.5692620873451233,0.6944299936294556,0.5963845252990723,0.6882352828979492,0.4975716769695282,0.7638882398605347,0.5225187540054321,0.7283337712287903,0.5051217079162598,0.7178442478179932,0.48783987760543823,0.7184573411941528,0.4970453679561615,0.7863134145736694,0.5100867748260498,0.7508974075317383,0.4952087998390198,0.7415033578872681,0.4796578586101532,0.7407160401344299,0.49068522453308105,0.8020808100700378,0.5020522475242615,0.7745728492736816,0.4910927712917328,0.7638326287269592,0.4789961278438568,0.7610850930213928,0.5677284598350525,0.5889079570770264,0.5657224655151367,0.6126671433448792,0.5564563274383545,0.6413217782974243,0.5591489672660828,0.6646026968955994,0.5714764595031738,0.6848130226135254,0.47201332449913025,0.6380313634872437,0.42499208450317383,0.6520323753356934,0.3958066701889038,0.6631494760513306,0.3727571666240692,0.668531060218811,0.46839651465415955,0.6199579238891602,0.4279082715511322,0.6327390074729919,0.4631790816783905,0.638798177242279,0.4913367033004761,0.6342335343360901,0.47187748551368713,0.6002781987190247,0.43524596095085144,0.6047579646110535,0.46924442052841187,0.6117926239967346,0.49516046047210693,0.6093899011611938,0.4807882308959961,0.580083966255188,0.4545987844467163,0.5824287533760071,0.4757860600948334,0.5912927389144897,0.4954967796802521,0.591447114944458,take_picture
0.6296632289886475,0.8000503778457642,0.6133087873458862,0.7617981433868408,0.5835410952568054,0.732207179069519,0.574420154094696,0.7036259174346924,0.5779277086257935,0.6800103187561035,0.5267342329025269,0.7562922239303589,0.4750579297542572,0.7478625774383545,0.4435041546821594,0.7465807199478149,0.41834884881973267,0.7460813522338867,0.5238922834396362,0.7782569527626038,0.5149505138397217,0.7661793231964111,0.533770740032196,0.7611254453659058,0.5481529235839844,0.76075679063797,0.5336132049560547,0.798775851726532,0.5312389135360718,0.7824510335922241,0.5471453070640564,0.7779644727706909,0.5593650937080383,0.7796775102615356,0.5454578399658203,0.81318199634552,0.5438405275344849,0.7965685129165649,0.5570109486579895,0.7912397384643555,0.5669912099838257,0.7921678423881531,0.3865865468978882,0.6294307112693787,0.3947162628173828,0.653022050857544,0.4187344014644623,0.6787115931510925,0.4241698384284973,0.7029128670692444,0.4230215847492218,0.7234120965003967,0.47936058044433594,0.6542841196060181,0.5213990211486816,0.6609762907028198,0.5514113903045654,0.6659891605377197,0.5772860646247864,0.669053316116333,0.4811984598636627,0.6358324289321899,0.4899112284183502,0.6577398777008057,0.45785248279571533,0.665036141872406,0.43477463722229004,0.6646499037742615,0.47220590710639954,0.6205855011940002,0.46667343378067017,0.645797848701477,0.4344203472137451,0.6516334414482117,0.4159500002861023,0.6499878764152527,0.45630112290382385,0.6082356572151184,0.4523433446884155,0.6311097145080566,0.42981547117233276,0.6411921381950378,0.41506457328796387,0.6441358327865601,take_picture
0.4313597083091736,0.4568330645561218,0.4592551589012146,0.4852161705493927,0.48937636613845825,0.5106748938560486,0.49797171354293823,0.5347859263420105,0.4956096410751343,0.5534577369689941,0.5395711064338684,0.4895068407058716,0.5871044397354126,0.4899963140487671,0.6156890988349915,0.4929165840148926,0.6414404511451721,0.4948464035987854,0.5351144671440125,0.4784475266933441,0.5876421332359314,0.48012715578079224,0.6155170202255249,0.4876503646373749,0.6405866742134094,0.49301525950431824,0.5236591696739197,0.466441810131073,0.5641958117485046,0.4684702157974243,0.559294581413269,0.47653940320014954,0.5542680621147156,0.48016849160194397,0.508077085018158,0.45427238941192627,0.5400050282478333,0.45635002851486206,0.5379735827445984,0.46478912234306335,0.5307676792144775,0.46987831592559814,0.6730579137802124,0.6168472766876221,0.6755766868591309,0.5774951577186584,0.6519343256950378,0.5407341122627258,0.6387689709663391,0.5151872634887695,0.6426476240158081,0.4954989552497864,0.6063529849052429,0.5611832141876221,0.5596374273300171,0.5568152666091919,0.5281147956848145,0.5605146884918213,0.5028969049453735,0.5610376000404358,0.5953445434570312,0.5776079893112183,0.5712499022483826,0.5737800598144531,0.5713728070259094,0.565115749835968,0.5716486573219299,0.5600459575653076,0.5958943367004395,0.590945839881897,0.5864134430885315,0.5774227976799011,0.6051055192947388,0.5688219666481018,0.6204630136489868,0.5676274299621582,0.6002286672592163,0.601150393486023,0.5934679508209229,0.5860598087310791,0.6091030836105347,0.5784566402435303,0.6242426037788391,0.5784013867378235,take_picture
0.6313807964324951,0.6583927869796753,0.6254245042800903,0.6107475757598877,0.5959407687187195,0.5773295760154724,0.5789176225662231,0.550163209438324,0.5794568061828613,0.5281658172607422,0.5361523628234863,0.595742404460907,0.4847276210784912,0.5982015132904053,0.44791463017463684,0.6021865606307983,0.4194049835205078,0.6050241589546204,0.5246137976646423,0.6208249926567078,0.523857057094574,0.6216987371444702,0.548050045967102,0.6222554445266724,0.5659769773483276,0.6257715821266174,0.5286827683448792,0.6464527249336243,0.53375244140625,0.6384879350662231,0.5524733662605286,0.638149619102478,0.5662261247634888,0.6435978412628174,0.5361716151237488,0.6660345196723938,0.5421304106712341,0.6573166251182556,0.5591150522232056,0.6572208404541016,0.5700956583023071,0.6606045961380005,0.36749210953712463,0.5024255514144897,0.38283678889274597,0.5220724940299988,0.4114490747451782,0.5436756610870361,0.42519697546958923,0.5661821961402893,0.428449809551239,0.5865021347999573,0.4666954278945923,0.5147905349731445,0.50339275598526,0.5194019675254822,0.5295746326446533,0.524360179901123,0.5530850887298584,0.5263519287109375,0.4662800133228302,0.4961822032928467,0.4763495624065399,0.5164243578910828,0.43762269616127014,0.522209644317627,0.4180142879486084,0.5180227756500244,0.45524510741233826,0.4794690012931824,0.44908636808395386,0.49954530596733093,0.4170927405357361,0.5051859617233276,0.407577246427536,0.5004369020462036,0.43751445412635803,0.46462446451187134,0.4316473603248596,0.4826810657978058,0.4101230204105377,0.4905043840408325,0.4040202796459198,0.4866567850112915,take_picture
0.5485959649085999,0.36824360489845276,0.532950222492218,0.3960826098918915,0.5129055976867676,0.4220694899559021,0.5053103566169739,0.4466983377933502,0.5067345499992371,0.46875572204589844,0.4407726526260376,0.3973308205604553,0.3939172327518463,0.40049609541893005,0.3627871870994568,0.40728452801704407,0.3385240435600281,0.4093433916568756,0.4423794448375702,0.37811756134033203,0.3911529779434204,0.3799407184123993,0.41894689202308655,0.3953462839126587,0.4463391900062561,0.39802828431129456,0.4527812898159027,0.35976386070251465,0.41058599948883057,0.35900071263313293,0.4385937452316284,0.37505021691322327,0.4625328779220581,0.3792803883552551,0.4698825478553772,0.34175780415534973,0.43739965558052063,0.33638596534729004,0.44759073853492737,0.350978821516037,0.4626648724079132,0.35923758149147034,,,,,,,,,,,,,,,,,,,,,,,,,,,,,,,,,,,,,,,,,,,take_picture
0.5824300050735474,0.4662882685661316,0.6063305735588074,0.45843467116355896,0.6219797730445862,0.4512540400028229,0.6349112391471863,0.4459590017795563,0.6401874423027039,0.4415718615055084,0.610336422920227,0.4373885989189148,0.6262205839157104,0.44064992666244507,0.6201648116111755,0.449589341878891,0.6102312207221985,0.4537273943424225,0.6054535508155823,0.43707171082496643,0.6254068613052368,0.4413706064224243,0.6138749718666077,0.4512127637863159,0.5991505980491638,0.45522791147232056,0.5991337895393372,0.436461865901947,0.6193163990974426,0.43883389234542847,0.6082314848899841,0.44899532198905945,0.5935025215148926,0.4532991945743561,0.5903488397598267,0.4370388090610504,0.6098687648773193,0.4358084201812744,0.6050702929496765,0.4431191682815552,0.5946378707885742,0.44721654057502747,,,,,,,,,,,,,,,,,,,,,,,,,,,,,,,,,,,,,,,,,,,take_picture
0.388998419046402,0.3306226134300232,0.3959924578666687,0.3022199273109436,0.41326838731765747,0.2790141999721527,0.42371654510498047,0.2560850977897644,0.4274469017982483,0.23772932589054108,0.4582674205303192,0.28993773460388184,0.4961164593696594,0.2867799997329712,0.5199023485183716,0.28532761335372925,0.5386567711830139,0.2850337624549866,0.46448010206222534,0.30693551898002625,0.485343337059021,0.3073371350765228,0.4708210527896881,0.3080638647079468,0.4539532959461212,0.3088624179363251,0.4631817638874054,0.3235124945640564,0.4784700572490692,0.3218594193458557,0.465182900428772,0.3236547112464905,0.45026636123657227,0.3245796263217926,0.459399551153183,0.3387230634689331,0.4705536365509033,0.3362679183483124,0.45853856205940247,0.3365158140659332,0.4465225338935852,0.33692416548728943,0.5919209718704224,0.19577056169509888,0.5773348212242126,0.2171308845281601,0.5531830191612244,0.23882758617401123,0.5427340269088745,0.2590395212173462,0.5409267544746399,0.2758805453777313,0.5054172277450562,0.21742454171180725,0.47095155715942383,0.22175714373588562,0.4494965970516205,0.2256285548210144,0.4309430420398712,0.22699609398841858,0.5041694045066833,0.20034052431583405,0.48593464493751526,0.20811060070991516,0.5128878951072693,0.21690061688423157,0.5286473631858826,0.21749643981456757,0.5129634737968445,0.18544292449951172,0.5156243443489075,0.1966058760881424,0.5399450659751892,0.20236915349960327,0.5465279817581177,0.19962145388126373,0.5277326107025146,0.17280635237693787,0.5350918173789978,0.1842782199382782,0.5511906743049622,0.18952594697475433,0.5526896119117737,0.18660642206668854,take_picture
0.5565910935401917,0.314340740442276,0.5328801274299622,0.3400450646877289,0.5076688528060913,0.361449658870697,0.4974462389945984,0.38349464535713196,0.49801623821258545,0.4039266109466553,0.45445218682289124,0.3409297466278076,0.4180627167224884,0.3488283157348633,0.3944249749183655,0.35384654998779297,0.3729505240917206,0.35792621970176697,0.45170456171035767,0.32664012908935547,0.4595254361629486,0.3552929162979126,0.4894842505455017,0.35448989272117615,0.49439969658851624,0.344181090593338,0.4575114846229553,0.3138372302055359,0.4721083641052246,0.3449925184249878,0.4977174997329712,0.34246498346328735,0.4997329115867615,0.3323715031147003,0.4671016037464142,0.30363884568214417,0.4759729504585266,0.32967516779899597,0.4950586259365082,0.3295784890651703,0.4989932179450989,0.321250319480896,0.33666756749153137,0.4684211313724518,0.3450065851211548,0.4340990483760834,0.36751919984817505,0.40685373544692993,0.37583041191101074,0.3841822147369385,0.36952441930770874,0.3653060793876648,0.4160749614238739,0.43069109320640564,0.4562525451183319,0.42320767045021057,0.48367395997047424,0.4188791811466217,0.5041181445121765,0.41603073477745056,0.4252900779247284,0.45209023356437683,0.42461371421813965,0.43951746821403503,0.40727630257606506,0.4382110834121704,0.39413875341415405,0.4436035752296448,0.42196959257125854,0.47019630670547485,0.4205368757247925,0.45640841126441956,0.4054165482521057,0.45521053671836853,0.3927110731601715,0.45942068099975586,0.41475754976272583,0.4843355119228363,0.4153502583503723,0.4732760787010193,0.40191078186035156,0.4709700644016266,0.3903810381889343,0.4741206169128418,take_picture
0.623130202293396,0.5717766880989075,0.6186503171920776,0.5440646409988403,0.5962221622467041,0.519210159778595,0.5810031294822693,0.49983036518096924,0.5841414928436279,0.48307377099990845,0.5677556991577148,0.5351639986038208,0.5087788701057434,0.5378427505493164,0.47050735354423523,0.5400410890579224,0.4431424140930176,0.5412130951881409,0.5650226473808289,0.5511866807937622,0.5284507870674133,0.5542148351669312,0.5464720726013184,0.5534117817878723,0.5666475892066956,0.5527568459510803,0.5683816075325012,0.5663596391677856,0.535592794418335,0.5667038559913635,0.5535025596618652,0.5654210448265076,0.5715959668159485,0.5644206404685974,0.5752055644989014,0.5775027871131897,0.548660159111023,0.5775827765464783,0.5628802180290222,0.5784607529640198,0.5789424180984497,0.5789540410041809,0.4022316336631775,0.4473183751106262,0.40788424015045166,0.4742433726787567,0.4324982166290283,0.5000056028366089,0.44571083784103394,0.5192597508430481,0.44401636719703674,0.5334504842758179,0.47251540422439575,0.4855581820011139,0.5197497010231018,0.4852626919746399,0.5478054285049438,0.4854508638381958,0.5742095708847046,0.4865572154521942,0.4779913127422333,0.47207966446876526,0.5042204856872559,0.47302722930908203,0.47275596857070923,0.4722388684749603,0.4548107981681824,0.47136181592941284,0.4738060235977173,0.45838746428489685,0.49362069368362427,0.4598153829574585,0.4609355628490448,0.4604285955429077,0.44474756717681885,0.46016937494277954,0.46633878350257874,0.44639676809310913,0.47641459107398987,0.4474993944168091,0.4548790156841278,0.44934695959091187,0.4432816803455353,0.4500916004180908,take_picture
0.6149203777313232,0.5041607022285461,0.6178891062736511,0.47142499685287476,0.6065970659255981,0.44719579815864563,0.6025584936141968,0.4263266921043396,0.6059758067131042,0.4088746905326843,0.5608497858047485,0.4545811116695404,0.5190002918243408,0.4508621096611023,0.4902912974357605,0.4511398673057556,0.46674519777297974,0.45173394680023193,0.5493842363357544,0.4723074734210968,0.5162642002105713,0.46061351895332336,0.5152258276939392,0.45684847235679626,0.5187931060791016,0.4574163556098938,0.5474645495414734,0.4900825023651123,0.5243780016899109,0.47784921526908875,0.537089467048645,0.4767771065235138,0.5527292490005493,0.48105713725090027,0.5502887964248657,0.5047873854637146,0.5369908809661865,0.49385714530944824,0.5496625900268555,0.4932871162891388,0.5627852082252502,0.49660831689834595,0.47057345509529114,0.35382986068725586,0.4723239243030548,0.37653952836990356,0.48287683725357056,0.40215033292770386,0.4802967309951782,0.4238843619823456,0.4742429852485657,0.43990179896354675,0.5310953259468079,0.3956174850463867,0.5627210736274719,0.40266743302345276,0.5808432698249817,0.40532881021499634,0.6008226871490479,0.40637099742889404,0.5373162031173706,0.3813757300376892,0.5494949817657471,0.3888038694858551,0.5209081768989563,0.3829204738140106,0.5172738432884216,0.38124606013298035,0.5378084182739258,0.36567172408103943,0.5481092929840088,0.37323617935180664,0.5217151045799255,0.3700692057609558,0.5198177695274353,0.36792001128196716,0.5355331301689148,0.34914377331733704,0.5470728874206543,0.3573669493198395,0.5271668434143066,0.35750338435173035,0.5223324298858643,0.3539002239704132,take_picture
0.6225658059120178,0.6722996830940247,0.6043195128440857,0.6882622241973877,0.5870336294174194,0.7017886638641357,0.5790961980819702,0.7191753387451172,0.5777311325073242,0.7327949404716492,0.550508975982666,0.6871353387832642,0.5205129981040955,0.6910989284515381,0.5015449523925781,0.6915868520736694,0.48519009351730347,0.6898726224899292,0.550261914730072,0.6784834265708923,0.5455986261367798,0.6997995376586914,0.5665965676307678,0.7027072310447693,0.5766847133636475,0.6967467665672302,0.5556105971336365,0.6708871722221375,0.5557850003242493,0.6928970217704773,0.5726053714752197,0.6942519545555115,0.5784130096435547,0.6877043843269348,0.5643997192382812,0.6652132868766785,0.5643398761749268,0.6828633546829224,0.575350284576416,0.6852825284004211,0.5808396935462952,0.6805717945098877,0.44251763820648193,0.7717312574386597,0.4518987238407135,0.7446099519729614,0.46968701481819153,0.7254656553268433,0.47889867424964905,0.7070311307907104,0.48187869787216187,0.6927592754364014,0.5058094263076782,0.7405058145523071,0.5392218232154846,0.7402567267417908,0.5584174990653992,0.7410065531730652,0.5742335915565491,0.7425668239593506,0.5111839175224304,0.7561257481575012,0.514742910861969,0.7448463439941406,0.5035684108734131,0.7428178787231445,0.4941181540489197,0.7455819845199585,0.5076563358306885,0.7683547735214233,0.5079368948936462,0.7554925680160522,0.49792492389678955,0.755213737487793,0.4880950450897217,0.7578064203262329,0.5029374361038208,0.7775366902351379,0.5037968754768372,0.7668964266777039,0.4938206672668457,0.7657199501991272,0.4842374622821808,0.7673495411872864,take_picture
0.5846933126449585,0.7194825410842896,0.5700850486755371,0.6440856456756592,0.5393977761268616,0.5911461114883423,0.5253409743309021,0.5430463552474976,0.522685170173645,0.5035319328308105,0.4944222569465637,0.6443743705749512,0.44891661405563354,0.6516408920288086,0.4248565435409546,0.6628404855728149,0.407634973526001,0.6751047968864441,0.4899864196777344,0.6925784349441528,0.44788238406181335,0.686878502368927,0.4405932128429413,0.6767062544822693,0.44239115715026855,0.6738983988761902,0.4940893352031708,0.729917049407959,0.4586922824382782,0.7189096808433533,0.4578142762184143,0.7042002081871033,0.46486613154411316,0.6975769996643066,0.5005050897598267,0.755560040473938,0.4722599387168884,0.7422516345977783,0.4734551012516022,0.7295362949371338,0.4811888337135315,0.724144697189331,0.3335244059562683,0.4916623532772064,0.35883012413978577,0.5359411239624023,0.39053815603256226,0.5784787535667419,0.4067120850086212,0.615437388420105,0.407794713973999,0.6521555781364441,0.4341694712638855,0.5129407644271851,0.4730197787284851,0.5109905004501343,0.4985329210758209,0.5056185722351074,0.5199224352836609,0.5003147721290588,0.43102598190307617,0.47053951025009155,0.42418357729911804,0.5087769627571106,0.3984150290489197,0.5264941453933716,0.3835870027542114,0.5261914134025574,0.41827327013015747,0.4370921552181244,0.4051285684108734,0.4825465679168701,0.38544517755508423,0.4997720718383789,0.37641918659210205,0.49829477071762085,0.4013942778110504,0.4109088182449341,0.3937462866306305,0.45332324504852295,0.3802037537097931,0.4697299003601074,0.3741171360015869,0.4679931402206421,take_picture
0.3028677999973297,0.5501410961151123,0.32521936297416687,0.56853187084198,0.3536929190158844,0.5755298137664795,0.37593600153923035,0.5731733441352844,0.39342883229255676,0.5687347650527954,0.38438382744789124,0.560066819190979,0.4023171365261078,0.5692377686500549,0.3895404040813446,0.580929696559906,0.3759375512599945,0.5838597416877747,0.3845038115978241,0.5469245314598083,0.4007952809333801,0.5608725547790527,0.3792175054550171,0.5729439854621887,0.36311888694763184,0.5742073655128479,0.3797529637813568,0.5320481657981873,0.395853728055954,0.5481659173965454,0.37451282143592834,0.5619955658912659,0.35739755630493164,0.5651071667671204,0.36827415227890015,0.5150055289268494,0.3821916878223419,0.5310900807380676,0.3665233552455902,0.5471497774124146,0.3518996238708496,0.5536285638809204,,,,,,,,,,,,,,,,,,,,,,,,,,,,,,,,,,,,,,,,,,,take_picture
0.3963620066642761,0.5088638663291931,0.41879600286483765,0.5407714247703552,0.44496968388557434,0.5656639933586121,0.45360586047172546,0.5918871164321899,0.44813358783721924,0.6180822253227234,0.4968608617782593,0.5450761318206787,0.5319927930831909,0.5562751889228821,0.5537369251251221,0.5630903244018555,0.5764623284339905,0.5664249062538147,0.497665673494339,0.5245689749717712,0.5127677917480469,0.5501459836959839,0.4817863404750824,0.5614380240440369,0.46441641449928284,0.5585563778877258,0.4875819981098175,0.5068967342376709,0.48444539308547974,0.5362135171890259,0.457196444272995,0.542791485786438,0.4491561949253082,0.534091591835022,0.47089946269989014,0.49160730838775635,0.46201092004776,0.5209037661552429,0.44594132900238037,0.5273939371109009,0.4437952935695648,0.5178653001785278,0.6455097198486328,0.7059424519538879,0.6192584037780762,0.6556636691093445,0.588890790939331,0.6253248453140259,0.5790347456932068,0.5951111316680908,0.5835340023040771,0.5712597966194153,0.5433714985847473,0.6486258506774902,0.49703672528266907,0.6358627080917358,0.469264417886734,0.6319867968559265,0.446475088596344,0.6294885277748108,0.536872148513794,0.6758348941802979,0.5198279619216919,0.6563518643379211,0.5348399877548218,0.6501356363296509,0.5490285158157349,0.6507518291473389,0.542445957660675,0.7005085349082947,0.5304297208786011,0.6773703098297119,0.5420306921005249,0.6727102994918823,0.5548200011253357,0.6785346269607544,0.5518544316291809,0.7203096151351929,0.5433013439178467,0.700503408908844,0.5543902516365051,0.6938124895095825,0.5662319660186768,0.6972067356109619,take_picture
0.6270262002944946,0.7140792012214661,0.6226617097854614,0.6753207445144653,0.6015734672546387,0.6455977559089661,0.5951207876205444,0.619787335395813,0.5984677076339722,0.5996115803718567,0.5413699150085449,0.6675326824188232,0.49397459626197815,0.6597045660018921,0.46368923783302307,0.6580764055252075,0.439092755317688,0.6576215624809265,0.5310123562812805,0.6905506253242493,0.5123552083969116,0.6788560152053833,0.5293543338775635,0.6743088960647583,0.5463656783103943,0.6756052374839783,0.534726619720459,0.7107505202293396,0.5204969048500061,0.6928215026855469,0.534062922000885,0.6893115043640137,0.5474140644073486,0.6934906244277954,0.5423249006271362,0.7257428169250488,0.5330342650413513,0.7084680795669556,0.5455605983734131,0.7056766748428345,0.5562021136283875,0.7096493244171143,0.39627841114997864,0.5368891954421997,0.4085489511489868,0.575831413269043,0.4279637634754181,0.6080458760261536,0.43479976058006287,0.6328073740005493,0.43529802560806274,0.6516221761703491,0.48896104097366333,0.5933564901351929,0.5420429110527039,0.5945776700973511,0.5693179368972778,0.5972543358802795,0.5966917276382446,0.5972846150398254,0.49001169204711914,0.5786349177360535,0.524255633354187,0.5876856446266174,0.4922165870666504,0.5955338478088379,0.4683677554130554,0.5933655500411987,0.48484233021736145,0.5627251863479614,0.5189458727836609,0.570853590965271,0.4881235957145691,0.578397810459137,0.4658695161342621,0.5767939686775208,0.4776073694229126,0.5455673336982727,0.5100693106651306,0.5523911714553833,0.49194616079330444,0.5612500905990601,0.4728030562400818,0.5619117021560669,take_picture
0.388200581073761,0.4044921100139618,0.40661031007766724,0.4222235083580017,0.42740750312805176,0.4352375566959381,0.43819451332092285,0.4491208791732788,0.44120681285858154,0.4635781943798065,0.4685247838497162,0.42277249693870544,0.49448904395103455,0.4288719892501831,0.5133081078529358,0.43092116713523865,0.5304797887802124,0.43154028058052063,0.4690104126930237,0.4133778214454651,0.4683428108692169,0.43439075350761414,0.44799813628196716,0.4350098669528961,0.43958765268325806,0.4296558201313019,0.46296122670173645,0.40596824884414673,0.4600868225097656,0.4283105731010437,0.44156941771507263,0.4279814064502716,0.4338381588459015,0.4222905933856964,0.45266470313072205,0.40032920241355896,0.45338693261146545,0.4202374815940857,0.43871361017227173,0.4215201735496521,0.43127816915512085,0.4165783226490021,0.5705553293228149,0.5145053863525391,0.570521354675293,0.48609811067581177,0.548118531703949,0.463285356760025,0.5342821478843689,0.4471702575683594,0.5345332622528076,0.433681845664978,0.5153672099113464,0.47206124663352966,0.4805827736854553,0.46971395611763,0.45657041668891907,0.47251108288764954,0.4371458888053894,0.4746265709400177,0.5088218450546265,0.4838373363018036,0.4893113672733307,0.4864249527454376,0.49531322717666626,0.48682284355163574,0.5003796219825745,0.4879535436630249,0.5108237862586975,0.49379175901412964,0.49956950545310974,0.4907953143119812,0.514693558216095,0.48921650648117065,0.5255591869354248,0.4894190728664398,0.5153558254241943,0.5012115240097046,0.5073030591011047,0.4942874312400818,0.5197198390960693,0.49332568049430847,0.5302858948707581,0.49448609352111816,take_picture
0.3794842064380646,0.4438970983028412,0.39606600999832153,0.4800869822502136,0.41428202390670776,0.5113993287086487,0.41756919026374817,0.538295567035675,0.4173721671104431,0.5566774606704712,0.4639720618724823,0.4935731589794159,0.508712887763977,0.49903222918510437,0.5368475914001465,0.5006102919578552,0.56303870677948,0.5031798481941223,0.46558815240859985,0.47520220279693604,0.4942854344844818,0.4715966582298279,0.4616216719150543,0.46619895100593567,0.4388217031955719,0.46705934405326843,0.46084338426589966,0.45616719126701355,0.48238062858581543,0.4510990083217621,0.44993194937705994,0.45083144307136536,0.4276890158653259,0.45519527792930603,0.4527670443058014,0.4386196434497833,0.4712276756763458,0.4337330758571625,0.44999241828918457,0.43558600544929504,0.4329424798488617,0.4408162236213684,0.6018012762069702,0.6209364533424377,0.588887631893158,0.5867980718612671,0.5687460899353027,0.5593740344047546,0.5590009093284607,0.534101128578186,0.5611746311187744,0.5132398009300232,0.5136551260948181,0.575233519077301,0.46535348892211914,0.5699370503425598,0.43658244609832764,0.5681670904159546,0.41299566626548767,0.566315233707428,0.5070202946662903,0.5948666930198669,0.48648399114608765,0.6009752154350281,0.5020719766616821,0.6024652719497681,0.5182570815086365,0.602479875087738,0.5119011402130127,0.6153064370155334,0.5028756260871887,0.6193549633026123,0.5186185240745544,0.6183330416679382,0.5352835059165955,0.61695796251297,0.5198915004730225,0.6330891251564026,0.5138355493545532,0.6331362724304199,0.527666449546814,0.6312569379806519,0.5419275164604187,0.6296733021736145,take_picture
0.31512075662612915,0.3561277389526367,0.3321590721607208,0.3964913785457611,0.3562936782836914,0.4308915138244629,0.36058127880096436,0.4611942172050476,0.3543751835823059,0.48665502667427063,0.43752238154411316,0.4089803695678711,0.49292635917663574,0.4094069302082062,0.5275225639343262,0.4089895188808441,0.5581493377685547,0.4070897698402405,0.44136086106300354,0.3839300870895386,0.4418190121650696,0.4015549123287201,0.3960025906562805,0.4098140001296997,0.3656788766384125,0.4099830985069275,0.4324091076850891,0.3610612750053406,0.4170943796634674,0.38210657238960266,0.3725830614566803,0.38807186484336853,0.3476131558418274,0.38576221466064453,0.41759762167930603,0.34016573429107666,0.4072819650173187,0.3607645630836487,0.3774667978286743,0.3677349090576172,0.3598889708518982,0.36702197790145874,0.5812565684318542,0.5492101311683655,0.566163957118988,0.5007462501525879,0.545677900314331,0.46748897433280945,0.5444426536560059,0.43628379702568054,0.5530800223350525,0.4118592143058777,0.4776867926120758,0.490499347448349,0.41543513536453247,0.4909447431564331,0.3761920928955078,0.49444425106048584,0.34708184003829956,0.4975632429122925,0.47018367052078247,0.518347442150116,0.4591365456581116,0.5076621174812317,0.4802684485912323,0.501206636428833,0.4995165467262268,0.501461923122406,0.47913050651550293,0.5439367890357971,0.47312504053115845,0.5278978943824768,0.49024683237075806,0.5230242609977722,0.5059322714805603,0.5279673337936401,0.49125465750694275,0.5622850656509399,0.48709091544151306,0.547076940536499,0.5022780299186707,0.5429070591926575,0.5149643421173096,0.5468094348907471,take_picture
0.3760688006877899,0.651268720626831,0.4022275507450104,0.6753315925598145,0.4263254404067993,0.692815363407135,0.4367370009422302,0.7118036150932312,0.43988892436027527,0.7301755547523499,0.47144895792007446,0.6669986248016357,0.5052865147590637,0.6717477440834045,0.5272433757781982,0.6758078336715698,0.54747074842453,0.677682638168335,0.4703640043735504,0.6527604460716248,0.47286441922187805,0.6761491298675537,0.4439920485019684,0.6803857684135437,0.42905741930007935,0.6755402088165283,0.46188968420028687,0.6420618295669556,0.4587785303592682,0.6677289605140686,0.4338659644126892,0.6702636480331421,0.42222824692726135,0.6642868518829346,0.44917169213294983,0.6338679194450378,0.44677668809890747,0.6562252044677734,0.42962509393692017,0.660487711429596,0.4211113154888153,0.655292809009552,0.5963691473007202,0.7820041179656982,0.5825357437133789,0.7484889626502991,0.5587959885597229,0.7250943183898926,0.5497198700904846,0.7037431597709656,0.5515546798706055,0.6870353817939758,0.5221809148788452,0.7504386901855469,0.48001447319984436,0.7434260249137878,0.4554111361503601,0.7415118217468262,0.4353215992450714,0.7406306266784668,0.5165759921073914,0.7691305875778198,0.506631076335907,0.753360390663147,0.5203132033348083,0.747458279132843,0.5325337648391724,0.747939944267273,0.5206384062767029,0.7832819223403931,0.5134922862052917,0.7647878527641296,0.5254821181297302,0.7599228620529175,0.5360978245735168,0.7632949352264404,0.5272518396377563,0.7918150424957275,0.5207067131996155,0.775431752204895,0.5314731001853943,0.770085334777832,0.540896475315094,0.7724859714508057,take_picture
0.570756733417511,0.5321608185768127,0.5633316040039062,0.5152799487113953,0.5504403710365295,0.5023676753044128,0.5425640344619751,0.49109697341918945,0.5408328175544739,0.48260751366615295,0.5289983749389648,0.5108996033668518,0.5076171159744263,0.505954384803772,0.4945410192012787,0.504668116569519,0.48304304480552673,0.5045368075370789,0.5252221822738647,0.5190126299858093,0.5210004448890686,0.5118535161018372,0.5295749306678772,0.5098165273666382,0.535481333732605,0.5096893310546875,0.5256825685501099,0.5256445407867432,0.5234618782997131,0.5180866122245789,0.5318484902381897,0.5163257718086243,0.5378078818321228,0.5171149373054504,0.5277881026268005,0.5302265882492065,0.5245991349220276,0.5234555602073669,0.5304089784622192,0.520926296710968,0.5350823998451233,0.5209071636199951,,,,,,,,,,,,,,,,,,,,,,,,,,,,,,,,,,,,,,,,,,,take_picture
0.7567519545555115,0.5786212086677551,0.7328446507453918,0.6202558279037476,0.6910700798034668,0.6582998633384705,0.6573047041893005,0.6862908005714417,0.6327635645866394,0.7067583203315735,0.6293529868125916,0.624072790145874,0.587088942527771,0.6281183362007141,0.6303842663764954,0.6276493072509766,0.6485727429389954,0.6245490312576294,0.6289850473403931,0.597842812538147,0.589890718460083,0.6031826138496399,0.6405564546585083,0.6049953699111938,0.6515896916389465,0.6021774411201477,0.6326473951339722,0.5718808174133301,0.5948400497436523,0.5771178007125854,0.6445239782333374,0.5823911428451538,0.657642662525177,0.5805317163467407,0.6412264704704285,0.5463658571243286,0.6110287308692932,0.5529098510742188,0.6449152827262878,0.5617694854736328,0.6585922241210938,0.5617274045944214,,,,,,,,,,,,,,,,,,,,,,,,,,,,,,,,,,,,,,,,,,,dislike
0.7355894446372986,0.28036314249038696,0.7187588214874268,0.33430102467536926,0.6924101114273071,0.3792800307273865,0.6705796718597412,0.4128565788269043,0.6582732796669006,0.441964328289032,0.6528306603431702,0.33708834648132324,0.6272014379501343,0.33057528734207153,0.6535895466804504,0.3264588713645935,0.674941897392273,0.32462483644485474,0.6527072191238403,0.30541709065437317,0.6288678646087646,0.30101707577705383,0.6596226692199707,0.3003292679786682,0.6812361478805542,0.30080392956733704,0.6564980745315552,0.27543726563453674,0.6329496502876282,0.2716689109802246,0.6624460816383362,0.27718570828437805,0.6842288970947266,0.28224998712539673,0.6632024049758911,0.24699455499649048,0.6428081393241882,0.2433439940214157,0.6614884734153748,0.2535902261734009,0.6777614951133728,0.2603486180305481,,,,,,,,,,,,,,,,,,,,,,,,,,,,,,,,,,,,,,,,,,,dislike
0.5061914324760437,0.7039750814437866,0.5248868465423584,0.6800447106361389,0.5466808080673218,0.6754608154296875,0.5654839277267456,0.6817713379859924,0.5784271955490112,0.6880679130554199,0.5687052011489868,0.7048854231834412,0.5776466727256775,0.7133525013923645,0.5681400895118713,0.7112085819244385,0.5580322742462158,0.7064904570579529,0.5661765336990356,0.7259102463722229,0.5696277618408203,0.7302239537239075,0.5609872937202454,0.7251613140106201,0.552211582660675,0.7207678556442261,0.5588018894195557,0.7426629066467285,0.5623762011528015,0.7458999156951904,0.5556172132492065,0.7413034439086914,0.5473965406417847,0.7354567646980286,0.5500000715255737,0.7569246292114258,0.552696168422699,0.7584227323532104,0.5473909974098206,0.7533199787139893,0.5412855744361877,0.7483014464378357,,,,,,,,,,,,,,,,,,,,,,,,,,,,,,,,,,,,,,,,,,,dislike
0.3359368145465851,0.6097434163093567,0.35612186789512634,0.6322362422943115,0.37610000371932983,0.6494587659835815,0.3894630968570709,0.6661662459373474,0.3947528600692749,0.6803551316261292,0.40612179040908813,0.6292155385017395,0.4241005480289459,0.6317834258079529,0.40492311120033264,0.6358232498168945,0.39312320947647095,0.636319100856781,0.401573121547699,0.6180534362792969,0.41652777791023254,0.6205165982246399,0.39421844482421875,0.6261665225028992,0.3845438063144684,0.6256588697433472,0.39378154277801514,0.6072579622268677,0.4076438546180725,0.6095728278160095,0.3874223232269287,0.6165603995323181,0.3781234622001648,0.6165601015090942,0.38433587551116943,0.5963146090507507,0.39470207691192627,0.6004806756973267,0.38209185004234314,0.6065090298652649,0.37509608268737793,0.6063279509544373,0.7363308668136597,0.9018126726150513,0.7130452394485474,0.9105638265609741,0.7092428207397461,0.9293745756149292,0.7136483788490295,0.9454451203346252,0.7187038064002991,0.9571158289909363,0.7393007874488831,0.9489181637763977,0.7352929711341858,0.9732565879821777,0.7279456853866577,0.9849317073822021,0.721035897731781,0.9924479126930237,0.7533015012741089,0.9491671919822693,0.7466614842414856,0.9736114740371704,0.7353968024253845,0.9840843081474304,0.725045919418335,0.9896299839019775,0.7593464851379395,0.9477066993713379,0.7523424029350281,0.9695868492126465,0.741905152797699,0.978508472442627,0.732655942440033,0.9834307432174683,0.7593338489532471,0.9457405805587769,0.75455641746521,0.9637380242347717,0.7462570071220398,0.9723865985870361,0.7376753687858582,0.9771816730499268,dislike
0.4890839159488678,0.3844941258430481,0.5051711201667786,0.40785351395606995,0.5355045199394226,0.4325866997241974,0.5483309626579285,0.4540605843067169,0.551779568195343,0.4726581573486328,0.5768648982048035,0.4068228006362915,0.5967791080474854,0.41904422640800476,0.5676209330558777,0.4194974899291992,0.5570383071899414,0.41414874792099,0.5773420929908752,0.39016374945640564,0.5907291769981384,0.40577682852745056,0.5560630559921265,0.4056762754917145,0.5553886294364929,0.399347186088562,0.5715789794921875,0.37442684173583984,0.582548201084137,0.3910442292690277,0.5493343472480774,0.3926360607147217,0.5482372045516968,0.385202556848526,0.5629070401191711,0.3587501049041748,0.5713214874267578,0.37540388107299805,0.549471378326416,0.379217267036438,0.5462142825126648,0.371961772441864,0.7844847440719604,0.807818591594696,0.7476173639297485,0.8191471695899963,0.7363473773002625,0.848224937915802,0.7337819933891296,0.8752447366714478,0.7276946306228638,0.8986834287643433,0.7774595022201538,0.8677496314048767,0.7748816609382629,0.9040343165397644,0.765256941318512,0.9230564832687378,0.7570016384124756,0.9352239370346069,0.7984991073608398,0.8697044849395752,0.7881231307983398,0.9062119722366333,0.7700115442276001,0.920584499835968,0.7553548216819763,0.9265466928482056,0.8075395226478577,0.8688428997993469,0.7957512140274048,0.9000130295753479,0.7786791920661926,0.9114094376564026,0.7658422589302063,0.9167271852493286,0.8080856204032898,0.8664290308952332,0.7985830307006836,0.8911746740341187,0.7851078510284424,0.9019434452056885,0.7741667628288269,0.9073487520217896,dislike
0.3141939342021942,0.6982795000076294,0.33886903524398804,0.7124792337417603,0.3496197760105133,0.7320678234100342,0.3525218069553375,0.7513376474380493,0.35574471950531006,0.7646861672401428,0.32280340790748596,0.7492783069610596,0.33111438155174255,0.7742272019386292,0.34080177545547485,0.7821038961410522,0.34795889258384705,0.7861263751983643,0.3058285713195801,0.7491958141326904,0.3158116638660431,0.7759192585945129,0.3272078335285187,0.7791180610656738,0.33564040064811707,0.7772146463394165,0.29674994945526123,0.7457732558250427,0.30683374404907227,0.7688046097755432,0.31755268573760986,0.7729740142822266,0.32589223980903625,0.7728031277656555,0.29276010394096375,0.7412041425704956,0.3019214868545532,0.7576544880867004,0.3108276128768921,0.7622522115707397,0.31887543201446533,0.7629601359367371,0.5533635020256042,0.3523169457912445,0.546771764755249,0.38061657547950745,0.5365162491798401,0.40603649616241455,0.5277808904647827,0.42581331729888916,0.5220457315444946,0.43925249576568604,0.4872818887233734,0.3937242329120636,0.49071502685546875,0.41110730171203613,0.508757472038269,0.40168339014053345,0.5084018707275391,0.3945833146572113,0.4797072112560272,0.38141199946403503,0.4868345558643341,0.40059396624565125,0.508696436882019,0.39128872752189636,0.504957914352417,0.38466838002204895,0.47687575221061707,0.369000107049942,0.48563507199287415,0.3857256770133972,0.5073727965354919,0.3792366683483124,0.503756582736969,0.372537225484848,0.4781252443790436,0.35678577423095703,0.4873358905315399,0.37033626437187195,0.5033494830131531,0.3681506812572479,0.5015385746955872,0.3622717559337616,dislike
0.41349998116493225,0.3856484889984131,0.4173572361469269,0.4185488522052765,0.4343620240688324,0.4465641379356384,0.4483858048915863,0.46760836243629456,0.4509533643722534,0.4864177107810974,0.46371588110923767,0.42773911356925964,0.4781593978404999,0.43091368675231934,0.45972856879234314,0.4256243407726288,0.45306459069252014,0.42358046770095825,0.4679247736930847,0.41043996810913086,0.4803518056869507,0.41330450773239136,0.4601373076438904,0.41006582975387573,0.4559919238090515,0.4099762439727783,0.4674472510814667,0.39285120368003845,0.4786187708377838,0.3962295353412628,0.46034011244773865,0.3947681486606598,0.4555616080760956,0.3942186236381531,0.46522876620292664,0.37607499957084656,0.4722227454185486,0.3781014084815979,0.4603595733642578,0.3795248866081238,0.45639124512672424,0.379078209400177,,,,,,,,,,,,,,,,,,,,,,,,,,,,,,,,,,,,,,,,,,,dislike
0.014011204242706299,0.6248389482498169,0.04157474637031555,0.6879210472106934,0.10208360105752945,0.746476948261261,0.1460096389055252,0.7939979434013367,0.16283024847507477,0.8369425535202026,0.2098425030708313,0.6880896687507629,0.29200878739356995,0.6829238533973694,0.23590753972530365,0.6962133049964905,0.1945057064294815,0.699306309223175,0.21136704087257385,0.650402843952179,0.2979375123977661,0.642708957195282,0.23186784982681274,0.6610941290855408,0.19440241158008575,0.6654478311538696,0.2023938149213791,0.6130954623222351,0.2900964617729187,0.6053425073623657,0.23810391128063202,0.6249365210533142,0.20103588700294495,0.6274077892303467,0.1872342824935913,0.5745833516120911,0.25983959436416626,0.5680668950080872,0.23344077169895172,0.5897873640060425,0.20173245668411255,0.5971465706825256,,,,,,,,,,,,,,,,,,,,,,,,,,,,,,,,,,,,,,,,,,,dislike
0.8534055948257446,0.5437535643577576,0.8392353057861328,0.5539441704750061,0.8325082063674927,0.5714197158813477,0.8294340968132019,0.5867254137992859,0.8268699645996094,0.5975192785263062,0.8569489121437073,0.5845785737037659,0.8584604263305664,0.6063079237937927,0.8449565768241882,0.6126846671104431,0.8318513035774231,0.6133104562759399,0.859980583190918,0.5865099430084229,0.8577943444252014,0.6089197397232056,0.8433406949043274,0.6135039925575256,0.8305180668830872,0.6122289896011353,0.858675479888916,0.5869116187095642,0.853879451751709,0.6063627004623413,0.8410718441009521,0.6093476414680481,0.8299583196640015,0.6076349020004272,0.8552747368812561,0.5858705639839172,0.850999653339386,0.6013802289962769,0.840216338634491,0.6063528656959534,0.83104008436203,0.6069847345352173,0.5851603746414185,0.1953437179327011,0.5976327657699585,0.2116849422454834,0.6094846129417419,0.2266272008419037,0.6180354356765747,0.23939622938632965,0.622461199760437,0.24911612272262573,0.6298890113830566,0.21507367491722107,0.6436192989349365,0.216424822807312,0.6318542957305908,0.21624109148979187,0.6221201419830322,0.21631446480751038,0.6308426856994629,0.2051396369934082,0.6449653506278992,0.2061185985803604,0.6299437880516052,0.2065255343914032,0.6212610602378845,0.20707109570503235,0.6293484568595886,0.1951586902141571,0.6426284909248352,0.19569841027259827,0.628669023513794,0.19712305068969727,0.6207832098007202,0.19788582623004913,0.6259067058563232,0.1851751059293747,0.6351577043533325,0.18562282621860504,0.625937283039093,0.1878172755241394,0.6198890805244446,0.18896934390068054,dislike
0.6891595125198364,0.4118112325668335,0.6760522127151489,0.4493151009082794,0.638033390045166,0.4813980758190155,0.6023842096328735,0.5017094612121582,0.5805345773696899,0.521915853023529,0.5840355157852173,0.46104368567466736,0.5501490235328674,0.4689966142177582,0.584648847579956,0.4630378484725952,0.6098495125770569,0.457236111164093,0.5779269933700562,0.43874692916870117,0.5480822920799255,0.4455665051937103,0.5935701727867126,0.44067662954330444,0.6140010356903076,0.436279833316803,0.577315628528595,0.41542568802833557,0.5488142967224121,0.4207153022289276,0.5925965309143066,0.42027702927589417,0.6114352941513062,0.41859251260757446,0.5820903182029724,0.3911046087741852,0.5590932369232178,0.39737680554389954,0.5893241167068481,0.40178948640823364,0.603101372718811,0.40200692415237427,,,,,,,,,,,,,,,,,,,,,,,,,,,,,,,,,,,,,,,,,,,dislike
0.5120090842247009,0.39519116282463074,0.5213690996170044,0.4092673659324646,0.5350167155265808,0.42374253273010254,0.540860652923584,0.4358929395675659,0.5422338843345642,0.4461442232131958,0.55576491355896,0.4139954149723053,0.5692803859710693,0.41558581590652466,0.5764021277427673,0.41794776916503906,0.58245849609375,0.42006948590278625,0.5571671724319458,0.40558579564094543,0.5682706832885742,0.4087216854095459,0.5579923391342163,0.40988689661026,0.5506993532180786,0.4089536666870117,0.5550962686538696,0.3967653810977936,0.5672563314437866,0.40021196007728577,0.5564159750938416,0.40187734365463257,0.5481571555137634,0.40089312195777893,0.5509575009346008,0.3873606324195862,0.5614092946052551,0.39004287123680115,0.5539016127586365,0.39269885420799255,0.547143280506134,0.39240628480911255,,,,,,,,,,,,,,,,,,,,,,,,,,,,,,,,,,,,,,,,,,,dislike
0.9397382736206055,0.3817426562309265,0.8854821920394897,0.46159619092941284,0.7896285057067871,0.5336841344833374,0.7300103902816772,0.5881401300430298,0.7065681219100952,0.6381055116653442,0.6662628650665283,0.46736940741539,0.6162125468254089,0.49148720502853394,0.7097106575965881,0.48733600974082947,0.7601145505905151,0.47642821073532104,0.6679882407188416,0.41395390033721924,0.6281399130821228,0.44182464480400085,0.7385388016700745,0.442522257566452,0.7576243877410889,0.42800965905189514,0.6891868710517883,0.36138516664505005,0.6498392224311829,0.38755255937576294,0.7472432255744934,0.39624735713005066,0.7573502063751221,0.38328856229782104,0.7168523669242859,0.3132669925689697,0.6897459626197815,0.33737796545028687,0.752716064453125,0.35094311833381653,0.7557408213615417,0.33820274472236633,,,,,,,,,,,,,,,,,,,,,,,,,,,,,,,,,,,,,,,,,,,dislike
0.6464024782180786,0.5612972378730774,0.6341289281845093,0.5737555623054504,0.6118418574333191,0.5784946084022522,0.6084124445915222,0.5708127617835999,0.6135240793228149,0.5517394542694092,0.55094975233078,0.5529365539550781,0.5798801183700562,0.5582455396652222,0.6117277145385742,0.5653543472290039,0.6110379695892334,0.5629614591598511,0.5479847192764282,0.5304893255233765,0.5960671901702881,0.5417536497116089,0.637557327747345,0.5512831211090088,0.6323568224906921,0.5462609529495239,0.5608622431755066,0.5135444402694702,0.6072401404380798,0.5221990942955017,0.6432924866676331,0.5334972143173218,0.6348903179168701,0.5321797132492065,0.5816941261291504,0.4996732473373413,0.6168177723884583,0.499927818775177,0.6426491141319275,0.5091134905815125,0.6387463212013245,0.5105528235435486,,,,,,,,,,,,,,,,,,,,,,,,,,,,,,,,,,,,,,,,,,,dislike
0.45917609333992004,0.5710611343383789,0.47754213213920593,0.6275423169136047,0.4909808933734894,0.6652069687843323,0.49756890535354614,0.7056301832199097,0.5043933391571045,0.7380415201187134,0.5417901873588562,0.6133636236190796,0.5720673203468323,0.6354406476020813,0.5442609190940857,0.640994668006897,0.5273911952972412,0.6290868520736694,0.548003077507019,0.5867726802825928,0.5762587785720825,0.6068475842475891,0.5380842089653015,0.6111315488815308,0.5235785245895386,0.5961982011795044,0.550555408000946,0.5574792623519897,0.5852173566818237,0.5767515301704407,0.5496602654457092,0.5843290686607361,0.5326375365257263,0.5706434845924377,0.5495210289955139,0.5229442715644836,0.5836600065231323,0.5290802717208862,0.5646829605102539,0.5462620258331299,0.5476097464561462,0.5463565587997437,,,,,,,,,,,,,,,,,,,,,,,,,,,,,,,,,,,,,,,,,,,dislike
0.2811763286590576,0.535917341709137,0.28631365299224854,0.5631958842277527,0.3251687288284302,0.5919341444969177,0.3623543083667755,0.6079540252685547,0.37698933482170105,0.6247434020042419,0.3664672076702118,0.5747148990631104,0.3977106213569641,0.5717395544052124,0.36407381296157837,0.5683128237724304,0.34517955780029297,0.5696302056312561,0.3699818253517151,0.5557535886764526,0.39614665508270264,0.5529404878616333,0.35406479239463806,0.55111163854599,0.34653452038764954,0.5552933812141418,0.3687935173511505,0.5379464030265808,0.3943483531475067,0.5368533134460449,0.3568728566169739,0.5368391871452332,0.3480220139026642,0.539970338344574,0.3657348155975342,0.5200968384742737,0.3849557936191559,0.5190237164497375,0.3598901033401489,0.5210503339767456,0.35061874985694885,0.5227670073509216,,,,,,,,,,,,,,,,,,,,,,,,,,,,,,,,,,,,,,,,,,,dislike
0.3785484731197357,0.45277050137519836,0.38808080554008484,0.4719223380088806,0.4025677740573883,0.4886881411075592,0.41541236639022827,0.5035878419876099,0.4201033115386963,0.5179814100265503,0.43705546855926514,0.47232604026794434,0.4448225498199463,0.4708012342453003,0.4249713718891144,0.47015687823295593,0.4215564727783203,0.47162938117980957,0.43926677107810974,0.4569908380508423,0.4442363381385803,0.45471978187561035,0.42016181349754333,0.4569544196128845,0.4196321964263916,0.4584018588066101,0.4364989101886749,0.4426650404930115,0.4453916549682617,0.44072824716567993,0.4225772023200989,0.4437342882156372,0.42069169878959656,0.4454953074455261,0.4307344853878021,0.4283560812473297,0.440949022769928,0.42429065704345703,0.42567145824432373,0.4284919202327728,0.4196867048740387,0.4312742054462433,,,,,,,,,,,,,,,,,,,,,,,,,,,,,,,,,,,,,,,,,,,dislike
0.6847760081291199,0.6828055381774902,0.6603989005088806,0.7048473358154297,0.6285460591316223,0.7259689569473267,0.6159822344779968,0.7489699721336365,0.6102487444877625,0.7684848308563232,0.5787646174430847,0.692399263381958,0.5746414065361023,0.7143092155456543,0.6029878854751587,0.7159159183502197,0.6167250275611877,0.7113795876502991,0.5820252895355225,0.6766462326049805,0.5850474238395691,0.7003548741340637,0.6189939379692078,0.7014284133911133,0.6237547993659973,0.6936184763908386,0.5958942174911499,0.6609479784965515,0.5961877107620239,0.680739164352417,0.6254008412361145,0.6854535341262817,0.6280143857002258,0.6789990663528442,0.6151557564735413,0.6475692987442017,0.6100836396217346,0.6613344550132751,0.6284505128860474,0.6712146997451782,0.6327016949653625,0.6690582036972046,,,,,,,,,,,,,,,,,,,,,,,,,,,,,,,,,,,,,,,,,,,dislike
0.5187700986862183,0.5583711266517639,0.501995325088501,0.5776180624961853,0.48477888107299805,0.5949873924255371,0.4752204418182373,0.6093499660491943,0.47106248140335083,0.6209601163864136,0.45399585366249084,0.5757017135620117,0.4276021122932434,0.5775391459465027,0.4425370395183563,0.5813522338867188,0.4565146565437317,0.5808780789375305,0.45369696617126465,0.5649930834770203,0.42717602849006653,0.5663895010948181,0.44524484872817993,0.5715196132659912,0.4594772160053253,0.5698720812797546,0.45642369985580444,0.5536270141601562,0.428690105676651,0.5532296299934387,0.44478997588157654,0.5593518614768982,0.459329217672348,0.5593156218528748,0.4624287784099579,0.5417401194572449,0.4421992599964142,0.5409124493598938,0.45106860995292664,0.5477572679519653,0.4625603258609772,0.5494116544723511,,,,,,,,,,,,,,,,,,,,,,,,,,,,,,,,,,,,,,,,,,,dislike
0.4597928822040558,0.8112359046936035,0.4760550260543823,0.8354053497314453,0.49464040994644165,0.854794979095459,0.5050586462020874,0.8734713196754456,0.5034565925598145,0.8881087899208069,0.5289927124977112,0.8389685750007629,0.5446051955223083,0.8402972221374512,0.5228726267814636,0.8378300666809082,0.5181301832199097,0.8375990986824036,0.5303263068199158,0.8264264464378357,0.5439594984054565,0.8260866403579712,0.5187939405441284,0.8259944915771484,0.5187456607818604,0.8280963897705078,0.52748703956604,0.8141492605209351,0.5405250787734985,0.8138797283172607,0.5187993049621582,0.8147990703582764,0.5169784426689148,0.8159338235855103,0.5232126712799072,0.8016827702522278,0.5306196808815002,0.7997307181358337,0.5185878276824951,0.8035057187080383,0.5167436599731445,0.805351972579956,,,,,,,,,,,,,,,,,,,,,,,,,,,,,,,,,,,,,,,,,,,dislike
0.6875316500663757,0.39196696877479553,0.6696353554725647,0.416304349899292,0.6456377506256104,0.43615755438804626,0.6257676482200623,0.45111316442489624,0.61539226770401,0.46490535140037537,0.6062265038490295,0.41820693016052246,0.5984464883804321,0.42533108592033386,0.6229579448699951,0.42267364263534546,0.6286696195602417,0.41878026723861694,0.6037865877151489,0.40285298228263855,0.6008593440055847,0.4105674624443054,0.6282580494880676,0.40939077734947205,0.6295892596244812,0.40660426020622253,0.607144832611084,0.3882138133049011,0.6036304235458374,0.39566347002983093,0.6304877400398254,0.39703500270843506,0.6347091794013977,0.39551982283592224,0.6149579286575317,0.37482890486717224,0.6094313263893127,0.3805534243583679,0.6275137662887573,0.3852183520793915,0.6329404711723328,0.38609015941619873,,,,,,,,,,,,,,,,,,,,,,,,,,,,,,,,,,,,,,,,,,,dislike
0.28360170125961304,0.41344112157821655,0.30748251080513,0.43522876501083374,0.3318226635456085,0.4524603486061096,0.35054588317871094,0.4671434462070465,0.36136287450790405,0.47924530506134033,0.3585340976715088,0.43245044350624084,0.3709760308265686,0.43812835216522217,0.3479771018028259,0.4364006221294403,0.34160593152046204,0.4333074688911438,0.3575328588485718,0.4200173616409302,0.36853650212287903,0.4249214828014374,0.34282490611076355,0.4265356957912445,0.33913353085517883,0.4247005581855774,0.3514760732650757,0.40813472867012024,0.36514025926589966,0.413169264793396,0.34101447463035583,0.4163975417613983,0.3349565267562866,0.41455602645874023,0.3433111011981964,0.39609822630882263,0.356551855802536,0.400611013174057,0.34113070368766785,0.40592092275619507,0.33460161089897156,0.40471208095550537,,,,,,,,,,,,,,,,,,,,,,,,,,,,,,,,,,,,,,,,,,,dislike
0.6852693557739258,0.2024371176958084,0.6857306361198425,0.2552528977394104,0.6798996329307556,0.3161282241344452,0.6794570088386536,0.37128549814224243,0.6885685324668884,0.41878172755241394,0.5873355865478516,0.31692957878112793,0.5901082754135132,0.2926878333091736,0.6158953309059143,0.27774956822395325,0.6182137131690979,0.28842562437057495,0.5712035298347473,0.27706724405288696,0.5833281874656677,0.254844605922699,0.6214834451675415,0.24717983603477478,0.6120359897613525,0.2617568373680115,0.5655292868614197,0.2340218424797058,0.5800496339797974,0.21614128351211548,0.6148466467857361,0.21286813914775848,0.6110013127326965,0.228993758559227,0.5660530924797058,0.19508635997772217,0.5759156942367554,0.18031153082847595,0.6037561893463135,0.18397574126720428,0.6079772114753723,0.20008856058120728,,,,,,,,,,,,,,,,,,,,,,,,,,,,,,,,,,,,,,,,,,,dislike
0.36275458335876465,0.3431921899318695,0.3729485869407654,0.3773013651371002,0.39053285121917725,0.4044482409954071,0.4057583212852478,0.4244607985019684,0.4133007526397705,0.44343656301498413,0.40806105732917786,0.3759455382823944,0.4186782240867615,0.37110063433647156,0.4030187726020813,0.3674653470516205,0.3964096009731293,0.3688808083534241,0.40781381726264954,0.35240504145622253,0.4185606837272644,0.34705850481987,0.4002852141857147,0.3487788140773773,0.3950009346008301,0.35219353437423706,0.40526124835014343,0.3306639790534973,0.4159993529319763,0.32419416308403015,0.3992060720920563,0.32943955063819885,0.39403194189071655,0.334078311920166,0.4015832245349884,0.3092900514602661,0.409700870513916,0.3030046224594116,0.3993496298789978,0.3102145195007324,0.39485007524490356,0.31495049595832825,,,,,,,,,,,,,,,,,,,,,,,,,,,,,,,,,,,,,,,,,,,dislike
0.5680364370346069,0.5748379230499268,0.5978596210479736,0.6222081184387207,0.6328530311584473,0.650239109992981,0.6641142964363098,0.6664266586303711,0.6880995631217957,0.6817905902862549,0.6948671340942383,0.6040132641792297,0.740941047668457,0.6138986945152283,0.6954513192176819,0.6193138360977173,0.6660062670707703,0.6130471229553223,0.6970891952514648,0.5809707045555115,0.7383132576942444,0.5900551080703735,0.6817507743835449,0.5935127139091492,0.6564651727676392,0.5852861404418945,0.6955994367599487,0.5564075112342834,0.7336385250091553,0.5651524662971497,0.6835446357727051,0.5699304938316345,0.6608182191848755,0.5627725124359131,0.691429615020752,0.5275830626487732,0.7267446517944336,0.536973774433136,0.6924275159835815,0.5460954308509827,0.670534074306488,0.5411392450332642,,,,,,,,,,,,,,,,,,,,,,,,,,,,,,,,,,,,,,,,,,,dislike
0.698059618473053,0.3521105647087097,0.6853878498077393,0.38719552755355835,0.6531146764755249,0.4205625057220459,0.6300885081291199,0.4464992880821228,0.6201351284980774,0.46778109669685364,0.5997351408004761,0.3984389007091522,0.566625714302063,0.4060465097427368,0.6034799814224243,0.40049025416374207,0.6220403909683228,0.3959137797355652,0.5956023335456848,0.3770129680633545,0.5679976344108582,0.3849426805973053,0.6094502806663513,0.38143229484558105,0.6185815334320068,0.3766801953315735,0.5973545908927917,0.3552740812301636,0.571474015712738,0.3613147437572479,0.6094991564750671,0.3620331585407257,0.6179362535476685,0.35822728276252747,0.6033998727798462,0.3330518305301666,0.5879073143005371,0.33846721053123474,0.6147240400314331,0.3450337052345276,0.6233869194984436,0.3449430763721466,,,,,,,,,,,,,,,,,,,,,,,,,,,,,,,,,,,,,,,,,,,dislike
0.278138667345047,0.49613600969314575,0.277658611536026,0.5109339952468872,0.28145381808280945,0.5233982801437378,0.28335073590278625,0.5367251634597778,0.28514087200164795,0.5509166121482849,0.308837354183197,0.5065149664878845,0.2791723608970642,0.5069437026977539,0.2763073444366455,0.5090539455413818,0.2822340726852417,0.5106853246688843,0.30782440304756165,0.49166345596313477,0.2719643712043762,0.4961720108985901,0.27276092767715454,0.49947473406791687,0.280987411737442,0.5008991360664368,0.3017527163028717,0.4802342653274536,0.2693592607975006,0.4858163893222809,0.2709587514400482,0.48879021406173706,0.2806197702884674,0.48962968587875366,0.2935817241668701,0.47149139642715454,0.27036622166633606,0.4760912358760834,0.27045685052871704,0.47889748215675354,0.27705350518226624,0.47892463207244873,,,,,,,,,,,,,,,,,,,,,,,,,,,,,,,,,,,,,,,,,,,dislike
0.37718647718429565,0.3961929976940155,0.4009263217449188,0.4223354458808899,0.4492824673652649,0.4432469308376312,0.4795595407485962,0.4619337320327759,0.49471530318260193,0.48220598697662354,0.48272469639778137,0.41524502635002136,0.5203949809074402,0.41172921657562256,0.4956042766571045,0.42432838678359985,0.4723080098628998,0.4327040910720825,0.47867316007614136,0.39535796642303467,0.515632152557373,0.39422693848609924,0.48244601488113403,0.41057395935058594,0.4591929018497467,0.4176144301891327,0.46586132049560547,0.3772605359554291,0.5025862455368042,0.3774900436401367,0.46996012330055237,0.3941148519515991,0.44677722454071045,0.400339812040329,0.44723600149154663,0.360321044921875,0.47148141264915466,0.3676382303237915,0.44995707273483276,0.38257110118865967,0.4309937059879303,0.38829970359802246,0.7455511689186096,0.8424202799797058,0.7133024334907532,0.861819863319397,0.7072119116783142,0.886283814907074,0.7108851075172424,0.90767902135849,0.709013044834137,0.9219779968261719,0.7471939325332642,0.902765691280365,0.7376675605773926,0.9224283695220947,0.724094033241272,0.9163268208503723,0.7197603583335876,0.9091594815254211,0.7628798484802246,0.897643506526947,0.749798595905304,0.9180406332015991,0.735814094543457,0.9147692322731018,0.7313116192817688,0.9083238244056702,0.7703492045402527,0.8898459672927856,0.7584792971611023,0.9070862531661987,0.7459114789962769,0.9060848355293274,0.7410492300987244,0.9003782868385315,0.7719836235046387,0.8819224238395691,0.7641586661338806,0.8963407874107361,0.7527669072151184,0.8967891335487366,0.7472277879714966,0.8918628692626953,dislike
0.22916167974472046,0.40657806396484375,0.24536490440368652,0.42242729663848877,0.26645317673683167,0.43624547123908997,0.2814287841320038,0.45163634419441223,0.2889151871204376,0.4643648862838745,0.2921915352344513,0.41923093795776367,0.3079787492752075,0.42033082246780396,0.29103371500968933,0.4227035939693451,0.2833304703235626,0.4219326078891754,0.2886708378791809,0.40685078501701355,0.3010976016521454,0.40838462114334106,0.27636855840682983,0.41192108392715454,0.2759096324443817,0.41181936860084534,0.281534343957901,0.3954848647117615,0.29314732551574707,0.39728954434394836,0.27241209149360657,0.40217867493629456,0.2706570625305176,0.4016810953617096,0.27314436435699463,0.38386377692222595,0.28167593479156494,0.38521718978881836,0.2690766453742981,0.39125582575798035,0.26540473103523254,0.3913710117340088,0.6149705648422241,0.7188817262649536,0.593368649482727,0.7277494668960571,0.5864317417144775,0.7470937371253967,0.5866637825965881,0.7641536593437195,0.5876389741897583,0.7756771445274353,0.6095264554023743,0.7585813403129578,0.6040036678314209,0.7808516025543213,0.5946744680404663,0.7888529896736145,0.5865160226821899,0.7928493618965149,0.6208860874176025,0.7589175701141357,0.6123009920120239,0.7800513505935669,0.6010000705718994,0.7869064211845398,0.5916174054145813,0.789190411567688,0.6256750226020813,0.7570436596870422,0.6174838542938232,0.77508145570755,0.607179582118988,0.7811920642852783,0.5987129211425781,0.7833371162414551,0.6255667209625244,0.7545124292373657,0.6200842261314392,0.7691432237625122,0.610680341720581,0.7750619649887085,0.6021378636360168,0.7770763039588928,dislike
0.4374650716781616,0.6246011853218079,0.45607230067253113,0.6505439281463623,0.4895443916320801,0.6716046929359436,0.5070371627807617,0.6873060464859009,0.5160888433456421,0.702558159828186,0.5692175030708313,0.6550690531730652,0.5472912788391113,0.6728450059890747,0.5115855932235718,0.6677896976470947,0.4928404986858368,0.6596577763557434,0.5731558203697205,0.6406960487365723,0.5402927994728088,0.6612937450408936,0.49941080808639526,0.6565261483192444,0.480988472700119,0.648888349533081,0.5644692182540894,0.6263425350189209,0.5334942936897278,0.646378755569458,0.49207666516304016,0.6427640914916992,0.47451984882354736,0.636419415473938,0.5474950075149536,0.6123780608177185,0.5272306203842163,0.6312087774276733,0.49603790044784546,0.6307486295700073,0.4810769259929657,0.6266031861305237,,,,,,,,,,,,,,,,,,,,,,,,,,,,,,,,,,,,,,,,,,,dislike
0.5017972588539124,0.19719919562339783,0.4729245603084564,0.22172410786151886,0.43652772903442383,0.24046507477760315,0.4131583273410797,0.2555936276912689,0.3976629972457886,0.27033481001853943,0.406862735748291,0.20669564604759216,0.39219826459884644,0.2047843486070633,0.4198581874370575,0.2067813277244568,0.4451557397842407,0.2092563956975937,0.41461995244026184,0.1873251497745514,0.4009261727333069,0.1866466999053955,0.4309581518173218,0.19219912588596344,0.457064151763916,0.19725534319877625,0.426299512386322,0.17006666958332062,0.4144922196865082,0.17008863389492035,0.44219067692756653,0.17838548123836517,0.4658053517341614,0.18527312576770782,0.4409938156604767,0.15458925068378448,0.4245585799217224,0.15305666625499725,0.44119226932525635,0.16313743591308594,0.4583509564399719,0.1713208705186844,,,,,,,,,,,,,,,,,,,,,,,,,,,,,,,,,,,,,,,,,,,dislike
0.5915241241455078,0.5437676906585693,0.5862255096435547,0.5701783895492554,0.562120795249939,0.5994009971618652,0.5384802222251892,0.6212623119354248,0.5216839909553528,0.6363178491592407,0.5182706713676453,0.5848016142845154,0.5026593804359436,0.5865776538848877,0.5321208238601685,0.5798424482345581,0.5399404168128967,0.5780171751976013,0.5130308270454407,0.567068338394165,0.5032575130462646,0.5686526894569397,0.5383965373039246,0.5644276142120361,0.5376828908920288,0.5653843879699707,0.5134361386299133,0.5501118898391724,0.5026915669441223,0.5511537194252014,0.5331940054893494,0.5497598052024841,0.5324835777282715,0.5507855415344238,0.516309916973114,0.533816397190094,0.508545458316803,0.5345659255981445,0.5302955508232117,0.5358889102935791,0.5319854617118835,0.5362646579742432,,,,,,,,,,,,,,,,,,,,,,,,,,,,,,,,,,,,,,,,,,,dislike
0.3049847185611725,0.4611990451812744,0.31165415048599243,0.49524828791618347,0.32932722568511963,0.5303881168365479,0.3430362641811371,0.5580811500549316,0.3487534821033478,0.5815309882164001,0.357511967420578,0.5096386671066284,0.3618461787700653,0.5131019353866577,0.3436015248298645,0.5062664747238159,0.3422638177871704,0.5046127438545227,0.36092013120651245,0.48762115836143494,0.36237502098083496,0.48743656277656555,0.33913806080818176,0.4852595329284668,0.34064939618110657,0.48983335494995117,0.35830947756767273,0.46612319350242615,0.3616606593132019,0.4670572578907013,0.3406020700931549,0.4681524932384491,0.34083738923072815,0.47143125534057617,0.3549754321575165,0.4472203850746155,0.3567154109477997,0.4463067352771759,0.3442368805408478,0.4505191743373871,0.3438516855239868,0.45280465483665466,,,,,,,,,,,,,,,,,,,,,,,,,,,,,,,,,,,,,,,,,,,dislike
0.7035539746284485,0.3119799792766571,0.6880624294281006,0.3513743579387665,0.6640086770057678,0.3814956247806549,0.6517223715782166,0.40633901953697205,0.6488712430000305,0.428628146648407,0.5992722511291504,0.36306387186050415,0.6065765023231506,0.38391250371932983,0.6345766186714172,0.3716498613357544,0.6318391561508179,0.36142244935035706,0.5883369445800781,0.34315040707588196,0.6030551195144653,0.36654120683670044,0.6361580491065979,0.35416996479034424,0.6295480132102966,0.3432653248310089,0.5876173973083496,0.3231324255466461,0.5973997712135315,0.34283265471458435,0.6296949982643127,0.33604303002357483,0.6278258562088013,0.3260840177536011,0.5923221111297607,0.30316850543022156,0.598527193069458,0.31787529587745667,0.6216222643852234,0.3184848725795746,0.6215362548828125,0.3113720118999481,,,,,,,,,,,,,,,,,,,,,,,,,,,,,,,,,,,,,,,,,,,dislike
0.6286042928695679,0.3181837201118469,0.6129742860794067,0.331424355506897,0.5919312834739685,0.3425074815750122,0.5722534656524658,0.3516481816768646,0.558285117149353,0.36061349511146545,0.5667588710784912,0.32293984293937683,0.5461219549179077,0.3248244822025299,0.5658650398254395,0.32741737365722656,0.575875997543335,0.3264416456222534,0.5685848593711853,0.31100836396217346,0.5461258292198181,0.3124024271965027,0.5692382454872131,0.31641659140586853,0.5787932872772217,0.31725069880485535,0.5725354552268982,0.29967424273490906,0.5520599484443665,0.29959404468536377,0.5741215348243713,0.3053542375564575,0.584194004535675,0.30796948075294495,0.5790941119194031,0.28964152932167053,0.5642217397689819,0.28976956009864807,0.5781629681587219,0.2955850660800934,0.586757481098175,0.299292653799057,,,,,,,,,,,,,,,,,,,,,,,,,,,,,,,,,,,,,,,,,,,dislike
0.40951216220855713,0.491422563791275,0.4197903871536255,0.5060428977012634,0.43341299891471863,0.5167713165283203,0.4448939561843872,0.5231512188911438,0.45275405049324036,0.5293958187103271,0.4493158459663391,0.507490873336792,0.45716214179992676,0.5109528303146362,0.4458548128604889,0.5104737281799316,0.4417054057121277,0.5093895792961121,0.4502897262573242,0.4993031322956085,0.4590182900428772,0.5020103454589844,0.44556117057800293,0.502048909664154,0.44252675771713257,0.5010417699813843,0.44935405254364014,0.490940123796463,0.45772111415863037,0.4930448830127716,0.44586265087127686,0.49415892362594604,0.4434189796447754,0.49357569217681885,0.4471069872379303,0.48268023133277893,0.45422378182411194,0.4847683012485504,0.4458925127983093,0.4863489270210266,0.44297701120376587,0.48639369010925293,,,,,,,,,,,,,,,,,,,,,,,,,,,,,,,,,,,,,,,,,,,dislike
0.19647252559661865,0.508817732334137,0.23986361920833588,0.5616277456283569,0.29214003682136536,0.6003454923629761,0.3281322121620178,0.6336327195167542,0.3550105690956116,0.6565430164337158,0.33094966411590576,0.5035707354545593,0.34582221508026123,0.5284443497657776,0.30801525712013245,0.5391276478767395,0.28750425577163696,0.5336134433746338,0.3227602541446686,0.4722139537334442,0.33304232358932495,0.5011038780212402,0.2899533212184906,0.5137165188789368,0.27689799666404724,0.5046970248222351,0.3030228912830353,0.44286686182022095,0.3129309117794037,0.46044886112213135,0.2769812047481537,0.47891220450401306,0.26707735657691956,0.4760660231113434,0.2780119776725769,0.4180755019187927,0.2853577435016632,0.42804956436157227,0.26432210206985474,0.44932448863983154,0.2591589391231537,0.44987809658050537,,,,,,,,,,,,,,,,,,,,,,,,,,,,,,,,,,,,,,,,,,,dislike
0.6635382175445557,0.5566697120666504,0.6343675255775452,0.6007398962974548,0.5925058722496033,0.6421579122543335,0.5673792362213135,0.6807593703269958,0.5532755851745605,0.7147796154022217,0.5117693543434143,0.6224625706672668,0.5165402293205261,0.6342607736587524,0.5570361018180847,0.624845564365387,0.5809590816497803,0.6165692210197449,0.5000730752944946,0.5954831838607788,0.5156168937683105,0.6088742017745972,0.5618817210197449,0.6026128530502319,0.5803303718566895,0.5970438718795776,0.5051348805427551,0.5677936673164368,0.5259286761283875,0.5818507671356201,0.565096378326416,0.5808452367782593,0.5766305327415466,0.5776352882385254,0.5198526382446289,0.5427209138870239,0.5345688462257385,0.5566060543060303,0.5633839964866638,0.5606945157051086,0.5714657306671143,0.5583419799804688,,,,,,,,,,,,,,,,,,,,,,,,,,,,,,,,,,,,,,,,,,,dislike
0.49317246675491333,0.5022927522659302,0.4986085593700409,0.5194510221481323,0.5126529335975647,0.5361258387565613,0.521193265914917,0.5501559972763062,0.5248308777809143,0.56083083152771,0.540683388710022,0.5311346650123596,0.5589075088500977,0.5322233438491821,0.5440979599952698,0.5294420123100281,0.5346810221672058,0.5295662879943848,0.5444875359535217,0.5209255218505859,0.5601955056190491,0.5209510326385498,0.5407836437225342,0.5177284479141235,0.5346909761428833,0.5198531150817871,0.5455335378646851,0.5098428726196289,0.5593680143356323,0.5086325407028198,0.5409479141235352,0.5071545839309692,0.5335172414779663,0.5097050070762634,0.5451020002365112,0.4980311989784241,0.5570696592330933,0.4960431456565857,0.5450253486633301,0.4965457022190094,0.5385453104972839,0.4981086850166321,,,,,,,,,,,,,,,,,,,,,,,,,,,,,,,,,,,,,,,,,,,dislike
0.5705364942550659,0.4675157368183136,0.5458226799964905,0.5041152238845825,0.4921295642852783,0.531535804271698,0.4551195502281189,0.5590723156929016,0.44004225730895996,0.5861920714378357,0.42168667912483215,0.48360681533813477,0.3569842278957367,0.4742412567138672,0.37745481729507446,0.4903598129749298,0.4124881625175476,0.49593445658683777,0.42307227849960327,0.46360230445861816,0.35226550698280334,0.45121732354164124,0.3803602457046509,0.47217556834220886,0.415190726518631,0.475334107875824,0.43147483468055725,0.44300100207328796,0.36416304111480713,0.4274391233921051,0.3881146311759949,0.4477147161960602,0.4216507077217102,0.4528156518936157,0.44681301712989807,0.4213099181652069,0.3983660638332367,0.4067343771457672,0.40541931986808777,0.4241181015968323,0.43142643570899963,0.4341769516468048,,,,,,,,,,,,,,,,,,,,,,,,,,,,,,,,,,,,,,,,,,,dislike
0.5902238488197327,0.8149609565734863,0.5078004002571106,0.8226038813591003,0.4424634277820587,0.8518698215484619,0.3970012962818146,0.8823118805885315,0.35788679122924805,0.9129660725593567,0.416588693857193,0.8351324200630188,0.33492523431777954,0.8739185333251953,0.28532058000564575,0.9081336259841919,0.25760769844055176,0.938490092754364,0.45207491517066956,0.8433525562286377,0.36484378576278687,0.8795092105865479,0.3114713728427887,0.9177011251449585,0.2738569378852844,0.9502689838409424,0.49850836396217346,0.8577577471733093,0.42948776483535767,0.8912267684936523,0.3728492259979248,0.9243269562721252,0.33462047576904297,0.9501262903213501,0.5459389686584473,0.8761426210403442,0.5037499666213989,0.9031246900558472,0.464035302400589,0.9261165261268616,0.42805853486061096,0.9493115544319153,0.4942857325077057,0.3840698301792145,0.4847598373889923,0.3441174030303955,0.5086839199066162,0.31486380100250244,0.5433627367019653,0.3037143051624298,0.5685913562774658,0.30673617124557495,0.5321918725967407,0.3031656742095947,0.5611095428466797,0.2661486864089966,0.5840142369270325,0.24414539337158203,0.6026281118392944,0.22995316982269287,0.5564703941345215,0.3178520202636719,0.6104280352592468,0.2871894836425781,0.6484485864639282,0.27309173345565796,0.6798155903816223,0.2639438211917877,0.5722700357437134,0.33907246589660645,0.6143548488616943,0.32924771308898926,0.6121826171875,0.33471930027008057,0.6057062149047852,0.33931776881217957,0.5810878872871399,0.3623168170452118,0.6197290420532227,0.3568391501903534,0.6383060812950134,0.35321155190467834,0.6526731252670288,0.34776750206947327,no_gesture
0.3978467881679535,0.6959410309791565,0.42292290925979614,0.6584442853927612,0.46970272064208984,0.626438558101654,0.5096214413642883,0.6100074052810669,0.544508695602417,0.6040327548980713,0.4659733474254608,0.6288816928863525,0.5449838042259216,0.62864750623703,0.5300084352493286,0.6381456255912781,0.5036086440086365,0.6403810977935791,0.46592551469802856,0.6567513346672058,0.5485987663269043,0.6587300896644592,0.5278850197792053,0.6651692986488342,0.4967457056045532,0.6645340323448181,0.4661742150783539,0.684550940990448,0.5360119938850403,0.6894624829292297,0.5147925019264221,0.6919506788253784,0.4877525866031647,0.6891897320747375,0.4660640060901642,0.7089187502861023,0.5175167918205261,0.7101156115531921,0.501555323600769,0.7099775075912476,0.479976624250412,0.7076630592346191,,,,,,,,,,,,,,,,,,,,,,,,,,,,,,,,,,,,,,,,,,,no_gesture
0.290608286857605,0.6952696442604065,0.32139432430267334,0.6393783688545227,0.35999318957328796,0.593997061252594,0.40014052391052246,0.5698367357254028,0.4288032650947571,0.5615305304527283,0.29804176092147827,0.6063136458396912,0.39006248116493225,0.5932211875915527,0.427604079246521,0.6051727533340454,0.4281861186027527,0.6202926635742188,0.2922419309616089,0.6499633193016052,0.40784886479377747,0.6344267725944519,0.4226648509502411,0.6452422142028809,0.401688814163208,0.6522606015205383,0.30257511138916016,0.6903092861175537,0.4101431369781494,0.6733870506286621,0.41548579931259155,0.6789433360099792,0.3918217122554779,0.6841571927070618,0.321835458278656,0.723658561706543,0.40709513425827026,0.7096343040466309,0.4075469374656677,0.7083426117897034,0.3818916976451874,0.7114136815071106,,,,,,,,,,,,,,,,,,,,,,,,,,,,,,,,,,,,,,,,,,,no_gesture
0.42236340045928955,0.5331396460533142,0.36477699875831604,0.478647381067276,0.32877734303474426,0.4178042411804199,0.32468289136886597,0.3656112253665924,0.352880597114563,0.32985684275627136,0.39476364850997925,0.36366328597068787,0.43001556396484375,0.2592223882675171,0.47644588351249695,0.21614490449428558,0.5207510590553284,0.19541972875595093,0.4502387046813965,0.3735416829586029,0.5287264585494995,0.27044743299484253,0.5970034003257751,0.2374088317155838,0.6522279977798462,0.22877874970436096,0.5057083368301392,0.3988378643989563,0.5884078741073608,0.31092044711112976,0.6544442176818848,0.2790077328681946,0.7037485837936401,0.2637668251991272,0.5554720759391785,0.43536239862442017,0.6216591596603394,0.36839568614959717,0.6640474200248718,0.33786627650260925,0.6943576335906982,0.3159526586532593,0.37475407123565674,0.9021427631378174,0.30361372232437134,0.8838845491409302,0.21669575572013855,0.8862354755401611,0.15304745733737946,0.8977453112602234,0.11640135943889618,0.9204666018486023,0.16627207398414612,0.8716091513633728,0.05348443239927292,0.9154118895530701,0.004003360867500305,0.9410538077354431,-0.028647348284721375,0.9530121088027954,0.1497908979654312,0.8807423114776611,0.0351274311542511,0.9168713092803955,-0.006059184670448303,0.938835084438324,-0.03064565360546112,0.9536489844322205,0.1420433074235916,0.9036529660224915,0.039935946464538574,0.9299293756484985,-0.0036922842264175415,0.9460914134979248,-0.03087913990020752,0.9591167569160461,0.14495594799518585,0.938931941986084,0.05876975506544113,0.9546875953674316,0.02015504240989685,0.9634295105934143,-0.0029201507568359375,0.9724230170249939,no_gesture
0.1636267602443695,0.81522536277771,0.24780485033988953,0.8003702163696289,0.33341699838638306,0.8274635672569275,0.3715246319770813,0.8873308300971985,0.352171391248703,0.9449297189712524,0.2504071593284607,0.7867961525917053,0.30722281336784363,0.9237449169158936,0.3010537922382355,0.916951060295105,0.2828606367111206,0.8789297342300415,0.1768181174993515,0.8054819107055664,0.25112006068229675,0.9455896615982056,0.24842703342437744,0.9298427104949951,0.228419691324234,0.896643877029419,0.1193002462387085,0.837287962436676,0.19080409407615662,0.9614980220794678,0.19107355177402496,0.9427051544189453,0.17455658316612244,0.9090151786804199,0.07522162795066833,0.8676689863204956,0.13816751539707184,0.9658121466636658,0.14687472581863403,0.9504707455635071,0.13563574850559235,0.9182388186454773,0.7190948724746704,0.7129084467887878,0.713854193687439,0.6570739150047302,0.695309042930603,0.6113564968109131,0.6657109260559082,0.5963260531425476,0.6429345011711121,0.6279287338256836,0.7587313652038574,0.6766546964645386,0.6903091073036194,0.6516531109809875,0.6669795513153076,0.643903374671936,0.6630746722221375,0.6495320796966553,0.7474409937858582,0.7298542261123657,0.6558435559272766,0.7041704058647156,0.638279914855957,0.6880083084106445,0.6468231678009033,0.683357298374176,0.7256386280059814,0.7710976600646973,0.633842945098877,0.7426396608352661,0.6190441846847534,0.7231793999671936,0.6308988332748413,0.7144689559936523,0.7012150883674622,0.8022598624229431,0.6306509375572205,0.7846136093139648,0.6186766624450684,0.7650851607322693,0.6310243606567383,0.7559904456138611,no_gesture
0.3810649514198303,0.45389997959136963,0.37305545806884766,0.42004647850990295,0.37941625714302063,0.3887102007865906,0.38528138399124146,0.3636980950832367,0.37997475266456604,0.34274259209632874,0.42490899562835693,0.36762118339538574,0.4578835666179657,0.335878849029541,0.4819531738758087,0.3202173709869385,0.5015622973442078,0.3100905418395996,0.4406493008136749,0.3850303590297699,0.48181039094924927,0.36171841621398926,0.5073655247688293,0.3521862328052521,0.526574969291687,0.3467223346233368,0.4501110315322876,0.4087229073047638,0.49418580532073975,0.3982582688331604,0.5210662484169006,0.3913593292236328,0.5407459139823914,0.3864474892616272,0.45509448647499084,0.4349287152290344,0.4910273253917694,0.43824902176856995,0.5128536820411682,0.4394771456718445,0.5314984321594238,0.43889984488487244,,,,,,,,,,,,,,,,,,,,,,,,,,,,,,,,,,,,,,,,,,,no_gesture
0.35780513286590576,0.33957386016845703,0.42780035734176636,0.3459276556968689,0.4822826683521271,0.34031373262405396,0.5276471376419067,0.3453907072544098,0.568669855594635,0.3459968864917755,0.49679243564605713,0.2734408974647522,0.5731217861175537,0.24305838346481323,0.6174163818359375,0.24377840757369995,0.6537185907363892,0.25210514664649963,0.5007534027099609,0.27621594071388245,0.6055890321731567,0.27845168113708496,0.6597092747688293,0.3009621202945709,0.6881701946258545,0.32472026348114014,0.49880215525627136,0.28996896743774414,0.6002638339996338,0.3008024990558624,0.6475841999053955,0.32632333040237427,0.6729846000671387,0.3504772484302521,0.4947353005409241,0.3150601387023926,0.5793014764785767,0.3215552568435669,0.6212453842163086,0.3368918299674988,0.6474698781967163,0.3516230881214142,,,,,,,,,,,,,,,,,,,,,,,,,,,,,,,,,,,,,,,,,,,no_gesture
0.3300698399543762,0.5090309381484985,0.33977368474006653,0.48364534974098206,0.35488536953926086,0.46211186051368713,0.37331342697143555,0.45192354917526245,0.3756423890590668,0.45880094170570374,0.30669644474983215,0.47957897186279297,0.36307549476623535,0.4730832278728485,0.3788679540157318,0.4777504503726959,0.37351545691490173,0.4832903742790222,0.30214184522628784,0.502676248550415,0.3640337586402893,0.49726635217666626,0.38068270683288574,0.4977681040763855,0.37401944398880005,0.49823546409606934,0.30737122893333435,0.5228968858718872,0.3667108416557312,0.5176951289176941,0.3846319913864136,0.5151285529136658,0.3795090615749359,0.5130545496940613,0.32091253995895386,0.5399514436721802,0.36557289958000183,0.5342720746994019,0.3889092206954956,0.527093768119812,0.3968680202960968,0.5197776556015015,0.5975688099861145,0.7117933630943298,0.556056559085846,0.7041003108024597,0.5204929113388062,0.7156076431274414,0.5006739497184753,0.7339823246002197,0.49719467759132385,0.7548707127571106,0.5605254173278809,0.7291950583457947,0.5139609575271606,0.76482754945755,0.5131738185882568,0.7497395277023315,0.5283768773078918,0.7362139821052551,0.5854660868644714,0.7427179217338562,0.5296666026115417,0.7802460789680481,0.5268940329551697,0.7641200423240662,0.5445433259010315,0.751051664352417,0.6024197340011597,0.754439115524292,0.5527573227882385,0.7880002856254578,0.5494890213012695,0.772983968257904,0.5631494522094727,0.7611302137374878,0.6137996912002563,0.7632680535316467,0.579139232635498,0.7911456823348999,0.5740615129470825,0.7813683152198792,0.583382785320282,0.7706056833267212,no_gesture
0.9494622945785522,0.7931443452835083,0.8677694797515869,0.718122661113739,0.7833451628684998,0.642338752746582,0.7117767333984375,0.5857514142990112,0.6674727201461792,0.5339648723602295,0.8690540194511414,0.7043141722679138,0.7003113627433777,0.7370492219924927,0.7062880992889404,0.7297210693359375,0.7530882358551025,0.7197933197021484,0.9016449451446533,0.7836524248123169,0.7048481702804565,0.800898015499115,0.720055341720581,0.7842111587524414,0.7769057154655457,0.7731747627258301,0.9157971739768982,0.8486201763153076,0.7349209189414978,0.8537807464599609,0.7500112056732178,0.8318286538124084,0.8011195063591003,0.8180100321769714,0.9212672710418701,0.8982753753662109,0.7867939472198486,0.9010463356971741,0.7895251512527466,0.879657506942749,0.8229814767837524,0.861672580242157,,,,,,,,,,,,,,,,,,,,,,,,,,,,,,,,,,,,,,,,,,,no_gesture
0.594845175743103,0.351361483335495,0.6053636074066162,0.31896764039993286,0.5905338525772095,0.2942514419555664,0.566994309425354,0.2782849669456482,0.544029176235199,0.2694769501686096,0.5666879415512085,0.2827301025390625,0.5087705254554749,0.2625623047351837,0.47693032026290894,0.2592584490776062,0.4562704563140869,0.2589503824710846,0.5455874800682068,0.2930750250816345,0.4831685423851013,0.2733607888221741,0.4523012042045593,0.26824337244033813,0.4320429265499115,0.26618534326553345,0.5256356000900269,0.30550965666770935,0.4676069915294647,0.2881127595901489,0.4396582841873169,0.28033027052879333,0.4209061861038208,0.27551400661468506,0.5066484212875366,0.31964394450187683,0.4621448516845703,0.30494120717048645,0.43996942043304443,0.2963249981403351,0.4233705699443817,0.2886345684528351,,,,,,,,,,,,,,,,,,,,,,,,,,,,,,,,,,,,,,,,,,,no_gesture
0.5963464975357056,0.6104336977005005,0.6037886738777161,0.5188122987747192,0.5941727757453918,0.4470031261444092,0.5857634544372559,0.4039534628391266,0.5817970037460327,0.38082489371299744,0.5743943452835083,0.3988257944583893,0.5558796525001526,0.302814245223999,0.5421969294548035,0.2529500126838684,0.5292633175849915,0.21580316126346588,0.5537651181221008,0.41785928606987,0.509742259979248,0.32768678665161133,0.4776729345321655,0.2932797074317932,0.4541364312171936,0.27769193053245544,0.5339484810829163,0.451593279838562,0.48359471559524536,0.3959663212299347,0.4549044966697693,0.38949188590049744,0.4364691972732544,0.39712056517601013,0.5168230533599854,0.49400758743286133,0.4778539538383484,0.4722049832344055,0.4620806574821472,0.4801394045352936,0.45269331336021423,0.4936493933200836,,,,,,,,,,,,,,,,,,,,,,,,,,,,,,,,,,,,,,,,,,,no_gesture
0.2700054347515106,0.6578548550605774,0.28484323620796204,0.61492919921875,0.3181765675544739,0.5738812685012817,0.35495856404304504,0.5539780855178833,0.37637895345687866,0.566966712474823,0.25318315625190735,0.5999094247817993,0.3468867540359497,0.5772867798805237,0.3533965051174164,0.5867581367492676,0.3346489369869232,0.5950499773025513,0.26117178797721863,0.635784387588501,0.36360764503479004,0.6075536608695984,0.3535943329334259,0.6158768534660339,0.32280078530311584,0.6241082549095154,0.2809368669986725,0.6663757562637329,0.372490257024765,0.6371597647666931,0.357448548078537,0.6436347961425781,0.3281508684158325,0.6527920365333557,0.30503907799720764,0.6907713413238525,0.37018245458602905,0.6661158800125122,0.3564329743385315,0.6685211658477783,0.3301255702972412,0.6770726442337036,,,,,,,,,,,,,,,,,,,,,,,,,,,,,,,,,,,,,,,,,,,no_gesture
0.6652136445045471,0.6717253923416138,0.6480187177658081,0.623106062412262,0.595048725605011,0.593410313129425,0.5383237600326538,0.584338903427124,0.496898353099823,0.5828867554664612,0.6216331720352173,0.6171178817749023,0.5255954265594482,0.6181649565696716,0.5443307161331177,0.6173421144485474,0.5711758136749268,0.6173430681228638,0.6201002597808838,0.6536592841148376,0.5196399688720703,0.6488962769508362,0.5427919626235962,0.6453596949577332,0.5716328620910645,0.6477614641189575,0.6132196187973022,0.6835538148880005,0.5196490287780762,0.6743970513343811,0.5399808883666992,0.6720165610313416,0.5686327219009399,0.6731250882148743,0.6035454273223877,0.7078414559364319,0.5312355160713196,0.7032392621040344,0.5405287742614746,0.6995729804039001,0.5606198906898499,0.7012854814529419,,,,,,,,,,,,,,,,,,,,,,,,,,,,,,,,,,,,,,,,,,,no_gesture
0.5315999388694763,0.4184330403804779,0.5397447347640991,0.3934284448623657,0.5660595893859863,0.3815136253833771,0.59101802110672,0.3801015019416809,0.6077523231506348,0.3830964267253876,0.58406662940979,0.3763287365436554,0.6194992661476135,0.3685302734375,0.6417701244354248,0.3672219216823578,0.6572418808937073,0.3679134249687195,0.5930911898612976,0.3917754292488098,0.630767822265625,0.389187753200531,0.6473532319068909,0.3927402198314667,0.6542636156082153,0.39728766679763794,0.5960911512374878,0.4095434546470642,0.6279613375663757,0.40921345353126526,0.6400236487388611,0.4102219045162201,0.6442171931266785,0.4117068350315094,0.5939101576805115,0.4268721640110016,0.6117405891418457,0.42642641067504883,0.6169086694717407,0.4253692626953125,0.6178409457206726,0.4249674677848816,,,,,,,,,,,,,,,,,,,,,,,,,,,,,,,,,,,,,,,,,,,no_gesture
0.6792070865631104,0.5148270130157471,0.6272697448730469,0.48492422699928284,0.5758214592933655,0.4560217261314392,0.5349798202514648,0.4374583065509796,0.5059923529624939,0.4200567901134491,0.5917490720748901,0.4225974977016449,0.5198779106140137,0.44226720929145813,0.5205292105674744,0.46569377183914185,0.5380544066429138,0.47208860516548157,0.6099247932434082,0.4416991174221039,0.5336454510688782,0.4755341708660126,0.546068012714386,0.4920627772808075,0.5660766363143921,0.4907462000846863,0.6237629652023315,0.46768391132354736,0.5537945628166199,0.49999043345451355,0.569125771522522,0.5096309781074524,0.5897356271743774,0.5045798420906067,0.6346819400787354,0.4948005676269531,0.5765225291252136,0.5155179500579834,0.5843580961227417,0.5213723182678223,0.601766049861908,0.5167986154556274,,,,,,,,,,,,,,,,,,,,,,,,,,,,,,,,,,,,,,,,,,,no_gesture
0.30589577555656433,0.7403102517127991,0.2998559772968292,0.7145612835884094,0.3011241555213928,0.6878156661987305,0.3115760385990143,0.6719297766685486,0.33285126090049744,0.6654670238494873,0.2607875168323517,0.7036720514297485,0.33932697772979736,0.6917869448661804,0.3378106653690338,0.69612717628479,0.3175363838672638,0.7019107937812805,0.26242974400520325,0.7311031818389893,0.3484548330307007,0.7162498831748962,0.340293288230896,0.7185781598091125,0.3150913715362549,0.7219025492668152,0.27409279346466064,0.7546685338020325,0.34911665320396423,0.7404278516769409,0.3380136787891388,0.7406707406044006,0.3154521882534027,0.7436016798019409,0.2893548905849457,0.7742350101470947,0.3418436646461487,0.7599419355392456,0.3354882001876831,0.7601059079170227,0.3157416582107544,0.7643537521362305,,,,,,,,,,,,,,,,,,,,,,,,,,,,,,,,,,,,,,,,,,,no_gesture
0.5649648308753967,0.7102200388908386,0.5518382787704468,0.6709067821502686,0.5299424529075623,0.6375882029533386,0.5003921985626221,0.6288007497787476,0.4797879159450531,0.6419479846954346,0.5586596131324768,0.6561994552612305,0.49217817187309265,0.636713981628418,0.48331740498542786,0.6553866863250732,0.4935687184333801,0.6724033355712891,0.5599651336669922,0.6884605884552002,0.48375505208969116,0.6724420189857483,0.48111554980278015,0.6897590160369873,0.49768608808517456,0.6979567408561707,0.5535295009613037,0.7204755544662476,0.4831480383872986,0.7036951184272766,0.4774216413497925,0.7142425179481506,0.48899364471435547,0.717075526714325,0.5430665612220764,0.749164342880249,0.4949899911880493,0.7393556833267212,0.48332270979881287,0.7404907941818237,0.4841514825820923,0.7428627610206604,,,,,,,,,,,,,,,,,,,,,,,,,,,,,,,,,,,,,,,,,,,no_gesture
0.616531252861023,0.5841208696365356,0.6181595921516418,0.5570356249809265,0.592734694480896,0.5316920280456543,0.565338671207428,0.5200951099395752,0.5444834232330322,0.5223179459571838,0.605307936668396,0.5451958775520325,0.5526500344276428,0.5354686975479126,0.5593439340591431,0.5430846810340881,0.5753401517868042,0.5502659678459167,0.5998597145080566,0.5638840794563293,0.5487524271011353,0.5520480275154114,0.5594796538352966,0.557230532169342,0.5779582858085632,0.5616404414176941,0.5925381779670715,0.5804595947265625,0.5498558282852173,0.5673630833625793,0.559264600276947,0.5726582407951355,0.5765308737754822,0.5766611695289612,0.5832964777946472,0.5951126217842102,0.5514217615127563,0.5826369524002075,0.559440553188324,0.5866949558258057,0.5742917060852051,0.5922389030456543,,,,,,,,,,,,,,,,,,,,,,,,,,,,,,,,,,,,,,,,,,,no_gesture
0.2461417019367218,0.5656425952911377,0.2638598680496216,0.5002378821372986,0.3158474564552307,0.4489215612411499,0.37008291482925415,0.41422542929649353,0.40729352831840515,0.38519376516342163,0.3482959568500519,0.4284321665763855,0.4164915978908539,0.364394873380661,0.4606325328350067,0.32676273584365845,0.49749255180358887,0.29783669114112854,0.374784916639328,0.45162859559059143,0.4793732762336731,0.4021519422531128,0.5459021329879761,0.37605199217796326,0.5963917970657349,0.3578360080718994,0.3942447900772095,0.48575612902641296,0.5070065259933472,0.46491771936416626,0.5696050524711609,0.4598965346813202,0.6149147152900696,0.4567001163959503,0.4084928333759308,0.5249243378639221,0.5005789995193481,0.5220790505409241,0.5512070655822754,0.5223836302757263,0.5927411317825317,0.5220560431480408,,,,,,,,,,,,,,,,,,,,,,,,,,,,,,,,,,,,,,,,,,,no_gesture
0.7112424373626709,0.7323360443115234,0.6954251527786255,0.6898566484451294,0.6787559986114502,0.6532870531082153,0.6541321277618408,0.6274645924568176,0.6318764686584473,0.6190831661224365,0.7587995529174805,0.6356121897697449,0.6671715378761292,0.6239596605300903,0.6594272255897522,0.6422629356384277,0.6804332137107849,0.6508975028991699,0.7590160369873047,0.6623980402946472,0.6575520038604736,0.6483258008956909,0.6604951620101929,0.6654406189918518,0.6852609515190125,0.6720259785652161,0.746021568775177,0.690754234790802,0.6520826816558838,0.675436794757843,0.6568374633789062,0.6888860464096069,0.6806552410125732,0.6943943500518799,0.7246640920639038,0.7159860134124756,0.653168797492981,0.7023335695266724,0.65908282995224,0.7091681361198425,0.6833673715591431,0.7123709321022034,,,,,,,,,,,,,,,,,,,,,,,,,,,,,,,,,,,,,,,,,,,no_gesture
0.26257598400115967,0.7629484534263611,0.27122437953948975,0.7397266626358032,0.30180665850639343,0.7171995043754578,0.33399850130081177,0.7053218483924866,0.3575296103954315,0.6969741582870483,0.30069631338119507,0.7070215940475464,0.3639245629310608,0.7069797515869141,0.35358670353889465,0.7170522809028625,0.3328937888145447,0.7200025320053101,0.3034854829311371,0.7214118242263794,0.3671727180480957,0.7261859178543091,0.35267600417137146,0.7347753047943115,0.33168306946754456,0.7350014448165894,0.30645474791526794,0.7383471727371216,0.3691745400428772,0.742788553237915,0.3538435697555542,0.7498582005500793,0.3320807218551636,0.7498189806938171,0.3083624839782715,0.7555822134017944,0.3550582826137543,0.7620775699615479,0.3465961515903473,0.7670095562934875,0.3310999572277069,0.7664372324943542,0.6286012530326843,0.9488498568534851,0.6002439260482788,0.9406306147575378,0.5683106184005737,0.9462166428565979,0.5405364632606506,0.9570436477661133,0.5159955024719238,0.9668036699295044,0.5825600028038025,0.9830796718597412,0.5491380095481873,1.006365418434143,0.5236186385154724,1.013185739517212,0.5062901973724365,1.015181064605713,0.5965024828910828,0.9935938715934753,0.5621278285980225,1.014811635017395,0.5339922308921814,1.0196385383605957,0.5138004422187805,1.0201574563980103,0.6034521460533142,0.9990878105163574,0.5722206830978394,1.0178502798080444,0.5475010275840759,1.0219110250473022,0.5280613303184509,1.0224909782409668,0.6061117649078369,1.0014129877090454,0.5802774429321289,1.0172359943389893,0.557209849357605,1.0233039855957031,0.5387688875198364,1.0256433486938477,no_gesture
0.6156511306762695,0.8272084593772888,0.6868339776992798,0.7505755424499512,0.7588663101196289,0.7108212113380432,0.8374030590057373,0.6944602727890015,0.8875352144241333,0.6795185208320618,0.8806473612785339,0.7840038537979126,0.9620747566223145,0.797722578048706,0.9278820157051086,0.7946445345878601,0.8919431567192078,0.7907590866088867,0.8732247352600098,0.8398733139038086,0.9626692533493042,0.8479723334312439,0.9307265281677246,0.8335016965866089,0.8921555280685425,0.8268183469772339,0.8455196022987366,0.8830209970474243,0.9282255172729492,0.889907717704773,0.902826726436615,0.8764829635620117,0.8648170828819275,0.8657986521720886,0.8094639778137207,0.915116548538208,0.857463538646698,0.9148572683334351,0.84473717212677,0.8991968035697937,0.8211570978164673,0.8874639868736267,0.5424517393112183,0.43806225061416626,0.558284342288971,0.37837427854537964,0.5573866963386536,0.3301585912704468,0.5512270927429199,0.2877565324306488,0.5491698384284973,0.25631123781204224,0.498799592256546,0.29942917823791504,0.4173230230808258,0.2509567141532898,0.36960551142692566,0.2593511939048767,0.348057359457016,0.2783127725124359,0.46654212474823,0.3195933997631073,0.3632284104824066,0.28596362471580505,0.3160196542739868,0.29511207342147827,0.3008735179901123,0.30699998140335083,0.43855950236320496,0.345206618309021,0.34418100118637085,0.3263201415538788,0.3115481734275818,0.3339742124080658,0.3027782440185547,0.34398213028907776,0.4161500632762909,0.37606221437454224,0.3496038019657135,0.3635028898715973,0.32718372344970703,0.36705172061920166,0.3197236657142639,0.3708558976650238,no_gesture
0.39820200204849243,0.3312724232673645,0.40381208062171936,0.3122539222240448,0.4239465594291687,0.29518651962280273,0.44448408484458923,0.2871766686439514,0.4609032869338989,0.2839283347129822,0.430109441280365,0.28584641218185425,0.46036988496780396,0.2728717029094696,0.47952961921691895,0.26458191871643066,0.49362850189208984,0.2567387819290161,0.4359314739704132,0.29114478826522827,0.4709518551826477,0.2796688973903656,0.49339547753334045,0.27231937646865845,0.512024462223053,0.26628485321998596,0.44183245301246643,0.30066928267478943,0.4760115146636963,0.2900577783584595,0.4964306950569153,0.2841239869594574,0.512932538986206,0.2794378697872162,0.447397917509079,0.31297895312309265,0.4725234806537628,0.30407094955444336,0.48743224143981934,0.29810985922813416,0.500336766242981,0.29358673095703125,0.727620005607605,0.7547507882118225,0.7013523578643799,0.7666436433792114,0.6959426403045654,0.7933856248855591,0.6945785284042358,0.8152093887329102,0.6940526366233826,0.8322079181671143,0.7386718988418579,0.8019829988479614,0.734596312046051,0.8364418745040894,0.71811443567276,0.8496047854423523,0.7034348249435425,0.8538649082183838,0.7535520195960999,0.8016306757926941,0.7430869936943054,0.8374847173690796,0.7224419713020325,0.8493134379386902,0.7057134509086609,0.8517267107963562,0.7574939727783203,0.8015626072883606,0.74836266040802,0.8334984183311462,0.7297911047935486,0.8444688320159912,0.7144211530685425,0.8478359580039978,0.7537325024604797,0.8021611571311951,0.7477155923843384,0.8285650014877319,0.7334663271903992,0.8397871851921082,0.7205185294151306,0.8442259430885315,no_gesture
0.6521062850952148,0.6517650485038757,0.6456148624420166,0.604055643081665,0.6418052315711975,0.5670875310897827,0.6144694089889526,0.546855092048645,0.578926146030426,0.5430496335029602,0.7068123817443848,0.5880120992660522,0.6371251940727234,0.570678174495697,0.601246178150177,0.5794980525970459,0.6065293550491333,0.5867025256156921,0.7078844308853149,0.6240481734275818,0.6301678419113159,0.6018093824386597,0.5967665910720825,0.6055895090103149,0.6113060712814331,0.6114347577095032,0.6929992437362671,0.6561740040779114,0.6233929395675659,0.6334962248802185,0.5959483981132507,0.6317510008811951,0.607257068157196,0.6366288065910339,0.6736637353897095,0.6815671324729919,0.6219587326049805,0.6649940013885498,0.6024637818336487,0.6560456156730652,0.6055968999862671,0.655769944190979,,,,,,,,,,,,,,,,,,,,,,,,,,,,,,,,,,,,,,,,,,,no_gesture
0.2490071803331375,0.6697509288787842,0.27657273411750793,0.624481737613678,0.3379756808280945,0.5777683258056641,0.3876742124557495,0.5572294592857361,0.41932255029678345,0.5725018382072449,0.2992791533470154,0.5927349328994751,0.4011552035808563,0.6050437688827515,0.4057213068008423,0.6066295504570007,0.3782505393028259,0.6047614216804504,0.2863669693470001,0.6328393816947937,0.40762045979499817,0.6497147679328918,0.41081851720809937,0.6453583240509033,0.3793404698371887,0.6423713564872742,0.2855125665664673,0.6746295690536499,0.39514783024787903,0.6896542310714722,0.3896305561065674,0.6810723543167114,0.3532942533493042,0.6727067828178406,0.289092093706131,0.7086072564125061,0.3700687289237976,0.7180396318435669,0.3698340058326721,0.7070693969726562,0.34534981846809387,0.698170006275177,,,,,,,,,,,,,,,,,,,,,,,,,,,,,,,,,,,,,,,,,,,no_gesture
0.6849363446235657,0.8117831349372864,0.6580115556716919,0.7841494679450989,0.6211116313934326,0.7710268497467041,0.5875067114830017,0.7645467519760132,0.5665034055709839,0.7517681121826172,0.6129520535469055,0.8005196452140808,0.5656795501708984,0.8143504858016968,0.537950336933136,0.8193432688713074,0.5164883136749268,0.822776734828949,0.6175602674484253,0.822170078754425,0.5657638311386108,0.8357856869697571,0.5339590907096863,0.8390012979507446,0.5108445286750793,0.8403961658477783,0.6234774589538574,0.8379358649253845,0.5766668915748596,0.8499434590339661,0.5474081635475159,0.8523621559143066,0.5248772501945496,0.852709174156189,0.629602313041687,0.8479956388473511,0.5944972634315491,0.8610948920249939,0.5712407231330872,0.8658967614173889,0.5515153408050537,0.8680281639099121,0.46172744035720825,0.5670202374458313,0.47162795066833496,0.5432232618331909,0.49600714445114136,0.5242806077003479,0.5226231813430786,0.5157798528671265,0.5409076809883118,0.5102217793464661,0.5117685794830322,0.5209994316101074,0.5544047951698303,0.5118168592453003,0.580254077911377,0.5092064142227173,0.5998324155807495,0.50767582654953,0.5202696919441223,0.5328310132026672,0.5653619766235352,0.523655891418457,0.5929785966873169,0.5211117267608643,0.6139968037605286,0.5194150805473328,0.5264835953712463,0.5464867353439331,0.5681538581848145,0.537470817565918,0.5949442982673645,0.5338982343673706,0.6149823665618896,0.5309624671936035,0.5310298204421997,0.5608202815055847,0.5642839670181274,0.5516842603683472,0.5852728486061096,0.5469001531600952,0.6023548245429993,0.5433279275894165,no_gesture
0.742078959941864,0.7504547834396362,0.7082175016403198,0.7017167806625366,0.6870474815368652,0.6563393473625183,0.6784691214561462,0.6319110989570618,0.6965197324752808,0.6419521570205688,0.8093989491462708,0.6637665629386902,0.7303851246833801,0.6764349341392517,0.6829502582550049,0.6916988492012024,0.6779685020446777,0.6930044889450073,0.8296887278556824,0.711273193359375,0.7237975597381592,0.724692702293396,0.6737642884254456,0.7304286956787109,0.6676668524742126,0.7264154553413391,0.8286305069923401,0.7548962235450745,0.7324673533439636,0.7675577402114868,0.6873220205307007,0.7682556509971619,0.6767251491546631,0.7625353336334229,0.81708824634552,0.7904265522956848,0.7523984313011169,0.80145263671875,0.7091222405433655,0.7957246899604797,0.6841673851013184,0.7835797667503357,0.1613491177558899,0.8662198185920715,0.21759626269340515,0.7937902212142944,0.24229568243026733,0.742922842502594,0.23791000247001648,0.7310495376586914,0.22842618823051453,0.7563025951385498,0.14221610128879547,0.7438880205154419,0.19059421122074127,0.7639999389648438,0.2339111864566803,0.7884713411331177,0.24797004461288452,0.8017457127571106,0.09860403835773468,0.787280797958374,0.188624307513237,0.8236230611801147,0.2308337688446045,0.8346309661865234,0.2356874644756317,0.8320392966270447,0.0792800709605217,0.8328863978385925,0.18133988976478577,0.8642283082008362,0.2164229452610016,0.8645915985107422,0.21760457754135132,0.8548312783241272,0.07965434342622757,0.872734010219574,0.16871419548988342,0.895195722579956,0.19623041152954102,0.8936495184898376,0.19534584879875183,0.8874896168708801,no_gesture
0.6296509504318237,0.28392717242240906,0.6457235813140869,0.26200926303863525,0.6477574706077576,0.24348881840705872,0.6486783027648926,0.22631484270095825,0.6549279093742371,0.21477840840816498,0.6226216554641724,0.2296116203069687,0.6013686060905457,0.20935438573360443,0.587207019329071,0.19865259528160095,0.5767017602920532,0.19080093502998352,0.6116212010383606,0.23517823219299316,0.5822424292564392,0.21764476597309113,0.5676841735839844,0.21391084790229797,0.5600355863571167,0.21376806497573853,0.6020287275314331,0.2442377209663391,0.5737705230712891,0.23581668734550476,0.5679114460945129,0.2399049997329712,0.5693472027778625,0.24492231011390686,0.5937948226928711,0.25516921281814575,0.5725739002227783,0.2508818209171295,0.5681805610656738,0.2549715042114258,0.5682936906814575,0.25920724868774414,,,,,,,,,,,,,,,,,,,,,,,,,,,,,,,,,,,,,,,,,,,no_gesture
0.3714486062526703,0.49611327052116394,0.3806264102458954,0.4665955901145935,0.4049533009529114,0.44453179836273193,0.4338962435722351,0.43506887555122375,0.4577789902687073,0.43366241455078125,0.4097863733768463,0.4318832755088806,0.44535642862319946,0.404416561126709,0.47217831015586853,0.3918405771255493,0.4932740032672882,0.38585931062698364,0.4221104085445404,0.4429208040237427,0.4662898778915405,0.41828855872154236,0.498870849609375,0.4140225350856781,0.5198569893836975,0.41693904995918274,0.4342441260814667,0.459521621465683,0.48255792260169983,0.44666555523872375,0.511618435382843,0.4491673707962036,0.5286107063293457,0.45507755875587463,0.4454103708267212,0.47899723052978516,0.4849887490272522,0.47659483551979065,0.5046730041503906,0.48164504766464233,0.5156092643737793,0.4871710538864136,0.7145890593528748,0.853059709072113,0.6633108258247375,0.8408297300338745,0.6166436076164246,0.8431656360626221,0.5783113837242126,0.8571796417236328,0.5615580081939697,0.8786520957946777,0.606413722038269,0.8883833289146423,0.5626634359359741,0.9165774583816528,0.540843665599823,0.9333007335662842,0.5269884467124939,0.9464396834373474,0.6273152828216553,0.9115314483642578,0.5824421644210815,0.9463760256767273,0.5585137605667114,0.9643445014953613,0.5416762232780457,0.9765081405639648,0.6511984467506409,0.9273754954338074,0.6141119599342346,0.9621312618255615,0.5901092290878296,0.979559063911438,0.5721812844276428,0.9914563298225403,0.6757347583770752,0.9354491233825684,0.6505383849143982,0.9648960828781128,0.6340709328651428,0.9814617037773132,0.6195677518844604,0.992894172668457,no_gesture
0.42617112398147583,0.5466592907905579,0.449283242225647,0.506898045539856,0.5008285641670227,0.47293320298194885,0.5533671975135803,0.45622700452804565,0.5947772860527039,0.4482908844947815,0.4906102418899536,0.4890212118625641,0.5737602710723877,0.48694366216659546,0.5712922811508179,0.4940532445907593,0.5503719449043274,0.5000663995742798,0.4909781217575073,0.5193000435829163,0.5819286704063416,0.514782190322876,0.5687748193740845,0.5191441774368286,0.5421679615974426,0.5215969085693359,0.4956369996070862,0.5474225282669067,0.5852001309394836,0.5416866540908813,0.569553017616272,0.5436497926712036,0.5427493453025818,0.5449341535568237,0.5016896724700928,0.5717214941978455,0.5730360150337219,0.5712355971336365,0.5706965327262878,0.569403886795044,0.5541633367538452,0.5675176978111267,,,,,,,,,,,,,,,,,,,,,,,,,,,,,,,,,,,,,,,,,,,no_gesture
0.8041864037513733,0.728434145450592,0.7865926027297974,0.6720796823501587,0.7327529191970825,0.618384838104248,0.6817266941070557,0.5910947322845459,0.6501712203025818,0.6021279692649841,0.7629867196083069,0.6443337202072144,0.6516598463058472,0.641457200050354,0.6568512916564941,0.6542511582374573,0.6864185333251953,0.6565170884132385,0.7715506553649902,0.6881354451179504,0.6521970629692078,0.6858278512954712,0.6617173552513123,0.6904577612876892,0.6908053755760193,0.6881214380264282,0.7687879800796509,0.7269319891929626,0.6658074855804443,0.7257201671600342,0.6760985851287842,0.7239667177200317,0.7061786651611328,0.7209361791610718,0.7603311538696289,0.7576165199279785,0.6777631640434265,0.7528290152549744,0.6792283654212952,0.7496217489242554,0.7011092305183411,0.7480660676956177,,,,,,,,,,,,,,,,,,,,,,,,,,,,,,,,,,,,,,,,,,,no_gesture
0.5801373720169067,0.6521170139312744,0.5738943815231323,0.6291433572769165,0.5509942770004272,0.611404299736023,0.5266812443733215,0.6008305549621582,0.5083041787147522,0.5954320430755615,0.5374565720558167,0.605023205280304,0.5077307224273682,0.5925782322883606,0.4883314371109009,0.5853415727615356,0.4738558828830719,0.580776572227478,0.5262826085090637,0.6173100471496582,0.4911957085132599,0.606046199798584,0.4685637950897217,0.5987175703048706,0.45295217633247375,0.5939791202545166,0.5188186764717102,0.6311628222465515,0.48688021302223206,0.6219209432601929,0.4690678119659424,0.6156158447265625,0.45723146200180054,0.6107737421989441,0.5149986743927002,0.6468729972839355,0.48785704374313354,0.6413305997848511,0.4729462265968323,0.638192355632782,0.462333083152771,0.6346737742424011,,,,,,,,,,,,,,,,,,,,,,,,,,,,,,,,,,,,,,,,,,,no_gesture
0.5667224526405334,0.5778800845146179,0.5767085552215576,0.5481101274490356,0.5645132064819336,0.5273005962371826,0.556579053401947,0.5121855735778809,0.5616338849067688,0.5009467005729675,0.5122533440589905,0.5147755742073059,0.47059521079063416,0.4935785233974457,0.44500732421875,0.481266587972641,0.426422655582428,0.4723987579345703,0.49243441224098206,0.5294427275657654,0.4435272514820099,0.5113345980644226,0.41338032484054565,0.5014462471008301,0.3928767442703247,0.4949907660484314,0.48220235109329224,0.548355758190155,0.437455952167511,0.5340895652770996,0.4104686379432678,0.5247336626052856,0.3913004398345947,0.5172156691551208,0.48115435242652893,0.5690195560455322,0.44877317547798157,0.56723952293396,0.42874205112457275,0.5645710229873657,0.4140852689743042,0.5618549585342407,0.5652523040771484,0.9281390905380249,0.5839983224868774,0.8925115466117859,0.6073729991912842,0.8710761070251465,0.6317485570907593,0.8601998686790466,0.6467516422271729,0.8535897731781006,0.6588900685310364,0.9042360186576843,0.6970330476760864,0.9010505080223083,0.7041980028152466,0.905113697052002,0.7033382654190063,0.9086751937866211,0.6625007390975952,0.9296376705169678,0.7092639803886414,0.9315376281738281,0.7232550978660583,0.9359937310218811,0.7238278388977051,0.9380558729171753,0.6562519669532776,0.951252818107605,0.7027268409729004,0.954704761505127,0.7187585830688477,0.9575021266937256,0.7237294912338257,0.9570778012275696,0.6407626271247864,0.9698320031166077,0.6763515472412109,0.9793663620948792,0.6923685073852539,0.9833802580833435,0.7030895948410034,0.9829691648483276,no_gesture
0.44785571098327637,0.7755141258239746,0.426206111907959,0.7194322943687439,0.3923328220844269,0.688052773475647,0.35968196392059326,0.6773391962051392,0.3381679654121399,0.6677635908126831,0.35114893317222595,0.7333080172538757,0.3086230158805847,0.7341912984848022,0.2889952063560486,0.7346051335334778,0.2756594717502594,0.7335883378982544,0.34829312562942505,0.7715407609939575,0.30349212884902954,0.7689915299415588,0.2823832333087921,0.7636417150497437,0.26872169971466064,0.7564287781715393,0.35150110721588135,0.8016676306724548,0.3115893006324768,0.8031896352767944,0.29093456268310547,0.7989503741264343,0.27788716554641724,0.7940259575843811,0.35884398221969604,0.8241596221923828,0.3250138759613037,0.8263508081436157,0.3060412108898163,0.8261929750442505,0.29208341240882874,0.8232169151306152,0.4401514232158661,0.48256951570510864,0.42223095893859863,0.4545469284057617,0.4131124019622803,0.42405277490615845,0.40714144706726074,0.3992905020713806,0.4001949429512024,0.38113316893577576,0.4432850182056427,0.3803688883781433,0.4466796815395355,0.33258822560310364,0.4495440721511841,0.30320030450820923,0.4529804289340973,0.28175991773605347,0.4649631083011627,0.3861809968948364,0.48178625106811523,0.3395485579967499,0.4937417805194855,0.31080108880996704,0.5032971501350403,0.2898000180721283,0.482774943113327,0.4029824435710907,0.5033666491508484,0.3705247640609741,0.5140397548675537,0.35128894448280334,0.5204343199729919,0.3357105255126953,0.4965256452560425,0.4272812008857727,0.515315055847168,0.41386425495147705,0.5216318368911743,0.406918466091156,0.5241036415100098,0.4011758863925934,no_gesture
0.4298913776874542,0.42199698090553284,0.43683305382728577,0.38068687915802,0.4588479697704315,0.3488466441631317,0.4880925416946411,0.33373236656188965,0.5136824250221252,0.32952025532722473,0.4863147437572479,0.3710882365703583,0.5364426970481873,0.35228991508483887,0.5587989091873169,0.3380766212940216,0.5690919160842896,0.32762134075164795,0.497767835855484,0.3998885452747345,0.5588940382003784,0.37377670407295227,0.5813559293746948,0.3525999188423157,0.5902196764945984,0.33502817153930664,0.5068141222000122,0.42259615659713745,0.5623146295547485,0.39540964365005493,0.5826497673988342,0.37106266617774963,0.5936471223831177,0.35150882601737976,0.5110870003700256,0.4397216737270355,0.5544679164886475,0.4199957847595215,0.5716814994812012,0.400838702917099,0.5812408328056335,0.383670449256897,,,,,,,,,,,,,,,,,,,,,,,,,,,,,,,,,,,,,,,,,,,no_gesture
0.30414944887161255,0.8420181274414062,0.33495181798934937,0.7837998270988464,0.3897640109062195,0.7303262948989868,0.4472426176071167,0.7035436630249023,0.4845145642757416,0.7318459153175354,0.3671378493309021,0.774395763874054,0.4861759543418884,0.7703338861465454,0.47531336545944214,0.7604208588600159,0.43693867325782776,0.7604838609695435,0.3725700378417969,0.8255312442779541,0.4916406571865082,0.8089315295219421,0.4735349118709564,0.7976364493370056,0.43547558784484863,0.8006216287612915,0.38230666518211365,0.8708702921867371,0.49579399824142456,0.8480624556541443,0.47165536880493164,0.8385515809059143,0.4339331388473511,0.8422284126281738,0.3922238051891327,0.9068233370780945,0.479780375957489,0.8880947828292847,0.4583444595336914,0.8795737624168396,0.4236598312854767,0.8838196396827698,,,,,,,,,,,,,,,,,,,,,,,,,,,,,,,,,,,,,,,,,,,no_gesture
0.3445218801498413,0.4302937090396881,0.36116698384284973,0.3966367840766907,0.39193835854530334,0.3761076033115387,0.4250100553035736,0.3714969754219055,0.450074702501297,0.37469205260276794,0.4128971993923187,0.3607172667980194,0.4622161388397217,0.34949466586112976,0.48669344186782837,0.3557230830192566,0.5003641843795776,0.3638378083705902,0.4235871434211731,0.37881746888160706,0.4814229905605316,0.3830762803554535,0.5073618292808533,0.391465425491333,0.5211984515190125,0.39814436435699463,0.43024301528930664,0.3998278081417084,0.48082709312438965,0.4078233242034912,0.5009389519691467,0.41122594475746155,0.5104041695594788,0.41229742765426636,0.43324676156044006,0.4211978614330292,0.4695385694503784,0.42676907777786255,0.4815423786640167,0.42813464999198914,0.48690563440322876,0.42736387252807617,,,,,,,,,,,,,,,,,,,,,,,,,,,,,,,,,,,,,,,,,,,no_gesture
0.6248083710670471,0.6720012426376343,0.5809716582298279,0.6542114019393921,0.5385091304779053,0.6522823572158813,0.5027351975440979,0.6575545072555542,0.4735134541988373,0.6630769371986389,0.5364952683448792,0.6909136772155762,0.492572546005249,0.711747407913208,0.46599873900413513,0.7226930260658264,0.445061594247818,0.732090950012207,0.5515533089637756,0.7128265500068665,0.5060721039772034,0.7381879091262817,0.47637781500816345,0.7518920302391052,0.45312878489494324,0.7623860239982605,0.5686953067779541,0.7285522222518921,0.5295154452323914,0.7539973855018616,0.5018815994262695,0.7667311429977417,0.4797373414039612,0.7757220268249512,0.5854952335357666,0.7379341721534729,0.5574161410331726,0.7603253722190857,0.5370367169380188,0.7713330984115601,0.5192442536354065,0.7786662578582764,0.3817902207374573,0.32014283537864685,0.40073996782302856,0.2990366220474243,0.4250492453575134,0.2834360897541046,0.4429610073566437,0.27266931533813477,0.45299336314201355,0.26373016834259033,0.43982475996017456,0.27758851647377014,0.47673308849334717,0.2627406716346741,0.4987506866455078,0.2611112594604492,0.5144146680831909,0.2629920244216919,0.44877898693084717,0.2878803610801697,0.49302566051483154,0.27826499938964844,0.5185728669166565,0.279177188873291,0.5347583293914795,0.2827756404876709,0.4530617892742157,0.3032565116882324,0.4965912699699402,0.2971845269203186,0.5211260914802551,0.2976595461368561,0.5359352231025696,0.2997952699661255,0.454793244600296,0.32250094413757324,0.4855022728443146,0.32594171166419983,0.5050138831138611,0.32933321595191956,0.520270586013794,0.3324715793132782,no_gesture
0.6609386801719666,0.40054452419281006,0.6556304693222046,0.37585437297821045,0.6382914781570435,0.35747629404067993,0.6239627003669739,0.34474730491638184,0.6197207570075989,0.331121563911438,0.6010859608650208,0.35939639806747437,0.5803161859512329,0.3767796456813812,0.5780621767044067,0.38761797547340393,0.5779806971549988,0.3937023878097534,0.5983582139015198,0.37421146035194397,0.5813946723937988,0.3910575211048126,0.5820921659469604,0.4025103747844696,0.5854780077934265,0.4094761610031128,0.6002762913703918,0.38901495933532715,0.5840575098991394,0.40268537402153015,0.5839722156524658,0.41314393281936646,0.5864333510398865,0.4186505675315857,0.6052843332290649,0.4038683772087097,0.5906611680984497,0.41273611783981323,0.5893113613128662,0.41967010498046875,0.5888760089874268,0.42273566126823425,0.2654842138290405,0.8515447974205017,0.29854270815849304,0.8681290149688721,0.3075645864009857,0.8962544798851013,0.3054952621459961,0.9229498505592346,0.30561935901641846,0.9433964490890503,0.2610597610473633,0.9087925553321838,0.2697535455226898,0.945969820022583,0.285180002450943,0.9596580266952515,0.2981598377227783,0.9674680233001709,0.24055565893650055,0.9077532887458801,0.25482890009880066,0.9457498788833618,0.2748343050479889,0.9576767086982727,0.29128196835517883,0.9614883661270142,0.23306092619895935,0.9055182337760925,0.24625782668590546,0.9383196234703064,0.26485711336135864,0.9487904906272888,0.2809198796749115,0.9523728489875793,0.23144285380840302,0.9036755561828613,0.2445252686738968,0.926647961139679,0.25948193669319153,0.9354236125946045,0.27240774035453796,0.9390246868133545,call
0.8002879023551941,0.5343877673149109,0.8038447499275208,0.4836946725845337,0.7858800292015076,0.4304852783679962,0.77752286195755,0.3900393843650818,0.7932535409927368,0.35837188363075256,0.7146171927452087,0.4352792203426361,0.6550784707069397,0.4343453645706177,0.6716793775558472,0.44487619400024414,0.6946665048599243,0.44887682795524597,0.6932376027107239,0.4665244519710541,0.6401277780532837,0.4616236090660095,0.6600450873374939,0.4703383147716522,0.6853145956993103,0.47617608308792114,0.681663990020752,0.5004181265830994,0.6292076110839844,0.48879387974739075,0.644438624382019,0.49656590819358826,0.6674849390983582,0.5027414560317993,0.6795598268508911,0.5318461656570435,0.6250729560852051,0.526320219039917,0.6046643257141113,0.5278027653694153,0.5917667746543884,0.5276181101799011,,,,,,,,,,,,,,,,,,,,,,,,,,,,,,,,,,,,,,,,,,,call
0.31555020809173584,0.424653023481369,0.3241531252861023,0.38660210371017456,0.34770289063453674,0.34925323724746704,0.3629774749279022,0.3190711736679077,0.3591223657131195,0.2951681613922119,0.39272138476371765,0.34179288148880005,0.4337564706802368,0.36360248923301697,0.4192623198032379,0.3792168200016022,0.4019777178764343,0.3807828426361084,0.40296897292137146,0.3624778389930725,0.4394185543060303,0.38276398181915283,0.4215182662010193,0.3940335214138031,0.40187907218933105,0.39350461959838867,0.41035276651382446,0.38724765181541443,0.44131574034690857,0.40367940068244934,0.42340582609176636,0.4118698537349701,0.40425002574920654,0.41104644536972046,0.41592198610305786,0.41284066438674927,0.46042975783348083,0.4161807894706726,0.4883849024772644,0.4204695522785187,0.5117228627204895,0.4225793480873108,,,,,,,,,,,,,,,,,,,,,,,,,,,,,,,,,,,,,,,,,,,call
0.343799889087677,0.5839036703109741,0.3558345437049866,0.5577283501625061,0.3870301842689514,0.5382385849952698,0.41870376467704773,0.5357696413993835,0.4368574321269989,0.5419162511825562,0.3935657739639282,0.5386595726013184,0.4395165741443634,0.5402788519859314,0.4283914864063263,0.5436475872993469,0.41531839966773987,0.543982744216919,0.3951624631881714,0.555388331413269,0.44144919514656067,0.5561428070068359,0.4276523292064667,0.5599545836448669,0.4127294719219208,0.5605575442314148,0.39757800102233887,0.5732302665710449,0.440137654542923,0.572101354598999,0.4269143044948578,0.5755487084388733,0.41122880578041077,0.5770997405052185,0.4015745520591736,0.5905508399009705,0.43943801522254944,0.5895976424217224,0.46196937561035156,0.5887525081634521,0.48102015256881714,0.5870979428291321,,,,,,,,,,,,,,,,,,,,,,,,,,,,,,,,,,,,,,,,,,,call
0.6509352922439575,0.4044281840324402,0.6583571434020996,0.3687160313129425,0.6428413987159729,0.3384205996990204,0.6296008825302124,0.3150743544101715,0.6300804018974304,0.2939029335975647,0.5821651220321655,0.3475179672241211,0.561278223991394,0.3599282503128052,0.5694748163223267,0.3684416711330414,0.5805884599685669,0.3726719915866852,0.5704330205917358,0.3676641881465912,0.5548955798149109,0.3828788101673126,0.565043032169342,0.38780149817466736,0.5795003175735474,0.390015184879303,0.5670915246009827,0.38966453075408936,0.5474809408187866,0.3990386128425598,0.5561672449111938,0.40251782536506653,0.5704720616340637,0.40486353635787964,0.5705022215843201,0.41035395860671997,0.5426461100578308,0.4201022684574127,0.5255277752876282,0.4246538579463959,0.5130245089530945,0.426776260137558,,,,,,,,,,,,,,,,,,,,,,,,,,,,,,,,,,,,,,,,,,,call
0.4463145136833191,0.5675352811813354,0.45718690752983093,0.5436457991600037,0.4749506711959839,0.5178949236869812,0.486783504486084,0.49734312295913696,0.4837934374809265,0.4802993834018707,0.49153822660446167,0.5168469548225403,0.514205276966095,0.5358851552009583,0.5066908001899719,0.5456452369689941,0.4977261424064636,0.5455512404441833,0.4929965138435364,0.5315869450569153,0.516054630279541,0.5491253137588501,0.508472204208374,0.5589908957481384,0.5006553530693054,0.5584629774093628,0.4938409924507141,0.5500923991203308,0.5198118090629578,0.5636066198348999,0.5141220688819885,0.5709062814712524,0.5064154863357544,0.5697001218795776,0.49385368824005127,0.5693775415420532,0.5170611143112183,0.5736225247383118,0.5306121110916138,0.5773170590400696,0.5424103736877441,0.5781619548797607,,,,,,,,,,,,,,,,,,,,,,,,,,,,,,,,,,,,,,,,,,,call
0.5776117444038391,0.552291989326477,0.5799459218978882,0.5114304423332214,0.5658548474311829,0.475971519947052,0.5496951937675476,0.4445419907569885,0.55302894115448,0.420149564743042,0.5186493396759033,0.4600673317909241,0.4616713523864746,0.4702945947647095,0.4689459502696991,0.4893111288547516,0.48570817708969116,0.498151570558548,0.5039529204368591,0.4773578345775604,0.44903579354286194,0.4946264326572418,0.4618561565876007,0.510617196559906,0.47953516244888306,0.5191201567649841,0.49102967977523804,0.4998460114002228,0.4409179389476776,0.5114845037460327,0.4538918137550354,0.5249813199043274,0.4734358787536621,0.533073365688324,0.48174500465393066,0.5240864753723145,0.42632681131362915,0.5225789546966553,0.3997182250022888,0.5243160724639893,0.3795900344848633,0.5228865146636963,,,,,,,,,,,,,,,,,,,,,,,,,,,,,,,,,,,,,,,,,,,call
0.6918686032295227,0.622172474861145,0.6887097954750061,0.5893387794494629,0.6775885224342346,0.5562175512313843,0.6719464659690857,0.5311829447746277,0.6794388294219971,0.5120580792427063,0.6308307647705078,0.5583510994911194,0.6009148359298706,0.5662358403205872,0.6097150444984436,0.5757401585578918,0.6217257976531982,0.5800347924232483,0.622351884841919,0.5748074650764465,0.5956972241401672,0.5842636227607727,0.6063591837882996,0.591282308101654,0.6195160746574402,0.5940107107162476,0.6171528100967407,0.5938805937767029,0.5895055532455444,0.5983216762542725,0.5979440212249756,0.6041335463523865,0.6113611459732056,0.6072750687599182,0.6160302758216858,0.6121419668197632,0.5833508968353271,0.609540581703186,0.5630354881286621,0.6079388856887817,0.5463688373565674,0.6047264337539673,,,,,,,,,,,,,,,,,,,,,,,,,,,,,,,,,,,,,,,,,,,call
0.6889077425003052,0.5901562571525574,0.6872248649597168,0.5462683439254761,0.6726260185241699,0.5013598799705505,0.6617042422294617,0.4674535095691681,0.6714383959770203,0.4409187138080597,0.6095467209815979,0.5007205009460449,0.5430193543434143,0.5102483630180359,0.5566772222518921,0.5257983207702637,0.5795654058456421,0.5289559960365295,0.5998392105102539,0.5254088044166565,0.5393531918525696,0.5403338670730591,0.5565669536590576,0.5517570972442627,0.5784176588058472,0.5535356402397156,0.5920442938804626,0.5530371069908142,0.5393702983856201,0.562033474445343,0.5536289215087891,0.571642279624939,0.5742244720458984,0.5747689008712769,0.5881142020225525,0.5800929665565491,0.535248875617981,0.5773528218269348,0.5162582397460938,0.5790731906890869,0.5023066997528076,0.5776114463806152,,,,,,,,,,,,,,,,,,,,,,,,,,,,,,,,,,,,,,,,,,,call
0.2661353349685669,0.555205762386322,0.2571890354156494,0.5051304697990417,0.2688251733779907,0.46097058057785034,0.2767941355705261,0.4265662729740143,0.2695297598838806,0.40076905488967896,0.3748592734336853,0.45113271474838257,0.4050651490688324,0.46829700469970703,0.38947588205337524,0.4867557883262634,0.366064190864563,0.49455511569976807,0.39999833703041077,0.4745284616947174,0.4251686930656433,0.4896431267261505,0.40589475631713867,0.5039612650871277,0.3834671676158905,0.5113385915756226,0.41270625591278076,0.501103937625885,0.4458070397377014,0.5099501609802246,0.4285986125469208,0.5216720700263977,0.40629467368125916,0.5274223685264587,0.4167413115501404,0.52813720703125,0.46973204612731934,0.5272914171218872,0.5016701221466064,0.5313680768013,0.5259048342704773,0.5341714024543762,,,,,,,,,,,,,,,,,,,,,,,,,,,,,,,,,,,,,,,,,,,call
0.28582966327667236,0.33135074377059937,0.28125980496406555,0.30471906065940857,0.2849554419517517,0.28009718656539917,0.28241267800331116,0.26055029034614563,0.26432740688323975,0.246880441904068,0.3413712680339813,0.26489847898483276,0.37527379393577576,0.26008516550064087,0.3820575773715973,0.25604870915412903,0.37981605529785156,0.2484406977891922,0.3590911328792572,0.275882750749588,0.38770630955696106,0.28228047490119934,0.3756825625896454,0.29144400358200073,0.3627280592918396,0.2929781973361969,0.37130269408226013,0.29163268208503723,0.40037092566490173,0.299142450094223,0.38539764285087585,0.30738064646720886,0.37031275033950806,0.30838140845298767,0.3825470805168152,0.3086177408695221,0.4294140934944153,0.3050963580608368,0.4578286111354828,0.3031715154647827,0.4818345606327057,0.2992399334907532,,,,,,,,,,,,,,,,,,,,,,,,,,,,,,,,,,,,,,,,,,,call
0.4064064621925354,0.5047537088394165,0.40847256779670715,0.4923594295978546,0.4126722812652588,0.48143407702445984,0.41329243779182434,0.4714388847351074,0.4080909192562103,0.4636383056640625,0.4374541938304901,0.48192551732063293,0.4487796127796173,0.49054211378097534,0.44267579913139343,0.4945733845233917,0.43465837836265564,0.4945157766342163,0.4421864151954651,0.48910173773765564,0.4511817693710327,0.4969450831413269,0.44569578766822815,0.4999794661998749,0.4398980140686035,0.5000099539756775,0.4447522461414337,0.49701201915740967,0.45436134934425354,0.5039937496185303,0.4493788182735443,0.5068612098693848,0.4441279172897339,0.5070844292640686,0.445907860994339,0.5052566528320312,0.460085928440094,0.5086134076118469,0.46889573335647583,0.5116732716560364,0.47613242268562317,0.5139877200126648,0.6541334390640259,0.7554270625114441,0.6401342153549194,0.7645965218544006,0.6360644102096558,0.7782096862792969,0.6346216201782227,0.7911054491996765,0.6331127285957336,0.8012610077857971,0.6564774513244629,0.7878690361976624,0.6549397706985474,0.8061644434928894,0.6493897438049316,0.8154191970825195,0.6437299847602844,0.8208860158920288,0.664682149887085,0.7884568572044373,0.6636561751365662,0.8062381148338318,0.6565824151039124,0.8149901032447815,0.6495458483695984,0.8193800449371338,0.6682965755462646,0.7877014875411987,0.6692968010902405,0.8038631081581116,0.6643688082695007,0.8122342228889465,0.6589658260345459,0.8172568082809448,0.6683505177497864,0.7859677672386169,0.6765746474266052,0.7972546815872192,0.6793332695960999,0.8044026494026184,0.6814862489700317,0.8088170289993286,call
0.3893519639968872,0.6135056018829346,0.4470920264720917,0.5973988771438599,0.5091481804847717,0.5866115093231201,0.5532110333442688,0.5744181871414185,0.5751209855079651,0.5526126623153687,0.5576999187469482,0.607875406742096,0.5826207399368286,0.6640302538871765,0.5496677756309509,0.6639352440834045,0.5373355746269226,0.6518484354019165,0.5391246676445007,0.62380450963974,0.5611176490783691,0.6793268918991089,0.5265934467315674,0.6761035323143005,0.5134531855583191,0.660905122756958,0.5135183930397034,0.6416221857070923,0.5357792973518372,0.6902287006378174,0.5061013698577881,0.6868445873260498,0.49249720573425293,0.672752320766449,0.48572102189064026,0.6614667177200317,0.5237283110618591,0.6994797587394714,0.5428239703178406,0.7248862385749817,0.5644463300704956,0.7445269823074341,,,,,,,,,,,,,,,,,,,,,,,,,,,,,,,,,,,,,,,,,,,call
0.9219434857368469,0.9035030007362366,0.876834511756897,0.9255265593528748,0.8627320528030396,0.968726634979248,0.8616374135017395,1.0052231550216675,0.8550585508346558,1.0316590070724487,0.9284182786941528,0.9960654973983765,0.9198480844497681,1.038608193397522,0.9024220705032349,1.0602326393127441,0.8883241415023804,1.0738738775253296,0.9546967148780823,0.9972448348999023,0.9456530809402466,1.039775013923645,0.9273524880409241,1.060283899307251,0.9105408191680908,1.0741853713989258,0.9669266939163208,0.9953171610832214,0.9621995091438293,1.0364552736282349,0.9454226493835449,1.0567187070846558,0.9290103316307068,1.072009563446045,0.9687236547470093,0.9918908476829529,0.9661864638328552,1.028383493423462,0.9522463083267212,1.0498970746994019,0.937002956867218,1.0647222995758057,0.2355685532093048,0.2888285219669342,0.24038320779800415,0.25306740403175354,0.2532768249511719,0.22079354524612427,0.25979873538017273,0.1924903243780136,0.25636792182922363,0.169109046459198,0.31873100996017456,0.21784991025924683,0.3599931001663208,0.24017640948295593,0.3420024514198303,0.25038230419158936,0.3224586546421051,0.24870070815086365,0.3252720832824707,0.24012689292430878,0.36342349648475647,0.2612088620662689,0.33944958448410034,0.270162969827652,0.3207729756832123,0.26813098788261414,0.3269108533859253,0.26414811611175537,0.365866094827652,0.2838042676448822,0.3453979194164276,0.2891373038291931,0.32445842027664185,0.2857854664325714,0.3267592787742615,0.28815382719039917,0.3711281418800354,0.306356281042099,0.3995775282382965,0.32010865211486816,0.42425304651260376,0.3287651836872101,call
0.5358153581619263,0.6402519941329956,0.5323119163513184,0.620561957359314,0.532706081867218,0.6008027195930481,0.5309038758277893,0.585256814956665,0.5211273431777954,0.5766056180000305,0.5477108955383301,0.5927269458770752,0.5749285817146301,0.591885507106781,0.5719326734542847,0.6006250977516174,0.5632544159889221,0.6045154333114624,0.5566713809967041,0.6004906296730042,0.580989420413971,0.6001877188682556,0.5769914388656616,0.6076611876487732,0.5682379007339478,0.6104692220687866,0.5657989978790283,0.6097938418388367,0.5860313177108765,0.6087446808815002,0.5815233588218689,0.6150277853012085,0.5731688737869263,0.6178259253501892,0.5745486617088318,0.6197942495346069,0.5950800776481628,0.6146314144134521,0.6065050363540649,0.6119935512542725,0.6149733662605286,0.6085075736045837,,,,,,,,,,,,,,,,,,,,,,,,,,,,,,,,,,,,,,,,,,,call
0.2807624340057373,0.7373754382133484,0.2931668758392334,0.7525253891944885,0.292009562253952,0.7738996148109436,0.2874557077884674,0.7943027019500732,0.28464066982269287,0.8099818229675293,0.2590789794921875,0.7862324118614197,0.2615458071231842,0.8153843283653259,0.27068307995796204,0.828670859336853,0.2777600884437561,0.8378424644470215,0.25405821204185486,0.7859405875205994,0.2628731429576874,0.8132514357566833,0.27420908212661743,0.8265240788459778,0.2850979268550873,0.8358851671218872,0.2559858560562134,0.7853986620903015,0.266478955745697,0.8082046508789062,0.2761356830596924,0.8191490769386292,0.28559166193008423,0.8275270462036133,0.260473370552063,0.7844254970550537,0.26953503489494324,0.8005906939506531,0.2780650556087494,0.8087996244430542,0.2868224084377289,0.8152140378952026,0.6202412843704224,0.3871375620365143,0.6124407052993774,0.3695058822631836,0.5981889367103577,0.35027793049812317,0.5907161235809326,0.33431780338287354,0.591798722743988,0.3220229148864746,0.5776090621948242,0.3490736782550812,0.5586889982223511,0.3562298119068146,0.5626589059829712,0.36141231656074524,0.5685493350028992,0.36314648389816284,0.5710631012916565,0.3600408136844635,0.5514107346534729,0.36954525113105774,0.5551759600639343,0.37458255887031555,0.5606620907783508,0.3771854341030121,0.56688392162323,0.3729163408279419,0.5460947155952454,0.3803510367870331,0.5468835234642029,0.38635924458503723,0.5513490438461304,0.3898851275444031,0.5664096474647522,0.3863542973995209,0.5456938147544861,0.3927687704563141,0.5335058569908142,0.396941214799881,0.5235675573348999,0.39792418479919434,call
0.5991024971008301,0.6684450507164001,0.5983601212501526,0.6359553337097168,0.5827375054359436,0.6091865301132202,0.5697233080863953,0.5887945890426636,0.5709167122840881,0.5727326273918152,0.538216769695282,0.606745183467865,0.5132120847702026,0.6242930889129639,0.5247697830200195,0.6330974102020264,0.5372217893600464,0.6361563205718994,0.5261682868003845,0.6213131546974182,0.5110693573951721,0.6417502760887146,0.5243258476257324,0.6490395665168762,0.5369755029678345,0.6523726582527161,0.5201446413993835,0.6392025947570801,0.5058488249778748,0.653472363948822,0.5179359912872314,0.6594669818878174,0.5310797095298767,0.6630164384841919,0.519509494304657,0.658413827419281,0.49195075035095215,0.6614795327186584,0.47613170742988586,0.6641951203346252,0.4622528553009033,0.6659302711486816,,,,,,,,,,,,,,,,,,,,,,,,,,,,,,,,,,,,,,,,,,,call
0.24019686877727509,0.8386918306350708,0.293878972530365,0.8549226522445679,0.32113999128341675,0.8890936374664307,0.3318825662136078,0.9244610071182251,0.3437516689300537,0.9501488208770752,0.280333548784256,0.9328697323799133,0.3007614314556122,0.9770823121070862,0.3214598298072815,0.990727961063385,0.3363747000694275,0.995013952255249,0.24744810163974762,0.9373040199279785,0.26923903822898865,0.98361736536026,0.2915414869785309,0.9964652061462402,0.30836808681488037,0.9988340139389038,0.22633697092533112,0.9337576031684875,0.24550765752792358,0.9736306667327881,0.2668619155883789,0.9868186116218567,0.2857329845428467,0.9902640581130981,0.21356846392154694,0.9268305897712708,0.22963443398475647,0.9579629302024841,0.247995987534523,0.9702324867248535,0.2653592526912689,0.9736496210098267,0.7359539866447449,0.2743992805480957,0.7150849103927612,0.24004490673542023,0.6809695959091187,0.21569103002548218,0.6579800248146057,0.1932753473520279,0.6541802287101746,0.1708144247531891,0.6388757228851318,0.2108559012413025,0.6035284996032715,0.24831193685531616,0.6191112995147705,0.2591143846511841,0.6343632340431213,0.2588784992694855,0.6377391815185547,0.22519038617610931,0.6081736087799072,0.2656015157699585,0.6272058486938477,0.2733296751976013,0.6419686079025269,0.2760689854621887,0.6407856345176697,0.24489563703536987,0.6121951341629028,0.2778168320655823,0.6332032680511475,0.2846650779247284,0.6520687937736511,0.2856527268886566,0.6503427624702454,0.2672572135925293,0.6049199104309082,0.2841292917728424,0.5839462876319885,0.29154065251350403,0.5653365850448608,0.29554393887519836,call
0.3312365412712097,0.3070458769798279,0.3656598627567291,0.2729606628417969,0.40375852584838867,0.2523951828479767,0.44258666038513184,0.2551352381706238,0.46544376015663147,0.268606573343277,0.442831426858902,0.23537439107894897,0.4926595389842987,0.27220088243484497,0.4836655259132385,0.29288631677627563,0.46882665157318115,0.3014369308948517,0.4526977837085724,0.2541140019893646,0.5070760846138,0.2938263714313507,0.48923444747924805,0.31328973174095154,0.4708290100097656,0.31842178106307983,0.45457562804222107,0.27772122621536255,0.5115195512771606,0.31190401315689087,0.49780115485191345,0.3312138319015503,0.48308318853378296,0.3381992280483246,0.45216313004493713,0.3038402199745178,0.5075356364250183,0.31864437460899353,0.5369577407836914,0.3300217390060425,0.5651510953903198,0.338783323764801,,,,,,,,,,,,,,,,,,,,,,,,,,,,,,,,,,,,,,,,,,,call
0.322208046913147,0.32620325684547424,0.3346412777900696,0.2875390350818634,0.3566960096359253,0.26972171664237976,0.375464528799057,0.25987696647644043,0.38337984681129456,0.23988743126392365,0.38345038890838623,0.28445637226104736,0.3855711817741394,0.3239710032939911,0.3755808472633362,0.3296390771865845,0.36881014704704285,0.31921079754829407,0.38223007321357727,0.3083672523498535,0.3821329176425934,0.3454607129096985,0.3729184865951538,0.3464297950267792,0.36641907691955566,0.3395005166530609,0.37665754556655884,0.33395513892173767,0.3776785433292389,0.3650957942008972,0.36997857689857483,0.3649805784225464,0.36373674869537354,0.35714730620384216,0.36720699071884155,0.35842543840408325,0.3738008439540863,0.3830471336841583,0.3772323727607727,0.39985933899879456,0.38071560859680176,0.4130688011646271,,,,,,,,,,,,,,,,,,,,,,,,,,,,,,,,,,,,,,,,,,,call
0.6236293315887451,0.8828744888305664,0.6111008524894714,0.9012571573257446,0.606030285358429,0.9372942447662354,0.6058155298233032,0.9676886200904846,0.6063405871391296,0.9915424585342407,0.6195420622825623,0.9550443291664124,0.6163033843040466,0.9944407343864441,0.6121593713760376,1.0114457607269287,0.6093190908432007,1.0204262733459473,0.6279942989349365,0.9582138061523438,0.6241984367370605,0.996803343296051,0.6190961003303528,1.0124753713607788,0.6152397990226746,1.0202116966247559,0.633693277835846,0.9581410884857178,0.6300157308578491,0.9952045679092407,0.6247997283935547,1.0095643997192383,0.6205646991729736,1.017164945602417,0.6365727186203003,0.9564046859741211,0.6335922479629517,0.9875748157501221,0.628870964050293,1.001771330833435,0.6249497532844543,1.0095067024230957,,,,,,,,,,,,,,,,,,,,,,,,,,,,,,,,,,,,,,,,,,,call
0.42716631293296814,0.48944568634033203,0.43331587314605713,0.4386384189128876,0.44532474875450134,0.3979972302913666,0.4557507336139679,0.3665170967578888,0.45182958245277405,0.34306472539901733,0.4675881266593933,0.38861191272735596,0.49016958475112915,0.4014624059200287,0.48549309372901917,0.422328382730484,0.47657209634780884,0.4306747317314148,0.47600308060646057,0.4140899181365967,0.4980127513408661,0.42641422152519226,0.4904349446296692,0.44409725069999695,0.48141270875930786,0.44753730297088623,0.481556236743927,0.4435621201992035,0.5048912167549133,0.45101961493492126,0.49719205498695374,0.46458467841148376,0.4874109923839569,0.4676084816455841,0.4848450720310211,0.4736277163028717,0.5106501579284668,0.47039011120796204,0.5251210927963257,0.4701538681983948,0.5369880199432373,0.465964674949646,,,,,,,,,,,,,,,,,,,,,,,,,,,,,,,,,,,,,,,,,,,call
0.6121664047241211,0.4376048147678375,0.5783624649047852,0.38435813784599304,0.5398403406143188,0.341232568025589,0.5159606337547302,0.29829272627830505,0.5161495208740234,0.25929751992225647,0.5013828873634338,0.3442256450653076,0.46319928765296936,0.39691540598869324,0.47038042545318604,0.42380210757255554,0.48238539695739746,0.43393680453300476,0.5011716485023499,0.3743308186531067,0.46467751264572144,0.43186184763908386,0.4767164885997772,0.4502951502799988,0.49137407541275024,0.45625537633895874,0.5060659050941467,0.4099675714969635,0.47009602189064026,0.45566046237945557,0.477983683347702,0.4742322266101837,0.4904675781726837,0.4804004430770874,0.5164601802825928,0.4463809132575989,0.47218674421310425,0.4821010231971741,0.448708713054657,0.5033150911331177,0.4286831021308899,0.51558917760849,,,,,,,,,,,,,,,,,,,,,,,,,,,,,,,,,,,,,,,,,,,call
0.2887362241744995,0.4993300437927246,0.32221001386642456,0.47151654958724976,0.3720908761024475,0.443464994430542,0.40476998686790466,0.41883957386016846,0.4125913083553314,0.3941597640514374,0.40367281436920166,0.44570404291152954,0.45711255073547363,0.4767819344997406,0.4358532428741455,0.4852766692638397,0.41743457317352295,0.479122519493103,0.39569005370140076,0.4653606116771698,0.447466105222702,0.4969403147697449,0.42474010586738586,0.5042523741722107,0.407623291015625,0.4980930685997009,0.38609394431114197,0.48925694823265076,0.4393620491027832,0.5170344710350037,0.4208165109157562,0.521576464176178,0.4028489589691162,0.5147708654403687,0.3776558041572571,0.5143263339996338,0.42664268612861633,0.532057523727417,0.4550149142742157,0.5452274084091187,0.48122236132621765,0.553301990032196,,,,,,,,,,,,,,,,,,,,,,,,,,,,,,,,,,,,,,,,,,,call
0.44324541091918945,0.5718871355056763,0.4422145187854767,0.5244017839431763,0.4475477635860443,0.48386257886886597,0.45665761828422546,0.4530435800552368,0.4588545560836792,0.42759597301483154,0.4754365086555481,0.4853276312351227,0.490655779838562,0.4876321256160736,0.4836229681968689,0.4997361898422241,0.47486162185668945,0.5061491131782532,0.48396816849708557,0.5083677172660828,0.497931569814682,0.510134220123291,0.4906548261642456,0.5191528797149658,0.48157912492752075,0.5232880115509033,0.4888283908367157,0.53263920545578,0.5025520324707031,0.5291873216629028,0.49515822529792786,0.5382075905799866,0.4862397313117981,0.543228805065155,0.491193026304245,0.5552339553833008,0.5103591084480286,0.5470238924026489,0.5197873115539551,0.5436789989471436,0.5270719528198242,0.5390596389770508,,,,,,,,,,,,,,,,,,,,,,,,,,,,,,,,,,,,,,,,,,,call
0.6966440677642822,0.6709494590759277,0.698391318321228,0.638658344745636,0.6872928738594055,0.6029589772224426,0.6816785335540771,0.5763225555419922,0.6895363330841064,0.5556919574737549,0.6574616432189941,0.6090348958969116,0.6156476140022278,0.6016926169395447,0.6256336569786072,0.6093121767044067,0.6420711874961853,0.6133875250816345,0.6454973816871643,0.6271610260009766,0.6067014932632446,0.6193147897720337,0.6168866753578186,0.6259171366691589,0.6327543258666992,0.6306331753730774,0.6344462633132935,0.6465903520584106,0.5996087789535522,0.6373865604400635,0.6068505644798279,0.6429533362388611,0.6215707659721375,0.6472161412239075,0.6267143487930298,0.6651676893234253,0.5905346870422363,0.6575195789337158,0.5742373466491699,0.6544369459152222,0.5639621019363403,0.6512057185173035,,,,,,,,,,,,,,,,,,,,,,,,,,,,,,,,,,,,,,,,,,,call
0.3499126732349396,0.47854554653167725,0.34931764006614685,0.4268305003643036,0.35933586955070496,0.38549572229385376,0.36371493339538574,0.351735383272171,0.3477281630039215,0.3262644112110138,0.44272658228874207,0.3918309807777405,0.4798937141895294,0.39642003178596497,0.4673675000667572,0.40921685099601746,0.4483224153518677,0.4145739674568176,0.4594598710536957,0.41745907068252563,0.49212646484375,0.4204385578632355,0.47874563932418823,0.4293944239616394,0.46202677488327026,0.4341328740119934,0.4671511948108673,0.44365984201431274,0.5016121864318848,0.4412364661693573,0.48835697770118713,0.44852277636528015,0.47124382853507996,0.45267629623413086,0.46886196732521057,0.4678928554058075,0.5165619254112244,0.46499103307724,0.5418848395347595,0.46338942646980286,0.5621640682220459,0.4591638445854187,,,,,,,,,,,,,,,,,,,,,,,,,,,,,,,,,,,,,,,,,,,call
0.2522839605808258,0.4727630615234375,0.2630484998226166,0.4019097089767456,0.2979899048805237,0.34399181604385376,0.3253762722015381,0.290296345949173,0.3156951665878296,0.24492843449115753,0.38530683517456055,0.3453966975212097,0.4388422966003418,0.3563293218612671,0.41809752583503723,0.3771997094154358,0.3902314305305481,0.3848100006580353,0.40446898341178894,0.38527780771255493,0.4530940055847168,0.39366981387138367,0.4302809536457062,0.4087032079696655,0.40404343605041504,0.4125109910964966,0.41196542978286743,0.4265539348125458,0.4616129398345947,0.42860183119773865,0.4415472149848938,0.43853896856307983,0.4156372845172882,0.44044139981269836,0.4135439693927765,0.46485915780067444,0.4865138828754425,0.467321515083313,0.5298058390617371,0.4711107909679413,0.5652399063110352,0.4702754616737366,,,,,,,,,,,,,,,,,,,,,,,,,,,,,,,,,,,,,,,,,,,call
0.28490471839904785,0.7394427061080933,0.29929810762405396,0.7144415378570557,0.3285864293575287,0.685515820980072,0.34609463810920715,0.6609810590744019,0.3436751961708069,0.6398487091064453,0.36836662888526917,0.6867108941078186,0.41061192750930786,0.7132928967475891,0.3928171694278717,0.722350001335144,0.37928786873817444,0.7202654480934143,0.36562782526016235,0.7024697661399841,0.40629810094833374,0.7299320697784424,0.3858259618282318,0.7380304932594299,0.3727628290653229,0.735031247138977,0.36103904247283936,0.7210156321525574,0.401630699634552,0.745402991771698,0.386545866727829,0.7513036131858826,0.3719342052936554,0.7476944327354431,0.3570745587348938,0.7414950132369995,0.39840376377105713,0.7554495334625244,0.425048828125,0.7659226655960083,0.4496980607509613,0.7718619108200073,,,,,,,,,,,,,,,,,,,,,,,,,,,,,,,,,,,,,,,,,,,call
0.6788284182548523,0.545283854007721,0.6699893474578857,0.5094005465507507,0.6443817019462585,0.47312942147254944,0.6298717260360718,0.44543829560279846,0.6333096623420715,0.42364609241485596,0.605048656463623,0.4658593237400055,0.5557549595832825,0.4852989614009857,0.5695618987083435,0.49896886944770813,0.5880938768386841,0.5009758472442627,0.5965225100517273,0.4844691753387451,0.556808352470398,0.5105205178260803,0.578391969203949,0.5195868015289307,0.5984928607940674,0.5202272534370422,0.590251088142395,0.5082555413246155,0.5554352402687073,0.5277306437492371,0.5765900015830994,0.5350804328918457,0.5972768664360046,0.5362115502357483,0.5883098244667053,0.5334868431091309,0.5462256669998169,0.5372679233551025,0.5259271264076233,0.5393041372299194,0.507212221622467,0.5384235382080078,,,,,,,,,,,,,,,,,,,,,,,,,,,,,,,,,,,,,,,,,,,call
0.7343773245811462,0.6376893520355225,0.725223183631897,0.6046461462974548,0.6978973150253296,0.5746033191680908,0.6776049733161926,0.5529266595840454,0.6785963177680969,0.5338531136512756,0.6807411313056946,0.5608747601509094,0.6275157928466797,0.5789178013801575,0.6355710029602051,0.5948705077171326,0.6500933170318604,0.5997002124786377,0.6763807535171509,0.5753697752952576,0.6225513815879822,0.5975745916366577,0.636027455329895,0.6100630164146423,0.6491633057594299,0.6158162951469421,0.6697655320167542,0.594365119934082,0.6189461946487427,0.6126695871353149,0.6335529088973999,0.6236096620559692,0.6488481163978577,0.628525972366333,0.6643568277359009,0.6151813268661499,0.6142286062240601,0.6242783665657043,0.5942434668540955,0.630100667476654,0.5763074159622192,0.6316581964492798,,,,,,,,,,,,,,,,,,,,,,,,,,,,,,,,,,,,,,,,,,,call
0.5934438705444336,0.6389790177345276,0.5940696001052856,0.6070188879966736,0.5791379809379578,0.575361967086792,0.5674962401390076,0.5498154759407043,0.5742623805999756,0.5287829637527466,0.5386324524879456,0.5750918984413147,0.512305498123169,0.5808620452880859,0.5226702690124512,0.5903400778770447,0.5348166823387146,0.594911515712738,0.525240957736969,0.5917553305625916,0.5052549242973328,0.5975040197372437,0.5158156156539917,0.6043505072593689,0.5284087061882019,0.6090336441993713,0.5174264907836914,0.6111660599708557,0.49879753589630127,0.612756609916687,0.5084459781646729,0.6179090738296509,0.5213708281517029,0.6220635771751404,0.5162433385848999,0.6293675899505615,0.4910253584384918,0.6309693455696106,0.4787449538707733,0.6330527663230896,0.46891963481903076,0.6330870389938354,,,,,,,,,,,,,,,,,,,,,,,,,,,,,,,,,,,,,,,,,,,call
0.23519590497016907,0.5021165609359741,0.23709195852279663,0.46650853753089905,0.25799065828323364,0.4422699809074402,0.2754356265068054,0.4197199046611786,0.27451059222221375,0.39851322770118713,0.3141059875488281,0.4467307925224304,0.3303004801273346,0.45958614349365234,0.31532639265060425,0.4670495092868805,0.298776775598526,0.46966737508773804,0.3258258104324341,0.4611985683441162,0.3318847417831421,0.47834324836730957,0.3127724826335907,0.4816986918449402,0.2960401177406311,0.4823233485221863,0.33069032430648804,0.4805268943309784,0.3385477662086487,0.4919680655002594,0.32004064321517944,0.4955701529979706,0.30353400111198425,0.49503543972969055,0.3294210433959961,0.5024465322494507,0.3587556779384613,0.5038366317749023,0.3798680603504181,0.5069561004638672,0.3980533480644226,0.5086379647254944,,,,,,,,,,,,,,,,,,,,,,,,,,,,,,,,,,,,,,,,,,,call
0.3730122745037079,0.34477025270462036,0.3842509388923645,0.32137805223464966,0.39757904410362244,0.29979753494262695,0.40508949756622314,0.28143763542175293,0.40037378668785095,0.26639896631240845,0.4410132169723511,0.295350044965744,0.47751152515411377,0.31562453508377075,0.47236165404319763,0.3272855281829834,0.4621477723121643,0.3303256928920746,0.44673964381217957,0.3083506226539612,0.48350581526756287,0.3281872272491455,0.4752219617366791,0.3397231698036194,0.4635879099369049,0.3425414264202118,0.45019060373306274,0.32449042797088623,0.48672300577163696,0.3411156237125397,0.48135825991630554,0.3526075482368469,0.47341153025627136,0.35640907287597656,0.4520885944366455,0.34253647923469543,0.48809412121772766,0.34608760476112366,0.5093313455581665,0.3504910171031952,0.5275813937187195,0.35340195894241333,0.8008362054824829,0.8015491962432861,0.7998058199882507,0.8259461522102356,0.7967368960380554,0.8504207730293274,0.7886647582054138,0.8692156672477722,0.7785781621932983,0.8834633231163025,0.8147134184837341,0.8598897457122803,0.7924695014953613,0.8739742040634155,0.7750195264816284,0.8756423592567444,0.7652679681777954,0.873551070690155,0.8114867806434631,0.8604381084442139,0.7882312536239624,0.8741483688354492,0.774794340133667,0.8733373284339905,0.7677339315414429,0.8708148002624512,0.8045300841331482,0.8587548732757568,0.7844787240028381,0.8737580180168152,0.7727738618850708,0.8739903569221497,0.7667523622512817,0.8720868825912476,0.795773446559906,0.8549960255622864,0.7836239337921143,0.8704057335853577,0.7746590971946716,0.875191867351532,0.7699554562568665,0.8770132660865784,call
0.6223132610321045,0.49601978063583374,0.6124122142791748,0.46926718950271606,0.5906425714492798,0.44557175040245056,0.5769741535186768,0.4265112578868866,0.5804116129875183,0.409543514251709,0.560491681098938,0.4442436099052429,0.5163812041282654,0.4588469862937927,0.5230633616447449,0.4665620028972626,0.5361299514770508,0.4657541811466217,0.5588379502296448,0.45720577239990234,0.514345109462738,0.472318172454834,0.5236495137214661,0.47717419266700745,0.5357751250267029,0.4763418734073639,0.5583020448684692,0.4737723469734192,0.5169529318809509,0.4836902320384979,0.5218448042869568,0.48837965726852417,0.5314090847969055,0.48920387029647827,0.5608457326889038,0.4915027916431427,0.5235195159912109,0.49490734934806824,0.5143958330154419,0.4963751435279846,0.5091569423675537,0.496692419052124,,,,,,,,,,,,,,,,,,,,,,,,,,,,,,,,,,,,,,,,,,,call
0.24925243854522705,0.4274861216545105,0.2708296775817871,0.41028106212615967,0.3047977387905121,0.39733025431632996,0.3303130865097046,0.3859046399593353,0.33624961972236633,0.3703693747520447,0.32612064480781555,0.4023340940475464,0.3517073094844818,0.4243197441101074,0.3375234007835388,0.42932212352752686,0.32740846276283264,0.42604920268058777,0.3211683928966522,0.4167501628398895,0.3457660377025604,0.4373812675476074,0.33103254437446594,0.4410703182220459,0.3201466202735901,0.436519056558609,0.3136858642101288,0.43228840827941895,0.33884984254837036,0.4492728114128113,0.32589924335479736,0.451447993516922,0.31463804841041565,0.4468817710876465,0.30574464797973633,0.4478941559791565,0.33415770530700684,0.45891889929771423,0.35132479667663574,0.4673486053943634,0.36692339181900024,0.4725858271121979,,,,,,,,,,,,,,,,,,,,,,,,,,,,,,,,,,,,,,,,,,,call
0.515283465385437,0.4533253312110901,0.5128360986709595,0.4180693030357361,0.5160034894943237,0.3882977366447449,0.5173760056495667,0.3647940158843994,0.5134009122848511,0.3452317416667938,0.5568438172340393,0.39018484950065613,0.5648195147514343,0.4075242578983307,0.557877779006958,0.41976335644721985,0.549104630947113,0.4222804009914398,0.5660197138786316,0.40864279866218567,0.5721365213394165,0.4229626953601837,0.5639341473579407,0.43211814761161804,0.5555203557014465,0.4329110383987427,0.5698063373565674,0.4289008677005768,0.5782917737960815,0.43849852681159973,0.5691903829574585,0.4469085931777954,0.5603755712509155,0.447742223739624,0.5712308883666992,0.45012104511260986,0.5919813513755798,0.453319787979126,0.6049358248710632,0.45629799365997314,0.6165460348129272,0.45534205436706543,,,,,,,,,,,,,,,,,,,,,,,,,,,,,,,,,,,,,,,,,,,call
0.4680030941963196,0.5219725370407104,0.4767017960548401,0.5053052306175232,0.4845011234283447,0.49158456921577454,0.48901796340942383,0.47814473509788513,0.4904390573501587,0.46625494956970215,0.5007902383804321,0.5034452080726624,0.5066660642623901,0.5139907598495483,0.501006007194519,0.5162548422813416,0.4948442578315735,0.5142065286636353,0.5001968145370483,0.5154193639755249,0.5049096941947937,0.5231600999832153,0.4999200701713562,0.524441123008728,0.4943796992301941,0.5222752690315247,0.4980870187282562,0.5274713635444641,0.5031024813652039,0.5336413979530334,0.49796202778816223,0.534665048122406,0.49254322052001953,0.5328377485275269,0.49509450793266296,0.5388277173042297,0.5058314800262451,0.5453512072563171,0.5117844343185425,0.5492514967918396,0.5165092349052429,0.5516581535339355,,,,,,,,,,,,,,,,,,,,,,,,,,,,,,,,,,,,,,,,,,,call
0.6568140983581543,0.5062910318374634,0.6344274282455444,0.5171799063682556,0.6264597773551941,0.5338225960731506,0.6239156723022461,0.547649621963501,0.6215348243713379,0.5577186942100525,0.6454363465309143,0.5445017218589783,0.6404597163200378,0.5621967315673828,0.6312532424926758,0.5630408525466919,0.6244662404060364,0.5603866577148438,0.65630704164505,0.5441313982009888,0.6488115787506104,0.5611693859100342,0.6381174325942993,0.5613738894462585,0.6307953596115112,0.5576546788215637,0.6629353761672974,0.5419289469718933,0.654386579990387,0.5573867559432983,0.6444718241691589,0.5580050945281982,0.6376438140869141,0.5550618171691895,0.6656696796417236,0.5387682914733887,0.6592740416526794,0.5511807203292847,0.6498152613639832,0.5530067086219788,0.6429301500320435,0.5513753890991211,0.4239347279071808,0.21140997111797333,0.43011704087257385,0.1914357990026474,0.4417469799518585,0.17506590485572815,0.4502009153366089,0.1614925116300583,0.45128586888313293,0.15006700158119202,0.4641958773136139,0.17636480927467346,0.47972333431243896,0.18675345182418823,0.47477826476097107,0.1918928474187851,0.46738383173942566,0.19276325404644012,0.4672302305698395,0.1866762936115265,0.4802648425102234,0.19584451615810394,0.4743129312992096,0.1994670033454895,0.4668119549751282,0.1994299441576004,0.46840083599090576,0.1979578733444214,0.4807850420475006,0.20496323704719543,0.4744274318218231,0.2075982391834259,0.46729224920272827,0.20710249245166779,0.468571275472641,0.2094312310218811,0.48556074500083923,0.21120859682559967,0.49584394693374634,0.21215316653251648,0.5043026804924011,0.2121998816728592,call
0.3059980571269989,0.5441977977752686,0.3236079514026642,0.5193018913269043,0.35611823201179504,0.49765971302986145,0.38003644347190857,0.479307621717453,0.3860824406147003,0.46144381165504456,0.3678338825702667,0.4922497272491455,0.4224275052547455,0.4903146028518677,0.4166547954082489,0.5032381415367126,0.4006611108779907,0.5086454749107361,0.36917874217033386,0.5070192813873291,0.42543792724609375,0.5089543461799622,0.41515910625457764,0.5209419131278992,0.39835965633392334,0.523497462272644,0.3693545460700989,0.5255178213119507,0.42112213373184204,0.5276646614074707,0.41061675548553467,0.5370315909385681,0.3955085873603821,0.5399122834205627,0.36867430806159973,0.5445199012756348,0.4057978093624115,0.5501930713653564,0.42685794830322266,0.5579155683517456,0.4446461796760559,0.5615686178207397,,,,,,,,,,,,,,,,,,,,,,,,,,,,,,,,,,,,,,,,,,,call
0.3490467071533203,0.674872636795044,0.36661937832832336,0.6529715061187744,0.3614385724067688,0.6315743327140808,0.35097190737724304,0.6248145699501038,0.33571869134902954,0.637057363986969,0.2867761552333832,0.6413758397102356,0.3036099076271057,0.6309784054756165,0.32086947560310364,0.6290381550788879,0.32752344012260437,0.6281686425209045,0.27157771587371826,0.6619696617126465,0.3281218707561493,0.6687760353088379,0.3628408908843994,0.6656786203384399,0.3710362911224365,0.6607295870780945,0.2816910743713379,0.6822270154953003,0.3456572890281677,0.6894873380661011,0.38171955943107605,0.6843453645706177,0.3891794681549072,0.6760895848274231,0.30641984939575195,0.69898921251297,0.3628733158111572,0.7026285529136658,0.39429110288619995,0.6979380249977112,0.40498900413513184,0.6906872391700745,,,,,,,,,,,,,,,,,,,,,,,,,,,,,,,,,,,,,,,,,,,point
0.6975535154342651,0.748404860496521,0.6712949275970459,0.7142729759216309,0.6527773141860962,0.6867076754570007,0.6433989405632019,0.6902276277542114,0.6448425650596619,0.7178519368171692,0.7006607055664062,0.696517825126648,0.688243567943573,0.6974074840545654,0.6752415299415588,0.7004360556602478,0.6697585582733154,0.7044397592544556,0.7149539589881897,0.7184791564941406,0.6535513997077942,0.7328518629074097,0.6263205409049988,0.7335714101791382,0.6167316436767578,0.7320142388343811,0.7179450392723083,0.7433211207389832,0.6535460948944092,0.7536599040031433,0.6360934376716614,0.7523650527000427,0.6336016654968262,0.7482303380966187,0.7125405073165894,0.7642871141433716,0.6627277731895447,0.7712306380271912,0.6468859910964966,0.7679397463798523,0.6439387798309326,0.7643483281135559,,,,,,,,,,,,,,,,,,,,,,,,,,,,,,,,,,,,,,,,,,,point
0.32033735513687134,0.6139507293701172,0.3440592288970947,0.5891237258911133,0.3687073290348053,0.5724324584007263,0.38747236132621765,0.5662893056869507,0.3995271623134613,0.5722742080688477,0.3559032678604126,0.568440318107605,0.38368576765060425,0.5667794346809387,0.4078718423843384,0.5728336572647095,0.4287498891353607,0.5797265768051147,0.34647125005722046,0.5854666233062744,0.38928136229515076,0.5887131094932556,0.43363189697265625,0.5928338766098022,0.46447622776031494,0.5976003408432007,0.3447834253311157,0.6035728454589844,0.39087456464767456,0.6042253971099854,0.40064865350723267,0.6010208129882812,0.39605647325515747,0.5980097651481628,0.3488042652606964,0.619904637336731,0.38976848125457764,0.6176595091819763,0.4015497863292694,0.6135414838790894,0.40231189131736755,0.610708475112915,,,,,,,,,,,,,,,,,,,,,,,,,,,,,,,,,,,,,,,,,,,point
0.26613324880599976,0.7770004272460938,0.30326011776924133,0.7119728326797485,0.3463130593299866,0.6589910387992859,0.3733826279640198,0.6443602442741394,0.384304404258728,0.6750275492668152,0.2634642720222473,0.6742878556251526,0.2794964909553528,0.6537701487541199,0.29074618220329285,0.6506557464599609,0.2972634732723236,0.6469113826751709,0.24847173690795898,0.7030026912689209,0.36011216044425964,0.6910930275917053,0.353964239358902,0.7019051313400269,0.32262325286865234,0.7045642137527466,0.25167781114578247,0.7325403094291687,0.36088642477989197,0.724750816822052,0.3490017354488373,0.7294662594795227,0.317008376121521,0.727863609790802,0.26160871982574463,0.7597631812095642,0.3444310426712036,0.7521436214447021,0.33260577917099,0.7535008192062378,0.29997098445892334,0.7506613731384277,,,,,,,,,,,,,,,,,,,,,,,,,,,,,,,,,,,,,,,,,,,point
0.5235450267791748,0.6261044144630432,0.5014304518699646,0.603890597820282,0.4725600779056549,0.594312846660614,0.44646942615509033,0.5959708094596863,0.4319457411766052,0.6037506461143494,0.48208847641944885,0.592763364315033,0.46146631240844727,0.5832419395446777,0.44527798891067505,0.5859450101852417,0.43756601214408875,0.5919602513313293,0.48443907499313354,0.6038351058959961,0.44278424978256226,0.6075510382652283,0.43985897302627563,0.6160759329795837,0.4479653537273407,0.6193404197692871,0.4849540591239929,0.6169900298118591,0.44473472237586975,0.6235712170600891,0.4437914490699768,0.6294375061988831,0.4523067772388458,0.6300985217094421,0.4847550392150879,0.6296766400337219,0.4529044032096863,0.6344282627105713,0.45043471455574036,0.6365602612495422,0.45653584599494934,0.6359479427337646,,,,,,,,,,,,,,,,,,,,,,,,,,,,,,,,,,,,,,,,,,,point
0.53165602684021,0.6077018976211548,0.4860394597053528,0.5740420818328857,0.4378015995025635,0.5422699451446533,0.39075207710266113,0.5522288680076599,0.3668903708457947,0.5768861770629883,0.5432135462760925,0.5070300698280334,0.5415262579917908,0.4994262158870697,0.5311865210533142,0.49168825149536133,0.5202369689941406,0.4845559597015381,0.6022418141365051,0.539946973323822,0.47590768337249756,0.570989727973938,0.40832871198654175,0.5793470144271851,0.3880245089530945,0.5793346166610718,0.6221784949302673,0.5877903699874878,0.49076133966445923,0.6191178560256958,0.4338182806968689,0.6128950119018555,0.42048197984695435,0.6006408333778381,0.6196155548095703,0.6327893733978271,0.5152437686920166,0.6540472507476807,0.4709366261959076,0.6468316912651062,0.4620705246925354,0.6335251927375793,,,,,,,,,,,,,,,,,,,,,,,,,,,,,,,,,,,,,,,,,,,point
0.3160136938095093,0.6359202265739441,0.3362216651439667,0.5956178903579712,0.37506183981895447,0.561168372631073,0.41120362281799316,0.5456286668777466,0.43486127257347107,0.5452816486358643,0.35374999046325684,0.5489229559898376,0.37120547890663147,0.530993640422821,0.3816770315170288,0.5205727815628052,0.38607707619667053,0.5106020569801331,0.34282878041267395,0.5675740242004395,0.4579014182090759,0.5651048421859741,0.4490962028503418,0.5803338885307312,0.4188098907470703,0.5857473015785217,0.34588515758514404,0.5973285436630249,0.44989076256752014,0.5975313186645508,0.4353742301464081,0.6102952361106873,0.4058971107006073,0.6107565760612488,0.35206252336502075,0.628692626953125,0.434959352016449,0.6256433725357056,0.4214705526828766,0.6315826177597046,0.3922351896762848,0.6313860416412354,,,,,,,,,,,,,,,,,,,,,,,,,,,,,,,,,,,,,,,,,,,point
0.3779570758342743,0.8072192072868347,0.4128504693508148,0.7244260311126709,0.44689950346946716,0.6499937772750854,0.47580528259277344,0.6277596950531006,0.49417734146118164,0.6556578278541565,0.3859100341796875,0.6646651029586792,0.41872522234916687,0.6416510343551636,0.43490540981292725,0.6361398696899414,0.4350375533103943,0.6471167206764221,0.36906981468200684,0.7000236511230469,0.5135118961334229,0.7054659128189087,0.503524899482727,0.7131620645523071,0.4628700017929077,0.7141661047935486,0.37306147813796997,0.7438089847564697,0.5155975222587585,0.7509779930114746,0.4961090683937073,0.7476721405982971,0.45635637640953064,0.7377622127532959,0.38845428824424744,0.7861242294311523,0.5060004591941833,0.7853556871414185,0.4908140003681183,0.7783565521240234,0.45387449860572815,0.7720795273780823,,,,,,,,,,,,,,,,,,,,,,,,,,,,,,,,,,,,,,,,,,,point
0.5636830925941467,0.8844270706176758,0.5209271311759949,0.8748191595077515,0.4826951026916504,0.8863130211830139,0.45556730031967163,0.9036650657653809,0.4324522614479065,0.9150054454803467,0.508315920829773,0.9106703400611877,0.49573707580566406,0.9440605044364929,0.48523423075675964,0.9659746885299683,0.4753974378108978,0.9849400520324707,0.5329092144966125,0.9240152835845947,0.5232406258583069,0.9644010066986084,0.5112643241882324,0.989136815071106,0.5026594400405884,1.0077216625213623,0.5484892725944519,0.93257075548172,0.5342292785644531,0.9686407446861267,0.5206780433654785,0.9905646443367004,0.5113093256950378,1.0073347091674805,0.5559983849525452,0.9366884231567383,0.5412489175796509,0.9636442065238953,0.5292529463768005,0.9804266691207886,0.5198755264282227,0.9944040775299072,0.36743730306625366,0.6160292625427246,0.3809572756290436,0.5871923565864563,0.4162096679210663,0.5666424036026001,0.45217764377593994,0.5648801326751709,0.4749201536178589,0.5737859606742859,0.39089685678482056,0.5708211660385132,0.4216775596141815,0.564416229724884,0.4305882155895233,0.5660160779953003,0.43192246556282043,0.5723349452018738,0.39129477739334106,0.5901674032211304,0.45273956656455994,0.5804092288017273,0.4502813220024109,0.5792882442474365,0.43266716599464417,0.5838795304298401,0.39802905917167664,0.6086104512214661,0.4553054869174957,0.5977461934089661,0.44640448689460754,0.5958293080329895,0.4273805618286133,0.5989826917648315,0.40642625093460083,0.6252332329750061,0.4537982642650604,0.6128639578819275,0.4448865056037903,0.6102312207221985,0.4269518256187439,0.6138380169868469,point
0.595232367515564,0.7380582094192505,0.5843387842178345,0.7075568437576294,0.5718483924865723,0.6889808773994446,0.5603659152984619,0.6819350123405457,0.5499435663223267,0.6857507824897766,0.5829307436943054,0.6982356905937195,0.5607107877731323,0.6951456069946289,0.5554263591766357,0.6922814249992371,0.5571327209472656,0.6892072558403015,0.5825677514076233,0.7199640870094299,0.5368751287460327,0.7188025116920471,0.5338970422744751,0.7173609137535095,0.5427752733230591,0.7149848937988281,0.5787057876586914,0.7414562106132507,0.5348379015922546,0.740241527557373,0.535243809223175,0.7378301620483398,0.546082615852356,0.734145998954773,0.5750413537025452,0.7599656581878662,0.5417736172676086,0.7593476176261902,0.542424201965332,0.7557753920555115,0.5501543879508972,0.751449465751648,,,,,,,,,,,,,,,,,,,,,,,,,,,,,,,,,,,,,,,,,,,point
0.7274211049079895,0.6219402551651001,0.7160785794258118,0.6385119557380676,0.7128133773803711,0.6598917841911316,0.7129916548728943,0.6788219213485718,0.7181828618049622,0.6894969344139099,0.7477943897247314,0.6650400757789612,0.7500853538513184,0.6906071305274963,0.7427965998649597,0.7013673186302185,0.7336536049842834,0.7097436189651489,0.7456693649291992,0.666494607925415,0.7383829951286316,0.6902498006820679,0.7191305160522461,0.6941471099853516,0.7031998634338379,0.694124698638916,0.741790235042572,0.6679567694664001,0.7327104210853577,0.6872950196266174,0.7167195081710815,0.6844854354858398,0.7081689834594727,0.6801488995552063,0.7373245358467102,0.6679315567016602,0.7313791513442993,0.6790064573287964,0.7195194959640503,0.6777406334877014,0.7156902551651001,0.6737303137779236,0.44095394015312195,0.35843199491500854,0.45905226469039917,0.3356481194496155,0.4872802495956421,0.32120639085769653,0.5107094645500183,0.321305513381958,0.5167231559753418,0.3361746668815613,0.45516282320022583,0.327876478433609,0.46577367186546326,0.31910622119903564,0.46977028250694275,0.31668776273727417,0.4690364897251129,0.3168714642524719,0.44978639483451843,0.3419535756111145,0.504008948802948,0.34238168597221375,0.49919432401657104,0.3418368399143219,0.4807989299297333,0.3416750729084015,0.45331817865371704,0.3567478358745575,0.5038371086120605,0.35398343205451965,0.49916836619377136,0.35154688358306885,0.4839358329772949,0.3503926396369934,0.4606654942035675,0.36795613169670105,0.4995591938495636,0.36422935128211975,0.4946122467517853,0.3602670729160309,0.4817027747631073,0.3579420745372772,point
0.4261631369590759,0.5749981999397278,0.4331052601337433,0.5551878809928894,0.44724321365356445,0.5413487553596497,0.46683865785598755,0.5351119041442871,0.48173680901527405,0.5346194505691528,0.4475305378437042,0.5315572023391724,0.46784520149230957,0.5101701617240906,0.4825408458709717,0.4993736445903778,0.49490854144096375,0.4933246076107025,0.45519816875457764,0.539966344833374,0.49315300583839417,0.5300377011299133,0.5131636261940002,0.5293864607810974,0.5264087319374084,0.530581533908844,0.4636249244213104,0.5507598519325256,0.49978020787239075,0.5448393821716309,0.5167824029922485,0.5439557433128357,0.5287687182426453,0.5436645150184631,0.47112125158309937,0.5625431537628174,0.4955694377422333,0.5615447163581848,0.5069860816001892,0.5605698823928833,0.5162246227264404,0.5588668584823608,0.6395606398582458,0.6339306831359863,0.6222290992736816,0.6211836934089661,0.6040310859680176,0.6156229376792908,0.5867781043052673,0.6245636343955994,0.5807039737701416,0.6426040530204773,0.6359369158744812,0.6241138577461243,0.6101723313331604,0.6266998052597046,0.6079718470573425,0.6278790831565857,0.6146343350410461,0.6296055912971497,0.6432876586914062,0.6375710964202881,0.595360517501831,0.6464848518371582,0.5956636071205139,0.6416292786598206,0.6043342351913452,0.6378594636917114,0.6439772248268127,0.6495941877365112,0.5962302684783936,0.6557269096374512,0.5973532795906067,0.6494758725166321,0.6061809659004211,0.6450796723365784,0.6397174000740051,0.658139169216156,0.6011343598365784,0.6627469658851624,0.5993025302886963,0.6580551266670227,0.605997622013092,0.6542689204216003,point
0.38035818934440613,0.5407633185386658,0.3982294797897339,0.4876474142074585,0.4298897981643677,0.4412030875682831,0.4546535909175873,0.42717039585113525,0.4658173620700836,0.45534294843673706,0.3969024419784546,0.44746527075767517,0.4042753279209137,0.4244590997695923,0.4088220000267029,0.42442312836647034,0.40638741850852966,0.43219202756881714,0.3895573914051056,0.47410252690315247,0.44877973198890686,0.4715183675289154,0.44209688901901245,0.47999510169029236,0.4209306836128235,0.4817548990249634,0.39175310730934143,0.5060186386108398,0.450198233127594,0.5043442249298096,0.4416557252407074,0.5054221749305725,0.42149585485458374,0.5018887519836426,0.3988751173019409,0.5365108847618103,0.44863975048065186,0.529869019985199,0.44114744663238525,0.5285663604736328,0.4213877022266388,0.5267677307128906,,,,,,,,,,,,,,,,,,,,,,,,,,,,,,,,,,,,,,,,,,,point
0.6597151160240173,0.7144713997840881,0.6361225247383118,0.6728308796882629,0.5920069813728333,0.651665449142456,0.5405177474021912,0.6605158448219299,0.50694739818573,0.6680687069892883,0.62562096118927,0.6628796458244324,0.6066327691078186,0.6562550067901611,0.5876312255859375,0.6559213399887085,0.5755049586296082,0.6633366346359253,0.620086133480072,0.6895305514335632,0.5458944439888,0.6812801957130432,0.5492151379585266,0.678767740726471,0.5702776908874512,0.6804273724555969,0.6099458932876587,0.7120177745819092,0.5365340113639832,0.6991443634033203,0.5476670265197754,0.6939767599105835,0.5700064897537231,0.6928704380989075,0.5976621508598328,0.7307053208351135,0.5426234602928162,0.7152125239372253,0.5520021319389343,0.709065854549408,0.5715519785881042,0.7091965675354004,,,,,,,,,,,,,,,,,,,,,,,,,,,,,,,,,,,,,,,,,,,point
0.45986315608024597,0.9211543202400208,0.5192431807518005,0.9093049764633179,0.5729691386222839,0.907664954662323,0.6195988655090332,0.9137353897094727,0.6524112820625305,0.9184377193450928,0.5804709196090698,0.9092139601707458,0.6505430340766907,0.9203819036483765,0.6788309216499329,0.9298844337463379,0.6930197477340698,0.9363110661506653,0.5684148073196411,0.9237581491470337,0.6479078531265259,0.9334294199943542,0.677147388458252,0.9407094120979309,0.6928361654281616,0.9456138610839844,0.5557551383972168,0.9384964108467102,0.6334887146949768,0.9449712038040161,0.6661104559898376,0.9495440721511841,0.6860382556915283,0.9526349902153015,0.5398796796798706,0.9522721171379089,0.6018850803375244,0.9552306532859802,0.6349986791610718,0.9569267630577087,0.6597834825515747,0.9575082659721375,0.7102442383766174,0.6950521469116211,0.6811514496803284,0.676641583442688,0.6535663604736328,0.6637901663780212,0.6237489581108093,0.6668604612350464,0.6023135185241699,0.6821170449256897,0.7127265930175781,0.6725976467132568,0.6880255341529846,0.6680753827095032,0.6766183972358704,0.6697406768798828,0.6717085242271423,0.6752796769142151,0.726223349571228,0.6873065233230591,0.6474884748458862,0.6883735060691833,0.6277381181716919,0.6864135265350342,0.625068187713623,0.6867841482162476,0.7265185713768005,0.7011882662773132,0.6469376087188721,0.701852023601532,0.6350380182266235,0.6982358694076538,0.6393821239471436,0.6966811418533325,0.7194725275039673,0.7117050290107727,0.6545830965042114,0.7139756083488464,0.6429930925369263,0.7109277844429016,0.648025631904602,0.7089632153511047,point
0.28886011242866516,0.7070077657699585,0.3170144855976105,0.660201907157898,0.35168302059173584,0.6142621636390686,0.37969014048576355,0.5960275530815125,0.39488962292671204,0.6099987030029297,0.2987920939922333,0.6158364415168762,0.30369797348976135,0.5977068543434143,0.33046185970306396,0.5961298942565918,0.3516257405281067,0.6032830476760864,0.29102951288223267,0.6418940424919128,0.38205987215042114,0.6294699311256409,0.3855706751346588,0.6422976851463318,0.36556199193000793,0.6467553973197937,0.29767873883247375,0.6716875433921814,0.3918747007846832,0.6646323204040527,0.38564127683639526,0.6709299087524414,0.3623913824558258,0.6706537008285522,0.3124706745147705,0.6998406648635864,0.3906358480453491,0.6914479732513428,0.3829728364944458,0.6934248208999634,0.3577621281147003,0.694706380367279,,,,,,,,,,,,,,,,,,,,,,,,,,,,,,,,,,,,,,,,,,,point
0.25814586877822876,0.4664047062397003,0.26452985405921936,0.4239310026168823,0.29173973202705383,0.38485491275787354,0.3238806426525116,0.37318289279937744,0.3417801260948181,0.3882298767566681,0.2511117160320282,0.39409974217414856,0.2838274836540222,0.3807962238788605,0.2922252118587494,0.3820056915283203,0.2852603495121002,0.3894028961658478,0.25659796595573425,0.4213869571685791,0.34021565318107605,0.40764132142066956,0.3386714458465576,0.41159290075302124,0.31649813055992126,0.41329118609428406,0.27023839950561523,0.44720983505249023,0.34800106287002563,0.4322923719882965,0.3422589600086212,0.4321099519729614,0.3215236961841583,0.43061935901641846,0.28796014189720154,0.47025465965270996,0.3518804907798767,0.4518479108810425,0.3481581211090088,0.44719159603118896,0.32948657870292664,0.44552478194236755,,,,,,,,,,,,,,,,,,,,,,,,,,,,,,,,,,,,,,,,,,,point
0.7377228736877441,0.5777696967124939,0.7078524231910706,0.5345984697341919,0.6529152989387512,0.5126664042472839,0.5998427867889404,0.5184207558631897,0.5713132619857788,0.532967209815979,0.7001975178718567,0.5160765051841736,0.6867549419403076,0.5117574334144592,0.6751850247383118,0.509554922580719,0.6743651032447815,0.5109125971794128,0.6981616616249084,0.5408618450164795,0.6138295531272888,0.5448415279388428,0.6087102890014648,0.5489182472229004,0.6304230690002441,0.547579288482666,0.6910901069641113,0.5684324502944946,0.6019781827926636,0.5695080161094666,0.6019245386123657,0.5678722262382507,0.6256722807884216,0.5635849833488464,0.6838469505310059,0.5947940349578857,0.6195526719093323,0.5921201705932617,0.6098304986953735,0.5877069234848022,0.6203175783157349,0.5837193131446838,,,,,,,,,,,,,,,,,,,,,,,,,,,,,,,,,,,,,,,,,,,point
0.5846635699272156,0.3599468171596527,0.5636277794837952,0.3226553797721863,0.539786159992218,0.2970837652683258,0.5051602721214294,0.29363712668418884,0.477009117603302,0.30128535628318787,0.5808814167976379,0.29919904470443726,0.567875325679779,0.292331337928772,0.567406177520752,0.28251948952674866,0.5696368217468262,0.272662878036499,0.5881456732749939,0.31967270374298096,0.5099008083343506,0.3183332681655884,0.5003949403762817,0.31341373920440674,0.5042656660079956,0.3108119070529938,0.5827571153640747,0.34196916222572327,0.5011383295059204,0.336681604385376,0.5045024752616882,0.3308165669441223,0.5190958380699158,0.3269938826560974,0.5699328780174255,0.36090484261512756,0.5102278590202332,0.35306626558303833,0.5098315477371216,0.34545469284057617,0.522061824798584,0.3400273323059082,,,,,,,,,,,,,,,,,,,,,,,,,,,,,,,,,,,,,,,,,,,point
0.3378399908542633,0.479255735874176,0.35336121916770935,0.45749175548553467,0.35946008563041687,0.4422546625137329,0.35277336835861206,0.43839022517204285,0.33598896861076355,0.4402828514575958,0.3584677278995514,0.4384384751319885,0.3829329013824463,0.4383906126022339,0.39510613679885864,0.4468376040458679,0.39645740389823914,0.4551478922367096,0.351982057094574,0.4518871009349823,0.37750348448753357,0.45809948444366455,0.3816486895084381,0.46306127309799194,0.3754844665527344,0.46610236167907715,0.3476405739784241,0.46570056676864624,0.3731923997402191,0.4709530770778656,0.3760380446910858,0.472346693277359,0.3706810772418976,0.47099483013153076,0.3452008366584778,0.47803425788879395,0.36631467938423157,0.4821327328681946,0.3712036907672882,0.48134976625442505,0.36901333928108215,0.4796089231967926,,,,,,,,,,,,,,,,,,,,,,,,,,,,,,,,,,,,,,,,,,,point
0.4520951509475708,0.69745272397995,0.4783170819282532,0.6685660481452942,0.5005432367324829,0.6409711241722107,0.5253069996833801,0.6292701959609985,0.5421619415283203,0.6384770274162292,0.4638839364051819,0.6485192179679871,0.48126164078712463,0.6367338299751282,0.4972952604293823,0.6370424032211304,0.5091684460639954,0.6421940326690674,0.4582039415836334,0.669032096862793,0.5452201962471008,0.6682159304618835,0.5508702397346497,0.6630159616470337,0.535509467124939,0.6614046096801758,0.467559278011322,0.6941709518432617,0.5524201393127441,0.6907025575637817,0.5501296520233154,0.6840816736221313,0.5304830074310303,0.6817930340766907,0.4826134741306305,0.7177038788795471,0.5504330396652222,0.7130703926086426,0.5487759113311768,0.7054606676101685,0.5327115654945374,0.7029837369918823,,,,,,,,,,,,,,,,,,,,,,,,,,,,,,,,,,,,,,,,,,,point
0.6322959661483765,0.584953248500824,0.6203525066375732,0.5850169658660889,0.6102075576782227,0.5833887457847595,0.6024168729782104,0.5866497755050659,0.6008362174034119,0.5911327600479126,0.6234557628631592,0.5729747414588928,0.622161328792572,0.5766703486442566,0.6198295950889587,0.5828844308853149,0.6187512874603271,0.586422860622406,0.6358534097671509,0.574601948261261,0.6339879035949707,0.5807849764823914,0.6297616958618164,0.5873041749000549,0.6273162961006165,0.5895817279815674,0.6457334756851196,0.5786862373352051,0.6439659595489502,0.584610104560852,0.639320969581604,0.590333104133606,0.6350658535957336,0.592723548412323,0.6528365015983582,0.5831796526908875,0.653065025806427,0.5885165333747864,0.6496475338935852,0.5929222106933594,0.6455418467521667,0.5950115919113159,,,,,,,,,,,,,,,,,,,,,,,,,,,,,,,,,,,,,,,,,,,point
0.6440005898475647,0.6438021659851074,0.6269979476928711,0.6220848560333252,0.6132944226264954,0.6037136316299438,0.5983796715736389,0.5991311073303223,0.5899420380592346,0.606432318687439,0.6441141366958618,0.602983295917511,0.636271059513092,0.5939947962760925,0.6284143924713135,0.5938745141029358,0.6236658096313477,0.5975747108459473,0.6459579467773438,0.6134292483329773,0.6105648279190063,0.6102104187011719,0.607579231262207,0.615391194820404,0.6138116121292114,0.619402289390564,0.6432365775108337,0.6250181198120117,0.6062471270561218,0.625028669834137,0.6101691722869873,0.6290309429168701,0.6209819912910461,0.6299580335617065,0.6381345987319946,0.635966420173645,0.6093232035636902,0.6368554830551147,0.6125902533531189,0.6392919421195984,0.6233364343643188,0.6394432783126831,0.2604837417602539,0.8587123155593872,0.28299763798713684,0.8698458671569824,0.2914055287837982,0.8873538970947266,0.2964310944080353,0.9039565920829773,0.3022237718105316,0.9176218509674072,0.2708273231983185,0.9032782316207886,0.28266462683677673,0.9246271848678589,0.2913782000541687,0.936088502407074,0.2978307902812958,0.9457549452781677,0.2644418179988861,0.9034587144851685,0.2775932848453522,0.9243370294570923,0.28769606351852417,0.9355904459953308,0.29548391699790955,0.944104790687561,0.2631996273994446,0.9022206664085388,0.27458077669143677,0.9221932291984558,0.2839951813220978,0.9325681924819946,0.29147303104400635,0.9410049915313721,0.2654816508293152,0.9008238315582275,0.2741851806640625,0.9179599285125732,0.28167131543159485,0.9274604916572571,0.28790292143821716,0.9346835613250732,point
0.29713764786720276,0.7979961633682251,0.32026925683021545,0.8088307976722717,0.32491081953048706,0.8248310685157776,0.32387399673461914,0.8399179577827454,0.32329967617988586,0.851614236831665,0.28786852955818176,0.8328229188919067,0.29612040519714355,0.8517902493476868,0.307264506816864,0.8620133399963379,0.316232293844223,0.8700558543205261,0.2761322557926178,0.8332152366638184,0.2887424826622009,0.8515883088111877,0.302195280790329,0.861901044845581,0.31534790992736816,0.8692721724510193,0.2742663025856018,0.8329952955245972,0.28669798374176025,0.8497020602226257,0.29916176199913025,0.8584397435188293,0.31141623854637146,0.8651566505432129,0.27759143710136414,0.8328672647476196,0.28605180978775024,0.8463724255561829,0.2963133156299591,0.8538327813148499,0.30638331174850464,0.8594645261764526,,,,,,,,,,,,,,,,,,,,,,,,,,,,,,,,,,,,,,,,,,,point
0.684554934501648,0.5164096355438232,0.6665526032447815,0.4659927785396576,0.6500133872032166,0.425554484128952,0.6335247159004211,0.4046441912651062,0.6238157749176025,0.3965196907520294,0.6879356503486633,0.3660086989402771,0.6617618203163147,0.3470859229564667,0.6561304926872253,0.35421428084373474,0.6614522933959961,0.35820725560188293,0.6961436867713928,0.3983333110809326,0.6390001177787781,0.4019661843776703,0.6360328197479248,0.4274612367153168,0.6487136483192444,0.4359826147556305,0.693109393119812,0.4406215250492096,0.6363574862480164,0.44544675946235657,0.6332020163536072,0.46487823128700256,0.6415622234344482,0.4705390930175781,0.6842790842056274,0.483763188123703,0.6407080888748169,0.48102569580078125,0.6342095732688904,0.48430967330932617,0.6357157230377197,0.4843209981918335,,,,,,,,,,,,,,,,,,,,,,,,,,,,,,,,,,,,,,,,,,,point
0.451782763004303,0.5320578217506409,0.45398324728012085,0.49077898263931274,0.46306219696998596,0.46211880445480347,0.470095157623291,0.46458131074905396,0.4765145480632782,0.4865853488445282,0.46352896094322205,0.4861975908279419,0.4669245481491089,0.4848887026309967,0.470185250043869,0.47623470425605774,0.46981725096702576,0.47540849447250366,0.4633747637271881,0.5199247598648071,0.4740723967552185,0.5271024107933044,0.4730859100818634,0.5112025141716003,0.46774837374687195,0.5009400844573975,0.4591048061847687,0.5498278141021729,0.46717366576194763,0.5568457841873169,0.46499374508857727,0.5384703874588013,0.461984783411026,0.5271736979484558,0.4534624516963959,0.5767886638641357,0.46075478196144104,0.5821353793144226,0.46185433864593506,0.5678820610046387,0.4617670476436615,0.5575729608535767,,,,,,,,,,,,,,,,,,,,,,,,,,,,,,,,,,,,,,,,,,,point
0.4828060567378998,0.42537033557891846,0.46126797795295715,0.40320634841918945,0.4412515163421631,0.386347234249115,0.4246014356613159,0.3847914934158325,0.4193066954612732,0.39371681213378906,0.46351224184036255,0.3807670772075653,0.4466788172721863,0.376262366771698,0.4435122609138489,0.3729117512702942,0.4454141855239868,0.3692839741706848,0.47503232955932617,0.3929935097694397,0.4198841452598572,0.40688174962997437,0.4237951636314392,0.41014379262924194,0.4377633333206177,0.4082377254962921,0.4805601239204407,0.40975719690322876,0.42574918270111084,0.42126333713531494,0.43543577194213867,0.4216669499874115,0.45251697301864624,0.41808781027793884,0.4817253053188324,0.4266463816165924,0.4386216700077057,0.43354153633117676,0.44313788414001465,0.4333673417568207,0.45699626207351685,0.43046221137046814,,,,,,,,,,,,,,,,,,,,,,,,,,,,,,,,,,,,,,,,,,,point
0.7145434021949768,0.79493647813797,0.6987329125404358,0.7525833249092102,0.6679436564445496,0.7191358804702759,0.6347876787185669,0.7205278873443604,0.6246275305747986,0.7417342066764832,0.7093716859817505,0.7489767074584961,0.6904534697532654,0.7336757183074951,0.6735916137695312,0.7326262593269348,0.6692638397216797,0.7446687817573547,0.7034249305725098,0.7743124961853027,0.6387120485305786,0.7571539282798767,0.6382941007614136,0.7515315413475037,0.6602419018745422,0.7555022835731506,0.6905990839004517,0.7946404814720154,0.6250922083854675,0.7726136445999146,0.6304516196250916,0.7674484848976135,0.6540788412094116,0.7691852450370789,0.6743597388267517,0.8101091980934143,0.6269169449806213,0.7913236021995544,0.632688045501709,0.7840384840965271,0.653997540473938,0.786628782749176,,,,,,,,,,,,,,,,,,,,,,,,,,,,,,,,,,,,,,,,,,,point
0.6595556735992432,0.3976159393787384,0.6439825296401978,0.36809173226356506,0.6180890798568726,0.3484690487384796,0.5848243832588196,0.3442598879337311,0.5599173307418823,0.3505004048347473,0.6414790153503418,0.3405129313468933,0.6153114438056946,0.33267563581466675,0.6105559468269348,0.3330494165420532,0.6142101883888245,0.33519962430000305,0.6497411131858826,0.35711467266082764,0.5735821723937988,0.3645009398460388,0.5687588453292847,0.36242252588272095,0.5759109258651733,0.36079689860343933,0.6506356000900269,0.3764517605304718,0.575456976890564,0.382852166891098,0.5803731679916382,0.37772998213768005,0.593097448348999,0.37392324209213257,0.6465083956718445,0.39489057660102844,0.5897695422172546,0.39885154366493225,0.5914263129234314,0.3940697908401489,0.6034060120582581,0.3895837962627411,,,,,,,,,,,,,,,,,,,,,,,,,,,,,,,,,,,,,,,,,,,point
0.29038310050964355,0.5303025841712952,0.32117006182670593,0.48462212085723877,0.36167508363723755,0.45237648487091064,0.3961371183395386,0.4412119686603546,0.4055936336517334,0.4532662034034729,0.3024144172668457,0.4421660602092743,0.3038457930088043,0.4272315800189972,0.30059587955474854,0.41292381286621094,0.2939096987247467,0.3989980220794678,0.28709983825683594,0.4640201926231384,0.3813086152076721,0.4624698758125305,0.37558725476264954,0.4683387875556946,0.3512459397315979,0.471227765083313,0.28826573491096497,0.49105149507522583,0.3789218068122864,0.4895951449871063,0.36696356534957886,0.4929940700531006,0.34131550788879395,0.49275821447372437,0.2964150011539459,0.5165676474571228,0.37064486742019653,0.5157461166381836,0.35642459988594055,0.5159615278244019,0.3273559808731079,0.5143638849258423,,,,,,,,,,,,,,,,,,,,,,,,,,,,,,,,,,,,,,,,,,,point
0.10642930865287781,0.8442598581314087,0.12606438994407654,0.8693499565124512,0.13077563047409058,0.902362048625946,0.1327090561389923,0.9353934526443481,0.13495507836341858,0.9615947008132935,0.07313618063926697,0.9256726503372192,0.0916915088891983,0.9700483679771423,0.11910632252693176,0.9880719184875488,0.14285391569137573,0.9998427033424377,0.07195808738470078,0.9270511269569397,0.09826992452144623,0.9671291708946228,0.12927834689617157,0.9834091067314148,0.16033312678337097,0.9927082657814026,0.08113477379083633,0.924799919128418,0.10837050527334213,0.9558954834938049,0.13577517867088318,0.9672549366950989,0.16155153512954712,0.9749794602394104,0.09272313117980957,0.9218494296073914,0.11620015650987625,0.9422969222068787,0.13798150420188904,0.9503788352012634,0.15842217206954956,0.9561975598335266,0.5839143991470337,0.625701367855072,0.535974383354187,0.5888727903366089,0.4720330834388733,0.5728049874305725,0.42298948764801025,0.5832700729370117,0.40616780519485474,0.6056170463562012,0.5314445495605469,0.5786787271499634,0.5071747899055481,0.5713829398155212,0.4840906858444214,0.5620014071464539,0.4687339961528778,0.5540052652359009,0.5359322428703308,0.5989400744438171,0.44348180294036865,0.6019495129585266,0.4513871371746063,0.6053783297538757,0.48023471236228943,0.6044183969497681,0.5300020575523376,0.6224591732025146,0.43748223781585693,0.6211472749710083,0.4492693543434143,0.6184468269348145,0.47940629720687866,0.6153726577758789,0.520835280418396,0.6453563570976257,0.4457966387271881,0.638679027557373,0.4482457637786865,0.6319769620895386,0.47299763560295105,0.6292375326156616,point
0.19970311224460602,0.5633350610733032,0.21154938638210297,0.5780787467956543,0.21054376661777496,0.5992627143859863,0.20657803118228912,0.619194507598877,0.20430810749530792,0.6365616917610168,0.168954998254776,0.6121943593025208,0.17154116928577423,0.6426318883895874,0.17937496304512024,0.6614108681678772,0.18865835666656494,0.674793541431427,0.1670854389667511,0.613793671131134,0.1732625663280487,0.6422384977340698,0.18334242701530457,0.6608190536499023,0.19591359794139862,0.673811674118042,0.1712316870689392,0.6148566603660583,0.17639651894569397,0.6413542628288269,0.18548887968063354,0.6570231318473816,0.19435375928878784,0.6691537499427795,0.17775529623031616,0.6152222156524658,0.1798352599143982,0.6361211538314819,0.1848711371421814,0.6500788927078247,0.1904330849647522,0.6610599160194397,,,,,,,,,,,,,,,,,,,,,,,,,,,,,,,,,,,,,,,,,,,point
0.4993799328804016,0.3851865828037262,0.5015163421630859,0.39724719524383545,0.49801069498062134,0.40924182534217834,0.49394673109054565,0.4176877737045288,0.48975685238838196,0.4241730570793152,0.490475058555603,0.39753609895706177,0.49484512209892273,0.40293076634407043,0.49782121181488037,0.4073708951473236,0.49859175086021423,0.41128602623939514,0.4897027015686035,0.39196455478668213,0.49446719884872437,0.40044915676116943,0.4974713623523712,0.4048808217048645,0.4989784061908722,0.40779656171798706,0.48809635639190674,0.3875262141227722,0.49333497881889343,0.3967258930206299,0.4956108033657074,0.4016788601875305,0.49728408455848694,0.405444860458374,0.4864981472492218,0.3834840655326843,0.4911087155342102,0.3918539881706238,0.49295246601104736,0.39731183648109436,0.4940168261528015,0.40185436606407166,,,,,,,,,,,,,,,,,,,,,,,,,,,,,,,,,,,,,,,,,,,point
0.720323383808136,0.7935173511505127,0.681618332862854,0.800441324710846,0.665582001209259,0.8270805478096008,0.6571261286735535,0.851940393447876,0.6478531360626221,0.8715407848358154,0.6985360980033875,0.8487674593925476,0.6846685409545898,0.8824427723884583,0.6675609350204468,0.8958800435066223,0.653877854347229,0.9019587635993958,0.7203012108802795,0.8527610301971436,0.7033365964889526,0.8868542909622192,0.6826854944229126,0.8967722654342651,0.6669220924377441,0.8983832001686096,0.7315941452980042,0.8517745733261108,0.7162631750106812,0.8825600147247314,0.6970304250717163,0.8921215534210205,0.6815145015716553,0.8947067856788635,0.7338815331459045,0.8485677242279053,0.7227691411972046,0.8750148415565491,0.7070779204368591,0.8850606679916382,0.6923725008964539,0.8880577683448792,0.27012360095977783,0.4724293649196625,0.2811829149723053,0.44629132747650146,0.310076504945755,0.4286500811576843,0.336820125579834,0.4237138628959656,0.3517710268497467,0.42398592829704285,0.2842009663581848,0.42804867029190063,0.2951219081878662,0.42691510915756226,0.29184603691101074,0.41893529891967773,0.28449979424476624,0.41130703687667847,0.28060826659202576,0.4440879821777344,0.34038296341896057,0.44770175218582153,0.3399287760257721,0.44269686937332153,0.3272431194782257,0.43844565749168396,0.28572019934654236,0.4601256549358368,0.3421308100223541,0.4645015597343445,0.33586105704307556,0.45606037974357605,0.3220542073249817,0.4482089579105377,0.29261094331741333,0.47465023398399353,0.3352450728416443,0.4759279489517212,0.3297518193721771,0.46842122077941895,0.3181598484516144,0.4608788788318634,point
0.31774622201919556,0.6199402213096619,0.3613493740558624,0.6067354083061218,0.3889680802822113,0.5745002627372742,0.3891462981700897,0.5431082248687744,0.3834923803806305,0.5225518345832825,0.3887886106967926,0.5424903631210327,0.4099256992340088,0.5023928284645081,0.42181146144866943,0.47666946053504944,0.4315989315509796,0.4539564251899719,0.3541058301925659,0.5377915501594543,0.3589455187320709,0.5176423192024231,0.3504977226257324,0.551647961139679,0.3460071086883545,0.577980101108551,0.32410019636154175,0.536831796169281,0.32584065198898315,0.5182486772537231,0.32704266905784607,0.5481624007225037,0.3288373053073883,0.5707657337188721,0.29603835940361023,0.5382190346717834,0.29780054092407227,0.5051512122154236,0.3014333248138428,0.4857103228569031,0.30720511078834534,0.464030921459198,,,,,,,,,,,,,,,,,,,,,,,,,,,,,,,,,,,,,,,,,,,rock
0.19176004827022552,0.43811580538749695,0.22561338543891907,0.4225415587425232,0.2435668408870697,0.38235795497894287,0.22872795164585114,0.3355494439601898,0.20948772132396698,0.30554115772247314,0.26205435395240784,0.320483535528183,0.2844974994659424,0.2671566605567932,0.29766982793807983,0.23154914379119873,0.30614495277404785,0.20127996802330017,0.23513250052928925,0.3077155649662018,0.2339111864566803,0.2725003957748413,0.22681283950805664,0.315935343503952,0.22979791462421417,0.3422837555408478,0.20792949199676514,0.3084099292755127,0.20242196321487427,0.2745061218738556,0.2041224241256714,0.3161301612854004,0.2102692425251007,0.33973219990730286,0.181295245885849,0.3157826364040375,0.17206519842147827,0.26848316192626953,0.16918212175369263,0.24565067887306213,0.17047691345214844,0.21565178036689758,,,,,,,,,,,,,,,,,,,,,,,,,,,,,,,,,,,,,,,,,,,rock
0.7807124257087708,0.5930347442626953,0.7254116535186768,0.5638614892959595,0.6932957172393799,0.5201656222343445,0.7127411365509033,0.4824323356151581,0.7614744901657104,0.4769973158836365,0.717143714427948,0.4598400592803955,0.6963119506835938,0.3938891291618347,0.68888258934021,0.357899010181427,0.6878139972686768,0.32681745290756226,0.7553268671035767,0.4579371511936188,0.7356988787651062,0.4222913980484009,0.73088538646698,0.470613032579422,0.7333272695541382,0.49418434500694275,0.7951074838638306,0.46186670660972595,0.7794851660728455,0.4315938353538513,0.7671599984169006,0.4763422906398773,0.7637073993682861,0.5041767358779907,0.8337323069572449,0.4702896475791931,0.8435606360435486,0.42500239610671997,0.8463122844696045,0.39833980798721313,0.8483952283859253,0.3712165951728821,,,,,,,,,,,,,,,,,,,,,,,,,,,,,,,,,,,,,,,,,,,rock
0.764169454574585,0.5398156642913818,0.7129082083702087,0.5232450366020203,0.6710273623466492,0.4847399890422821,0.6425876617431641,0.4576919674873352,0.6106361150741577,0.4449991285800934,0.7019236087799072,0.4354401230812073,0.6786981821060181,0.39563027024269104,0.6643968224525452,0.3694530427455902,0.6546725034713745,0.3479345142841339,0.7387224435806274,0.43393996357917786,0.7408156394958496,0.4108339250087738,0.743175745010376,0.4480690360069275,0.74065762758255,0.4742527902126312,0.7742375135421753,0.4373874366283417,0.7795265316963196,0.4213702380657196,0.775078535079956,0.4586527347564697,0.7677799463272095,0.4822576642036438,0.8069778084754944,0.4439159631729126,0.8223775625228882,0.408610463142395,0.8331544399261475,0.3867039382457733,0.837541937828064,0.36268115043640137,,,,,,,,,,,,,,,,,,,,,,,,,,,,,,,,,,,,,,,,,,,rock
0.3373495936393738,0.570671796798706,0.354505330324173,0.5638288259506226,0.3626813292503357,0.5497990250587463,0.35759273171424866,0.5344454050064087,0.3513723611831665,0.5230458974838257,0.3719688951969147,0.533198893070221,0.3794398605823517,0.5153979659080505,0.38366830348968506,0.5037857294082642,0.3864688277244568,0.49385714530944824,0.3584119975566864,0.5312215089797974,0.3555792272090912,0.5219832062721252,0.3515443801879883,0.5331113338470459,0.3504709005355835,0.5403183698654175,0.34549564123153687,0.5315710306167603,0.34055453538894653,0.5233571529388428,0.3407977223396301,0.5348589420318604,0.34191662073135376,0.5424340963363647,0.33354663848876953,0.5332121849060059,0.33056092262268066,0.5189931392669678,0.32889774441719055,0.5108191967010498,0.32861584424972534,0.5016866326332092,,,,,,,,,,,,,,,,,,,,,,,,,,,,,,,,,,,,,,,,,,,rock
0.5949639081954956,0.5040899515151978,0.5830972194671631,0.49566271901130676,0.5825923681259155,0.47988954186439514,0.5940201878547668,0.46687233448028564,0.6065638065338135,0.45863568782806396,0.5801098942756653,0.4562947154045105,0.5724718570709229,0.43633079528808594,0.5685668587684631,0.4232688248157501,0.5665034651756287,0.41202083230018616,0.593923032283783,0.455770343542099,0.5951492786407471,0.4427531659603119,0.594500720500946,0.45604750514030457,0.5926918387413025,0.46505486965179443,0.6079965829849243,0.4581807851791382,0.6121271252632141,0.4477632939815521,0.6075129508972168,0.4610009789466858,0.6018604040145874,0.46964097023010254,0.6212403774261475,0.4622371792793274,0.6308949589729309,0.4458513855934143,0.6381109356880188,0.4361220896244049,0.6435538530349731,0.42472174763679504,,,,,,,,,,,,,,,,,,,,,,,,,,,,,,,,,,,,,,,,,,,rock
0.6132427453994751,0.4435183107852936,0.6114340424537659,0.4272906482219696,0.5980959534645081,0.4144553542137146,0.5806963443756104,0.40879184007644653,0.5664178729057312,0.408797949552536,0.6002412438392639,0.41280901432037354,0.5757278800010681,0.40272021293640137,0.5606116056442261,0.39933761954307556,0.5486615896224976,0.39764583110809326,0.595855176448822,0.42405444383621216,0.5651949644088745,0.4152301251888275,0.5469571352005005,0.4119313061237335,0.5343735218048096,0.4102034866809845,0.5896872878074646,0.4352504312992096,0.5607317686080933,0.4283623993396759,0.5449151992797852,0.42489880323410034,0.5343230366706848,0.4223838746547699,0.5834044218063354,0.4452569782733917,0.5631916522979736,0.4412192106246948,0.5550054311752319,0.43987804651260376,0.5493218302726746,0.4389127492904663,,,,,,,,,,,,,,,,,,,,,,,,,,,,,,,,,,,,,,,,,,,rock
0.3575233817100525,0.6097872853279114,0.37722817063331604,0.5881518125534058,0.389345645904541,0.5471435189247131,0.3857995867729187,0.5084772109985352,0.3751751780509949,0.4853440225124359,0.39560553431510925,0.5018415451049805,0.4060319662094116,0.4500633478164673,0.4113072454929352,0.4188164472579956,0.4146222174167633,0.3915955126285553,0.3797539472579956,0.49414247274398804,0.38066259026527405,0.4654613733291626,0.37424033880233765,0.506374716758728,0.3717249631881714,0.529337465763092,0.36462417244911194,0.4931834638118744,0.3630644381046295,0.46495094895362854,0.36216166615486145,0.504381000995636,0.3617398142814636,0.5299795866012573,0.34974411129951477,0.4962509572505951,0.3482533097267151,0.45248210430145264,0.3477126955986023,0.4282078146934509,0.34827640652656555,0.4016525149345398,,,,,,,,,,,,,,,,,,,,,,,,,,,,,,,,,,,,,,,,,,,rock
0.22996824979782104,0.6034147143363953,0.267911821603775,0.5925946831703186,0.29280123114585876,0.5620997548103333,0.2579023838043213,0.5263105630874634,0.22464516758918762,0.5031123161315918,0.31143954396247864,0.5021060109138489,0.34132859110832214,0.45758533477783203,0.3609457015991211,0.4261142611503601,0.3729110658168793,0.3978572189807892,0.2719438374042511,0.4969906210899353,0.26887691020965576,0.47861823439598083,0.260476678609848,0.5202089548110962,0.26200902462005615,0.5395854711532593,0.23489412665367126,0.4994710385799408,0.22481860220432281,0.4854845702648163,0.23318365216255188,0.5214565992355347,0.2403840720653534,0.540402352809906,0.19826969504356384,0.5053773522377014,0.17997629940509796,0.4619833827018738,0.16851961612701416,0.43841177225112915,0.15897634625434875,0.4105382561683655,,,,,,,,,,,,,,,,,,,,,,,,,,,,,,,,,,,,,,,,,,,rock
0.8253235220909119,0.37043410539627075,0.7957013249397278,0.36640027165412903,0.7707811594009399,0.3525756299495697,0.7720693349838257,0.33663636445999146,0.7863065004348755,0.3239682614803314,0.7741779088973999,0.31525135040283203,0.7539143562316895,0.29570508003234863,0.7413832545280457,0.2823251485824585,0.7340985536575317,0.269722044467926,0.7974376678466797,0.31020355224609375,0.7888393402099609,0.293805867433548,0.7887425422668457,0.31952527165412903,0.7922953367233276,0.33592626452445984,0.8227880597114563,0.3101610541343689,0.8188000321388245,0.29377734661102295,0.8131072521209717,0.3177796006202698,0.8119913339614868,0.3357775807380676,0.8490874767303467,0.3134233057498932,0.8602792024612427,0.29119402170181274,0.8691743612289429,0.2776591181755066,0.8763196468353271,0.2627299129962921,,,,,,,,,,,,,,,,,,,,,,,,,,,,,,,,,,,,,,,,,,,rock
0.7732800245285034,0.5889145731925964,0.7422754764556885,0.577690601348877,0.7193055748939514,0.5601707100868225,0.7059727907180786,0.542060375213623,0.6907060742378235,0.5311167240142822,0.7340630888938904,0.5233660340309143,0.7295334339141846,0.49763959646224976,0.7264688014984131,0.4826030433177948,0.7263368368148804,0.4700046181678772,0.7555107474327087,0.5217550992965698,0.7562362551689148,0.4993138015270233,0.7529805302619934,0.5130442380905151,0.7499706149101257,0.5271727442741394,0.776839017868042,0.5240121483802795,0.7816219329833984,0.5015395879745483,0.7747682332992554,0.5135714411735535,0.7691382169723511,0.5266882181167603,0.7962086796760559,0.5295025110244751,0.8039515018463135,0.5086585879325867,0.8075222373008728,0.4949926733970642,0.8103588223457336,0.48297637701034546,,,,,,,,,,,,,,,,,,,,,,,,,,,,,,,,,,,,,,,,,,,rock
0.838591992855072,0.7232159972190857,0.8020262122154236,0.7482223510742188,0.7920761108398438,0.7793300747871399,0.7903743386268616,0.8109893202781677,0.7912942171096802,0.8388944864273071,0.8577713966369629,0.7977436780929565,0.8679088950157166,0.8461493253707886,0.8608638644218445,0.8705243468284607,0.8516311645507812,0.8869229555130005,0.8796645998954773,0.7965658903121948,0.900006890296936,0.847491443157196,0.896376371383667,0.8761767148971558,0.889910101890564,0.8947275876998901,0.8876614570617676,0.7941709160804749,0.9080926775932312,0.8363785743713379,0.9058182835578918,0.8616622090339661,0.9002559781074524,0.8798234462738037,0.8840075731277466,0.7926402688026428,0.9017648100852966,0.8226699829101562,0.9069615006446838,0.8415053486824036,0.9087159633636475,0.8551358580589294,0.19462613761425018,0.2289637178182602,0.22982530295848846,0.2160138338804245,0.2530021071434021,0.19285434484481812,0.24933448433876038,0.1667371243238449,0.23685386776924133,0.1487181931734085,0.2620354890823364,0.16699248552322388,0.274722158908844,0.13623395562171936,0.2787555456161499,0.11666818708181381,0.27938786149024963,0.10049867630004883,0.23782232403755188,0.16278567910194397,0.23490989208221436,0.1469721496105194,0.23017627000808716,0.16965532302856445,0.2285984456539154,0.1837729811668396,0.21480728685855865,0.16235129535198212,0.2096860706806183,0.14637088775634766,0.21295000612735748,0.16956527531147003,0.21537525951862335,0.18425855040550232,0.1919388771057129,0.1632537543773651,0.18754050135612488,0.13607142865657806,0.18647992610931396,0.1222696453332901,0.18721899390220642,0.10561706125736237,rock
0.29825448989868164,0.45741766691207886,0.32491636276245117,0.4536595046520233,0.34384357929229736,0.43935626745224,0.32983601093292236,0.4231147766113281,0.3108697533607483,0.4123668968677521,0.3533622920513153,0.4169389009475708,0.36670932173728943,0.39727210998535156,0.37280890345573425,0.3845870792865753,0.3755244314670563,0.3742183446884155,0.3256729543209076,0.4130266308784485,0.32892507314682007,0.39716243743896484,0.3248461186885834,0.4079076647758484,0.32130420207977295,0.4181972146034241,0.2998899817466736,0.41369691491127014,0.3007833957672119,0.3995251953601837,0.30272090435028076,0.40799108147621155,0.3030405342578888,0.41516420245170593,0.27551719546318054,0.41695865988731384,0.2739485204219818,0.40157198905944824,0.2747100591659546,0.3923298716545105,0.2766285538673401,0.3830818235874176,,,,,,,,,,,,,,,,,,,,,,,,,,,,,,,,,,,,,,,,,,,rock
0.6366593837738037,0.4749441146850586,0.5911126732826233,0.44598016142845154,0.568206787109375,0.40583062171936035,0.5779100060462952,0.36737000942230225,0.6108713150024414,0.3409961760044098,0.5605021715164185,0.35627010464668274,0.5397297143936157,0.293914258480072,0.5337352156639099,0.25822484493255615,0.5330783128738403,0.2289152592420578,0.5968617796897888,0.3553808033466339,0.5875225067138672,0.31801870465278625,0.5892313122749329,0.35465291142463684,0.59239661693573,0.36912161111831665,0.6338680386543274,0.36060744524002075,0.6198080778121948,0.337367981672287,0.6164206862449646,0.3813894987106323,0.6160773038864136,0.40666908025741577,0.6647598743438721,0.36732470989227295,0.6635084748268127,0.32161059975624084,0.6623650193214417,0.2939873933792114,0.6636512279510498,0.2662511169910431,,,,,,,,,,,,,,,,,,,,,,,,,,,,,,,,,,,,,,,,,,,rock
0.7312031984329224,0.5731613039970398,0.711621105670929,0.5511528253555298,0.7059518098831177,0.5169338583946228,0.7178156971931458,0.4846128821372986,0.7328658103942871,0.46487945318222046,0.7009828090667725,0.48999881744384766,0.6902410984039307,0.45613011717796326,0.6830528378486633,0.43551158905029297,0.6802855134010315,0.41785475611686707,0.7184308171272278,0.48643121123313904,0.7175776958465576,0.4479808211326599,0.7140594720840454,0.45977556705474854,0.7126907110214233,0.47702622413635254,0.7343388795852661,0.48757991194725037,0.7373145818710327,0.4521586000919342,0.7313041090965271,0.4588913917541504,0.7268514037132263,0.47243836522102356,0.7480443716049194,0.49305039644241333,0.7554603219032288,0.4634053111076355,0.7591629028320312,0.44416433572769165,0.7616707682609558,0.4292095899581909,,,,,,,,,,,,,,,,,,,,,,,,,,,,,,,,,,,,,,,,,,,rock
0.4926140308380127,0.48325321078300476,0.5694464445114136,0.4606824517250061,0.622557520866394,0.42736122012138367,0.6405640840530396,0.3760821521282196,0.6121017932891846,0.34287723898887634,0.6238217949867249,0.3681623935699463,0.6708415746688843,0.3133196532726288,0.6987417936325073,0.28021109104156494,0.715636670589447,0.2505107522010803,0.587117075920105,0.35596030950546265,0.6141769886016846,0.32428091764450073,0.5949682593345642,0.37036022543907166,0.5904898643493652,0.39180463552474976,0.5527679920196533,0.3488982617855072,0.5743485689163208,0.3067800998687744,0.5708409547805786,0.3540639579296112,0.5604439377784729,0.38810405135154724,0.5105746984481812,0.34406426548957825,0.5189299583435059,0.28937268257141113,0.5316615700721741,0.2612009346485138,0.5454697012901306,0.23256821930408478,,,,,,,,,,,,,,,,,,,,,,,,,,,,,,,,,,,,,,,,,,,rock
0.31926843523979187,0.6243348717689514,0.36917048692703247,0.621998131275177,0.4200912117958069,0.6084141731262207,0.44989895820617676,0.5912283062934875,0.44801825284957886,0.5742442607879639,0.4195025861263275,0.5906615853309631,0.4324706196784973,0.5714183449745178,0.42247122526168823,0.5746018290519714,0.4181610345840454,0.5783547759056091,0.3883022964000702,0.579127848148346,0.3876616656780243,0.5534406900405884,0.3718656301498413,0.5757957100868225,0.37482592463493347,0.5929656028747559,0.3531736135482788,0.5700931549072266,0.3528653085231781,0.5439372062683105,0.3463829457759857,0.5696486234664917,0.35177794098854065,0.5904501080513,0.3193672001361847,0.5648863911628723,0.32039517164230347,0.5278868079185486,0.32465383410453796,0.5075063109397888,0.33625879883766174,0.4893779754638672,,,,,,,,,,,,,,,,,,,,,,,,,,,,,,,,,,,,,,,,,,,rock
0.194340318441391,0.4546411633491516,0.24318158626556396,0.42107653617858887,0.2540085017681122,0.37083083391189575,0.22349825501441956,0.33011046051979065,0.1822439283132553,0.3145538568496704,0.241012841463089,0.3150002360343933,0.24773627519607544,0.25889530777931213,0.24977143108844757,0.22585780918598175,0.24931088089942932,0.196641743183136,0.19849330186843872,0.314453661441803,0.18298031389713287,0.2645235061645508,0.18895620107650757,0.2967884838581085,0.19426612555980682,0.3280954658985138,0.1595626175403595,0.3198496699333191,0.14337828755378723,0.2789509892463684,0.16191831231117249,0.3085763156414032,0.17330238223075867,0.3375224173069,0.12559804320335388,0.32882654666900635,0.10301664471626282,0.28073209524154663,0.09550631046295166,0.24999523162841797,0.08789937198162079,0.22208303213119507,,,,,,,,,,,,,,,,,,,,,,,,,,,,,,,,,,,,,,,,,,,rock
0.675976574420929,0.6784364581108093,0.661937415599823,0.6617501974105835,0.6520861387252808,0.6290332674980164,0.6523933410644531,0.5981372594833374,0.6580345034599304,0.5738968849182129,0.6599006056785583,0.5734642148017883,0.6573774814605713,0.5301108956336975,0.6571878790855408,0.5030824542045593,0.6589803695678711,0.4817049205303192,0.672784149646759,0.5707738995552063,0.6703611612319946,0.540988564491272,0.6673008799552917,0.5719568133354187,0.6648994088172913,0.5989617705345154,0.6868990063667297,0.5743385553359985,0.6870157718658447,0.5441430807113647,0.6831539869308472,0.5736310482025146,0.6802013516426086,0.6000546813011169,0.70103919506073,0.5828415155410767,0.7074682116508484,0.544285774230957,0.7099702954292297,0.5240328907966614,0.7113996148109436,0.5063204765319824,,,,,,,,,,,,,,,,,,,,,,,,,,,,,,,,,,,,,,,,,,,rock
0.8350708484649658,0.4132387936115265,0.8017140626907349,0.405257910490036,0.7735510468482971,0.3905726373195648,0.7738326787948608,0.3725147247314453,0.7911603450775146,0.36209988594055176,0.7560781240463257,0.37495777010917664,0.7296019792556763,0.35654813051223755,0.7170379757881165,0.34426188468933105,0.7095665335655212,0.3332219421863556,0.7806331515312195,0.36965686082839966,0.7824552059173584,0.3549242913722992,0.7988497614860535,0.36687082052230835,0.8068537712097168,0.3777788579463959,0.806496262550354,0.36602914333343506,0.8113507032394409,0.3514235019683838,0.8203748464584351,0.3637494146823883,0.8222734332084656,0.3753577470779419,0.8288472890853882,0.364179402589798,0.8282371163368225,0.34743210673332214,0.8312087059020996,0.33654966950416565,0.8303126096725464,0.327296644449234,,,,,,,,,,,,,,,,,,,,,,,,,,,,,,,,,,,,,,,,,,,rock
0.6591924428939819,0.39769312739372253,0.6468070149421692,0.38990092277526855,0.6419405937194824,0.37966638803482056,0.6450618505477905,0.37312230467796326,0.6489368677139282,0.37127524614334106,0.6454747915267944,0.3664149045944214,0.6378107666969299,0.3533722758293152,0.6321746706962585,0.34430667757987976,0.6290030479431152,0.3369430601596832,0.6561959981918335,0.3650951385498047,0.6519809365272522,0.36162951588630676,0.6474907994270325,0.3688366711139679,0.6461930274963379,0.37470418214797974,0.6656865477561951,0.365751177072525,0.6643776893615723,0.3657304644584656,0.6553441286087036,0.37285107374191284,0.6492833495140076,0.3779272437095642,0.6733234524726868,0.3674810528755188,0.6790856122970581,0.3571084439754486,0.6840283274650574,0.3503250479698181,0.6887382864952087,0.3441084325313568,,,,,,,,,,,,,,,,,,,,,,,,,,,,,,,,,,,,,,,,,,,rock
0.2534349858760834,0.4510781168937683,0.3042728900909424,0.44149351119995117,0.3430010676383972,0.4063330590724945,0.34997034072875977,0.37435707449913025,0.3166412115097046,0.3579409122467041,0.33853256702423096,0.3449665307998657,0.36655545234680176,0.2936849296092987,0.3841458261013031,0.263584703207016,0.3960534632205963,0.23447732627391815,0.3049207925796509,0.34041064977645874,0.3257408142089844,0.3061879575252533,0.3275366425514221,0.34247931838035583,0.3246423900127411,0.36647269129753113,0.2694694399833679,0.34069618582725525,0.2859790325164795,0.31606078147888184,0.2969827353954315,0.35664480924606323,0.2962260842323303,0.3840882182121277,0.2352745532989502,0.3439137637615204,0.23766380548477173,0.29769665002822876,0.24720168113708496,0.27311399579048157,0.2536231279373169,0.24546226859092712,,,,,,,,,,,,,,,,,,,,,,,,,,,,,,,,,,,,,,,,,,,rock
0.23511721193790436,0.47028112411499023,0.2504049241542816,0.4588768780231476,0.25537773966789246,0.4398144483566284,0.23887309432029724,0.4222548007965088,0.22404727339744568,0.4121505916118622,0.26662904024124146,0.41860145330429077,0.2680731415748596,0.3975779712200165,0.2656455636024475,0.38346758484840393,0.2630075216293335,0.37187644839286804,0.24728921055793762,0.4175432324409485,0.23450390994548798,0.406218558549881,0.2327859103679657,0.41906991600990295,0.2358056753873825,0.42956459522247314,0.2301393300294876,0.4198097884654999,0.21848492324352264,0.408613920211792,0.2200397253036499,0.41893717646598816,0.22465722262859344,0.42704853415489197,0.21557170152664185,0.4239290952682495,0.2073182910680771,0.4079955220222473,0.20001381635665894,0.39970704913139343,0.19544437527656555,0.39259955286979675,0.8273295760154724,0.777561366558075,0.7877308130264282,0.788414716720581,0.773464560508728,0.8145198225975037,0.7762778401374817,0.8386073112487793,0.7768539190292358,0.8555175065994263,0.800849437713623,0.8263294696807861,0.7996118664741516,0.860271155834198,0.7891068458557129,0.8676270842552185,0.7811500430107117,0.8657138347625732,0.8267633318901062,0.8285217881202698,0.8229949474334717,0.862983226776123,0.8080742359161377,0.8669365644454956,0.8007084727287292,0.8604315519332886,0.846534013748169,0.8269610404968262,0.8409329056739807,0.8575540781021118,0.8258002400398254,0.8592029213905334,0.8178123831748962,0.8532727956771851,0.8605246543884277,0.8227091431617737,0.8546860814094543,0.847025990486145,0.8424469232559204,0.8481268286705017,0.8355234265327454,0.8425027132034302,rock
0.2418241798877716,0.5947940349578857,0.26339191198349,0.5887376070022583,0.2778032422065735,0.5751476287841797,0.2658133804798126,0.5601075887680054,0.2497413456439972,0.5507649779319763,0.2895265519618988,0.5483471155166626,0.2995300889015198,0.5262783169746399,0.30464088916778564,0.5113259553909302,0.30793026089668274,0.4989979565143585,0.2721123993396759,0.543742835521698,0.2771121859550476,0.5313359498977661,0.2702857255935669,0.545231819152832,0.2659561336040497,0.5559617280960083,0.25550198554992676,0.5428585410118103,0.25721871852874756,0.5330959558486938,0.255337119102478,0.5458115935325623,0.25397902727127075,0.5545337796211243,0.2397179752588272,0.5441367626190186,0.24167104065418243,0.524664044380188,0.24430279433727264,0.5141712427139282,0.24808022379875183,0.5036910176277161,,,,,,,,,,,,,,,,,,,,,,,,,,,,,,,,,,,,,,,,,,,rock
0.5818130373954773,0.5128613114356995,0.5368454456329346,0.4881041944026947,0.5087572336196899,0.4475114643573761,0.4886082410812378,0.4127812683582306,0.4572371244430542,0.3951108753681183,0.5389966368675232,0.4150978922843933,0.5329685807228088,0.36968669295310974,0.5289856791496277,0.34410205483436584,0.5290940999984741,0.3199801445007324,0.5682121515274048,0.41423502564430237,0.5639389753341675,0.3955284357070923,0.5574392080307007,0.43145596981048584,0.5567895770072937,0.45334377884864807,0.5995843410491943,0.41771551966667175,0.5996372103691101,0.398049920797348,0.5859614014625549,0.4327639043331146,0.5777038335800171,0.457189679145813,0.6278890371322632,0.42439404129981995,0.6445168852806091,0.39165905117988586,0.6581769585609436,0.372132807970047,0.6723776459693909,0.35309475660324097,,,,,,,,,,,,,,,,,,,,,,,,,,,,,,,,,,,,,,,,,,,rock
0.561943531036377,0.7393925786018372,0.5511930584907532,0.7534963488578796,0.548228919506073,0.7728403806686401,0.5477957725524902,0.7903735637664795,0.5467153787612915,0.8027684092521667,0.5572628974914551,0.7886822819709778,0.5545876026153564,0.8101361393928528,0.5528730154037476,0.8216558694839478,0.5519257187843323,0.8313286900520325,0.5624858736991882,0.7889196872711182,0.5590720772743225,0.8098236918449402,0.5566600561141968,0.8205685615539551,0.5551888346672058,0.8294421434402466,0.5658359527587891,0.7868544459342957,0.5630570650100708,0.8062252402305603,0.5605923533439636,0.8161897659301758,0.5588311553001404,0.8236810564994812,0.5676628351211548,0.7836601734161377,0.566663384437561,0.7994450330734253,0.5649397373199463,0.8080138564109802,0.5634462237358093,0.8137398958206177,,,,,,,,,,,,,,,,,,,,,,,,,,,,,,,,,,,,,,,,,,,rock
0.7017871141433716,0.8870980739593506,0.6871209740638733,0.9040610790252686,0.6851559281349182,0.9362120628356934,0.686467707157135,0.9649357199668884,0.6866447329521179,0.9869767427444458,0.7048715949058533,0.9577092528343201,0.7049406170845032,0.9958312511444092,0.7006897926330566,1.0165961980819702,0.6969379782676697,1.0311142206192017,0.7105105519294739,0.958864152431488,0.7086060643196106,0.9963111281394958,0.7026103138923645,1.017016053199768,0.6970146894454956,1.0323611497879028,0.7118066549301147,0.9596578478813171,0.7098909020423889,0.9951515197753906,0.7045199275016785,1.0143406391143799,0.6991043090820312,1.0286612510681152,0.7101532220840454,0.9606350064277649,0.7088673114776611,0.9931076169013977,0.7043400406837463,1.0131117105484009,0.6992537975311279,1.0272576808929443,0.4042288362979889,0.38107165694236755,0.4188135266304016,0.3698484003543854,0.42863577604293823,0.34868890047073364,0.4293554723262787,0.32736483216285706,0.42494121193885803,0.3116980791091919,0.4303972125053406,0.31922048330307007,0.43835291266441345,0.29052919149398804,0.44275355339050293,0.274575799703598,0.4457385241985321,0.2602579891681671,0.42014503479003906,0.3161602318286896,0.42256149649620056,0.3022107779979706,0.42088475823402405,0.3242364525794983,0.4198448061943054,0.3379172384738922,0.41034743189811707,0.3163616359233856,0.41171762347221375,0.3041023313999176,0.41267070174217224,0.32552647590637207,0.4130015969276428,0.3385198712348938,0.4001323878765106,0.31699898838996887,0.39835965633392334,0.28960156440734863,0.39873409271240234,0.27526935935020447,0.4000629484653473,0.25935110449790955,rock
0.4078211188316345,0.44250422716140747,0.4221690893173218,0.43685322999954224,0.42896872758865356,0.426289439201355,0.4205418527126312,0.4184216260910034,0.4085266590118408,0.4147654175758362,0.4332227110862732,0.4057915508747101,0.44215697050094604,0.39195069670677185,0.4471065104007721,0.38191595673561096,0.45012399554252625,0.37318775057792664,0.4190449118614197,0.4032479524612427,0.41755905747413635,0.39750558137893677,0.41439107060432434,0.41091135144233704,0.4143737554550171,0.41904550790786743,0.40589845180511475,0.4036780297756195,0.4015180468559265,0.39692625403404236,0.4010116159915924,0.40840786695480347,0.4021807312965393,0.4162004292011261,0.39371761679649353,0.4064968228340149,0.38634663820266724,0.3951895236968994,0.38125163316726685,0.38921865820884705,0.3781045079231262,0.3826168179512024,,,,,,,,,,,,,,,,,,,,,,,,,,,,,,,,,,,,,,,,,,,rock
0.7324861884117126,0.5075413584709167,0.6591978669166565,0.487760990858078,0.6116428375244141,0.4545466899871826,0.569890558719635,0.4264228045940399,0.5298653841018677,0.415277898311615,0.6551976203918457,0.39522069692611694,0.6377065777778625,0.3406359553337097,0.6275647282600403,0.30849266052246094,0.6236896514892578,0.2796015739440918,0.6904163956642151,0.3918716609477997,0.6932803988456726,0.3608299195766449,0.6987351775169373,0.4034375846385956,0.7006275057792664,0.4336841106414795,0.7273625731468201,0.39541807770729065,0.7324224710464478,0.3748946487903595,0.7334582209587097,0.4157087802886963,0.7297099828720093,0.441813588142395,0.759871244430542,0.4014744758605957,0.7676388621330261,0.36010825634002686,0.7712177634239197,0.33402684330940247,0.774747371673584,0.3059810400009155,,,,,,,,,,,,,,,,,,,,,,,,,,,,,,,,,,,,,,,,,,,rock
0.6693742275238037,0.5935710072517395,0.6280490756034851,0.5861955881118774,0.5949193835258484,0.5655182003974915,0.5672822594642639,0.5505921244621277,0.5428643226623535,0.5444672107696533,0.6132944822311401,0.5371143221855164,0.6014153361320496,0.5079013705253601,0.5941261053085327,0.4901427924633026,0.5904256105422974,0.4742269814014435,0.6361286640167236,0.5329342484474182,0.6341358423233032,0.5163412094116211,0.6361034512519836,0.5394903421401978,0.6371555328369141,0.5583145618438721,0.6589889526367188,0.5321370959281921,0.6581432223320007,0.5186309218406677,0.6571338772773743,0.5414169430732727,0.6556774377822876,0.5592069625854492,0.6806368827819824,0.5335797667503357,0.6795080304145813,0.5112876892089844,0.6778212785720825,0.4973836839199066,0.6748733520507812,0.48465579748153687,,,,,,,,,,,,,,,,,,,,,,,,,,,,,,,,,,,,,,,,,,,rock
0.24748656153678894,0.4076816439628601,0.2910359501838684,0.40531665086746216,0.32440462708473206,0.39115795493125916,0.3186083436012268,0.36499497294425964,0.29897522926330566,0.3468659222126007,0.33682751655578613,0.33987733721733093,0.3611811101436615,0.3048260807991028,0.37694165110588074,0.2829596698284149,0.38847237825393677,0.26310044527053833,0.3088313937187195,0.32921475172042847,0.32059088349342346,0.2988496422767639,0.31279632449150085,0.32216358184814453,0.31016847491264343,0.33799830079078674,0.28115350008010864,0.32491999864578247,0.28663355112075806,0.2975817620754242,0.28390899300575256,0.3258116543292999,0.2820608615875244,0.3475085198879242,0.25105994939804077,0.32464349269866943,0.25469955801963806,0.2900935709476471,0.25608429312705994,0.27218520641326904,0.26107919216156006,0.25472787022590637,,,,,,,,,,,,,,,,,,,,,,,,,,,,,,,,,,,,,,,,,,,rock
0.3180748522281647,0.5494116544723511,0.3411957323551178,0.5443043112754822,0.35725635290145874,0.5278797745704651,0.3470478653907776,0.5088762640953064,0.32893744111061096,0.49764683842658997,0.3682929277420044,0.4946286976337433,0.38155168294906616,0.4726639986038208,0.3902572989463806,0.45759350061416626,0.39587923884391785,0.4444570541381836,0.34601086378097534,0.4888862669467926,0.3441444933414459,0.47379645705223083,0.33953213691711426,0.4917996823787689,0.3380599319934845,0.5047972202301025,0.3254891037940979,0.4882771074771881,0.3204866945743561,0.4743376672267914,0.3222750425338745,0.4889794588088989,0.3249220550060272,0.4995397925376892,0.30682453513145447,0.4917695224285126,0.30035170912742615,0.47065284848213196,0.2971925139427185,0.45832282304763794,0.29574036598205566,0.4454038739204407,,,,,,,,,,,,,,,,,,,,,,,,,,,,,,,,,,,,,,,,,,,rock
0.23745718598365784,0.4306432604789734,0.27143606543540955,0.4113660156726837,0.28869983553886414,0.38050028681755066,0.27982109785079956,0.34781110286712646,0.2611294984817505,0.32803961634635925,0.30485498905181885,0.34918665885925293,0.327374666929245,0.3132416009902954,0.33721908926963806,0.28958457708358765,0.3424048125743866,0.27031081914901733,0.2747913897037506,0.34279322624206543,0.27803951501846313,0.31431642174720764,0.2726539373397827,0.34165748953819275,0.2726275324821472,0.3577522933483124,0.24585659801959991,0.34342968463897705,0.24149395525455475,0.3199480473995209,0.24769073724746704,0.34899795055389404,0.25207337737083435,0.3683924078941345,0.21556618809700012,0.3476906418800354,0.19968634843826294,0.31982603669166565,0.19125398993492126,0.30242881178855896,0.186118483543396,0.28175225853919983,,,,,,,,,,,,,,,,,,,,,,,,,,,,,,,,,,,,,,,,,,,rock
0.726914644241333,0.5212453007698059,0.7052107453346252,0.5074865221977234,0.7003570199012756,0.46755319833755493,0.7145124077796936,0.4277729392051697,0.7305395007133484,0.40376368165016174,0.6713998913764954,0.41936546564102173,0.6484293341636658,0.37755051255226135,0.6369009613990784,0.34890568256378174,0.6276894807815552,0.3205014169216156,0.6955310106277466,0.41099968552589417,0.6914374232292175,0.37549933791160583,0.6985763907432556,0.4143758714199066,0.7007275223731995,0.4420323371887207,0.7211006283760071,0.4090920686721802,0.7212534546852112,0.38592529296875,0.7192329168319702,0.41786983609199524,0.7125561833381653,0.43874219059944153,0.7447730898857117,0.4093703031539917,0.7457783818244934,0.3657360076904297,0.7485974431037903,0.33804771304130554,0.7469750046730042,0.3077467679977417,,,,,,,,,,,,,,,,,,,,,,,,,,,,,,,,,,,,,,,,,,,rock
0.7537122964859009,0.5889971852302551,0.7339876294136047,0.5631802082061768,0.7260283827781677,0.5289620757102966,0.7329486608505249,0.5015435814857483,0.7466112971305847,0.48608705401420593,0.7349953055381775,0.4837448298931122,0.7310548424720764,0.44245561957359314,0.7298839688301086,0.41607600450515747,0.7315798997879028,0.3909589648246765,0.7538701891899109,0.4862216114997864,0.7548924684524536,0.4599248468875885,0.749809980392456,0.49388912320137024,0.744742751121521,0.5199732184410095,0.7720925807952881,0.4943044185638428,0.7763086557388306,0.47131267189979553,0.7673115134239197,0.5050526261329651,0.7593919038772583,0.5296884775161743,0.7882373929023743,0.5052309036254883,0.8011516332626343,0.47370049357414246,0.8086314797401428,0.45541223883628845,0.8139233589172363,0.4354783594608307,,,,,,,,,,,,,,,,,,,,,,,,,,,,,,,,,,,,,,,,,,,rock
0.8292731046676636,0.4417094588279724,0.8028268814086914,0.4313604533672333,0.7913210391998291,0.40772563219070435,0.8019368648529053,0.3879742920398712,0.8219220638275146,0.3761793375015259,0.7993167638778687,0.38024061918258667,0.7829181551933289,0.35185301303863525,0.7772960662841797,0.3342497944831848,0.7766711711883545,0.3208295702934265,0.8159200549125671,0.3786083161830902,0.8023914694786072,0.36447951197624207,0.7977200150489807,0.38105693459510803,0.7983935475349426,0.3884260654449463,0.8331018686294556,0.38034433126449585,0.8218938708305359,0.37336570024490356,0.8182515501976013,0.39471757411956787,0.8189935088157654,0.407202810049057,0.8504743576049805,0.3822534680366516,0.8542381525039673,0.3560463488101959,0.8577786087989807,0.34117019176483154,0.8606907725334167,0.32545995712280273,,,,,,,,,,,,,,,,,,,,,,,,,,,,,,,,,,,,,,,,,,,rock
0.6085881590843201,0.6336820125579834,0.5908786654472351,0.6411869525909424,0.5861718058586121,0.65510094165802,0.5863432288169861,0.6675156354904175,0.5849579572677612,0.6765242218971252,0.6020104885101318,0.6651361584663391,0.5990436673164368,0.6832313537597656,0.5937480330467224,0.6908600330352783,0.589128315448761,0.6957607865333557,0.6105931401252747,0.6660287976264954,0.6058529019355774,0.6837895512580872,0.5990017056465149,0.6907231211662292,0.5927929282188416,0.6946277618408203,0.6147946119308472,0.6658307909965515,0.6095582842826843,0.6817950010299683,0.6030910611152649,0.6880003213882446,0.5972512364387512,0.691680371761322,0.6150932908058167,0.6650124788284302,0.6111099123954773,0.6780492663383484,0.6053324341773987,0.6842723488807678,0.6000462770462036,0.6878008842468262,0.3960849940776825,0.4368588924407959,0.4095117151737213,0.431734561920166,0.4160184860229492,0.42097967863082886,0.4118179380893707,0.41061273217201233,0.4043181240558624,0.4042617082595825,0.41756942868232727,0.4042784869670868,0.42227867245674133,0.3899722397327423,0.42405447363853455,0.3819029927253723,0.4242100715637207,0.3750253915786743,0.4067640006542206,0.4039572775363922,0.4065650999546051,0.39611294865608215,0.406464159488678,0.40589162707328796,0.4065214693546295,0.4126855731010437,0.3963661193847656,0.40603306889533997,0.39488744735717773,0.39907535910606384,0.3978864550590515,0.40790116786956787,0.39950668811798096,0.41382938623428345,0.38658180832862854,0.409097284078598,0.3816220462322235,0.39778977632522583,0.38038885593414307,0.39188647270202637,0.37994590401649475,0.3845505714416504,rock
0.7336036562919617,0.7307002544403076,0.6397944688796997,0.7167071104049683,0.5793801546096802,0.6755271553993225,0.5572549700737,0.6360130310058594,0.5175976157188416,0.6082677245140076,0.6082674264907837,0.6089632511138916,0.5919861197471619,0.5644576549530029,0.5900160074234009,0.5368098020553589,0.5907076001167297,0.5095418691635132,0.6639453768730164,0.6007933616638184,0.6467651724815369,0.5494399070739746,0.640201985836029,0.5179895758628845,0.6328913569450378,0.48674023151397705,0.7170861959457397,0.6063387393951416,0.7067375779151917,0.5556660294532776,0.6982767581939697,0.5247793197631836,0.6872303485870361,0.49568670988082886,0.772213339805603,0.6220799088478088,0.7675161361694336,0.5833784937858582,0.761400580406189,0.5582820177078247,0.7533732056617737,0.5336203575134277,,,,,,,,,,,,,,,,,,,,,,,,,,,,,,,,,,,,,,,,,,,stop
0.35569557547569275,0.3950467109680176,0.37790441513061523,0.36890244483947754,0.39006155729293823,0.3320794105529785,0.39313551783561707,0.30018413066864014,0.39719197154045105,0.27554887533187866,0.3756675720214844,0.28307732939720154,0.37782859802246094,0.24058261513710022,0.3775519132614136,0.21474948525428772,0.37606561183929443,0.19192281365394592,0.36211830377578735,0.2789093852043152,0.3635893762111664,0.23192307353019714,0.36278679966926575,0.19827201962471008,0.36098113656044006,0.16984346508979797,0.34894201159477234,0.2830766439437866,0.3498038053512573,0.23574160039424896,0.35048311948776245,0.20525673031806946,0.350719153881073,0.17996297776699066,0.33447760343551636,0.29539743065834045,0.33482223749160767,0.2573246657848358,0.33583325147628784,0.23179160058498383,0.3369109332561493,0.20853570103645325,,,,,,,,,,,,,,,,,,,,,,,,,,,,,,,,,,,,,,,,,,,stop
0.5568234920501709,0.37442126870155334,0.5336878895759583,0.3655775189399719,0.517695963382721,0.3518173396587372,0.5124783515930176,0.33760547637939453,0.5125511288642883,0.32664138078689575,0.530078113079071,0.33054468035697937,0.5257160663604736,0.3143186867237091,0.5246564149856567,0.305125892162323,0.5246710777282715,0.29632002115249634,0.5429262518882751,0.32758283615112305,0.5389494895935059,0.3095382750034332,0.5369235873222351,0.2994459569454193,0.5356659889221191,0.2900784909725189,0.5554876327514648,0.32809191942214966,0.551923930644989,0.3110775947570801,0.5496993064880371,0.3016621172428131,0.5474402904510498,0.29315611720085144,0.5693218111991882,0.3318077325820923,0.5685980916023254,0.31867748498916626,0.5671759247779846,0.3105551600456238,0.5651343464851379,0.3029709458351135,,,,,,,,,,,,,,,,,,,,,,,,,,,,,,,,,,,,,,,,,,,stop
0.17505156993865967,0.6294983625411987,0.2535687983036041,0.6195196509361267,0.3086731433868408,0.5818707346916199,0.33731937408447266,0.5433390736579895,0.332573801279068,0.5123526453971863,0.28234177827835083,0.5211209058761597,0.30338430404663086,0.47616928815841675,0.31156209111213684,0.4489902853965759,0.31700432300567627,0.4236319363117218,0.2480984479188919,0.5085633397102356,0.2651450037956238,0.45874518156051636,0.27543917298316956,0.42959606647491455,0.28186309337615967,0.40496668219566345,0.21064655482769012,0.5071296691894531,0.2240404188632965,0.4594990611076355,0.23563966155052185,0.43291977047920227,0.2453649938106537,0.409258633852005,0.16789600253105164,0.5147084593772888,0.17483696341514587,0.47769811749458313,0.18119892477989197,0.4575311839580536,0.1908688247203827,0.4385913610458374,,,,,,,,,,,,,,,,,,,,,,,,,,,,,,,,,,,,,,,,,,,stop
0.2901293933391571,0.49965059757232666,0.3257419168949127,0.48918241262435913,0.34597480297088623,0.4639497697353363,0.3537375330924988,0.4386368691921234,0.3697752356529236,0.4230342507362366,0.33219364285469055,0.426667183637619,0.33614039421081543,0.39755377173423767,0.3376629650592804,0.3803907334804535,0.3379976153373718,0.36489659547805786,0.3121356964111328,0.42291632294654846,0.31676268577575684,0.39017924666404724,0.3196539580821991,0.3698742389678955,0.32061120867729187,0.35220372676849365,0.29232537746429443,0.42539867758750916,0.2975316643714905,0.39465945959091187,0.30152201652526855,0.3766394853591919,0.3050011992454529,0.3606390655040741,0.27105584740638733,0.43286293745040894,0.2718997597694397,0.4087950587272644,0.2751343548297882,0.394582599401474,0.27896445989608765,0.3811081349849701,,,,,,,,,,,,,,,,,,,,,,,,,,,,,,,,,,,,,,,,,,,stop
0.6671463251113892,0.5922518968582153,0.6385970115661621,0.5876270532608032,0.612338662147522,0.5920277833938599,0.594391942024231,0.602136492729187,0.5858110785484314,0.6110656261444092,0.6107918620109558,0.5937281847000122,0.5858478546142578,0.6121861934661865,0.5757609009742737,0.6247358918190002,0.5701120495796204,0.6335937976837158,0.6222379207611084,0.6023423075675964,0.5956712961196899,0.6222596168518066,0.5818923711776733,0.6348836421966553,0.5723057389259338,0.6439316868782043,0.6353863477706909,0.6112279891967773,0.6096312999725342,0.6286044716835022,0.5948446393013,0.6398537158966064,0.5836516618728638,0.6480435729026794,0.6487485766410828,0.6196321249008179,0.6299155950546265,0.6308189630508423,0.6179099082946777,0.6375974416732788,0.6077277660369873,0.6432631611824036,0.49542179703712463,0.285798043012619,0.5291966199874878,0.2775460183620453,0.5477346777915955,0.2569699287414551,0.5522873997688293,0.2367045134305954,0.5521090030670166,0.22260595858097076,0.5328793525695801,0.2262558788061142,0.5369215607643127,0.2008109986782074,0.5376500487327576,0.18659573793411255,0.5373773574829102,0.17447328567504883,0.5145081877708435,0.22259829938411713,0.5188117027282715,0.1939425766468048,0.5211922526359558,0.17696934938430786,0.5224130749702454,0.16324922442436218,0.497060090303421,0.22360077500343323,0.5011920928955078,0.1965392827987671,0.5041463971138,0.18084856867790222,0.5064706802368164,0.16832150518894196,0.47875919938087463,0.22844162583351135,0.4811962842941284,0.20745238661766052,0.48478758335113525,0.19492849707603455,0.4886627793312073,0.1840246170759201,stop
0.6643772125244141,0.6514986753463745,0.6554558873176575,0.6392935514450073,0.6495887041091919,0.6273797750473022,0.6460946202278137,0.6179326772689819,0.646267831325531,0.6102728247642517,0.6591153144836426,0.6148425936698914,0.6581083536148071,0.6031560897827148,0.6573675274848938,0.5963050723075867,0.65743488073349,0.5897026658058167,0.6645421981811523,0.6142719388008118,0.6624141931533813,0.6016561985015869,0.6606379747390747,0.5948708057403564,0.6591612100601196,0.5883378386497498,0.6706883311271667,0.6155080795288086,0.667582631111145,0.6035025715827942,0.6652074456214905,0.5966978073120117,0.662808358669281,0.5902449488639832,0.6773818135261536,0.6190084218978882,0.6755809187889099,0.6098120212554932,0.6738696098327637,0.6043898463249207,0.6722423434257507,0.5991596579551697,,,,,,,,,,,,,,,,,,,,,,,,,,,,,,,,,,,,,,,,,,,stop
0.5981690287590027,0.6495378017425537,0.535932719707489,0.62689608335495,0.5007423162460327,0.580203652381897,0.48494407534599304,0.5357392430305481,0.4552711248397827,0.5044531226158142,0.5303133726119995,0.5172966718673706,0.527363657951355,0.45731550455093384,0.5288790464401245,0.42151951789855957,0.5337255001068115,0.39082586765289307,0.5723754167556763,0.5132284164428711,0.5691968202590942,0.4466427266597748,0.5685610175132751,0.4041898548603058,0.5695993304252625,0.3671841323375702,0.611706554889679,0.5213465094566345,0.6087082624435425,0.4574117660522461,0.6061112880706787,0.4176847040653229,0.6032297611236572,0.3832721710205078,0.6501633524894714,0.5383518934249878,0.6492582559585571,0.49175000190734863,0.6473053097724915,0.45977431535720825,0.6451769471168518,0.430367112159729,,,,,,,,,,,,,,,,,,,,,,,,,,,,,,,,,,,,,,,,,,,stop
0.7621068358421326,0.7312332391738892,0.7173944711685181,0.7356948852539062,0.6961784362792969,0.7618500590324402,0.687904417514801,0.7881565690040588,0.6768143177032471,0.8079161643981934,0.7332196831703186,0.7893853783607483,0.713943362236023,0.8259294033050537,0.6985903382301331,0.8453533053398132,0.686618447303772,0.8591512441635132,0.7563768625259399,0.7956718802452087,0.7377716898918152,0.8332372903823853,0.719301700592041,0.8531253337860107,0.7060568332672119,0.8661010265350342,0.7687938809394836,0.7957208156585693,0.7491009831428528,0.8275229334831238,0.7308813333511353,0.8426276445388794,0.716772198677063,0.8531605005264282,0.7711457014083862,0.7916314005851746,0.754133403301239,0.816227912902832,0.7383992671966553,0.8294737935066223,0.7261157631874084,0.8378888368606567,0.20536823570728302,0.2897409200668335,0.24680420756340027,0.27874326705932617,0.2701573371887207,0.2533203959465027,0.27463090419769287,0.22492894530296326,0.277278870344162,0.20287306606769562,0.2509738504886627,0.21185767650604248,0.25494492053985596,0.17534707486629486,0.2564268410205841,0.15374360978603363,0.256283164024353,0.13518741726875305,0.2256242036819458,0.20686011016368866,0.22911337018013,0.16659998893737793,0.2322709560394287,0.14167971909046173,0.23415884375572205,0.12123685330152512,0.20126616954803467,0.2083250880241394,0.20363594591617584,0.16956977546215057,0.20634403824806213,0.14514240622520447,0.20850852131843567,0.12527211010456085,0.17806649208068848,0.21445217728614807,0.177090585231781,0.1837444007396698,0.17771361768245697,0.16479846835136414,0.17962533235549927,0.14881815016269684,stop
0.27487635612487793,0.5050198435783386,0.3061937093734741,0.4792976379394531,0.32336297631263733,0.4439391791820526,0.32366853952407837,0.4068053066730499,0.3214065134525299,0.3798986077308655,0.2986346185207367,0.3944567143917084,0.2980894446372986,0.35230356454849243,0.2955451011657715,0.3277989625930786,0.2927168309688568,0.3066193163394928,0.27951523661613464,0.39147689938545227,0.2782834768295288,0.3437313735485077,0.2771742641925812,0.31330406665802,0.2759439945220947,0.2888607382774353,0.26284295320510864,0.3969878554344177,0.2608577311038971,0.35272103548049927,0.2612065076828003,0.3260161280632019,0.2623869776725769,0.3034828305244446,0.2459481805562973,0.410057008266449,0.2440320998430252,0.37453457713127136,0.24484138190746307,0.3536263406276703,0.24740608036518097,0.33377283811569214,,,,,,,,,,,,,,,,,,,,,,,,,,,,,,,,,,,,,,,,,,,stop
0.638242781162262,0.48938971757888794,0.6044113039970398,0.4702964127063751,0.5854324698448181,0.43966662883758545,0.5767105221748352,0.41240838170051575,0.5603669285774231,0.39368006587028503,0.6135959029197693,0.4012201726436615,0.6106444001197815,0.36441269516944885,0.6117189526557922,0.3415071964263916,0.6138449907302856,0.3235017955303192,0.6405701637268066,0.40067872405052185,0.6433842182159424,0.3604200482368469,0.646613359451294,0.3350508511066437,0.6486212015151978,0.31514620780944824,0.6648702621459961,0.4082358479499817,0.6718895435333252,0.3713827133178711,0.6745216846466064,0.3483886420726776,0.6746544241905212,0.32979127764701843,0.6872840523719788,0.4218631088733673,0.6967543363571167,0.3954773545265198,0.6997868418693542,0.377493679523468,0.7000529766082764,0.3616965115070343,,,,,,,,,,,,,,,,,,,,,,,,,,,,,,,,,,,,,,,,,,,stop
0.6320716738700867,0.6655623316764832,0.614213228225708,0.6588354110717773,0.6015674471855164,0.6479324102401733,0.5944904685020447,0.638255774974823,0.5864084959030151,0.6319686770439148,0.6121423840522766,0.6292876601219177,0.6109150052070618,0.6152302026748657,0.6107686758041382,0.6071088314056396,0.6107872724533081,0.5999340415000916,0.6223233342170715,0.6278418898582458,0.6218904256820679,0.6124650835990906,0.6210141181945801,0.6033348441123962,0.6198998689651489,0.595461905002594,0.6322407126426697,0.6293238997459412,0.6311309933662415,0.6150846481323242,0.6297524571418762,0.6066857576370239,0.627650797367096,0.5997569561004639,0.6421046853065491,0.6333253979682922,0.6429700255393982,0.622058093547821,0.6424789428710938,0.615094006061554,0.6413575410842896,0.6087591052055359,,,,,,,,,,,,,,,,,,,,,,,,,,,,,,,,,,,,,,,,,,,stop
0.6273641586303711,0.40208321809768677,0.6123986840248108,0.39447635412216187,0.6028668880462646,0.38294917345046997,0.603190541267395,0.3731914758682251,0.6088581085205078,0.368613064289093,0.6142109632492065,0.3661612868309021,0.6151489019393921,0.3534434139728546,0.6158491373062134,0.34768450260162354,0.6166461110115051,0.3429044187068939,0.6241652369499207,0.3656461834907532,0.6257762908935547,0.3510490357875824,0.625697672367096,0.345065176486969,0.6254128813743591,0.3405803143978119,0.6332752704620361,0.36770516633987427,0.6348134875297546,0.35393568873405457,0.6341776251792908,0.3476736843585968,0.6333840489387512,0.3429735004901886,0.6424235701560974,0.37230783700942993,0.6433725357055664,0.3618837594985962,0.6423433423042297,0.35691413283348083,0.6412811875343323,0.3529908359050751,,,,,,,,,,,,,,,,,,,,,,,,,,,,,,,,,,,,,,,,,,,stop
0.18158335983753204,0.3492279052734375,0.23501373827457428,0.34397122263908386,0.2659537196159363,0.32309263944625854,0.2738475799560547,0.30050769448280334,0.28608158230781555,0.2864656448364258,0.24817833304405212,0.2997246980667114,0.26070788502693176,0.2733136713504791,0.26218223571777344,0.2569679021835327,0.260746568441391,0.24328261613845825,0.22019696235656738,0.29374220967292786,0.23429353535175323,0.2650376558303833,0.23877520859241486,0.24665215611457825,0.24040135741233826,0.2321789264678955,0.19159665703773499,0.2926686108112335,0.20058614015579224,0.2639266550540924,0.20475366711616516,0.2466268390417099,0.20893524587154388,0.2320479303598404,0.16000765562057495,0.2954208254814148,0.16233497858047485,0.273872435092926,0.1642272025346756,0.26203209161758423,0.16902007162570953,0.2515220642089844,,,,,,,,,,,,,,,,,,,,,,,,,,,,,,,,,,,,,,,,,,,stop
0.8210421204566956,0.505018413066864,0.765839159488678,0.48998069763183594,0.7411772608757019,0.4635045826435089,0.7416524887084961,0.43685904145240784,0.7492668628692627,0.4157488942146301,0.7725166082382202,0.44054320454597473,0.774288535118103,0.4102013409137726,0.7777557373046875,0.3927888870239258,0.7815384864807129,0.37757086753845215,0.8032701015472412,0.43850651383399963,0.8012415766716003,0.40740445256233215,0.8016388416290283,0.38846150040626526,0.8036153316497803,0.3726821839809418,0.8271525502204895,0.4398569166660309,0.8257707357406616,0.4111192524433136,0.8248904943466187,0.39385703206062317,0.8257365822792053,0.3805851936340332,0.8532487750053406,0.4448251724243164,0.8518590927124023,0.4228880703449249,0.8502479791641235,0.4088810384273529,0.8493010997772217,0.3971792459487915,,,,,,,,,,,,,,,,,,,,,,,,,,,,,,,,,,,,,,,,,,,stop
0.24750548601150513,0.47638627886772156,0.2853185534477234,0.4660196304321289,0.31148242950439453,0.44178372621536255,0.3257972300052643,0.41922762989997864,0.3356782793998718,0.39829394221305847,0.2937884032726288,0.41722092032432556,0.2969362735748291,0.381970077753067,0.295630544424057,0.35995760560035706,0.29274484515190125,0.3417246341705322,0.263542503118515,0.41417840123176575,0.2660403847694397,0.37665385007858276,0.26659804582595825,0.3528989851474762,0.2671694755554199,0.335035115480423,0.23444122076034546,0.4162299633026123,0.23813793063163757,0.3834175765514374,0.24151434004306793,0.36175966262817383,0.24505265057086945,0.34479495882987976,0.2090783715248108,0.422591894865036,0.2138907015323639,0.39683228731155396,0.21648737788200378,0.37986987829208374,0.2195628583431244,0.3655754625797272,,,,,,,,,,,,,,,,,,,,,,,,,,,,,,,,,,,,,,,,,,,stop
0.2559097409248352,0.5489885807037354,0.3047553300857544,0.5373568534851074,0.3336133658885956,0.5086620450019836,0.33960264921188354,0.4791342616081238,0.33789941668510437,0.45856815576553345,0.311783105134964,0.46902182698249817,0.31725919246673584,0.43640434741973877,0.3193943202495575,0.41651153564453125,0.3205610513687134,0.398537814617157,0.2883046269416809,0.4640616774559021,0.2924495339393616,0.4283848702907562,0.2956373393535614,0.4066518247127533,0.29791730642318726,0.38777345418930054,0.26568663120269775,0.4665833115577698,0.26689717173576355,0.4333805441856384,0.2684110701084137,0.4129496216773987,0.2705746591091156,0.3947983384132385,0.241045743227005,0.4750169515609741,0.24022451043128967,0.44821909070014954,0.2397710084915161,0.43277376890182495,0.24128076434135437,0.4179142117500305,,,,,,,,,,,,,,,,,,,,,,,,,,,,,,,,,,,,,,,,,,,stop
0.3290335237979889,0.5955872535705566,0.3817058205604553,0.5746943354606628,0.41169798374176025,0.5383142232894897,0.414061039686203,0.5004349946975708,0.4139728844165802,0.47190043330192566,0.3843940794467926,0.48519840836524963,0.38597410917282104,0.44003796577453613,0.3834998309612274,0.4142521917819977,0.3795318901538849,0.3913290500640869,0.35334619879722595,0.4813011884689331,0.35685011744499207,0.43100136518478394,0.3564170002937317,0.40023407340049744,0.3541121482849121,0.3740239143371582,0.32467398047447205,0.48701006174087524,0.32765471935272217,0.4414030611515045,0.3303864598274231,0.4147263169288635,0.33293455839157104,0.3913354277610779,0.294950932264328,0.5002998113632202,0.2959347665309906,0.46711376309394836,0.3011605739593506,0.44780197739601135,0.307182252407074,0.429618775844574,,,,,,,,,,,,,,,,,,,,,,,,,,,,,,,,,,,,,,,,,,,stop
0.7879406809806824,0.4518778920173645,0.757114589214325,0.4294877350330353,0.7415117621421814,0.38945841789245605,0.7330008149147034,0.3542639911174774,0.7209802269935608,0.33042654395103455,0.7613444924354553,0.3422669768333435,0.7619270086288452,0.2904854416847229,0.7633593678474426,0.26068785786628723,0.7654134035110474,0.23593786358833313,0.7807028293609619,0.34061112999916077,0.7809465527534485,0.28620943427085876,0.7807045578956604,0.2510024607181549,0.7805914878845215,0.22135430574417114,0.7983199954032898,0.3480280339717865,0.8002540469169617,0.2978547513484955,0.8000000715255737,0.26774489879608154,0.7985193133354187,0.24274709820747375,0.8147980570793152,0.3620261549949646,0.8177270889282227,0.3240000903606415,0.817309558391571,0.3004894554615021,0.8160563111305237,0.2801480293273926,,,,,,,,,,,,,,,,,,,,,,,,,,,,,,,,,,,,,,,,,,,stop
0.28294727206230164,0.5063983201980591,0.31242892146110535,0.49009838700294495,0.32427167892456055,0.4694799482822418,0.32544225454330444,0.4514760971069336,0.324470579624176,0.43648117780685425,0.2987538278102875,0.4475255310535431,0.2967466413974762,0.4256187379360199,0.29390203952789307,0.4134633541107178,0.29046106338500977,0.4028462767601013,0.27883434295654297,0.44763919711112976,0.2763088047504425,0.42443105578422546,0.27457576990127563,0.41034528613090515,0.27227866649627686,0.3993178606033325,0.2604665458202362,0.4516696035861969,0.25715574622154236,0.43049657344818115,0.25708213448524475,0.41836702823638916,0.25747931003570557,0.40854716300964355,0.24277931451797485,0.45893850922584534,0.23928618431091309,0.4423747956752777,0.2394530475139618,0.4324398934841156,0.24070987105369568,0.42355746030807495,,,,,,,,,,,,,,,,,,,,,,,,,,,,,,,,,,,,,,,,,,,stop
0.6198719143867493,0.6241050362586975,0.5632314682006836,0.6033769845962524,0.5327451229095459,0.5711723566055298,0.5260812640190125,0.5403975248336792,0.5171405673027039,0.5168595314025879,0.5650494694709778,0.529126763343811,0.5610193014144897,0.49558156728744507,0.5624958872795105,0.4778898358345032,0.5647593140602112,0.46139490604400635,0.5952464938163757,0.5250488519668579,0.5935131311416626,0.4876345098018646,0.5927660465240479,0.4673434793949127,0.5917813181877136,0.44996094703674316,0.6217180490493774,0.5277644991874695,0.6218490600585938,0.4937726855278015,0.6211774945259094,0.47432687878608704,0.6199579834938049,0.45935821533203125,0.6507648825645447,0.5366384387016296,0.653419017791748,0.5116403102874756,0.6518678069114685,0.49718090891838074,0.6493081450462341,0.485299676656723,,,,,,,,,,,,,,,,,,,,,,,,,,,,,,,,,,,,,,,,,,,stop
0.7757129073143005,0.6179711222648621,0.7206116318702698,0.6077250242233276,0.6881304979324341,0.5858205556869507,0.6804047226905823,0.5648331642150879,0.6763994097709656,0.5480520725250244,0.7173361778259277,0.5555120706558228,0.717385470867157,0.5303141474723816,0.7221854329109192,0.5157734751701355,0.7278794050216675,0.5033336281776428,0.7469063401222229,0.552884042263031,0.7441057562828064,0.5254690051078796,0.7458266615867615,0.5080994963645935,0.7492240071296692,0.49357011914253235,0.7740711569786072,0.5552175045013428,0.7706684470176697,0.5293777585029602,0.7707903981208801,0.5133633613586426,0.7714245915412903,0.5005567669868469,0.802287220954895,0.5615645051002502,0.798086404800415,0.5409359931945801,0.7944883704185486,0.5279621481895447,0.7925072908401489,0.5167757272720337,,,,,,,,,,,,,,,,,,,,,,,,,,,,,,,,,,,,,,,,,,,stop
0.2393464595079422,0.5533105134963989,0.2882646322250366,0.5317752957344055,0.3078697621822357,0.49868854880332947,0.3083273768424988,0.46733713150024414,0.3163573145866394,0.44505760073661804,0.28444430232048035,0.462411105632782,0.28909385204315186,0.4278140068054199,0.2898043394088745,0.4068280756473541,0.28861871361732483,0.3878520131111145,0.26198458671569824,0.4589613080024719,0.26686400175094604,0.4206233620643616,0.26833805441856384,0.3959416449069977,0.2669340968132019,0.37541112303733826,0.24052393436431885,0.4614768326282501,0.24271506071090698,0.4253123998641968,0.24418669939041138,0.4030703902244568,0.24502718448638916,0.3845285177230835,0.21734580397605896,0.4693889915943146,0.21871322393417358,0.43956148624420166,0.2211710810661316,0.42140287160873413,0.22487542033195496,0.4044932723045349,,,,,,,,,,,,,,,,,,,,,,,,,,,,,,,,,,,,,,,,,,,stop
0.8283607363700867,0.4092785120010376,0.7970690727233887,0.38975784182548523,0.7754526138305664,0.34326866269111633,0.7636778354644775,0.30061429738998413,0.7498275637626648,0.2751169800758362,0.7880437970161438,0.2698938548564911,0.7843570113182068,0.20999041199684143,0.7854461669921875,0.17316296696662903,0.7875632643699646,0.14149168133735657,0.8059245347976685,0.25933924317359924,0.8038966059684753,0.19258415699005127,0.8035588264465332,0.14900335669517517,0.8034940361976624,0.11146366596221924,0.8230881094932556,0.2619881331920624,0.8220393657684326,0.1992560625076294,0.8213670253753662,0.15986990928649902,0.8197291493415833,0.1265508234500885,0.8404707312583923,0.27555570006370544,0.8409947752952576,0.22906279563903809,0.8396314978599548,0.1984545886516571,0.8373191952705383,0.17080408334732056,,,,,,,,,,,,,,,,,,,,,,,,,,,,,,,,,,,,,,,,,,,stop
0.37458208203315735,0.48255109786987305,0.40925660729408264,0.46862441301345825,0.4258655309677124,0.4420623481273651,0.4308449923992157,0.4156585931777954,0.4424082040786743,0.3983091115951538,0.4092933237552643,0.40929558873176575,0.41411465406417847,0.3788067102432251,0.4142411947250366,0.36299148201942444,0.41428813338279724,0.34825971722602844,0.3894025981426239,0.4071386754512787,0.39443346858024597,0.3741626739501953,0.3952256441116333,0.35520684719085693,0.39579522609710693,0.3392212390899658,0.37015724182128906,0.41033726930618286,0.37299031019210815,0.37904155254364014,0.3750969171524048,0.3612803816795349,0.37726807594299316,0.34616926312446594,0.34971362352371216,0.4176771640777588,0.3505821228027344,0.394388884305954,0.35341814160346985,0.38013818860054016,0.35652947425842285,0.3671160340309143,,,,,,,,,,,,,,,,,,,,,,,,,,,,,,,,,,,,,,,,,,,stop
0.3611288070678711,0.4178135097026825,0.37245863676071167,0.4039623737335205,0.3785237967967987,0.3826051652431488,0.37871113419532776,0.3598666191101074,0.3802116811275482,0.34291645884513855,0.3696284592151642,0.35063502192497253,0.370134174823761,0.32411059737205505,0.37018513679504395,0.3082665205001831,0.37000808119773865,0.2947285771369934,0.3615149259567261,0.3496153950691223,0.3627922832965851,0.32230493426322937,0.3633902668952942,0.30500882863998413,0.36371922492980957,0.2909473776817322,0.3545292615890503,0.35305511951446533,0.35558512806892395,0.327562153339386,0.3566312789916992,0.3122473657131195,0.3576679527759552,0.2998560667037964,0.34749728441238403,0.3605371117591858,0.3479684293270111,0.3406444489955902,0.34899842739105225,0.3288600444793701,0.35025569796562195,0.3186662197113037,0.5761446356773376,0.788320779800415,0.5609613060951233,0.7979361414909363,0.5536029934883118,0.820367157459259,0.5526123046875,0.8433108925819397,0.5514136552810669,0.8603724837303162,0.5662756562232971,0.836503803730011,0.5628241896629333,0.8692513108253479,0.557664692401886,0.8806111812591553,0.5537062287330627,0.883817732334137,0.5754611492156982,0.8399583697319031,0.571072518825531,0.8733489513397217,0.5648550391197205,0.8849623203277588,0.5599024891853333,0.8877227306365967,0.5816559195518494,0.8409125208854675,0.5777888894081116,0.872265100479126,0.5715228915214539,0.8838410377502441,0.5660751461982727,0.8877348899841309,0.5851970314979553,0.8401132225990295,0.5825665593147278,0.8656364679336548,0.5776209235191345,0.8765045404434204,0.5728968381881714,0.8808354139328003,stop
0.7843387722969055,0.6950341463088989,0.7170333862304688,0.6714746952056885,0.6823908090591431,0.6250373721122742,0.6741670370101929,0.5769551992416382,0.6537898778915405,0.5409581661224365,0.7247288823127747,0.5547640323638916,0.7174116969108582,0.4966297149658203,0.7176685929298401,0.4626404047012329,0.7203994989395142,0.43285882472991943,0.7674784064292908,0.5499945282936096,0.7628753185272217,0.4859802722930908,0.759080171585083,0.44849568605422974,0.754646360874176,0.41683223843574524,0.8050177693367004,0.5569167733192444,0.8024532198905945,0.49711742997169495,0.7959825396537781,0.46234309673309326,0.7869504690170288,0.433635950088501,0.8413405418395996,0.5726860165596008,0.8420964479446411,0.5244942903518677,0.8376360535621643,0.49414315819740295,0.8314061164855957,0.46702638268470764,,,,,,,,,,,,,,,,,,,,,,,,,,,,,,,,,,,,,,,,,,,stop
0.691460132598877,0.5511811971664429,0.6467312574386597,0.5340154767036438,0.6198858618736267,0.4962138235569,0.6113129258155823,0.45847222208976746,0.5966746211051941,0.432889848947525,0.6378126740455627,0.43974989652633667,0.6323292851448059,0.3930090069770813,0.631709635257721,0.36662229895591736,0.6321784257888794,0.3440288305282593,0.6613463163375854,0.43469929695129395,0.6544076800346375,0.38490286469459534,0.6517459750175476,0.35458868741989136,0.6495635509490967,0.32889994978904724,0.6839749813079834,0.43945127725601196,0.6771694421768188,0.3936944901943207,0.6730201244354248,0.3669789731502533,0.6682106256484985,0.3455880880355835,0.7082576155662537,0.4514473080635071,0.7039397358894348,0.41614633798599243,0.6978392004966736,0.3941701352596283,0.6918964385986328,0.3748028576374054,,,,,,,,,,,,,,,,,,,,,,,,,,,,,,,,,,,,,,,,,,,stop
0.8219059109687805,0.5409287810325623,0.7497378587722778,0.5166147947311401,0.7053710222244263,0.4719446301460266,0.6964125633239746,0.427042692899704,0.6889995336532593,0.3887716233730316,0.742364227771759,0.39995697140693665,0.727888822555542,0.3428843915462494,0.7238868474960327,0.30919140577316284,0.721744179725647,0.2784505784511566,0.7833139896392822,0.39359045028686523,0.7674328088760376,0.32906612753868103,0.7596363425254822,0.2924358546733856,0.7528887987136841,0.2592906951904297,0.8201096057891846,0.39829787611961365,0.8067045211791992,0.34112805128097534,0.7956364154815674,0.3064407408237457,0.7858240604400635,0.27738451957702637,0.86376953125,0.41311541199684143,0.8538511991500854,0.3692932426929474,0.8411902189254761,0.34275659918785095,0.82958984375,0.3186016380786896,,,,,,,,,,,,,,,,,,,,,,,,,,,,,,,,,,,,,,,,,,,stop
0.6298380494117737,0.63616943359375,0.6093173623085022,0.6212328672409058,0.5975903868675232,0.5959252119064331,0.5940666198730469,0.5747490525245667,0.590977668762207,0.5586543679237366,0.6090977191925049,0.5630440711975098,0.6078538298606873,0.5349811911582947,0.6078839302062988,0.5181633234024048,0.608220100402832,0.5048220753669739,0.6207525730133057,0.5607143044471741,0.6196774840354919,0.5300837159156799,0.6190240979194641,0.51106196641922,0.618640124797821,0.495895117521286,0.632797360420227,0.5640424489974976,0.632037341594696,0.534735381603241,0.6308578252792358,0.5177983045578003,0.6295271515846252,0.5045820474624634,0.6454784870147705,0.5726140141487122,0.6479225158691406,0.5503634810447693,0.6477356553077698,0.5353946685791016,0.6471779942512512,0.5222915410995483,,,,,,,,,,,,,,,,,,,,,,,,,,,,,,,,,,,,,,,,,,,stop
0.3244704008102417,0.6124885082244873,0.3538776636123657,0.5997336506843567,0.37534862756729126,0.5734354853630066,0.37933608889579773,0.5421027541160583,0.3745664060115814,0.5173801779747009,0.3647845387458801,0.5151665806770325,0.37159761786460876,0.4763173460960388,0.3732044994831085,0.4527078866958618,0.3733188211917877,0.4318434000015259,0.3482148051261902,0.5079556703567505,0.3548632860183716,0.4634963274002075,0.3584951162338257,0.4369179904460907,0.360446959733963,0.4150891602039337,0.33214932680130005,0.5093957781791687,0.33671435713768005,0.4671386778354645,0.34064772725105286,0.44255438446998596,0.3437444567680359,0.42249441146850586,0.3145028054714203,0.5176066756248474,0.3175821900367737,0.4847937822341919,0.32124894857406616,0.4660022258758545,0.32495927810668945,0.4494418203830719,,,,,,,,,,,,,,,,,,,,,,,,,,,,,,,,,,,,,,,,,,,stop
0.7800268530845642,0.4880683720111847,0.7434003949165344,0.4738582372665405,0.7208991646766663,0.45167505741119385,0.7112365365028381,0.4289359152317047,0.6962692141532898,0.4142132103443146,0.7416085600852966,0.4207305610179901,0.7376290559768677,0.39197680354118347,0.7366482019424438,0.3756587505340576,0.7358871698379517,0.3608430027961731,0.762580931186676,0.41831809282302856,0.7591126561164856,0.38750317692756653,0.7559523582458496,0.36839330196380615,0.7519323229789734,0.35125932097435,0.7824607491493225,0.4215162396430969,0.7802923917770386,0.3929220736026764,0.7763760089874268,0.3749927580356598,0.7707074880599976,0.36014053225517273,0.8030313849449158,0.42925819754600525,0.8026729822158813,0.40741974115371704,0.7999916672706604,0.3929409682750702,0.7963814735412598,0.3800790309906006,,,,,,,,,,,,,,,,,,,,,,,,,,,,,,,,,,,,,,,,,,,stop
0.6777088046073914,0.520029604434967,0.6526798009872437,0.5057534575462341,0.6384204626083374,0.4867195188999176,0.6349003314971924,0.46816137433052063,0.6279484629631042,0.45397600531578064,0.6520472168922424,0.46434977650642395,0.6469420194625854,0.4406094551086426,0.6453338861465454,0.42653605341911316,0.6452801823616028,0.4134952425956726,0.6687557101249695,0.4630431532859802,0.6641026139259338,0.43955788016319275,0.6607059836387634,0.42787137627601624,0.6573193073272705,0.41786739230155945,0.6848398447036743,0.4647885859012604,0.6807212829589844,0.4422249495983124,0.6760743856430054,0.43076691031455994,0.6708683967590332,0.4207574725151062,0.7023840546607971,0.46979257464408875,0.7003269791603088,0.45023807883262634,0.6971322298049927,0.4380530118942261,0.6932215094566345,0.42672914266586304,,,,,,,,,,,,,,,,,,,,,,,,,,,,,,,,,,,,,,,,,,,stop
0.3251499533653259,0.5213412642478943,0.398371160030365,0.507754385471344,0.43962186574935913,0.46824491024017334,0.4557477533817291,0.42967307567596436,0.4769055247306824,0.40928372740745544,0.4198322296142578,0.40940186381340027,0.43942907452583313,0.3616340160369873,0.44823968410491943,0.33477669954299927,0.454039990901947,0.30987781286239624,0.3877103626728058,0.3990430533885956,0.41093671321868896,0.3457939922809601,0.42335161566734314,0.3133625090122223,0.4319824278354645,0.2857205867767334,0.35591036081314087,0.3972828984260559,0.3772570490837097,0.34720662236213684,0.38960859179496765,0.3178609013557434,0.39898359775543213,0.29397621750831604,0.3204672932624817,0.4019131660461426,0.334244966506958,0.3630303144454956,0.3470311462879181,0.34035763144493103,0.35961973667144775,0.32067105174064636,,,,,,,,,,,,,,,,,,,,,,,,,,,,,,,,,,,,,,,,,,,stop
0.31079238653182983,0.481952428817749,0.34091702103614807,0.4797843396663666,0.3664717376232147,0.46623221039772034,0.379533976316452,0.45100298523902893,0.37818893790245056,0.43607306480407715,0.3586720824241638,0.4327692985534668,0.36617761850357056,0.4099258482456207,0.3683389127254486,0.3951735198497772,0.36805400252342224,0.3819263279438019,0.341846764087677,0.42779991030693054,0.34878799319267273,0.4026143252849579,0.3525761365890503,0.3861995041370392,0.35390523076057434,0.3722827732563019,0.32474321126937866,0.4276752471923828,0.3304372727870941,0.4052739441394806,0.33530521392822266,0.3901233971118927,0.33848562836647034,0.3774139881134033,0.3062901496887207,0.4314580261707306,0.3104093074798584,0.41437917947769165,0.3135422170162201,0.4035654067993164,0.3168066740036011,0.39397814869880676,,,,,,,,,,,,,,,,,,,,,,,,,,,,,,,,,,,,,,,,,,,stop
0.759222686290741,0.5877334475517273,0.7052521705627441,0.5642285346984863,0.6788970232009888,0.5225738286972046,0.676723301410675,0.4863779544830322,0.6809488534927368,0.4581303000450134,0.7162966728210449,0.47532546520233154,0.71189284324646,0.4301029443740845,0.7126891613006592,0.40405917167663574,0.7150404453277588,0.3818269968032837,0.7489014863967896,0.4726015627384186,0.7452863454818726,0.4236648976802826,0.7429031729698181,0.39475131034851074,0.7409958243370056,0.37115198373794556,0.7784525752067566,0.4785620868206024,0.7756373882293701,0.43261802196502686,0.7707926630973816,0.4052877426147461,0.766086995601654,0.3823966383934021,0.8087589740753174,0.49227002263069153,0.807578980922699,0.45575353503227234,0.8016138076782227,0.4325847625732422,0.795867383480072,0.41186901926994324,,,,,,,,,,,,,,,,,,,,,,,,,,,,,,,,,,,,,,,,,,,stop
0.4334160089492798,0.31423789262771606,0.4731087386608124,0.3053217828273773,0.4999558925628662,0.29572466015815735,0.5203676819801331,0.286892294883728,0.5307624340057373,0.2748977541923523,0.4738183915615082,0.26232582330703735,0.5004697442054749,0.2516268491744995,0.5172182321548462,0.25835368037223816,0.5273792743682861,0.2681737542152405,0.46073946356773376,0.2555096447467804,0.48083531856536865,0.23329079151153564,0.5012751221656799,0.22121267020702362,0.5170653462409973,0.2108064442873001,0.4441893398761749,0.2547154426574707,0.44058698415756226,0.22782135009765625,0.4446621239185333,0.21059277653694153,0.4483957588672638,0.1974581480026245,0.4258847236633301,0.2599121928215027,0.406729131937027,0.24205410480499268,0.3992839753627777,0.22817815840244293,0.39486992359161377,0.21622470021247864,0.9711407423019409,0.6012881994247437,0.9516404867172241,0.6095959544181824,0.9450411796569824,0.6252956390380859,0.9446406364440918,0.6428828835487366,0.9438225030899048,0.6599074006080627,0.9846881031990051,0.6400547623634338,0.9793077707290649,0.6624910235404968,0.9638894200325012,0.6714128851890564,0.9501771926879883,0.6747133731842041,0.9944571256637573,0.6407408714294434,0.9867508411407471,0.661498486995697,0.9685695171356201,0.6693332195281982,0.9506210684776306,0.6718395352363586,0.9964876174926758,0.640990674495697,0.989223062992096,0.6587005853652954,0.973786473274231,0.6652929782867432,0.9580652117729187,0.6687656044960022,0.9955031275749207,0.6407859325408936,0.989815354347229,0.6564628481864929,0.9766080975532532,0.6641707420349121,0.9629120230674744,0.6687014102935791,ok
0.5949152112007141,0.44949084520339966,0.5720734000205994,0.44521090388298035,0.5513672232627869,0.4362391233444214,0.533831000328064,0.4271567165851593,0.5245224833488464,0.4171479344367981,0.5580964088439941,0.4076775312423706,0.5398392081260681,0.40218162536621094,0.5327329635620117,0.41022050380706787,0.5301669239997864,0.41699549555778503,0.5700273513793945,0.400815486907959,0.5546408891677856,0.3788965046405792,0.5454461574554443,0.3652903735637665,0.5368406176567078,0.35469818115234375,0.5832765698432922,0.3998919427394867,0.5780732035636902,0.3779066205024719,0.5747131705284119,0.3632737100124359,0.5706864595413208,0.3520345389842987,0.5967645049095154,0.4034119248390198,0.6007473468780518,0.3857681155204773,0.6013494729995728,0.37321922183036804,0.6006514430046082,0.3614945113658905,,,,,,,,,,,,,,,,,,,,,,,,,,,,,,,,,,,,,,,,,,,ok
0.3155973553657532,0.3786998689174652,0.34339091181755066,0.3789275884628296,0.36612391471862793,0.37320855259895325,0.3749021887779236,0.361211895942688,0.36560559272766113,0.35056260228157043,0.35503900051116943,0.34144365787506104,0.3638518750667572,0.33100375533103943,0.36406031250953674,0.335022509098053,0.359531044960022,0.34121108055114746,0.338453084230423,0.33197879791259766,0.3476872146129608,0.30951085686683655,0.3524322807788849,0.29500821232795715,0.3552866578102112,0.28204020857810974,0.3212995231151581,0.32936081290245056,0.3212130069732666,0.30881181359291077,0.32013022899627686,0.2956960201263428,0.31954526901245117,0.2848723828792572,0.30217301845550537,0.3324225842952728,0.2933732569217682,0.31824204325675964,0.2864817976951599,0.3087552487850189,0.2812235951423645,0.3006611168384552,,,,,,,,,,,,,,,,,,,,,,,,,,,,,,,,,,,,,,,,,,,ok
0.6894610524177551,0.38018593192100525,0.6715523600578308,0.36320868134498596,0.6584521532058716,0.3401612639427185,0.6475012898445129,0.32168668508529663,0.6448774337768555,0.30677956342697144,0.6768245697021484,0.29272204637527466,0.6647462248802185,0.2781129479408264,0.6544785499572754,0.28250157833099365,0.6497381329536438,0.29221203923225403,0.6861056685447693,0.2830832600593567,0.68568354845047,0.24493438005447388,0.6864655017852783,0.21776151657104492,0.6878159642219543,0.19501160085201263,0.6954022645950317,0.2860470116138458,0.7034064531326294,0.2524878978729248,0.7091906666755676,0.23125261068344116,0.7135986089706421,0.2133604884147644,0.7027323246002197,0.299136221408844,0.7156118750572205,0.27986013889312744,0.7241873145103455,0.2660636305809021,0.7314430475234985,0.25269219279289246,0.36837589740753174,0.7473616003990173,0.38920357823371887,0.757117748260498,0.4042071998119354,0.7920999526977539,0.41021695733070374,0.8299758434295654,0.4160902202129364,0.8581504225730896,0.3813062310218811,0.7774988412857056,0.389299601316452,0.817059338092804,0.3953012228012085,0.8471440672874451,0.39914950728416443,0.873690664768219,0.3617417514324188,0.7892016172409058,0.3566768169403076,0.8389373421669006,0.36011072993278503,0.876552164554596,0.3641880750656128,0.9049774408340454,0.35067129135131836,0.8020214438438416,0.35278233885765076,0.8512972593307495,0.3604598045349121,0.885216236114502,0.3685832619667053,0.9080996513366699,0.3478028178215027,0.8148456811904907,0.3518913984298706,0.8552589416503906,0.35927605628967285,0.8785833120346069,0.36770564317703247,0.8948742747306824,ok
0.5642995238304138,0.5669931769371033,0.5438160300254822,0.566982090473175,0.5233611464500427,0.5618140697479248,0.508858323097229,0.5582066178321838,0.5071449875831604,0.5524052977561951,0.5257507562637329,0.5352631211280823,0.509661078453064,0.5291132926940918,0.5047479867935181,0.535066545009613,0.5052732825279236,0.5418440699577332,0.533999502658844,0.5292019844055176,0.522668182849884,0.5123826861381531,0.5128435492515564,0.5031949281692505,0.5041989684104919,0.495871365070343,0.5452106595039368,0.5281368494033813,0.5390245914459229,0.5089522004127502,0.5339836478233337,0.4968155324459076,0.529272198677063,0.4860902428627014,0.556835412979126,0.5318759679794312,0.5592348575592041,0.516459047794342,0.560521125793457,0.5063798427581787,0.5609804391860962,0.496843159198761,,,,,,,,,,,,,,,,,,,,,,,,,,,,,,,,,,,,,,,,,,,ok
0.36349254846572876,0.31824377179145813,0.37926310300827026,0.3043263554573059,0.39213821291923523,0.2882952392101288,0.39871299266815186,0.2751806974411011,0.3944369852542877,0.2652783691883087,0.37664124369621277,0.2606898546218872,0.3865281343460083,0.24701569974422455,0.38872089982032776,0.25866398215293884,0.38736557960510254,0.2706415057182312,0.36857372522354126,0.256100594997406,0.37336617708206177,0.2300935834646225,0.37704938650131226,0.21554872393608093,0.37913110852241516,0.20272299647331238,0.36099350452423096,0.2569303512573242,0.36199951171875,0.23219658434391022,0.3637450635433197,0.21733617782592773,0.3655041456222534,0.2046567052602768,0.3537570834159851,0.26234540343284607,0.352276474237442,0.24271869659423828,0.3519504964351654,0.23007023334503174,0.351973295211792,0.21895642578601837,0.6339519023895264,0.6643746495246887,0.6184558868408203,0.6787592172622681,0.6130779385566711,0.7043069005012512,0.6123227477073669,0.7265846729278564,0.6119210124015808,0.7436493635177612,0.631521463394165,0.7181243896484375,0.6261014938354492,0.7475535869598389,0.6187268495559692,0.7613924741744995,0.6132647395133972,0.7704776525497437,0.6393095254898071,0.7181607484817505,0.6329528093338013,0.746558427810669,0.6255668997764587,0.7601983547210693,0.6190869808197021,0.7700771689414978,0.6423365473747253,0.7175562977790833,0.6364061832427979,0.7436966300010681,0.6295562386512756,0.7567330598831177,0.6230452060699463,0.7660870552062988,0.6419060826301575,0.7172747850418091,0.6375409364700317,0.7410722970962524,0.6311177611351013,0.7546238899230957,0.6249614357948303,0.7634747624397278,ok
0.7055267095565796,0.519108235836029,0.6877679228782654,0.495780348777771,0.673552930355072,0.46744805574417114,0.6634555459022522,0.44566506147384644,0.6563939452171326,0.4186685085296631,0.6902395486831665,0.3873611390590668,0.6745143532752991,0.35486486554145813,0.6657497882843018,0.36839425563812256,0.6619492173194885,0.3918324112892151,0.6997983455657959,0.37187454104423523,0.6913601756095886,0.3124297261238098,0.6812639236450195,0.27948734164237976,0.6703082323074341,0.2587539553642273,0.7112399339675903,0.3717908561229706,0.7158008217811584,0.31162315607070923,0.7126988172531128,0.2743707597255707,0.7059956192970276,0.24678468704223633,0.7217862606048584,0.38402262330055237,0.738140881061554,0.34847474098205566,0.7422040700912476,0.3195517957210541,0.7405715584754944,0.29085665941238403,,,,,,,,,,,,,,,,,,,,,,,,,,,,,,,,,,,,,,,,,,,ok
0.2517043650150299,0.5352386832237244,0.2858904302120209,0.5188121795654297,0.3189247250556946,0.49382442235946655,0.3444060683250427,0.4730285108089447,0.3681907653808594,0.4550611972808838,0.29498961567878723,0.38591060042381287,0.33021342754364014,0.3709467053413391,0.3489394187927246,0.3992150127887726,0.36174142360687256,0.432580828666687,0.2822062373161316,0.37249451875686646,0.29567137360572815,0.2925094962120056,0.3147350549697876,0.2475065290927887,0.32822296023368835,0.21184585988521576,0.2660711109638214,0.38216665387153625,0.2606630027294159,0.2933696508407593,0.263621062040329,0.23819305002689362,0.26632049679756165,0.19537168741226196,0.2502908706665039,0.40772566199302673,0.2395022064447403,0.34613466262817383,0.23740769922733307,0.3012046813964844,0.23685157299041748,0.25992560386657715,,,,,,,,,,,,,,,,,,,,,,,,,,,,,,,,,,,,,,,,,,,ok
0.7165891528129578,0.6121922731399536,0.6908513307571411,0.597598671913147,0.6694362163543701,0.5817362070083618,0.6507983803749084,0.5710567831993103,0.6438432931900024,0.560554563999176,0.6964500546455383,0.5459571480751038,0.672444760799408,0.534875750541687,0.6567622423171997,0.5404196977615356,0.6486001014709473,0.5500499606132507,0.714055597782135,0.5420829057693481,0.7099717259407043,0.5108773112297058,0.7109346389770508,0.48929497599601746,0.7122926115989685,0.47114139795303345,0.7317219972610474,0.5470880270004272,0.7435353994369507,0.5190388560295105,0.7499897480010986,0.5010592937469482,0.7540925741195679,0.4842740595340729,0.7458630800247192,0.5596544146537781,0.7627629637718201,0.5411275625228882,0.7717299461364746,0.5276349186897278,0.779081404209137,0.5140283703804016,,,,,,,,,,,,,,,,,,,,,,,,,,,,,,,,,,,,,,,,,,,ok
0.5924796462059021,0.6715011596679688,0.5597143173217773,0.6702826023101807,0.530208170413971,0.6593900918960571,0.5087096691131592,0.6487307548522949,0.49267762899398804,0.6372856497764587,0.537758469581604,0.6215959787368774,0.515818178653717,0.6083971261978149,0.5015046000480652,0.6145599484443665,0.4928191602230072,0.6236881613731384,0.5513114929199219,0.6125932335853577,0.5339241027832031,0.5887433290481567,0.5134643316268921,0.5782617330551147,0.49350348114967346,0.5743104219436646,0.5679740309715271,0.6099280118942261,0.5613967776298523,0.5828243494033813,0.5472488403320312,0.5685880184173584,0.531348466873169,0.560776948928833,0.5855877995491028,0.6124764084815979,0.5903384685516357,0.5891894698143005,0.5876057744026184,0.5724472999572754,0.5800323486328125,0.5590474605560303,,,,,,,,,,,,,,,,,,,,,,,,,,,,,,,,,,,,,,,,,,,ok
0.6813513040542603,0.7174072265625,0.6588453054428101,0.7039582133293152,0.6398311257362366,0.6860997080802917,0.619035005569458,0.6723286509513855,0.600053071975708,0.6606573462486267,0.6641966104507446,0.6477918028831482,0.6382039189338684,0.6328324675559998,0.6217824220657349,0.6371256709098816,0.6135271787643433,0.6459893584251404,0.6787980794906616,0.6442431807518005,0.6794514656066895,0.6131832599639893,0.6779652237892151,0.5916846394538879,0.6752520203590393,0.5752769112586975,0.6920396089553833,0.6491443514823914,0.7076417803764343,0.6218226552009583,0.7127472162246704,0.6022994518280029,0.7140797972679138,0.5862587094306946,0.7011497616767883,0.65948885679245,0.7229539155960083,0.6419752240180969,0.7333874106407166,0.6268587708473206,0.7395551204681396,0.6120526194572449,,,,,,,,,,,,,,,,,,,,,,,,,,,,,,,,,,,,,,,,,,,ok
0.25124070048332214,0.6803591847419739,0.27256307005882263,0.6692150235176086,0.28689804673194885,0.6574543714523315,0.2971087396144867,0.6488760113716125,0.30090972781181335,0.6401836276054382,0.27090761065483093,0.636511504650116,0.2834663391113281,0.6231524348258972,0.29311516880989075,0.6265668272972107,0.2982889413833618,0.6344156265258789,0.25877341628074646,0.6339942216873169,0.25876328349113464,0.6132419109344482,0.26073211431503296,0.6001337170600891,0.2597365081310272,0.590058445930481,0.2478375881910324,0.6365284323692322,0.2384367287158966,0.6194656491279602,0.2347303032875061,0.607291042804718,0.23102764785289764,0.5976955890655518,0.23928095400333405,0.6430501937866211,0.22317908704280853,0.6325722932815552,0.21403494477272034,0.625350296497345,0.2065216451883316,0.6186734437942505,,,,,,,,,,,,,,,,,,,,,,,,,,,,,,,,,,,,,,,,,,,ok
0.23515625298023224,0.766177773475647,0.2720164954662323,0.7807835340499878,0.28172096610069275,0.8090240955352783,0.27466607093811035,0.8351049423217773,0.2715243697166443,0.8546357750892639,0.24815863370895386,0.8261958360671997,0.2477388232946396,0.8611229062080383,0.2539588212966919,0.8801049590110779,0.26053810119628906,0.893427848815918,0.22652192413806915,0.8250980377197266,0.23798756301403046,0.8559828996658325,0.2546134293079376,0.8646865487098694,0.26573002338409424,0.8676231503486633,0.21582867205142975,0.8221591114997864,0.2291468232870102,0.8492279052734375,0.24485300481319427,0.8542672395706177,0.2543835937976837,0.8543367385864258,0.21139860153198242,0.8194633722305298,0.22460831701755524,0.8412180542945862,0.23727352917194366,0.8479416370391846,0.24605783820152283,0.8484522104263306,0.7422565221786499,0.3530502915382385,0.7156340479850769,0.3439101278781891,0.6936694383621216,0.3330385088920593,0.6693912744522095,0.32001158595085144,0.6569022536277771,0.305579274892807,0.731280505657196,0.2885781228542328,0.6999902725219727,0.27820488810539246,0.6780421733856201,0.2856939733028412,0.6683658957481384,0.2976088523864746,0.7471688985824585,0.28035297989845276,0.7364708185195923,0.24707680940628052,0.7336543202400208,0.2243264764547348,0.7336270213127136,0.20623886585235596,0.7599002718925476,0.2808566093444824,0.7748318314552307,0.2507120370864868,0.7832576036453247,0.22974130511283875,0.7905170917510986,0.2117365598678589,0.7683736681938171,0.2868288457393646,0.7905152440071106,0.26663514971733093,0.8035411834716797,0.25232502818107605,0.8156951069831848,0.23910997807979584,ok
0.6943572759628296,0.5062770843505859,0.6695887446403503,0.4956563413143158,0.6466967463493347,0.4571179151535034,0.6259966492652893,0.4300364553928375,0.6045080423355103,0.4206589162349701,0.656055748462677,0.3972674608230591,0.6312788128852844,0.38192763924598694,0.613917887210846,0.394997775554657,0.6025809645652771,0.40863969922065735,0.6715105772018433,0.38618454337120056,0.6604329943656921,0.3291844129562378,0.654198408126831,0.2888779044151306,0.6485763788223267,0.2532218396663666,0.6911084651947021,0.390092670917511,0.6887710094451904,0.3295803368091583,0.6886852383613586,0.28823381662368774,0.6884949803352356,0.2525653839111328,0.7108010053634644,0.4025641679763794,0.7200705409049988,0.3545539081096649,0.7268946766853333,0.32253336906433105,0.7324142456054688,0.2928090989589691,,,,,,,,,,,,,,,,,,,,,,,,,,,,,,,,,,,,,,,,,,,ok
0.5457554459571838,0.677043080329895,0.5239387154579163,0.668462872505188,0.5044122934341431,0.6548724174499512,0.49236196279525757,0.6416187286376953,0.49367204308509827,0.632527768611908,0.5222176313400269,0.6299283504486084,0.5060561299324036,0.6183592677116394,0.4959295094013214,0.622227132320404,0.49144014716148376,0.6286067366600037,0.5329909920692444,0.624824047088623,0.5187156796455383,0.6058523058891296,0.507836103439331,0.5963157415390015,0.497885525226593,0.5900342464447021,0.5452958345413208,0.6240798234939575,0.5366218686103821,0.6043322086334229,0.52873694896698,0.5947203636169434,0.5215365886688232,0.5875869393348694,0.5581939816474915,0.6271213293075562,0.5591284036636353,0.6103848814964294,0.5575836896896362,0.5995303988456726,0.5548997521400452,0.5893215537071228,0.3827778100967407,0.9343575835227966,0.4175068736076355,0.9401156306266785,0.43687739968299866,0.9555339813232422,0.4488712549209595,0.9717954397201538,0.45865753293037415,0.981080174446106,0.4396529495716095,0.97612065076828,0.4483078718185425,1.0016690492630005,0.44251322746276855,0.9989862442016602,0.43821457028388977,0.9927476644515991,0.42009156942367554,0.9831892251968384,0.4256660044193268,1.0063459873199463,0.4197007715702057,1.000137209892273,0.41662561893463135,0.9916217923164368,0.39994093775749207,0.9868565797805786,0.40655338764190674,1.0076324939727783,0.40213698148727417,1.0017114877700806,0.39977478981018066,0.9935743808746338,0.38235902786254883,0.9888871908187866,0.3882351219654083,1.006463885307312,0.3856690227985382,1.001557469367981,0.383888840675354,0.9937363266944885,ok
0.7042484879493713,0.5331436395645142,0.6625517010688782,0.5187760591506958,0.6309706568717957,0.49432212114334106,0.6102983951568604,0.4693060517311096,0.6130919456481934,0.4489530622959137,0.6552824974060059,0.46030813455581665,0.6398899555206299,0.43658554553985596,0.6337804198265076,0.4360220432281494,0.6345019936561584,0.44400787353515625,0.6812779903411865,0.4504924416542053,0.6739608645439148,0.41751351952552795,0.6702640652656555,0.39622431993484497,0.6673476696014404,0.37920916080474854,0.7091580033302307,0.4493045508861542,0.7080397605895996,0.42020121216773987,0.7065902352333069,0.4019847512245178,0.7050387263298035,0.38761237263679504,0.7343221306800842,0.4550485610961914,0.747462272644043,0.43408143520355225,0.7567175626754761,0.4191268980503082,0.7648258209228516,0.406276136636734,,,,,,,,,,,,,,,,,,,,,,,,,,,,,,,,,,,,,,,,,,,ok
0.3670867383480072,0.4995032548904419,0.4049040973186493,0.49291080236434937,0.4377301037311554,0.4710741639137268,0.46291130781173706,0.458035945892334,0.48549291491508484,0.45889583230018616,0.43702635169029236,0.3664420247077942,0.46618691086769104,0.3617309033870697,0.47703123092651367,0.40007996559143066,0.4825959801673889,0.43603208661079407,0.4217332899570465,0.3464057743549347,0.43365478515625,0.25687944889068604,0.44352638721466064,0.2027617245912552,0.4485234320163727,0.1561080664396286,0.40153440833091736,0.3454555571079254,0.3998475968837738,0.2599318325519562,0.4077243208885193,0.2056979089975357,0.41261282563209534,0.16498374938964844,0.3804165720939636,0.3631577491760254,0.3696463108062744,0.2972605228424072,0.36819034814834595,0.2522810101509094,0.36808061599731445,0.21229076385498047,,,,,,,,,,,,,,,,,,,,,,,,,,,,,,,,,,,,,,,,,,,ok
0.6567708253860474,0.7193450927734375,0.6032829880714417,0.7086725234985352,0.557198703289032,0.6900161504745483,0.5222706198692322,0.6768661737442017,0.5025343298912048,0.6650500893592834,0.580540657043457,0.6348856687545776,0.5549395680427551,0.6109314560890198,0.542749285697937,0.6319719552993774,0.5419449806213379,0.6556175351142883,0.6056812405586243,0.6238457560539246,0.5902937054634094,0.58220374584198,0.5787981152534485,0.558385968208313,0.5707483291625977,0.5367980003356934,0.6345897912979126,0.6230870485305786,0.6324573159217834,0.5777289867401123,0.629040002822876,0.5499839186668396,0.6267163157463074,0.5246148109436035,0.6639089584350586,0.631437361240387,0.6754697561264038,0.5944883823394775,0.6814629435539246,0.5709360241889954,0.6860848069190979,0.5485309362411499,,,,,,,,,,,,,,,,,,,,,,,,,,,,,,,,,,,,,,,,,,,ok
0.22569257020950317,0.5629714727401733,0.3211906850337982,0.5348297953605652,0.38311681151390076,0.48591935634613037,0.42510250210762024,0.4470767378807068,0.46391475200653076,0.42276448011398315,0.3176738917827606,0.4449235796928406,0.36636215448379517,0.4166633188724518,0.4027901291847229,0.4118795096874237,0.435787558555603,0.4098006784915924,0.2679497003555298,0.43169811367988586,0.29311317205429077,0.38458842039108276,0.32186904549598694,0.3568268418312073,0.35159361362457275,0.3341193199157715,0.21536482870578766,0.43070292472839355,0.21652936935424805,0.38230714201927185,0.23970648646354675,0.35347476601600647,0.26806482672691345,0.3313724398612976,0.16125184297561646,0.44053876399993896,0.13799943029880524,0.39992013573646545,0.13325291872024536,0.37115564942359924,0.13867324590682983,0.34612196683883667,,,,,,,,,,,,,,,,,,,,,,,,,,,,,,,,,,,,,,,,,,,ok
0.5988699793815613,0.7099657654762268,0.568937361240387,0.7003355026245117,0.5466974973678589,0.6861151456832886,0.5297971963882446,0.6750898957252502,0.5196608901023865,0.6640520095825195,0.5712968707084656,0.6455941796302795,0.5469592809677124,0.6337792277336121,0.5358582139015198,0.643474817276001,0.5324805974960327,0.656162440776825,0.5888702869415283,0.6386743783950806,0.58038330078125,0.6079333424568176,0.5739514827728271,0.5887048840522766,0.568903923034668,0.5720787644386292,0.6080665588378906,0.6405828595161438,0.6147013902664185,0.6105266809463501,0.6168428063392639,0.5911284685134888,0.6188420057296753,0.5735982656478882,0.6243398785591125,0.6498266458511353,0.6390968561172485,0.6280059814453125,0.6468023061752319,0.6145917177200317,0.6533644795417786,0.6017382740974426,,,,,,,,,,,,,,,,,,,,,,,,,,,,,,,,,,,,,,,,,,,ok
0.5256263613700867,0.5618213415145874,0.4934089779853821,0.5463593602180481,0.46670982241630554,0.5251454710960388,0.44455862045288086,0.5141242742538452,0.4281577467918396,0.49415576457977295,0.4828745722770691,0.42072436213493347,0.45682865381240845,0.4048856496810913,0.4419601857662201,0.4346492886543274,0.43588072061538696,0.4658129811286926,0.4956093430519104,0.4045315682888031,0.4803789258003235,0.3411978483200073,0.4582047462463379,0.3204230070114136,0.4374741315841675,0.3138677477836609,0.510449230670929,0.4070533514022827,0.5117239356040955,0.3346758186817169,0.5011103749275208,0.2966567277908325,0.48808905482292175,0.2690582871437073,0.5234429836273193,0.4256094694137573,0.5394832491874695,0.3767901659011841,0.5413355827331543,0.34176984429359436,0.537286639213562,0.30714553594589233,,,,,,,,,,,,,,,,,,,,,,,,,,,,,,,,,,,,,,,,,,,ok
0.7519806027412415,0.39592474699020386,0.71697998046875,0.3592661917209625,0.6922284364700317,0.30429211258888245,0.6725276112556458,0.2580895721912384,0.6593260169029236,0.219517782330513,0.7300394773483276,0.22744929790496826,0.7011181712150574,0.17886514961719513,0.6849390864372253,0.17992213368415833,0.6776081323623657,0.19761259853839874,0.7554600834846497,0.21268393099308014,0.7524306178092957,0.12386877834796906,0.7526338696479797,0.0685930848121643,0.7533385157585144,0.024143695831298828,0.7843602299690247,0.21988391876220703,0.800268292427063,0.13805332779884338,0.8095528483390808,0.08605566620826721,0.8161881566047668,0.04085440933704376,0.8109764456748962,0.2444220632314682,0.845626711845398,0.1911819875240326,0.865498423576355,0.15498682856559753,0.8786447644233704,0.11990798264741898,,,,,,,,,,,,,,,,,,,,,,,,,,,,,,,,,,,,,,,,,,,ok
0.6715574264526367,0.4190114438533783,0.6451866626739502,0.4132591485977173,0.6267838478088379,0.4046643078327179,0.612267255783081,0.39532989263534546,0.6151105165481567,0.38797715306282043,0.6422715783119202,0.37995028495788574,0.6251532435417175,0.3742202818393707,0.6144328117370605,0.3808870017528534,0.610397458076477,0.38946813344955444,0.6547422409057617,0.37564560770988464,0.6403646469116211,0.3596246838569641,0.6342083811759949,0.3512289524078369,0.6291886568069458,0.34534576535224915,0.6683065295219421,0.375358521938324,0.6613754630088806,0.35860463976860046,0.658239483833313,0.34935370087623596,0.6553670763969421,0.34217649698257446,0.6819465160369873,0.37832993268966675,0.6871070861816406,0.3646928071975708,0.6903352737426758,0.3565676212310791,0.6926458477973938,0.3494862914085388,,,,,,,,,,,,,,,,,,,,,,,,,,,,,,,,,,,,,,,,,,,ok
0.32814306020736694,0.4756454825401306,0.35248762369155884,0.46515578031539917,0.371992290019989,0.45159482955932617,0.3850418031215668,0.4392137825489044,0.38323700428009033,0.4269908368587494,0.345476359128952,0.42957547307014465,0.35524067282676697,0.4152892231941223,0.3665996193885803,0.41769781708717346,0.37448546290397644,0.4246288537979126,0.3285449147224426,0.4253326654434204,0.3274836540222168,0.4000694751739502,0.32777100801467896,0.38416439294815063,0.32681769132614136,0.37112584710121155,0.3128710985183716,0.42665553092956543,0.30871903896331787,0.4042680859565735,0.30765941739082336,0.3900028467178345,0.30729347467422485,0.37841275334358215,0.298713743686676,0.4332021474838257,0.2835540175437927,0.41906657814979553,0.2741100788116455,0.40934696793556213,0.26670295000076294,0.40108969807624817,,,,,,,,,,,,,,,,,,,,,,,,,,,,,,,,,,,,,,,,,,,ok
0.6141453981399536,0.6709078550338745,0.5821483731269836,0.6534155607223511,0.5618711709976196,0.6333357691764832,0.5425310134887695,0.6174880266189575,0.5271226167678833,0.6043964624404907,0.588502049446106,0.5901198387145996,0.5654472708702087,0.5742097496986389,0.5452496409416199,0.5832064747810364,0.5329592823982239,0.5960706472396851,0.608524739742279,0.5833730101585388,0.6014286875724792,0.5503365993499756,0.5917151570320129,0.5294212102890015,0.5821271538734436,0.5118349194526672,0.6294890642166138,0.5871841907501221,0.6427857875823975,0.5544731020927429,0.6469631195068359,0.5339839458465576,0.6497674584388733,0.5155131816864014,0.6460579633712769,0.5990942716598511,0.6673491597175598,0.5780448913574219,0.6782906651496887,0.5633045434951782,0.6871196031570435,0.5479027628898621,,,,,,,,,,,,,,,,,,,,,,,,,,,,,,,,,,,,,,,,,,,ok
0.7070078253746033,0.4980267882347107,0.6851714253425598,0.48677414655685425,0.6696268916130066,0.47480508685112,0.6614612936973572,0.46221742033958435,0.6602513790130615,0.45034730434417725,0.6919989585876465,0.44899752736091614,0.6829620599746704,0.43729040026664734,0.6718700528144836,0.439291387796402,0.6651715636253357,0.44559258222579956,0.7044814825057983,0.44317832589149475,0.7017995119094849,0.42107924818992615,0.6979449391365051,0.4064103662967682,0.6954159736633301,0.39439553022384644,0.7183024883270264,0.4442892074584961,0.7319628000259399,0.4242804944515228,0.7404342293739319,0.4120021164417267,0.7469286322593689,0.40188372135162354,0.7300828695297241,0.45071539282798767,0.7476215362548828,0.43663299083709717,0.7569993138313293,0.42743638157844543,0.7641966342926025,0.41832807660102844,0.26892590522766113,0.8397841453552246,0.2964268922805786,0.8577807545661926,0.29948049783706665,0.8855994939804077,0.2953348159790039,0.908638596534729,0.29174187779426575,0.9245884418487549,0.2680359482765198,0.8981832265853882,0.27200791239738464,0.9263219833374023,0.28300487995147705,0.9372133612632751,0.2926732301712036,0.9421427249908447,0.2532801628112793,0.8955368399620056,0.2623078525066376,0.9232665300369263,0.2749289870262146,0.9334879517555237,0.2863498330116272,0.937777042388916,0.247612863779068,0.8923299312591553,0.2569579482078552,0.9191444516181946,0.2697504460811615,0.9290529489517212,0.28076285123825073,0.9343525171279907,0.24750320613384247,0.8894354701042175,0.2566361725330353,0.9128348231315613,0.2664051055908203,0.9236702919006348,0.2753947973251343,0.9296218156814575,ok
0.7806620001792908,0.6903436779975891,0.753620445728302,0.6693152189254761,0.7362852692604065,0.6457385420799255,0.719343364238739,0.6288092136383057,0.7085143327713013,0.6148856282234192,0.7765058279037476,0.6144511699676514,0.7572890520095825,0.5958254933357239,0.7368331551551819,0.5997378826141357,0.7248072028160095,0.6092299818992615,0.7937473058700562,0.6114413738250732,0.7954413890838623,0.5815436244010925,0.7931883335113525,0.5597509145736694,0.791169285774231,0.5414105653762817,0.8085885643959045,0.6168829202651978,0.8224514722824097,0.5889611840248108,0.8280414938926697,0.5693567991256714,0.8319920897483826,0.5521588325500488,0.8171490430831909,0.6287686824798584,0.8339366912841797,0.6109621524810791,0.8418830037117004,0.5970743894577026,0.8479146957397461,0.583809494972229,,,,,,,,,,,,,,,,,,,,,,,,,,,,,,,,,,,,,,,,,,,ok
0.7558783888816833,0.4983628988265991,0.722682774066925,0.4892308712005615,0.6959133148193359,0.4733158051967621,0.6711730360984802,0.46266409754753113,0.651195228099823,0.45219266414642334,0.7162649035453796,0.43044009804725647,0.6913544535636902,0.41452571749687195,0.6735022664070129,0.42239105701446533,0.6646401882171631,0.433108925819397,0.7310567498207092,0.4237634837627411,0.7169010639190674,0.3917505145072937,0.7043896913528442,0.37097907066345215,0.6945399045944214,0.3535478115081787,0.7485305070877075,0.42550045251846313,0.7418693900108337,0.3915378451347351,0.7350450158119202,0.36991509795188904,0.7294561266899109,0.35147184133529663,0.7648395299911499,0.4339503347873688,0.7694882750511169,0.407021164894104,0.770574688911438,0.38876083493232727,0.7706575393676758,0.3723165988922119,,,,,,,,,,,,,,,,,,,,,,,,,,,,,,,,,,,,,,,,,,,ok
0.3036165237426758,0.7060429453849792,0.3189725875854492,0.7164068818092346,0.32469624280929565,0.7306844592094421,0.32560455799102783,0.7448868751525879,0.3272264301776886,0.7554677724838257,0.30522915720939636,0.7449724674224854,0.3119632601737976,0.7631132006645203,0.3239596486091614,0.7662254571914673,0.3322555720806122,0.7647923231124878,0.2984867990016937,0.7447080612182617,0.3077254593372345,0.7619196772575378,0.3200944662094116,0.7643886804580688,0.3292272686958313,0.7631915807723999,0.2969837486743927,0.7432743906974792,0.3055987060070038,0.7597638368606567,0.31634292006492615,0.762261688709259,0.32510706782341003,0.7615224123001099,0.2980542480945587,0.7416373491287231,0.30456453561782837,0.7553994655609131,0.3135340213775635,0.7595196962356567,0.32112789154052734,0.760377049446106,0.560394823551178,0.5183983445167542,0.5462769865989685,0.5085307955741882,0.5387832522392273,0.49616217613220215,0.5357436537742615,0.48678967356681824,0.5393882989883423,0.47754350304603577,0.5710825324058533,0.4828963875770569,0.5643571019172668,0.47112801671028137,0.5528249740600586,0.47138938307762146,0.5433360934257507,0.4752230942249298,0.5804884433746338,0.4816525876522064,0.5848991274833679,0.46476930379867554,0.5794963240623474,0.4540184438228607,0.5721721649169922,0.44613757729530334,0.588629424571991,0.4844309985637665,0.5997785329818726,0.46862974762916565,0.5975735783576965,0.457610160112381,0.5913682579994202,0.4490636885166168,0.5945405960083008,0.49040985107421875,0.6123518347740173,0.48164522647857666,0.6175095438957214,0.47279900312423706,0.6168777942657471,0.46423420310020447,ok
0.6284669041633606,0.4608650803565979,0.6013094782829285,0.4480467438697815,0.5777563452720642,0.4286891222000122,0.559319257736206,0.4152979850769043,0.5478106737136841,0.39696773886680603,0.5931214690208435,0.3341076076030731,0.5708723664283752,0.3175202012062073,0.5586171746253967,0.3379794955253601,0.552704930305481,0.36177515983581543,0.6076103448867798,0.3170148730278015,0.5947954654693604,0.25950759649276733,0.5787849426269531,0.23560084402561188,0.5627263784408569,0.22034671902656555,0.6235741972923279,0.3169233202934265,0.6259641051292419,0.25379663705825806,0.6206054091453552,0.2165868878364563,0.613667368888855,0.18576078116893768,0.6382169127464294,0.33273810148239136,0.6513199806213379,0.28668761253356934,0.6556400656700134,0.25531110167503357,0.6566939949989319,0.22295668721199036,,,,,,,,,,,,,,,,,,,,,,,,,,,,,,,,,,,,,,,,,,,ok
0.8201684355735779,0.6546282768249512,0.7688125371932983,0.6262260675430298,0.7253930568695068,0.6005005836486816,0.6729574203491211,0.5826435089111328,0.6336472630500793,0.5624527931213379,0.7873994708061218,0.5284777283668518,0.7207225561141968,0.5071890354156494,0.6832550168037415,0.5260264873504639,0.6646329760551453,0.5489471554756165,0.8060792684555054,0.5184823870658875,0.7737430334091187,0.45607882738113403,0.7402327656745911,0.4294525980949402,0.7097951173782349,0.41575857996940613,0.8262693881988525,0.5191079378128052,0.8132753968238831,0.45381084084510803,0.79552161693573,0.41457563638687134,0.781406581401825,0.3881877660751343,0.842160165309906,0.527936577796936,0.8628198504447937,0.4794436991214752,0.8710794448852539,0.4434890151023865,0.8766133785247803,0.41297441720962524,,,,,,,,,,,,,,,,,,,,,,,,,,,,,,,,,,,,,,,,,,,ok
0.6471956372261047,0.5082592964172363,0.6140260696411133,0.49442631006240845,0.5870035886764526,0.47863665223121643,0.5635839700698853,0.46694695949554443,0.5524847507476807,0.452850878238678,0.6155815720558167,0.4244075119495392,0.5802627205848694,0.41019290685653687,0.5635712146759033,0.42285656929016113,0.5579517483711243,0.4398069977760315,0.6349045634269714,0.41652533411979675,0.6251587271690369,0.3782777190208435,0.6115738153457642,0.3558007776737213,0.5950151085853577,0.34141722321510315,0.6551413536071777,0.4193129241466522,0.6676297783851624,0.38294661045074463,0.6681863069534302,0.35844680666923523,0.6633675694465637,0.3394140601158142,0.6712637543678284,0.4297177493572235,0.6944135427474976,0.4044918417930603,0.7053931951522827,0.385040819644928,0.7119377255439758,0.3662640154361725,,,,,,,,,,,,,,,,,,,,,,,,,,,,,,,,,,,,,,,,,,,ok
0.7701336145401001,0.3378623425960541,0.7321102023124695,0.32525503635406494,0.7082618474960327,0.301200270652771,0.6930028796195984,0.28030574321746826,0.6851571202278137,0.2608727812767029,0.7492344975471497,0.2685045003890991,0.7270212769508362,0.24711501598358154,0.7032673358917236,0.24599364399909973,0.6872051358222961,0.25061219930648804,0.7665812373161316,0.25795993208885193,0.7609999775886536,0.22467558085918427,0.7474371790885925,0.20295219123363495,0.7344520688056946,0.18480806052684784,0.7863760590553284,0.2543093264102936,0.7957216501235962,0.21837429702281952,0.7934756875038147,0.19396106898784637,0.7910627126693726,0.17415934801101685,0.80396568775177,0.25722065567970276,0.822837769985199,0.22831754386425018,0.8347485065460205,0.20881232619285583,0.8437556028366089,0.19246985018253326,,,,,,,,,,,,,,,,,,,,,,,,,,,,,,,,,,,,,,,,,,,ok
0.5763343572616577,0.5847861766815186,0.5555577874183655,0.5831884145736694,0.5306076407432556,0.5774397253990173,0.5035549998283386,0.5772377252578735,0.48457539081573486,0.5746767520904541,0.5312688946723938,0.5349969863891602,0.5008049011230469,0.535097062587738,0.4912436604499817,0.5496727824211121,0.48798370361328125,0.562216579914093,0.5441408753395081,0.5262314081192017,0.518051266670227,0.5008497834205627,0.4992399215698242,0.48560041189193726,0.4809304177761078,0.4746984541416168,0.5598230957984924,0.5260220170021057,0.5564308166503906,0.49487271904945374,0.5499319434165955,0.4750898480415344,0.5395900011062622,0.4596892297267914,0.5752647519111633,0.5323667526245117,0.5828037858009338,0.5081843733787537,0.5816985368728638,0.4917658567428589,0.5749791860580444,0.4772060513496399,,,,,,,,,,,,,,,,,,,,,,,,,,,,,,,,,,,,,,,,,,,ok
0.2348318099975586,0.5674881339073181,0.2703787684440613,0.5354158878326416,0.29526132345199585,0.49258118867874146,0.3157784640789032,0.4650745093822479,0.3320296108722687,0.43889284133911133,0.26805567741394043,0.41440120339393616,0.29107630252838135,0.38735753297805786,0.3090612590312958,0.40725788474082947,0.3233592212200165,0.42919856309890747,0.2545989155769348,0.39909932017326355,0.26502829790115356,0.3307461440563202,0.27516189217567444,0.29011404514312744,0.28364819288253784,0.25218266248703003,0.23971223831176758,0.3993287682533264,0.23855485022068024,0.3277985453605652,0.24277371168136597,0.2835741639137268,0.24865928292274475,0.2449960559606552,0.22455242276191711,0.41455700993537903,0.2185455560684204,0.35868802666664124,0.2209523767232895,0.3216695189476013,0.22574464976787567,0.2900501787662506,,,,,,,,,,,,,,,,,,,,,,,,,,,,,,,,,,,,,,,,,,,ok
0.5901349186897278,0.5708365440368652,0.5539534687995911,0.5597952604293823,0.5230410695075989,0.546653151512146,0.49822407960891724,0.539121687412262,0.4823122024536133,0.5315853357315063,0.5543612837791443,0.5018676519393921,0.5141647458076477,0.49414968490600586,0.49558332562446594,0.5054131746292114,0.4867602586746216,0.5187453627586365,0.5749637484550476,0.4975849688053131,0.5602758526802063,0.46618130803108215,0.539604127407074,0.45040765404701233,0.5158349871635437,0.44167062640190125,0.5973417162895203,0.5012112855911255,0.6002363562583923,0.46947357058525085,0.5891475677490234,0.450565904378891,0.5754847526550293,0.43640393018722534,0.6162511706352234,0.5112884044647217,0.6393391489982605,0.48918822407722473,0.6511430144309998,0.47353315353393555,0.6591849327087402,0.45829927921295166,,,,,,,,,,,,,,,,,,,,,,,,,,,,,,,,,,,,,,,,,,,ok
0.7572754621505737,0.4480200409889221,0.7238050103187561,0.4404304325580597,0.6956435441970825,0.42863065004348755,0.6807706952095032,0.41625460982322693,0.688534677028656,0.40475210547447205,0.7297645211219788,0.4008431136608124,0.7151568531990051,0.38922563195228577,0.7039557695388794,0.393888920545578,0.7000418305397034,0.40235376358032227,0.7499102354049683,0.394898384809494,0.7444955110549927,0.3747871518135071,0.7374823689460754,0.36130526661872864,0.7317284345626831,0.35016849637031555,0.7712822556495667,0.39559635519981384,0.7788694500923157,0.3757092356681824,0.7797948122024536,0.36366507411003113,0.780625581741333,0.35359859466552734,0.7896989583969116,0.40178075432777405,0.8094578385353088,0.3877333998680115,0.8207229375839233,0.3791554272174835,0.8299339413642883,0.371091365814209,0.36116957664489746,0.7596630454063416,0.3709922134876251,0.7729437351226807,0.38054683804512024,0.7887511253356934,0.39276766777038574,0.8021852374076843,0.40185603499412537,0.8144984841346741,0.36186692118644714,0.807121217250824,0.3701493740081787,0.8276503682136536,0.37774354219436646,0.8415128588676453,0.38425710797309875,0.8522467017173767,0.3623414933681488,0.8064934015274048,0.3700576424598694,0.8271892666816711,0.37657487392425537,0.8417566418647766,0.3813871443271637,0.8536360263824463,0.36662667989730835,0.8025074005126953,0.3737034201622009,0.8217748403549194,0.38094648718833923,0.8340414762496948,0.3859034776687622,0.8442673683166504,0.3736984133720398,0.7964910268783569,0.38408249616622925,0.8081269860267639,0.3907792866230011,0.8163179755210876,0.3951961398124695,0.8233373165130615,ok
0.2363211214542389,0.6283050775527954,0.27952277660369873,0.6113676428794861,0.3196205198764801,0.5768693089485168,0.3469153940677643,0.5540714263916016,0.3353945016860962,0.5380786657333374,0.27707475423812866,0.5356686115264893,0.2986591160297394,0.5072158575057983,0.31639793515205383,0.5160993933677673,0.3259727954864502,0.533751904964447,0.25113075971603394,0.5290583372116089,0.2582134008407593,0.489773690700531,0.27029699087142944,0.46587610244750977,0.2784395217895508,0.44793567061424255,0.22699791193008423,0.5328199863433838,0.21916308999061584,0.4964330196380615,0.22260892391204834,0.47005903720855713,0.2259370982646942,0.45095640420913696,0.2052326798439026,0.5449648499488831,0.1779005527496338,0.5212920904159546,0.16124658286571503,0.5010451674461365,0.15059366822242737,0.48352164030075073,,,,,,,,,,,,,,,,,,,,,,,,,,,,,,,,,,,,,,,,,,,ok
0.778738260269165,0.5113978981971741,0.7314695715904236,0.5118001103401184,0.6826297044754028,0.500247597694397,0.6535467505455017,0.48803696036338806,0.6469656229019165,0.47338709235191345,0.727864146232605,0.4480360746383667,0.6881052255630493,0.43663477897644043,0.6636293530464172,0.4506344795227051,0.6529840230941772,0.4652242362499237,0.7545017004013062,0.43886637687683105,0.7230187654495239,0.4084402918815613,0.6962025761604309,0.3905997574329376,0.6715269088745117,0.3753528296947479,0.7829121351242065,0.43774646520614624,0.7663179636001587,0.4064597189426422,0.750693678855896,0.38506585359573364,0.735582709312439,0.36767441034317017,0.8114368319511414,0.44198518991470337,0.8289631605148315,0.4155305325984955,0.8384996056556702,0.39852821826934814,0.8443506360054016,0.3822005093097687,0.14085552096366882,0.9326562881469727,0.19323745369911194,0.9371691942214966,0.23134683072566986,0.9541065692901611,0.25558120012283325,0.9751564860343933,0.2688973546028137,0.990985095500946,0.19408410787582397,0.9334688186645508,0.24357663094997406,0.9626315236091614,0.2761092483997345,0.982197642326355,0.2973678410053253,0.9972278475761414,0.1639786958694458,0.9371767044067383,0.22962027788162231,0.9690032005310059,0.26995420455932617,0.9892144203186035,0.29416653513908386,0.9999021887779236,0.1338949203491211,0.9461814761161804,0.19353972375392914,0.9770209193229675,0.23084118962287903,0.9961052536964417,0.2571638226509094,1.0057438611984253,0.10419706255197525,0.959101676940918,0.12177741527557373,0.9853585958480835,0.13671787083148956,1.0044798851013184,0.1498730182647705,1.0189141035079956,ok
