x0_0,y0_0,x0_1,y0_1,x0_2,y0_2,x0_3,y0_3,x0_4,y0_4,x0_5,y0_5,x0_6,y0_6,x0_7,y0_7,x0_8,y0_8,x0_9,y0_9,x0_10,y0_10,x0_11,y0_11,x0_12,y0_12,x0_13,y0_13,x0_14,y0_14,x0_15,y0_15,x0_16,y0_16,x0_17,y0_17,x0_18,y0_18,x0_19,y0_19,x0_20,y0_20,x1_0,y1_0,x1_1,y1_1,x1_2,y1_2,x1_3,y1_3,x1_4,y1_4,x1_5,y1_5,x1_6,y1_6,x1_7,y1_7,x1_8,y1_8,x1_9,y1_9,x1_10,y1_10,x1_11,y1_11,x1_12,y1_12,x1_13,y1_13,x1_14,y1_14,x1_15,y1_15,x1_16,y1_16,x1_17,y1_17,x1_18,y1_18,x1_19,y1_19,x1_20,y1_20,label
0.5594656467437744,0.5823493003845215,0.5492031574249268,0.552668571472168,0.5340207815170288,0.5275995135307312,0.5244256854057312,0.5067600011825562,0.5262113809585571,0.48976001143455505,0.5021588802337646,0.5235013365745544,0.4733814001083374,0.5384878516197205,0.4795759916305542,0.547580361366272,0.48857080936431885,0.5493988990783691,0.49840736389160156,0.5345505475997925,0.46809419989585876,0.5530603528022766,0.47817733883857727,0.5586910247802734,0.48941299319267273,0.5607086420059204,0.49596667289733887,0.5491801500320435,0.4654567837715149,0.5624436736106873,0.47358813881874084,0.5682092905044556,0.48380959033966064,0.5704594254493713,0.4964161515235901,0.5648152828216553,0.46244463324546814,0.569533109664917,0.4460828900337219,0.5711863040924072,0.43147146701812744,0.5702294707298279,call
0.686272144317627,0.8818619251251221,0.6340852379798889,0.8740234375,0.5883169770240784,0.8748160600662231,0.560296356678009,0.8873279094696045,0.5694586038589478,0.8988274931907654,0.6004819869995117,0.9021033644676208,0.569196879863739,0.9141297936439514,0.5779739618301392,0.9055919647216797,0.5930049419403076,0.899448812007904,0.6248592734336853,0.9134097099304199,0.5879632234573364,0.9236392974853516,0.5931187272071838,0.9160284996032715,0.6075161099433899,0.9105592966079712,0.6487676501274109,0.9210563898086548,0.6156539916992188,0.9291387796401978,0.6183807253837585,0.9227831363677979,0.631169319152832,0.9175840616226196,0.6711958646774292,0.9259384274482727,0.6428542733192444,0.9321985244750977,0.6439149379730225,0.9267728328704834,0.6545238494873047,0.9222241044044495,call
0.38380345702171326,0.4341275095939636,0.39925622940063477,0.4114498496055603,0.4219880998134613,0.3924889862537384,0.4405883550643921,0.3772636353969574,0.44554153084754944,0.36225825548171997,0.46340370178222656,0.4050516188144684,0.4852166771888733,0.41856229305267334,0.47233718633651733,0.42246201634407043,0.4591575264930725,0.42050498723983765,0.4627542495727539,0.4214648902416229,0.48008403182029724,0.4337661564350128,0.46625816822052,0.43646758794784546,0.45459550619125366,0.43418049812316895,0.4573499262332916,0.43787917494773865,0.47467976808547974,0.4472389221191406,0.4626578986644745,0.44910091161727905,0.45086365938186646,0.44654345512390137,0.44962888956069946,0.4534114897251129,0.4790363609790802,0.46212238073349,0.4953795075416565,0.46867719292640686,0.5092343091964722,0.4726758301258087,call
0.40010806918144226,0.6660865545272827,0.4049150347709656,0.6397048234939575,0.42309314012527466,0.6164370179176331,0.4418511390686035,0.598929226398468,0.44530993700027466,0.5826915502548218,0.46609729528427124,0.6193884611129761,0.48958346247673035,0.631898045539856,0.4786349833011627,0.6398764252662659,0.4651264250278473,0.6402502059936523,0.4725151062011719,0.6367498636245728,0.48995673656463623,0.6483599543571472,0.4775283932685852,0.654556393623352,0.4651111364364624,0.6536569595336914,0.4745120406150818,0.6547144055366516,0.4897182583808899,0.6636602878570557,0.47834357619285583,0.6672977805137634,0.46558138728141785,0.6656035780906677,0.4752076268196106,0.6725882887840271,0.5049269795417786,0.6793249845504761,0.5239846110343933,0.6845549941062927,0.5391493439674377,0.6868978142738342,call
0.6868749260902405,0.4894263744354248,0.6410369873046875,0.4539501965045929,0.5807103514671326,0.41851380467414856,0.5431069731712341,0.3848417401313782,0.5371787548065186,0.3487522602081299,0.5671201348304749,0.40293312072753906,0.4848781228065491,0.43147560954093933,0.4896339774131775,0.4506808817386627,0.5066373348236084,0.4540483057498932,0.5810193419456482,0.42017650604248047,0.5022081136703491,0.45922380685806274,0.5092353820800781,0.4746582806110382,0.5198061466217041,0.4813908636569977,0.5909621119499207,0.4461783468723297,0.517911434173584,0.4791261851787567,0.5201109647750854,0.49204862117767334,0.5297543406486511,0.49651169776916504,0.6003800630569458,0.47450852394104004,0.5327616930007935,0.4966180622577667,0.5094868540763855,0.5051310062408447,0.49471980333328247,0.5085883736610413,call
0.5838890075683594,0.6637346744537354,0.5996431708335876,0.6392190456390381,0.5885493755340576,0.6171388626098633,0.5730587840080261,0.6005840301513672,0.5766781568527222,0.5880234241485596,0.5512326955795288,0.6122976541519165,0.5164036750793457,0.6094791293144226,0.5181248784065247,0.6141064763069153,0.5255466103553772,0.6185766458511353,0.5366761684417725,0.6213604211807251,0.5123465657234192,0.6243545413017273,0.5187543630599976,0.6277461647987366,0.5271741151809692,0.6314511895179749,0.5267899632453918,0.6333756446838379,0.5034587383270264,0.6351631879806519,0.5126920938491821,0.6365799903869629,0.5237579345703125,0.638217031955719,0.5211082100868225,0.646598219871521,0.48202913999557495,0.6480312347412109,0.46339181065559387,0.6477916240692139,0.45024794340133667,0.6464881896972656,call
0.6856920123100281,0.5307117104530334,0.6708074808120728,0.486794650554657,0.6384111046791077,0.45187222957611084,0.6157509684562683,0.4218934178352356,0.6165248155593872,0.3950140178203583,0.5701048374176025,0.4639853239059448,0.5387430191040039,0.4853743612766266,0.5560580492019653,0.4932137131690979,0.5750974416732788,0.49594658613204956,0.5587716698646545,0.487393319606781,0.5421394109725952,0.5065829753875732,0.5599779486656189,0.514147937297821,0.577298104763031,0.5177825093269348,0.5586668252944946,0.5133864283561707,0.5405070781707764,0.5257737040519714,0.5575926899909973,0.532268226146698,0.5775024890899658,0.5357580780982971,0.5660521984100342,0.5385921001434326,0.5216066837310791,0.5431349277496338,0.49223461747169495,0.5498526692390442,0.46822601556777954,0.5555029511451721,call
0.25167176127433777,0.6242352724075317,0.25754618644714355,0.5871461629867554,0.2774208188056946,0.5504900217056274,0.2880277633666992,0.522240400314331,0.28342205286026,0.49979811906814575,0.32226264476776123,0.5517479181289673,0.3640296161174774,0.5590561032295227,0.34843888878822327,0.5699329972267151,0.3283397853374481,0.5705990791320801,0.33190351724624634,0.5748541951179504,0.36612629890441895,0.5801581144332886,0.35067808628082275,0.5892766118049622,0.33261600136756897,0.590857207775116,0.33801954984664917,0.5989207625389099,0.36530959606170654,0.6008028388023376,0.35145482420921326,0.6083733439445496,0.333530992269516,0.6102476119995117,0.3430842459201813,0.6215559244155884,0.3865814805030823,0.6162508130073547,0.4133637547492981,0.6151686906814575,0.43457671999931335,0.6117498874664307,call
0.6471802592277527,0.40475893020629883,0.6313987374305725,0.34571170806884766,0.5881324410438538,0.29479292035102844,0.5569279789924622,0.2520490884780884,0.5651831030845642,0.21040555834770203,0.493964284658432,0.3025647699832916,0.45957309007644653,0.33804696798324585,0.48600807785987854,0.3523837625980377,0.5120225548744202,0.3557436168193817,0.4825325906276703,0.33666303753852844,0.459769606590271,0.3705322742462158,0.48774638772010803,0.37775087356567383,0.5172736644744873,0.3804683983325958,0.4823269546031952,0.376710444688797,0.4624748229980469,0.3964810371398926,0.48497942090034485,0.4007297456264496,0.5117815136909485,0.40182414650917053,0.49050506949424744,0.4145447313785553,0.44877249002456665,0.4404308795928955,0.4252302050590515,0.45154422521591187,0.4045538008213043,0.45771324634552,call
0.9106838703155518,0.9070212841033936,0.8460525870323181,0.8789544105529785,0.8011480569839478,0.8578656911849976,0.7622301578521729,0.8608454465866089,0.729181170463562,0.8685765266418457,0.8343747854232788,0.7732110619544983,0.7632326483726501,0.8177448511123657,0.7340300679206848,0.8642308115959167,0.7217174768447876,0.8928377628326416,0.8637782335281372,0.8026713728904724,0.7881361246109009,0.8448691368103027,0.751724898815155,0.8998452425003052,0.7329519391059875,0.9314559698104858,0.8858290910720825,0.8451347351074219,0.8173414468765259,0.8778741359710693,0.7816261649131775,0.9234830141067505,0.767583429813385,0.9447199106216431,0.8979303240776062,0.8935713171958923,0.8400549292564392,0.9192140102386475,0.8031690120697021,0.9420481324195862,0.7851533889770508,0.9500432014465332,call
0.26566362380981445,0.374753475189209,0.2801465392112732,0.3586542010307312,0.30681270360946655,0.3455343544483185,0.32370084524154663,0.3358858823776245,0.32815009355545044,0.32597965002059937,0.3258851170539856,0.3472144603729248,0.35181859135627747,0.36214908957481384,0.34066247940063477,0.36594682931900024,0.33130767941474915,0.36305922269821167,0.32398074865341187,0.3581392168998718,0.34920984506607056,0.3735874891281128,0.33754560351371765,0.3770654499530792,0.32821112871170044,0.3735086917877197,0.3205896019935608,0.3706114590167999,0.3454902470111847,0.3834051191806793,0.33474409580230713,0.38654154539108276,0.32467371225357056,0.3838334083557129,0.3161025643348694,0.38289767503738403,0.3406623899936676,0.3903236389160156,0.3538685441017151,0.39664167165756226,0.36485809087753296,0.40083909034729004,call
0.3704056441783905,0.342271625995636,0.3823070526123047,0.3211058974266052,0.4019988179206848,0.301486074924469,0.41812852025032043,0.2880922555923462,0.4242478311061859,0.2692999839782715,0.4013381600379944,0.29806607961654663,0.42463597655296326,0.3138202726840973,0.41760149598121643,0.3218100666999817,0.4099809229373932,0.31828737258911133,0.3992879092693329,0.3181755840778351,0.423026442527771,0.3329011797904968,0.41639184951782227,0.3387278914451599,0.4102587103843689,0.33642494678497314,0.3975180983543396,0.33997759222984314,0.4204961359500885,0.3514660596847534,0.41506120562553406,0.3553928732872009,0.4087297022342682,0.3525741994380951,0.3959062099456787,0.3607935309410095,0.4142027199268341,0.36735770106315613,0.4238017499446869,0.37406107783317566,0.4328741729259491,0.37849974632263184,call
0.44161370396614075,0.6954828500747681,0.4532893896102905,0.7128975987434387,0.45549485087394714,0.7373048067092896,0.45444369316101074,0.7611083984375,0.45419663190841675,0.7790108323097229,0.43445664644241333,0.7548790574073792,0.4402877688407898,0.7884778380393982,0.4513089656829834,0.7987791895866394,0.46076107025146484,0.8024280667304993,0.4293344020843506,0.7545932531356812,0.4375970959663391,0.7862585186958313,0.44948381185531616,0.7952646017074585,0.4597809612751007,0.7976790070533752,0.42931538820266724,0.7533441781997681,0.4375646114349365,0.7816275954246521,0.44765856862068176,0.7887392044067383,0.4565795958042145,0.7907755970954895,0.4314194917678833,0.751304030418396,0.43768566846847534,0.7730156183242798,0.4457356631755829,0.7803952097892761,0.4534631073474884,0.7832457423210144,call
0.5952706336975098,0.4457283318042755,0.5815361142158508,0.41487398743629456,0.5533573031425476,0.38719820976257324,0.5298307538032532,0.36453500390052795,0.5230323672294617,0.345069944858551,0.5190799236297607,0.3918640613555908,0.48668989539146423,0.40643635392189026,0.49717646837234497,0.41665318608283997,0.5126050114631653,0.42208966612815857,0.510029137134552,0.40770137310028076,0.48409759998321533,0.4226006269454956,0.4968215227127075,0.4306928813457489,0.5113997459411621,0.43442440032958984,0.5069472789764404,0.42622482776641846,0.47983938455581665,0.4365655481815338,0.4918450713157654,0.44385698437690735,0.5072259306907654,0.44754788279533386,0.5084549188613892,0.4460638165473938,0.4690874516963959,0.4469040632247925,0.4468533992767334,0.45020177960395813,0.4285450577735901,0.4520491361618042,call
0.26044052839279175,0.5410484671592712,0.26987212896347046,0.5027689933776855,0.28985726833343506,0.4715995192527771,0.3073614537715912,0.44740039110183716,0.31045788526535034,0.4268474578857422,0.3444918394088745,0.4704415500164032,0.388382226228714,0.483090341091156,0.38465288281440735,0.4964123070240021,0.37461984157562256,0.5011063814163208,0.3541199862957001,0.4921415150165558,0.39965927600860596,0.5050816535949707,0.3880133032798767,0.5166831016540527,0.3722495138645172,0.5180931091308594,0.3574870526790619,0.5159610509872437,0.40264275670051575,0.5233224034309387,0.3906513452529907,0.5325093865394592,0.3738822937011719,0.5335633754730225,0.3561011552810669,0.5397979617118835,0.40072888135910034,0.5429896116256714,0.42584288120269775,0.5467398166656494,0.4467029571533203,0.5466962456703186,call
0.5932492613792419,0.6909899115562439,0.5830901861190796,0.6548344492912292,0.5657398104667664,0.6248317956924438,0.5578237175941467,0.5995180010795593,0.5590662360191345,0.5789971351623535,0.5112782120704651,0.6335210204124451,0.48498523235321045,0.6428665518760681,0.49448782205581665,0.651724100112915,0.5070998668670654,0.6556585431098938,0.5012737512588501,0.6498880982398987,0.48550310730934143,0.6612803339958191,0.4960474967956543,0.6677666306495667,0.5094656944274902,0.669001042842865,0.4988093674182892,0.6698616147041321,0.4803503751754761,0.6746849417686462,0.4894010126590729,0.679463803768158,0.5042403936386108,0.6816504597663879,0.5023730397224426,0.6898080110549927,0.4691084921360016,0.6867427825927734,0.4451298713684082,0.6866496801376343,0.4267345070838928,0.6855666637420654,call
0.32418277859687805,0.605201780796051,0.3367043137550354,0.576855480670929,0.35913097858428955,0.5626160502433777,0.38286516070365906,0.5613710284233093,0.3966464400291443,0.5646721124649048,0.40867793560028076,0.5572673082351685,0.41028639674186707,0.5741961002349854,0.39482733607292175,0.5812216401100159,0.38114556670188904,0.5800356864929199,0.4205959439277649,0.5728822350502014,0.41546374559402466,0.5893585085868835,0.3965959846973419,0.5937562584877014,0.3809647262096405,0.5931877493858337,0.4222705066204071,0.5909731984138489,0.4188104271888733,0.6061864495277405,0.4021178185939789,0.6082270741462708,0.38711196184158325,0.6079064011573792,0.4181268513202667,0.6096950769424438,0.4423374831676483,0.6187648773193359,0.4586651623249054,0.6236224174499512,0.4718266427516937,0.6277705430984497,call
0.5795189142227173,0.3942232131958008,0.5939077138900757,0.3517328202724457,0.5930496454238892,0.3105359673500061,0.5907397866249084,0.27975696325302124,0.6015560626983643,0.25760191679000854,0.5776488780975342,0.3054119646549225,0.5198085904121399,0.29757094383239746,0.519184947013855,0.3110700249671936,0.5314772129058838,0.3191679120063782,0.5622628927230835,0.3217117488384247,0.5034425258636475,0.31603679060935974,0.5103242993354797,0.3273017704486847,0.5243355631828308,0.336426705121994,0.5451076626777649,0.33798450231552124,0.4930384159088135,0.3299376964569092,0.4985441565513611,0.33823084831237793,0.5114277005195618,0.34469518065452576,0.530545711517334,0.355692595243454,0.47599661350250244,0.3463820219039917,0.4549238979816437,0.34472137689590454,0.4416854977607727,0.3411480188369751,call
0.32107841968536377,0.41041088104248047,0.3122476041316986,0.3722269833087921,0.3218628764152527,0.3371376693248749,0.3328590989112854,0.31109148263931274,0.32472699880599976,0.29260653257369995,0.3778018057346344,0.3304261863231659,0.4154238998889923,0.3354145884513855,0.40710270404815674,0.34812918305397034,0.3904757797718048,0.35300084948539734,0.3961949646472931,0.3481350243091583,0.42773258686065674,0.3523760735988617,0.4169614315032959,0.3635563254356384,0.40249109268188477,0.3676089346408844,0.40982234477996826,0.36820608377456665,0.44404006004333496,0.36635005474090576,0.43351778388023376,0.3757641613483429,0.41763439774513245,0.3802407383918762,0.4199347198009491,0.38790369033813477,0.4606727361679077,0.3773728013038635,0.4858405292034149,0.373054563999176,0.5053912997245789,0.3676084280014038,call
0.23093226552009583,0.6022253632545471,0.23527713119983673,0.5574080944061279,0.25407910346984863,0.5216231346130371,0.26847389340400696,0.4910270571708679,0.26444849371910095,0.46614986658096313,0.33226320147514343,0.5297328233718872,0.3774246871471405,0.5313433408737183,0.36078914999961853,0.5401193499565125,0.3414170444011688,0.5422620177268982,0.34268566966056824,0.552995502948761,0.38090816140174866,0.5534304976463318,0.36375945806503296,0.5605942606925964,0.34549403190612793,0.5624607801437378,0.3448374569416046,0.5760442018508911,0.3826311230659485,0.5722489356994629,0.3672983944416046,0.5788238644599915,0.3493098318576813,0.5805531144142151,0.34347233176231384,0.597062349319458,0.3897783160209656,0.5958850383758545,0.4171409010887146,0.5963042378425598,0.44202345609664917,0.5934224724769592,call
0.5680422782897949,0.5198795795440674,0.5383136868476868,0.4864811897277832,0.5014961957931519,0.461179256439209,0.4756515920162201,0.43738260865211487,0.46651434898376465,0.4160781502723694,0.43997722864151,0.473951518535614,0.413953572511673,0.4991275668144226,0.4339677691459656,0.5096597671508789,0.45465314388275146,0.5123405456542969,0.4321814477443695,0.49709585309028625,0.41276004910469055,0.5223397016525269,0.43208932876586914,0.5302751660346985,0.45195168256759644,0.531479001045227,0.4359320104122162,0.5222815275192261,0.40834876894950867,0.5428010821342468,0.4254815876483917,0.549599826335907,0.4466460347175598,0.5494793653488159,0.4485000669956207,0.5464772582054138,0.4041277766227722,0.5617378354072571,0.37635061144828796,0.5745771527290344,0.3522988557815552,0.5830146074295044,call
0.17771904170513153,0.8625553846359253,0.2003439962863922,0.888116180896759,0.20098112523555756,0.9173504710197449,0.19856947660446167,0.9408283829689026,0.19680996239185333,0.9582810401916504,0.15664666891098022,0.9313756823539734,0.1696421504020691,0.962346076965332,0.19021546840667725,0.9704150557518005,0.20578250288963318,0.973576545715332,0.14566482603549957,0.9229162335395813,0.16909344494342804,0.9479209184646606,0.19162815809249878,0.9523234367370605,0.20859980583190918,0.9513667821884155,0.1461455076932907,0.9142955541610718,0.17174188792705536,0.9344090819358826,0.18974797427654266,0.9367595911026001,0.20367062091827393,0.93461012840271,0.15011566877365112,0.9079498648643494,0.168387308716774,0.9234558343887329,0.1833341270685196,0.9274506568908691,0.19658708572387695,0.9271988868713379,call
0.38304030895233154,0.28312671184539795,0.3945986032485962,0.2563140392303467,0.419028103351593,0.2266951948404312,0.4329678416252136,0.20413711667060852,0.42811816930770874,0.18592937290668488,0.43338850140571594,0.21735450625419617,0.4859481155872345,0.23187188804149628,0.4755311608314514,0.2451661229133606,0.4627019762992859,0.2463706135749817,0.43009519577026367,0.23048929870128632,0.4832490086555481,0.2503930330276489,0.47023239731788635,0.2613689601421356,0.45670485496520996,0.2595980763435364,0.42835545539855957,0.24726584553718567,0.47900018095970154,0.2657802999019623,0.46575728058815,0.2737881541252136,0.4521993100643158,0.27124813199043274,0.42875194549560547,0.2660037577152252,0.4695749878883362,0.274167001247406,0.4919106662273407,0.2800297141075134,0.5133730173110962,0.2822914719581604,call
0.2959277033805847,0.5138901472091675,0.309727281332016,0.48822885751724243,0.32427623867988586,0.4666881263256073,0.3333222270011902,0.44953474402427673,0.3285353481769562,0.43432894349098206,0.36977648735046387,0.4604625701904297,0.3885030150413513,0.4834330081939697,0.38086652755737305,0.4973844587802887,0.36857134103775024,0.5011953115463257,0.38168683648109436,0.4727816879749298,0.39318400621414185,0.4962196350097656,0.3788682818412781,0.5065169334411621,0.3646090030670166,0.5071768164634705,0.3859653174877167,0.4891722500324249,0.40113016963005066,0.5091317296028137,0.3871171474456787,0.5201895236968994,0.37389564514160156,0.5221179723739624,0.3862440884113312,0.5069532990455627,0.4228919446468353,0.5106141567230225,0.4446973204612732,0.5120936632156372,0.46348223090171814,0.5114866495132446,call
0.667824387550354,0.6471619606018066,0.6818658709526062,0.6244414448738098,0.6747701168060303,0.6081937551498413,0.6674098372459412,0.5932917594909668,0.6695750951766968,0.5806829929351807,0.6138044595718384,0.611046314239502,0.6195344924926758,0.6121119260787964,0.6338481307029724,0.6158103346824646,0.6428452134132385,0.6197595000267029,0.594200611114502,0.6226029396057129,0.601376473903656,0.625069260597229,0.612789511680603,0.6271496415138245,0.6210015416145325,0.6305447816848755,0.5847885608673096,0.635683536529541,0.5833888649940491,0.6355345845222473,0.5949025750160217,0.636810302734375,0.6047316789627075,0.6394891738891602,0.5847233533859253,0.6481707692146301,0.5579252243041992,0.6510101556777954,0.5393945574760437,0.651164710521698,0.5230712890625,0.6515074968338013,call
0.21603836119174957,0.4793323576450348,0.22079576551914215,0.44735726714134216,0.2437254935503006,0.4124518632888794,0.2587311267852783,0.3867259621620178,0.255757212638855,0.363641619682312,0.2650165557861328,0.394999235868454,0.3365420997142792,0.4060947299003601,0.32113000750541687,0.42195045948028564,0.30453822016716003,0.4230172634124756,0.26608356833457947,0.4096989035606384,0.34131568670272827,0.42399483919143677,0.32396116852760315,0.4392501413822174,0.3038623034954071,0.43945443630218506,0.26976895332336426,0.42890727519989014,0.3412262797355652,0.4407683312892914,0.32482221722602844,0.452778697013855,0.3052588403224945,0.4523972272872925,0.27623623609542847,0.44950205087661743,0.33225154876708984,0.45288050174713135,0.3638089895248413,0.4569198489189148,0.391754686832428,0.4567181169986725,call
0.4066143035888672,0.5760271549224854,0.4173741638660431,0.5411382913589478,0.434586763381958,0.5121126174926758,0.4493459165096283,0.4900832176208496,0.45033150911331177,0.4690176844596863,0.47294923663139343,0.5133171677589417,0.4909394681453705,0.5491849780082703,0.4809470474720001,0.5633215308189392,0.4693729877471924,0.5623534321784973,0.47906678915023804,0.5329571962356567,0.4931338429450989,0.566605806350708,0.4812217056751251,0.577172040939331,0.4707750678062439,0.5733087658882141,0.480843722820282,0.5570544004440308,0.49580204486846924,0.5857715606689453,0.484064519405365,0.594249427318573,0.474172979593277,0.5908240079879761,0.48011457920074463,0.5839512348175049,0.5078410506248474,0.5957649946212769,0.5222736597061157,0.6037011742591858,0.5345335006713867,0.6079009771347046,call
0.38182541728019714,0.29821592569351196,0.38840335607528687,0.27456676959991455,0.40157556533813477,0.2528689503669739,0.409837931394577,0.23433153331279755,0.40844884514808655,0.2199762910604477,0.445736825466156,0.2553337514400482,0.46525120735168457,0.27057138085365295,0.45393696427345276,0.27548596262931824,0.4412819445133209,0.27343809604644775,0.4491662085056305,0.27088117599487305,0.46128249168395996,0.28449299931526184,0.44957801699638367,0.2883716821670532,0.438335120677948,0.2860657572746277,0.4485296905040741,0.28722327947616577,0.459299236536026,0.29778701066970825,0.4487151801586151,0.30085277557373047,0.438289999961853,0.29875898361206055,0.4475824236869812,0.3033481240272522,0.473310649394989,0.30860134959220886,0.4899701476097107,0.3128141760826111,0.5030167102813721,0.3147580325603485,call
0.7160796523094177,0.45598602294921875,0.7046769261360168,0.4137476682662964,0.6767222285270691,0.3819213807582855,0.6635013818740845,0.3572791516780853,0.6782216429710388,0.3398897349834442,0.6270071268081665,0.359408974647522,0.5817584991455078,0.3852696120738983,0.592015266418457,0.4031299650669098,0.6109378933906555,0.4142056703567505,0.6081954836845398,0.37827354669570923,0.5673117637634277,0.407012403011322,0.5809827446937561,0.42417091131210327,0.6007955074310303,0.43401527404785156,0.5957706570625305,0.40447381138801575,0.5560138821601868,0.4272197484970093,0.5713422894477844,0.44356077909469604,0.593643307685852,0.45308250188827515,0.588449239730835,0.43469810485839844,0.5346366763114929,0.44080597162246704,0.502721905708313,0.4463925063610077,0.4759747385978699,0.4488355815410614,call
0.3854224681854248,0.37247204780578613,0.4037588834762573,0.35267090797424316,0.43236321210861206,0.3321894407272339,0.45022597908973694,0.31520625948905945,0.4532408118247986,0.3005352318286896,0.4546271860599518,0.33262524008750916,0.48974689841270447,0.3551037609577179,0.47856226563453674,0.36463794112205505,0.46755415201187134,0.3651469945907593,0.4519082009792328,0.34446054697036743,0.488201379776001,0.3679569363594055,0.4755258560180664,0.37865114212036133,0.46324026584625244,0.37904641032218933,0.44785910844802856,0.3587903678417206,0.485217422246933,0.37760815024375916,0.47650161385536194,0.3879033625125885,0.465358704328537,0.3895477056503296,0.4433164894580841,0.3737592399120331,0.4776484966278076,0.3798811435699463,0.4980320930480957,0.3858344852924347,0.5147538781166077,0.38908860087394714,call
0.3043387532234192,0.4816947877407074,0.3022589683532715,0.4570653438568115,0.30919238924980164,0.4372284710407257,0.3183593153953552,0.4214181900024414,0.3195384740829468,0.4071884751319885,0.3586360216140747,0.44035443663597107,0.36391106247901917,0.44964730739593506,0.35327044129371643,0.45541176199913025,0.342152863740921,0.4571268558502197,0.36900562047958374,0.45416587591171265,0.37115201354026794,0.46196097135543823,0.3599129915237427,0.46547091007232666,0.3497592806816101,0.46670401096343994,0.3730425536632538,0.4696272909641266,0.3784075379371643,0.474423885345459,0.3674536943435669,0.4774111807346344,0.35673654079437256,0.4783128499984741,0.3724166750907898,0.4850310981273651,0.3934099078178406,0.48848918080329895,0.40676742792129517,0.4921901822090149,0.4178866744041443,0.4947036802768707,call
0.6892493367195129,0.554432213306427,0.6805421113967896,0.5311374664306641,0.6647121906280518,0.5128030180931091,0.6515887379646301,0.49773362278938293,0.6537479758262634,0.48526808619499207,0.6373938322067261,0.5136348605155945,0.6186166405677795,0.5211330652236938,0.6264050602912903,0.5274941921234131,0.6369336843490601,0.5312216877937317,0.6297175288200378,0.5240582823753357,0.6160452961921692,0.533473014831543,0.6251964569091797,0.5381630659103394,0.6348555088043213,0.5402287840843201,0.6253281831741333,0.5364307165145874,0.6100637316703796,0.5435596108436584,0.6196930408477783,0.548356294631958,0.6311968564987183,0.5509056448936462,0.6232365369796753,0.5498135685920715,0.5954781770706177,0.5493223071098328,0.5793403387069702,0.5493484139442444,0.5654550790786743,0.5482127666473389,call
0.47303152084350586,0.6872620582580566,0.4741976857185364,0.6561930775642395,0.48271024227142334,0.6294907331466675,0.49303576350212097,0.6080331206321716,0.4935266077518463,0.5909712910652161,0.5341386198997498,0.6360241174697876,0.5506237149238586,0.6418305039405823,0.539411723613739,0.650256335735321,0.5254389643669128,0.6527566313743591,0.5443804264068604,0.6535407304763794,0.5594620704650879,0.658353865146637,0.5484098792076111,0.6643695831298828,0.5363426804542542,0.6659325361251831,0.5492474436759949,0.6711764335632324,0.5662604570388794,0.674111008644104,0.5548829436302185,0.6788514852523804,0.5418384671211243,0.6803209185600281,0.5511623620986938,0.6884747743606567,0.5828338861465454,0.6908942461013794,0.6019822955131531,0.6921842694282532,0.6175525784492493,0.691798985004425,call
0.5935810804367065,0.4977979063987732,0.5896409749984741,0.42412224411964417,0.5718681812286377,0.3699336647987366,0.5534992814064026,0.33245593309402466,0.5443472862243652,0.3020624816417694,0.5336561799049377,0.371357262134552,0.5022978782653809,0.38446176052093506,0.5132544636726379,0.39624953269958496,0.5297479033470154,0.40146684646606445,0.526746928691864,0.4065578877925873,0.4945359230041504,0.42401883006095886,0.5077009797096252,0.42920684814453125,0.5267812013626099,0.4360913932323456,0.5205381512641907,0.4425937831401825,0.4909434914588928,0.45784613490104675,0.5045310854911804,0.46010905504226685,0.5230209827423096,0.46414291858673096,0.516757607460022,0.4779631495475769,0.4785791039466858,0.49601906538009644,0.4594768285751343,0.5030146241188049,0.4444035291671753,0.507150411605835,call
0.549589991569519,0.32822465896606445,0.5412484407424927,0.31070834398269653,0.527314305305481,0.29765522480010986,0.5198136568069458,0.28728529810905457,0.5211600065231323,0.2790825068950653,0.5136958360671997,0.2877710461616516,0.4851648211479187,0.2946823239326477,0.47653287649154663,0.30288776755332947,0.47338148951530457,0.3095209300518036,0.5084187388420105,0.2923063635826111,0.4829816222190857,0.3023403584957123,0.48055049777030945,0.3118092119693756,0.4807969331741333,0.3196987211704254,0.5034183859825134,0.2986313998699188,0.47863709926605225,0.3071228265762329,0.47642457485198975,0.3171088993549347,0.4781967103481293,0.32444047927856445,0.4990207850933075,0.3072775900363922,0.47426241636276245,0.3084774911403656,0.4596621096134186,0.3103318512439728,0.44764137268066406,0.31088268756866455,call
0.6043766140937805,0.4061744213104248,0.5967195630073547,0.37729254364967346,0.5737406611442566,0.3544057607650757,0.5585739612579346,0.33506152033805847,0.5610672235488892,0.3180459439754486,0.5365603566169739,0.35547536611557007,0.5284180641174316,0.37165001034736633,0.5398983955383301,0.38011565804481506,0.5496262311935425,0.38438183069229126,0.5230410099029541,0.37046340107917786,0.5229146480560303,0.39025184512138367,0.5340684652328491,0.39853501319885254,0.5442291498184204,0.4029945135116577,0.5167480111122131,0.38819238543510437,0.5129391551017761,0.4031173288822174,0.5215669274330139,0.41188183426856995,0.531694233417511,0.417184978723526,0.5171604752540588,0.4070383906364441,0.49451157450675964,0.41213423013687134,0.47779256105422974,0.417776882648468,0.46407029032707214,0.42162150144577026,call
0.6183611750602722,0.37971067428588867,0.5916876196861267,0.3458254039287567,0.5563892126083374,0.3205201029777527,0.5319713950157166,0.2998061776161194,0.5236719250679016,0.2800951600074768,0.5348432064056396,0.318943053483963,0.48605942726135254,0.34096989035606384,0.4987126290798187,0.35149046778678894,0.5153763294219971,0.3493841886520386,0.5368335247039795,0.3323149085044861,0.48813876509666443,0.36063671112060547,0.5045188069343567,0.3658809959888458,0.5208364725112915,0.3632774353027344,0.5384213924407959,0.3502204716205597,0.49521946907043457,0.37445229291915894,0.5094406604766846,0.37882447242736816,0.525407075881958,0.37556469440460205,0.544404923915863,0.3692193031311035,0.504873514175415,0.38769736886024475,0.49701374769210815,0.39491698145866394,0.4913654625415802,0.39682939648628235,call
0.7365555167198181,0.5822064876556396,0.6817491054534912,0.5579705238342285,0.6161136031150818,0.5446126461029053,0.5714902877807617,0.5239874124526978,0.5546539425849915,0.49539914727211,0.5929181575775146,0.5659478306770325,0.5422335267066956,0.5991965532302856,0.5662015676498413,0.5962018966674805,0.5893957018852234,0.5865927934646606,0.6078434586524963,0.5936731696128845,0.5623135566711426,0.6223602890968323,0.5866925716400146,0.6186431050300598,0.6065277457237244,0.6099961400032043,0.6274501085281372,0.6221491098403931,0.577675461769104,0.6456170678138733,0.5971987843513489,0.6421242952346802,0.6197040677070618,0.6336191892623901,0.6493653059005737,0.6469513773918152,0.6044815182685852,0.6752966642379761,0.581760585308075,0.6937267780303955,0.5613986253738403,0.7088962197303772,call
0.28876250982284546,0.6395842432975769,0.3051035702228546,0.6198288798332214,0.3271420896053314,0.6037619113922119,0.3391164243221283,0.5903052687644958,0.3340368866920471,0.5799781084060669,0.35763928294181824,0.6059853434562683,0.40840938687324524,0.6078580021858215,0.3999767303466797,0.6150858998298645,0.3848174512386322,0.616504430770874,0.36324694752693176,0.616771936416626,0.4105222225189209,0.6202572584152222,0.3997485041618347,0.6266287565231323,0.3841191828250885,0.6266196370124817,0.36559587717056274,0.6290144920349121,0.4106556177139282,0.6306623816490173,0.4013534486293793,0.6358386278152466,0.38721024990081787,0.6363843679428101,0.36569300293922424,0.640997588634491,0.4042680263519287,0.6418419480323792,0.4263041019439697,0.6430492401123047,0.44465354084968567,0.6421998143196106,call
0.3533629775047302,0.3390694558620453,0.3643036484718323,0.30694544315338135,0.37602055072784424,0.2797316312789917,0.38446977734565735,0.257833331823349,0.3858102858066559,0.23698152601718903,0.4084247648715973,0.29153695702552795,0.41734036803245544,0.322735071182251,0.41167154908180237,0.3386349081993103,0.40461602807044983,0.339779257774353,0.41142603754997253,0.3143942058086395,0.41977736353874207,0.3421573042869568,0.41270747780799866,0.3550664782524109,0.40516799688339233,0.35433387756347656,0.41069677472114563,0.33887672424316406,0.4212202727794647,0.3626573085784912,0.4151355028152466,0.3743584454059601,0.4094909429550171,0.3751086890697479,0.40806320309638977,0.3645382225513458,0.42740491032600403,0.3804680109024048,0.4400286376476288,0.390001505613327,0.45154455304145813,0.3945330083370209,call
0.4523518681526184,0.41863885521888733,0.4587123394012451,0.3956981301307678,0.4687774181365967,0.37288978695869446,0.47507864236831665,0.3545958697795868,0.47668036818504333,0.33958151936531067,0.4782056212425232,0.37760642170906067,0.4929935336112976,0.3881973922252655,0.48743778467178345,0.3942473530769348,0.4817776083946228,0.39253300428390503,0.47851821780204773,0.39318475127220154,0.4926823377609253,0.4036991596221924,0.48755407333374023,0.4095246195793152,0.48262161016464233,0.4075508117675781,0.47891438007354736,0.4100368916988373,0.492308646440506,0.41945573687553406,0.4871922433376312,0.42397966980934143,0.4816565215587616,0.4220507740974426,0.4794093072414398,0.42683011293411255,0.49338844418525696,0.4328193664550781,0.5013266801834106,0.4381024241447449,0.5081691741943359,0.44126543402671814,call
0.30020028352737427,0.6101603507995605,0.3095499277114868,0.5661936402320862,0.33889636397361755,0.5159424543380737,0.35941261053085327,0.4783186614513397,0.3544791638851166,0.4441586434841156,0.37074530124664307,0.5092407464981079,0.40615418553352356,0.5550596714019775,0.3912961184978485,0.571501612663269,0.3776146173477173,0.5666635632514954,0.3708457052707672,0.5318365097045898,0.40699562430381775,0.5775333642959595,0.3896283507347107,0.5948340892791748,0.37487295269966125,0.5927127599716187,0.3704572021961212,0.5609362125396729,0.40423089265823364,0.6038748025894165,0.38807156682014465,0.617344856262207,0.3722996711730957,0.6137568950653076,0.37090715765953064,0.5947993397712708,0.4100596010684967,0.5999009013175964,0.4341011345386505,0.60589599609375,0.4536709189414978,0.6093515753746033,call
0.3933812379837036,0.43196702003479004,0.42397117614746094,0.3830723166465759,0.464179664850235,0.33790239691734314,0.4924531877040863,0.30047667026519775,0.49221566319465637,0.264917254447937,0.5431721806526184,0.3401526212692261,0.5876148343086243,0.3853997588157654,0.5560929179191589,0.40247786045074463,0.5287576913833618,0.4016140401363373,0.5513468384742737,0.36841538548469543,0.5876040458679199,0.4123287498950958,0.5529138445854187,0.42417803406715393,0.5257509350776672,0.4199085235595703,0.5497022867202759,0.40094780921936035,0.5856711864471436,0.43840736150741577,0.5503162145614624,0.4482305347919464,0.5242692828178406,0.4437234401702881,0.5434974431991577,0.43659889698028564,0.6064519286155701,0.44988396763801575,0.6374354362487793,0.45769020915031433,0.666435956954956,0.4597826302051544,call
0.2963261008262634,0.4668677747249603,0.32232382893562317,0.43477970361709595,0.35413649678230286,0.4114517569541931,0.3822716474533081,0.3955930471420288,0.38937804102897644,0.37676143646240234,0.40183740854263306,0.4275151193141937,0.43268173933029175,0.4499017000198364,0.413420706987381,0.45543837547302246,0.39668819308280945,0.45057833194732666,0.3998750150203705,0.4495275616645813,0.42804762721061707,0.46969908475875854,0.4078866243362427,0.4732291102409363,0.3929347097873688,0.46821507811546326,0.392951637506485,0.47126585245132446,0.4252118766307831,0.4883502721786499,0.407584547996521,0.49078086018562317,0.391352117061615,0.48584794998168945,0.38361233472824097,0.49076300859451294,0.41905736923217773,0.5038340091705322,0.4384238123893738,0.512427031993866,0.4571503698825836,0.5171441435813904,call
0.7308230996131897,0.5136997103691101,0.7127892374992371,0.4851151406764984,0.6807496547698975,0.4609666168689728,0.6610385179519653,0.44107329845428467,0.6639165282249451,0.4245133399963379,0.653861403465271,0.46070367097854614,0.6250047087669373,0.4818263351917267,0.6330848336219788,0.49414294958114624,0.6440895199775696,0.5011909008026123,0.6497205495834351,0.47288191318511963,0.6275954246520996,0.4988338351249695,0.6397129893302917,0.5092113614082336,0.6507996320724487,0.517410933971405,0.6490472555160522,0.4882361590862274,0.627238929271698,0.5093770623207092,0.6384425163269043,0.5202174186706543,0.6503340005874634,0.5275123715400696,0.6526708602905273,0.5053911209106445,0.6179419755935669,0.516409695148468,0.6013568639755249,0.523633599281311,0.5864576697349548,0.5283539295196533,call
0.8073728084564209,0.512600302696228,0.7544905543327332,0.4693848490715027,0.6921982169151306,0.43364983797073364,0.6490569710731506,0.40005573630332947,0.630868136882782,0.36610233783721924,0.6398821473121643,0.4603922665119171,0.5833985805511475,0.4917116165161133,0.6073160767555237,0.5005491971969604,0.6338744759559631,0.49645861983299255,0.6422175765037537,0.4962034523487091,0.5888739228248596,0.5224078893661499,0.6117296814918518,0.5300951600074768,0.6352935433387756,0.5254361629486084,0.6532466411590576,0.5328432321548462,0.589579164981842,0.5528637170791626,0.6077055931091309,0.5604216456413269,0.6345584392547607,0.5567181706428528,0.6691808104515076,0.5665223598480225,0.5967020988464355,0.5800646543502808,0.5531826019287109,0.5920436978340149,0.5191700458526611,0.5993800163269043,call
0.2923584282398224,0.3972161114215851,0.3188818395137787,0.37103232741355896,0.35018864274024963,0.3514479994773865,0.37233585119247437,0.3348068296909332,0.3725353479385376,0.3173050284385681,0.39235565066337585,0.34192636609077454,0.419437438249588,0.37148338556289673,0.406311959028244,0.38630351424217224,0.39037105441093445,0.3886202871799469,0.4011421501636505,0.3558221459388733,0.4180983006954193,0.38663944602012634,0.39691027998924255,0.3963763117790222,0.3797134459018707,0.3948323726654053,0.40327128767967224,0.3740926682949066,0.421517014503479,0.4020529091358185,0.3991476893424988,0.41104671359062195,0.3824860453605652,0.4102577567100525,0.40248844027519226,0.39398255944252014,0.4434492290019989,0.40214166045188904,0.4640355706214905,0.40990203619003296,0.48029398918151855,0.4163843095302582,call
0.38200366497039795,0.4937986135482788,0.3770957589149475,0.45814934372901917,0.3808026611804962,0.42640557885169983,0.3861547112464905,0.39840057492256165,0.3775634169578552,0.3764813542366028,0.42648741602897644,0.41221365332603455,0.4627988934516907,0.42198699712753296,0.4521540403366089,0.4365967810153961,0.43560731410980225,0.4398950934410095,0.4449770152568817,0.43283653259277344,0.4755708873271942,0.4390539824962616,0.4627785384654999,0.4505196511745453,0.44639235734939575,0.45272478461265564,0.45832130312919617,0.4556206166744232,0.4938907027244568,0.4561880826950073,0.48108017444610596,0.46596455574035645,0.46289199590682983,0.4693317115306854,0.46976810693740845,0.47756707668304443,0.5110973119735718,0.4730162024497986,0.5371060371398926,0.47131964564323425,0.5590160489082336,0.46643003821372986,call
0.5787239670753479,0.6775032877922058,0.5795897245407104,0.6394165754318237,0.5698665976524353,0.6031138896942139,0.5651594400405884,0.5752967000007629,0.5771956443786621,0.5537815093994141,0.5608094334602356,0.5948891043663025,0.5034561157226562,0.596458911895752,0.5066500902175903,0.6106035113334656,0.5198760628700256,0.6152926087379456,0.5530228614807129,0.6089233756065369,0.49234068393707275,0.6153322458267212,0.5019163489341736,0.6269114017486572,0.5141658186912537,0.6320852637290955,0.5392758846282959,0.6247064471244812,0.48632505536079407,0.6288121938705444,0.49403828382492065,0.6392880082130432,0.5064839720726013,0.6436508297920227,0.5267810821533203,0.6415159106254578,0.48182785511016846,0.6447098255157471,0.46703270077705383,0.6479759812355042,0.45424044132232666,0.6470150947570801,call
0.7893797755241394,0.3743301331996918,0.7536695003509521,0.3407253324985504,0.7071326375007629,0.3214895725250244,0.66901695728302,0.3070484697818756,0.6513214707374573,0.2891818881034851,0.6627565622329712,0.34298059344291687,0.6297991871833801,0.36893001198768616,0.6507973670959473,0.3713279068470001,0.6690491437911987,0.3660227358341217,0.670077383518219,0.36403709650039673,0.6422802209854126,0.3904266655445099,0.6615681052207947,0.38872623443603516,0.6789896488189697,0.3822151720523834,0.6835390329360962,0.38591209053993225,0.6556933522224426,0.4056805372238159,0.6704766154289246,0.4037758708000183,0.6871554851531982,0.39770346879959106,0.6995460391044617,0.406046062707901,0.6623421311378479,0.4190487861633301,0.6623719930648804,0.41874051094055176,0.6663222312927246,0.4152591824531555,call
0.7540224194526672,0.6742445230484009,0.7369272708892822,0.6842969655990601,0.7310528755187988,0.6993731260299683,0.7290992736816406,0.7123825550079346,0.7268708944320679,0.721797525882721,0.7494017481803894,0.7109634280204773,0.7444825768470764,0.727837085723877,0.735751211643219,0.7297552824020386,0.7297574281692505,0.7277042269706726,0.7585126161575317,0.711151123046875,0.752933919429779,0.7268266081809998,0.7421841025352478,0.729324221611023,0.7337581515312195,0.728294312953949,0.7639681696891785,0.7100128531455994,0.7594369053840637,0.7241313457489014,0.7500922083854675,0.7277013659477234,0.7422271966934204,0.7278882265090942,0.7661707401275635,0.7080918550491333,0.7664711475372314,0.7207514047622681,0.7617706656455994,0.7259325981140137,0.757192850112915,0.7279054522514343,call
0.3315955400466919,0.5609222650527954,0.3569953441619873,0.5067769885063171,0.380836546421051,0.4556533098220825,0.4004541337490082,0.41312289237976074,0.4038151502609253,0.37607964873313904,0.4233723282814026,0.46555668115615845,0.4617013931274414,0.49942323565483093,0.44422727823257446,0.5173580646514893,0.42738884687423706,0.5133495330810547,0.42408522963523865,0.502441942691803,0.4577326774597168,0.5339565873146057,0.4377237856388092,0.5485849380493164,0.4203220307826996,0.5423716902732849,0.4219539165496826,0.5400444865226746,0.4529542922973633,0.5652607083320618,0.43470102548599243,0.5756859183311462,0.41673949360847473,0.5707793831825256,0.41747772693634033,0.5763566493988037,0.45043057203292847,0.5980160236358643,0.46942847967147827,0.6131957173347473,0.48668935894966125,0.6199405789375305,call
0.341508686542511,0.5026686787605286,0.37736237049102783,0.45916903018951416,0.4450382590293884,0.41225239634513855,0.4826591908931732,0.3699897825717926,0.48492515087127686,0.3276599049568176,0.4615492820739746,0.4228946268558502,0.5646660923957825,0.45821601152420044,0.5304926633834839,0.4685342609882355,0.4990288317203522,0.46004846692085266,0.44813457131385803,0.45753636956214905,0.5553151965141296,0.4911917746067047,0.5198513269424438,0.49944934248924255,0.4857119917869568,0.49213555455207825,0.4349726736545563,0.4949498772621155,0.5357484817504883,0.5221220254898071,0.5063577890396118,0.5265406966209412,0.4695572853088379,0.5183178782463074,0.42587414383888245,0.5314868092536926,0.5079712867736816,0.5519588589668274,0.5611283183097839,0.5651812553405762,0.6050199270248413,0.571639895439148,call
0.2697191536426544,0.6399902701377869,0.3028974235057831,0.5968021154403687,0.33914217352867126,0.5605003237724304,0.36387181282043457,0.5272161364555359,0.3634483814239502,0.49606502056121826,0.3883664608001709,0.5779117941856384,0.44597184658050537,0.5967968702316284,0.42377907037734985,0.6041943430900574,0.4014161229133606,0.6021527647972107,0.3853442072868347,0.6100592613220215,0.44751691818237305,0.6247080564498901,0.4254416525363922,0.6294243335723877,0.40163281559944153,0.6269270777702332,0.3789908289909363,0.6407838463783264,0.4427472651004791,0.6516144871711731,0.4206271171569824,0.6549088954925537,0.3953186571598053,0.65284663438797,0.37129175662994385,0.6673879623413086,0.42615461349487305,0.682413637638092,0.45889419317245483,0.6944783926010132,0.4888039231300354,0.7030302286148071,call
0.7085960507392883,0.6135026216506958,0.703271746635437,0.575092077255249,0.6821627616882324,0.5368710160255432,0.6699022054672241,0.5064883232116699,0.675327718257904,0.48176077008247375,0.6386967301368713,0.5319551229476929,0.5828368663787842,0.5475652813911438,0.5979556441307068,0.5584512948989868,0.6196204423904419,0.5583033561706543,0.6335884928703308,0.55082106590271,0.5834158062934875,0.5675256252288818,0.603078305721283,0.5739898681640625,0.6227989792823792,0.5732874870300293,0.6303959488868713,0.5743406414985657,0.5827795267105103,0.5836625099182129,0.5993249416351318,0.5896903276443481,0.6182624697685242,0.5908676981925964,0.6323645114898682,0.5993656516075134,0.5829346179962158,0.5995368957519531,0.5598224997520447,0.6018090844154358,0.5407795310020447,0.6023188829421997,call
0.36275672912597656,0.8673928380012512,0.40334367752075195,0.8431740999221802,0.44364845752716064,0.833562970161438,0.48028236627578735,0.8434115648269653,0.5044596195220947,0.8541015386581421,0.45384788513183594,0.8609002232551575,0.49136191606521606,0.8699707388877869,0.47775202989578247,0.8640347123146057,0.45938581228256226,0.8589882254600525,0.4460655152797699,0.8836216926574707,0.48568275570869446,0.8898787498474121,0.47361311316490173,0.8824488520622253,0.45695292949676514,0.8785682320594788,0.43593788146972656,0.9023441672325134,0.47563669085502625,0.9073107838630676,0.4650224447250366,0.9004042148590088,0.4479553997516632,0.8963074684143066,0.42370468378067017,0.9175204634666443,0.45578718185424805,0.9193682670593262,0.4471322000026703,0.9125680327415466,0.4322074353694916,0.9092082977294922,call
0.6694172620773315,0.46944659948349,0.6416068077087402,0.4321066439151764,0.6086976528167725,0.4105946719646454,0.5817373991012573,0.38945910334587097,0.5702792406082153,0.36664992570877075,0.5575833320617676,0.42495980858802795,0.5519054532051086,0.4751478135585785,0.5718051195144653,0.49108895659446716,0.5926017761230469,0.49608156085014343,0.5527036786079407,0.4459504187107086,0.55620938539505,0.4941560626029968,0.5786700248718262,0.5070968866348267,0.5987839102745056,0.5128196477890015,0.5555304884910583,0.46875712275505066,0.5551056265830994,0.5082346200942993,0.5796312093734741,0.5196282267570496,0.6012746691703796,0.5228499174118042,0.5627318620681763,0.4941425025463104,0.5288166403770447,0.5152843594551086,0.5081797242164612,0.5296254754066467,0.49089038372039795,0.541408121585846,call
0.47257524728775024,0.4017026126384735,0.5274139046669006,0.3573002815246582,0.5880791544914246,0.3250875473022461,0.6417370438575745,0.3010515570640564,0.6688527464866638,0.27465513348579407,0.6338676810264587,0.3465568423271179,0.6989412903785706,0.37449535727500916,0.6728160977363586,0.38395944237709045,0.6469722390174866,0.3811799883842468,0.6263253688812256,0.3810266852378845,0.6869100332260132,0.4049358069896698,0.660934567451477,0.40910816192626953,0.6370869874954224,0.4030526578426361,0.6140521168708801,0.41478052735328674,0.675830066204071,0.433930367231369,0.6518863439559937,0.43610864877700806,0.6260309815406799,0.4306411147117615,0.5998649001121521,0.4444439709186554,0.6608209609985352,0.46346208453178406,0.6925126314163208,0.47773295640945435,0.7191165685653687,0.4885717034339905,call
0.2957184910774231,0.4578852653503418,0.34199196100234985,0.43227267265319824,0.3946111500263214,0.42251378297805786,0.44099536538124084,0.4237111508846283,0.47056761384010315,0.41678306460380554,0.428656667470932,0.4538343548774719,0.454730749130249,0.4851248264312744,0.4331410527229309,0.4865061938762665,0.41658705472946167,0.47728073596954346,0.41443347930908203,0.47686120867729187,0.4380488097667694,0.5042595267295837,0.4158107042312622,0.502979576587677,0.4013976752758026,0.4938197731971741,0.3959316611289978,0.49814510345458984,0.425612211227417,0.5234460234642029,0.4066433608531952,0.5210362076759338,0.3905234932899475,0.5112277269363403,0.37669625878334045,0.5167040824890137,0.4101693332195282,0.5432131886482239,0.4290804862976074,0.5594608783721924,0.44822216033935547,0.5707782506942749,call
0.07418704032897949,0.9045398235321045,0.09931525588035583,0.9266366362571716,0.10482311248779297,0.9583457112312317,0.10405215620994568,0.984719455242157,0.10379950702190399,1.004704236984253,0.06410536170005798,0.9745813012123108,0.05134096369147301,1.0027378797531128,0.04602968692779541,1.0191532373428345,0.043226469308137894,1.0316270589828491,0.04195494204759598,0.9725603461265564,0.02462073788046837,0.999262273311615,0.018398351967334747,1.0160971879959106,0.014795100316405296,1.0295939445495605,0.025419756770133972,0.9680505990982056,0.007919052615761757,0.9938770532608032,0.0017999373376369476,1.0093492269515991,-0.0029892995953559875,1.022334098815918,0.012825829908251762,0.9625552296638489,-0.003420460969209671,0.9841247797012329,-0.01018473505973816,0.9969493746757507,-0.014949910342693329,1.0074238777160645,call
0.7040444016456604,0.5823644995689392,0.7011185884475708,0.5524489879608154,0.6870805621147156,0.524348795413971,0.6755927205085754,0.5036270022392273,0.6768528819084167,0.48754316568374634,0.6416283845901489,0.5235539674758911,0.595653772354126,0.531616747379303,0.6054191589355469,0.5390036106109619,0.6209962964057922,0.5395458936691284,0.6374625563621521,0.5382744073867798,0.5925986766815186,0.5480295419692993,0.6043778657913208,0.5522236227989197,0.6182385087013245,0.5524374842643738,0.6366639733314514,0.5548596978187561,0.5956127643585205,0.5610096454620361,0.6029624342918396,0.5646923780441284,0.614138126373291,0.5664611458778381,0.6391470432281494,0.5725977420806885,0.601444661617279,0.5742113590240479,0.5946269035339355,0.5749830007553101,0.5913364887237549,0.5744781494140625,call
0.7169010639190674,0.48156043887138367,0.6937061548233032,0.4559852182865143,0.6615296006202698,0.43403658270835876,0.6439958214759827,0.4156371057033539,0.6510374546051025,0.40012064576148987,0.6243272423744202,0.4348296821117401,0.5914312601089478,0.4627993404865265,0.6062101721763611,0.47146695852279663,0.6219451427459717,0.47161421179771423,0.6220455169677734,0.4511282742023468,0.5937695503234863,0.4794197678565979,0.6120274066925049,0.48460713028907776,0.6268515586853027,0.48356330394744873,0.623913049697876,0.46983692049980164,0.5964493155479431,0.49303415417671204,0.6144712567329407,0.4966229796409607,0.6311366558074951,0.495278537273407,0.6298431158065796,0.48978111147880554,0.5887130498886108,0.5019903779029846,0.5678403377532959,0.510718822479248,0.5486828684806824,0.5169801712036133,call
0.5790602564811707,0.42753660678863525,0.5615991353988647,0.4037553668022156,0.5380759835243225,0.3849073052406311,0.5267295837402344,0.3680083453655243,0.5304500460624695,0.35375282168388367,0.5065304040908813,0.38580241799354553,0.47128307819366455,0.4016357660293579,0.47265270352363586,0.4121308922767639,0.48055875301361084,0.4169590175151825,0.5048965811729431,0.39564770460128784,0.4674488306045532,0.4135884642601013,0.47262388467788696,0.4234398603439331,0.48282337188720703,0.42857661843299866,0.5061038136482239,0.4085339903831482,0.46946895122528076,0.42281991243362427,0.4747890830039978,0.43217575550079346,0.4854726195335388,0.4365331828594208,0.5123279094696045,0.4228953719139099,0.47716453671455383,0.43355801701545715,0.459738552570343,0.4405551552772522,0.446336954832077,0.44432103633880615,call
0.36892378330230713,0.4163777828216553,0.37545454502105713,0.3947257697582245,0.3874545395374298,0.37755081057548523,0.3993683159351349,0.36334726214408875,0.40023818612098694,0.3511697053909302,0.4256659746170044,0.3797074258327484,0.43285831809043884,0.3927517235279083,0.42329922318458557,0.39847514033317566,0.41230177879333496,0.3986702561378479,0.4347124993801117,0.39337658882141113,0.43625661730766296,0.4044343829154968,0.42598843574523926,0.4081055819988251,0.4159940779209137,0.408079594373703,0.43658456206321716,0.4082772433757782,0.44004684686660767,0.41660162806510925,0.42995622754096985,0.4193720817565918,0.4200708866119385,0.41885948181152344,0.4332883358001709,0.42278802394866943,0.45000651478767395,0.4289461672306061,0.4604187607765198,0.4347831904888153,0.4680878818035126,0.4391084909439087,call
0.6104158163070679,0.5560029745101929,0.6019161343574524,0.5193712115287781,0.6032690405845642,0.48645663261413574,0.6085282564163208,0.4618237316608429,0.6170709133148193,0.44289833307266235,0.6244591474533081,0.4794791638851166,0.5923287868499756,0.4714345932006836,0.5914521813392639,0.4875658452510834,0.5986777544021606,0.49485233426094055,0.6265329122543335,0.49479931592941284,0.5887823104858398,0.4889426529407501,0.5915746092796326,0.5034310817718506,0.5988258123397827,0.5091902017593384,0.6217697858810425,0.5112640261650085,0.5876917243003845,0.5042229890823364,0.5917288064956665,0.516474723815918,0.5995118618011475,0.5221297740936279,0.614905834197998,0.5293648838996887,0.5866535902023315,0.5190756916999817,0.5735743045806885,0.5154226422309875,0.5635418891906738,0.5094029307365417,call
0.3726056218147278,0.40653806924819946,0.38736778497695923,0.3538609445095062,0.4217936396598816,0.3047600984573364,0.4534222483634949,0.2705932557582855,0.4605913758277893,0.23722399771213531,0.4897083640098572,0.3062901496887207,0.5414044260978699,0.33925890922546387,0.5176337957382202,0.3547487258911133,0.48824232816696167,0.35580772161483765,0.5024511814117432,0.3349340856075287,0.5455796718597412,0.36811563372612,0.5182178616523743,0.3785809874534607,0.49222686886787415,0.3753443658351898,0.506144642829895,0.36865293979644775,0.5483908653259277,0.3954493999481201,0.5222914218902588,0.40328603982925415,0.4977901875972748,0.399200975894928,0.5056825876235962,0.4047180712223053,0.5739136338233948,0.41487178206443787,0.6119112968444824,0.42436593770980835,0.6448668241500854,0.430220365524292,call
0.3599582314491272,0.33174002170562744,0.3651823103427887,0.3060360252857208,0.37535950541496277,0.28064095973968506,0.3801971673965454,0.25891849398612976,0.3737446367740631,0.24272319674491882,0.4172312021255493,0.2770630419254303,0.44467759132385254,0.2923511266708374,0.4363964796066284,0.30231016874313354,0.42348945140838623,0.30377575755119324,0.4259530305862427,0.29004067182540894,0.45296525955200195,0.30342209339141846,0.44218888878822327,0.3122965097427368,0.4288930892944336,0.3122384250164032,0.43186306953430176,0.3053285479545593,0.45862019062042236,0.3154395520687103,0.4480479955673218,0.3225267827510834,0.43559253215789795,0.32226240634918213,0.43610864877700806,0.32189157605171204,0.46874260902404785,0.3220219016075134,0.4891315698623657,0.3230478763580322,0.5065481066703796,0.3217868208885193,call
0.669759213924408,0.6241095662117004,0.6504929065704346,0.6014372706413269,0.6180657148361206,0.5772058367729187,0.5972755551338196,0.557269275188446,0.5944867730140686,0.5371932983398438,0.6000388860702515,0.577120304107666,0.5577231049537659,0.596585214138031,0.574343740940094,0.6031187772750854,0.5898938179016113,0.5988472700119019,0.6022613048553467,0.5931393504142761,0.563763439655304,0.6138027310371399,0.5811869502067566,0.6173495650291443,0.5945979952812195,0.6142379641532898,0.6044281125068665,0.6122953295707703,0.5717901587486267,0.627213180065155,0.585197925567627,0.6315199136734009,0.5979298949241638,0.629540205001831,0.608356773853302,0.6295042037963867,0.576416015625,0.6406902074813843,0.5690596103668213,0.6446362733840942,0.5622715353965759,0.6448490619659424,call
0.7864311337471008,0.5488618612289429,0.7741544246673584,0.49453163146972656,0.7417916655540466,0.45498672127723694,0.7193865180015564,0.41823482513427734,0.7219388484954834,0.3886869251728058,0.6612886786460876,0.4510655999183655,0.6070430874824524,0.48268982768058777,0.6251706480979919,0.5000901818275452,0.6498499512672424,0.5092687606811523,0.6437706351280212,0.47760307788848877,0.604010283946991,0.5085826516151428,0.6251362562179565,0.5239741206169128,0.6476602554321289,0.5318413972854614,0.6376789212226868,0.5089581608772278,0.5969122648239136,0.5318523645401001,0.6171990633010864,0.5443381667137146,0.6426914930343628,0.5516175031661987,0.6400854587554932,0.542483925819397,0.5714647173881531,0.5491555333137512,0.5308353304862976,0.5560562610626221,0.4970967769622803,0.5601520538330078,call
0.7301784753799438,0.537771999835968,0.7217646837234497,0.5026747584342957,0.7012224793434143,0.46838173270225525,0.6856332421302795,0.44158321619033813,0.6921988725662231,0.4211299419403076,0.6615239977836609,0.4618919789791107,0.6068211793899536,0.47271835803985596,0.6220112442970276,0.4864022731781006,0.642738401889801,0.48917001485824585,0.6536693572998047,0.48047247529029846,0.6023175120353699,0.4947981834411621,0.6206104159355164,0.504469096660614,0.640472412109375,0.5048621892929077,0.646706759929657,0.5011576414108276,0.5988376140594482,0.5107767581939697,0.6136041879653931,0.5185060501098633,0.6330215334892273,0.5200145840644836,0.6418092846870422,0.523285448551178,0.5924592018127441,0.5199058055877686,0.5657285451889038,0.5199208855628967,0.5430256128311157,0.5175296664237976,call
0.3167179822921753,0.8660742044448853,0.3521862328052521,0.8498532772064209,0.3909127414226532,0.8462024927139282,0.4217298626899719,0.8509310483932495,0.4458838105201721,0.8561531901359558,0.3878967761993408,0.8883801698684692,0.43046507239341736,0.8867170214653015,0.4444659650325775,0.8768890500068665,0.4473174214363098,0.8678547739982605,0.37542635202407837,0.9036843180656433,0.4189068078994751,0.8991681933403015,0.43126699328422546,0.8859960436820984,0.43276241421699524,0.8753543496131897,0.36440372467041016,0.9105780720710754,0.4024614691734314,0.9062235951423645,0.413449764251709,0.8947547078132629,0.4149661064147949,0.8851903080940247,0.35468730330467224,0.912469208240509,0.3867546021938324,0.9102435111999512,0.39784863591194153,0.9021154642105103,0.4010067284107208,0.8941793441772461,call
0.764829695224762,0.6637749671936035,0.7610341906547546,0.6114200353622437,0.7188112139701843,0.5790651440620422,0.6659926772117615,0.57230544090271,0.6236535906791687,0.5785480737686157,0.7108789086341858,0.5683029890060425,0.66459721326828,0.5156049728393555,0.6275712251663208,0.4842416048049927,0.599246621131897,0.46102118492126465,0.6875202059745789,0.59566730260849,0.6044327616691589,0.5515299439430237,0.5574415922164917,0.5232188105583191,0.5271114110946655,0.5029615163803101,0.6698812246322632,0.6256575584411621,0.5777525901794434,0.6013393998146057,0.5286175608634949,0.5891704559326172,0.4975939393043518,0.5798649787902832,0.6587471961975098,0.6565042734146118,0.6054494380950928,0.6481187343597412,0.5832400918006897,0.6420523524284363,0.5694403648376465,0.6340648531913757,call
0.5916206240653992,0.712631344795227,0.5919366478919983,0.6818509697914124,0.5779218077659607,0.6557241678237915,0.5671185255050659,0.6354161500930786,0.5681777596473694,0.6186179518699646,0.5598363280296326,0.6505826115608215,0.5285312533378601,0.6611456274986267,0.5366363525390625,0.6700132489204407,0.5473595857620239,0.6719419956207275,0.5525180101394653,0.6621148586273193,0.5241549611091614,0.6757643818855286,0.5369006991386414,0.6816564202308655,0.5472824573516846,0.682954728603363,0.545395016670227,0.6758831143379211,0.5201863050460815,0.6860036253929138,0.5324553847312927,0.6902816891670227,0.5432920455932617,0.6911562085151672,0.5409051775932312,0.6905409097671509,0.511945366859436,0.6939254999160767,0.5010989308357239,0.694717526435852,0.49028751254081726,0.6931851506233215,call
0.5469494462013245,0.5213260650634766,0.5511319637298584,0.49349281191825867,0.5379278659820557,0.4699086546897888,0.5256460309028625,0.45015954971313477,0.5215097069740295,0.43304145336151123,0.4805243909358978,0.4706413149833679,0.48235049843788147,0.4871828556060791,0.49225208163261414,0.49528902769088745,0.49919283390045166,0.49978309869766235,0.46468281745910645,0.48578062653541565,0.47041550278663635,0.49960842728614807,0.48151275515556335,0.5073255300521851,0.48933663964271545,0.511722981929779,0.4581003785133362,0.5035085678100586,0.4539967179298401,0.5129828453063965,0.46340683102607727,0.52005934715271,0.4732614755630493,0.5251700282096863,0.45801931619644165,0.5218326449394226,0.42882242798805237,0.5232700705528259,0.40815114974975586,0.5242724418640137,0.390696257352829,0.5247893333435059,call
0.6648905277252197,0.6910351514816284,0.6357975006103516,0.6697876453399658,0.6055082082748413,0.6434520483016968,0.5882561802864075,0.6201715469360352,0.5823211669921875,0.599200427532196,0.6075490117073059,0.6278022527694702,0.5564577579498291,0.6381142139434814,0.5647813081741333,0.6516723036766052,0.5789766907691956,0.6530380845069885,0.6168217658996582,0.6390445232391357,0.5636403560638428,0.6564452648162842,0.5765426754951477,0.6673350930213928,0.5886526703834534,0.6683164834976196,0.6189647912979126,0.6554943323135376,0.5710275173187256,0.6722278594970703,0.5823725461959839,0.6804300546646118,0.5952390432357788,0.6809135675430298,0.619825541973114,0.6736961603164673,0.5748031139373779,0.6862081289291382,0.5565053820610046,0.6914072632789612,0.5412126779556274,0.692343533039093,call
0.46605926752090454,0.5829309225082397,0.46523991227149963,0.5528199672698975,0.45884114503860474,0.5197778344154358,0.45359429717063904,0.4930669367313385,0.4597592353820801,0.4730638265609741,0.44434142112731934,0.5157513618469238,0.4139164388179779,0.5163109302520752,0.4182130694389343,0.5301400423049927,0.4279960095882416,0.5361960530281067,0.44024670124053955,0.5303906798362732,0.40755409002304077,0.5345674753189087,0.4147487282752991,0.5463054776191711,0.42510709166526794,0.548065185546875,0.4350992739200592,0.548322856426239,0.4051176905632019,0.5489792227745056,0.4123743176460266,0.559272825717926,0.42275360226631165,0.560658872127533,0.43131446838378906,0.5680330991744995,0.40624237060546875,0.5655184984207153,0.3933718502521515,0.5648043155670166,0.3822670876979828,0.5601106286048889,call
0.37716394662857056,0.5517255663871765,0.39737147092819214,0.5377514958381653,0.41972848773002625,0.526829183101654,0.4391937255859375,0.5192388296127319,0.44875720143318176,0.509224534034729,0.4539591670036316,0.5349547266960144,0.46818721294403076,0.5554841756820679,0.45393213629722595,0.558805525302887,0.4429476857185364,0.5546708106994629,0.45122820138931274,0.5469770431518555,0.4626297652721405,0.5660809874534607,0.44840484857559204,0.5675875544548035,0.4388452470302582,0.5622193217277527,0.4443134069442749,0.559380292892456,0.4561302363872528,0.5758653879165649,0.44331029057502747,0.5763732194900513,0.4339734613895416,0.5712673664093018,0.43529805541038513,0.5714576244354248,0.45524582266807556,0.5842031836509705,0.465873658657074,0.5916436910629272,0.47605204582214355,0.596426248550415,call
0.4339366555213928,0.4903682470321655,0.4682578444480896,0.46622467041015625,0.5034937262535095,0.44495123624801636,0.5240268707275391,0.42558902502059937,0.5191494226455688,0.40284964442253113,0.5461143255233765,0.4631272554397583,0.5748081803321838,0.4945005476474762,0.5544392466545105,0.4982476234436035,0.5385364294052124,0.49186617136001587,0.5390721559524536,0.48235347867012024,0.5661044716835022,0.5120000839233398,0.5470142364501953,0.5141279697418213,0.5321741700172424,0.507451593875885,0.5286568999290466,0.5009948015213013,0.5550411343574524,0.5268802046775818,0.5396395325660706,0.5274723768234253,0.5265280604362488,0.5207582116127014,0.5155378580093384,0.5190565586090088,0.5430689454078674,0.5425620675086975,0.5576223731040955,0.5565665364265442,0.5730091333389282,0.5659164190292358,call
0.7130928039550781,0.4845356345176697,0.6786668300628662,0.43678826093673706,0.6280562877655029,0.403321772813797,0.5843343138694763,0.3793812692165375,0.5599335432052612,0.3572768270969391,0.5804933309555054,0.3996276259422302,0.5223502516746521,0.4422197937965393,0.5352727770805359,0.45896071195602417,0.5535932183265686,0.4624652862548828,0.5803341865539551,0.41884657740592957,0.5297297239303589,0.4643622040748596,0.5475417971611023,0.4754128158092499,0.5655552744865417,0.4823440909385681,0.5856988430023193,0.4430575668811798,0.5381495356559753,0.4812474548816681,0.5538257360458374,0.4933629333972931,0.5696828365325928,0.5001548528671265,0.5976799726486206,0.4711976647377014,0.5427367091178894,0.49252480268478394,0.520300030708313,0.5035339593887329,0.4986708164215088,0.5114239454269409,call
0.5878574252128601,0.5301684141159058,0.5920783281326294,0.4981977939605713,0.5752903819084167,0.4662366509437561,0.5621088743209839,0.4420803189277649,0.5676178932189941,0.42277467250823975,0.5629254579544067,0.4714544415473938,0.5249385833740234,0.4703727960586548,0.5324969291687012,0.477620929479599,0.5460719466209412,0.47867724299430847,0.5529532432556152,0.48894405364990234,0.518415093421936,0.48724550008773804,0.5295131206512451,0.49237632751464844,0.5431360602378845,0.4943096935749054,0.5428909063339233,0.5067114233970642,0.5110244750976562,0.5043398141860962,0.5192621946334839,0.5089784264564514,0.5306307077407837,0.510526180267334,0.5355430245399475,0.5223437547683716,0.5040403604507446,0.5208936333656311,0.50227290391922,0.5243159532546997,0.5038883090019226,0.5258974432945251,call
0.8767656087875366,0.7655916810035706,0.8329925537109375,0.7282258868217468,0.7831759452819824,0.7132581472396851,0.7320652604103088,0.7110207080841064,0.6885508298873901,0.7112681865692139,0.7755289077758789,0.7644422054290771,0.7002452611923218,0.7688159346580505,0.6894234418869019,0.7464587688446045,0.6952652335166931,0.730707049369812,0.7777574062347412,0.7900016903877258,0.6975193023681641,0.7878971099853516,0.693526029586792,0.7600833773612976,0.7090935707092285,0.7436241507530212,0.7799630761146545,0.8055503964424133,0.7020033597946167,0.8066121935844421,0.6951724886894226,0.7810628414154053,0.7083869576454163,0.7649680376052856,0.7820825576782227,0.8138176798820496,0.7228239178657532,0.8152779340744019,0.7094436287879944,0.7973698973655701,0.7141940593719482,0.7832246422767639,call
0.6485317945480347,0.3784165382385254,0.6376381516456604,0.3505460023880005,0.6165163516998291,0.3283241391181946,0.6031802892684937,0.30975866317749023,0.6018152236938477,0.29327476024627686,0.5921058058738708,0.32463741302490234,0.5632330179214478,0.3413407504558563,0.5660824775695801,0.35419225692749023,0.572383463382721,0.36182287335395813,0.5860774517059326,0.3346397876739502,0.5587536096572876,0.3568565845489502,0.5650737285614014,0.3693343698978424,0.5721901655197144,0.3786609470844269,0.581950306892395,0.3478128910064697,0.5566221475601196,0.36731624603271484,0.5637305974960327,0.3802639842033386,0.5724253058433533,0.38848617672920227,0.5817565321922302,0.36253416538238525,0.5539625883102417,0.373672217130661,0.5443832278251648,0.3814294934272766,0.5364180207252502,0.3853987753391266,call
0.38818782567977905,0.4678771197795868,0.4017965793609619,0.4193184971809387,0.4286797046661377,0.37566936016082764,0.44747889041900635,0.3382227420806885,0.44842639565467834,0.30435454845428467,0.4796885848045349,0.38931378722190857,0.5117511749267578,0.4365196228027344,0.4996756911277771,0.4548100233078003,0.48756176233291626,0.45532479882240295,0.48159679770469666,0.4198874235153198,0.5162088871002197,0.4634252190589905,0.500072181224823,0.4782264530658722,0.48331132531166077,0.47441565990448,0.4790698289871216,0.45304369926452637,0.5156595706939697,0.4870409667491913,0.5011901259422302,0.5007654428482056,0.4863138794898987,0.4979744255542755,0.47254711389541626,0.48761188983917236,0.5084738731384277,0.5030559301376343,0.5303174257278442,0.5151083469390869,0.5496610403060913,0.5210604667663574,call
0.6420133113861084,0.866531252861023,0.6019860506057739,0.8745688199996948,0.5791500210762024,0.8976357579231262,0.5636916160583496,0.9208080172538757,0.5483940243721008,0.941119909286499,0.6241630911827087,0.9287218451499939,0.6210638284683228,0.9683970808982849,0.6168378591537476,0.9925218820571899,0.6136500835418701,1.0102559328079224,0.6499392986297607,0.9299831986427307,0.6596580743789673,0.9714940190315247,0.6594387292861938,0.9980281591415405,0.6602152585983276,1.015763521194458,0.6653516888618469,0.9274907112121582,0.676261305809021,0.9642229080200195,0.6788389682769775,0.9876314997673035,0.6794360280036926,1.0040086507797241,0.6715250015258789,0.9232266545295715,0.6799155473709106,0.9508841037750244,0.684467077255249,0.9703583717346191,0.6858739852905273,0.9850280284881592,call
0.6927314400672913,0.6993376612663269,0.6682131290435791,0.7127891182899475,0.6608875393867493,0.7313843965530396,0.6585454344749451,0.7490081787109375,0.6611015200614929,0.762387216091156,0.6965199112892151,0.7426272630691528,0.6884867548942566,0.7677373886108398,0.6743797659873962,0.7632655501365662,0.671401858329773,0.7547639608383179,0.7096180319786072,0.7437680959701538,0.6997038722038269,0.76967853307724,0.6834728717803955,0.7660366296768188,0.6796188354492188,0.7581508755683899,0.7156561017036438,0.742978572845459,0.7078880071640015,0.7671523690223694,0.6923501491546631,0.7646187543869019,0.6872232556343079,0.7575461864471436,0.7162342071533203,0.7415869832038879,0.7122354507446289,0.7610476613044739,0.7004913687705994,0.7613389492034912,0.6955287456512451,0.7556676864624023,call
0.23821929097175598,0.458967000246048,0.2506180703639984,0.4310274124145508,0.2804739475250244,0.4030091166496277,0.30825355648994446,0.3853580951690674,0.3232573866844177,0.3703766465187073,0.2864462733268738,0.41259652376174927,0.33790260553359985,0.42241308093070984,0.3245042562484741,0.42519405484199524,0.30891352891921997,0.4211983382701874,0.2886732518672943,0.43451744318008423,0.3372938632965088,0.4390886723995209,0.3233168125152588,0.44140395522117615,0.3072885572910309,0.4403146505355835,0.2921328544616699,0.454238623380661,0.33411139249801636,0.45571571588516235,0.32175716757774353,0.45654818415641785,0.3034031391143799,0.45560991764068604,0.2979014217853546,0.4708259701728821,0.3398301601409912,0.47931718826293945,0.3650643825531006,0.48695656657218933,0.3853737711906433,0.49204355478286743,call
0.504862904548645,0.5701538920402527,0.4918813407421112,0.5270962715148926,0.4531485140323639,0.5048397183418274,0.4198984205722809,0.48401468992233276,0.4100918769836426,0.46304309368133545,0.3459464907646179,0.516959011554718,0.3130706548690796,0.5463935732841492,0.33007776737213135,0.5604396462440491,0.3477613627910614,0.567288339138031,0.3252023458480835,0.5381941795349121,0.3109055757522583,0.5778830051422119,0.32884663343429565,0.5931429266929626,0.3456512987613678,0.5999200344085693,0.32161033153533936,0.562524139881134,0.30108851194381714,0.595863938331604,0.321687251329422,0.6114867329597473,0.3431338965892792,0.6188010573387146,0.3302563726902008,0.5879098176956177,0.2664282023906708,0.6023264527320862,0.2249235361814499,0.6114771366119385,0.19315467774868011,0.6179240345954895,call
0.5380949378013611,0.4268563985824585,0.5280300378799438,0.3869898021221161,0.5169417262077332,0.3631138205528259,0.5066770911216736,0.34302565455436707,0.501807689666748,0.3266075849533081,0.5044405460357666,0.3630973994731903,0.49533945322036743,0.38269683718681335,0.4971855878829956,0.3915107250213623,0.49918073415756226,0.3954717218875885,0.5023484230041504,0.3767620325088501,0.4945599138736725,0.4078781008720398,0.4991999864578247,0.41942599415779114,0.502802848815918,0.42825451493263245,0.5018661022186279,0.3950116038322449,0.49354028701782227,0.42145612835884094,0.4987823963165283,0.43274247646331787,0.5041908025741577,0.43957164883613586,0.5031121373176575,0.4157137870788574,0.4879169762134552,0.4256132245063782,0.4781179428100586,0.4305664598941803,0.46972155570983887,0.4344502389431,call
0.3914889693260193,0.6421866416931152,0.40610575675964355,0.629472553730011,0.4219382405281067,0.6177278161048889,0.43551427125930786,0.6072588562965393,0.43985798954963684,0.5959535837173462,0.4616740942001343,0.6303619742393494,0.46921205520629883,0.6490345001220703,0.4570310413837433,0.6554071307182312,0.4486887454986572,0.653994083404541,0.46238911151885986,0.6431666612625122,0.4726395606994629,0.6592589020729065,0.46045252680778503,0.6627686023712158,0.4512445330619812,0.6592575311660767,0.4584256112575531,0.6553311944007874,0.4722801744937897,0.6676963567733765,0.45921945571899414,0.669746458530426,0.44975078105926514,0.6659959554672241,0.45144665241241455,0.6674410700798035,0.4744698703289032,0.6747474074363708,0.48882052302360535,0.6783739924430847,0.5035452246665955,0.6791649460792542,call
0.5579626560211182,0.6761183142662048,0.5654103755950928,0.627636730670929,0.558713972568512,0.5866389870643616,0.5540186762809753,0.5529091358184814,0.5590389966964722,0.5295998454093933,0.5263433456420898,0.5805335640907288,0.5132490992546082,0.5642465353012085,0.5224091410636902,0.5749507546424866,0.5304220914840698,0.587233304977417,0.5122603178024292,0.5983144044876099,0.5007561445236206,0.5835391283035278,0.5085262060165405,0.5910913348197937,0.5149708986282349,0.602401614189148,0.501609742641449,0.6193482875823975,0.4903961420059204,0.6035669445991516,0.4978432357311249,0.6098308563232422,0.5049293637275696,0.6210905909538269,0.4951399266719818,0.6415688395500183,0.4679827094078064,0.6280477643013,0.45216622948646545,0.620398223400116,0.438851922750473,0.6140401363372803,call
0.47669094800949097,0.550174355506897,0.4877147376537323,0.501342236995697,0.5098648071289062,0.45536068081855774,0.5240731835365295,0.4197499454021454,0.5234679579734802,0.3875681757926941,0.5363346338272095,0.45896488428115845,0.5793318152427673,0.47594940662384033,0.5663886666297913,0.49048882722854614,0.5505058765411377,0.48965099453926086,0.5411005020141602,0.48903605341911316,0.5770469307899475,0.511926531791687,0.561564028263092,0.5227048993110657,0.5486986041069031,0.5199958086013794,0.544514536857605,0.5208577513694763,0.5769474506378174,0.5393750071525574,0.5633847117424011,0.5466290712356567,0.550136387348175,0.5421873331069946,0.5477270483970642,0.5525331497192383,0.5850849747657776,0.5519618391990662,0.6077588200569153,0.5550857782363892,0.62868332862854,0.5542058944702148,call
0.483639121055603,0.48928165435791016,0.4532563090324402,0.4646138548851013,0.4209962487220764,0.45157498121261597,0.39630892872810364,0.43931037187576294,0.3942136764526367,0.42529070377349854,0.35294657945632935,0.4557800889015198,0.33030781149864197,0.4801844656467438,0.35121673345565796,0.48850005865097046,0.3766324818134308,0.49286291003227234,0.3458247482776642,0.46790754795074463,0.33787786960601807,0.49456867575645447,0.3671106696128845,0.5003873109817505,0.392837792634964,0.5050703287124634,0.34889620542526245,0.4822313189506531,0.3444015383720398,0.5048452019691467,0.37501540780067444,0.5095463395118713,0.40281838178634644,0.512690007686615,0.36005908250808716,0.4975239038467407,0.32133403420448303,0.5123395323753357,0.29673829674720764,0.5211105942726135,0.2732425928115845,0.528552234172821,call
0.6308075785636902,0.30849823355674744,0.6136342883110046,0.2791901230812073,0.5782297849655151,0.26272934675216675,0.5492448210716248,0.2527240812778473,0.5369499921798706,0.2387983351945877,0.5616872906684875,0.26399683952331543,0.5287450551986694,0.284582257270813,0.5335054993629456,0.29404908418655396,0.5452055931091309,0.29559215903282166,0.5610043406486511,0.27895888686180115,0.5307902097702026,0.29938390851020813,0.5346973538398743,0.306587278842926,0.5457809567451477,0.3108052611351013,0.5631954073905945,0.29508674144744873,0.5341087579727173,0.31411120295524597,0.5361088514328003,0.3218517005443573,0.5438607335090637,0.3259895443916321,0.5687503218650818,0.3114721179008484,0.5423922538757324,0.32920125126838684,0.53272944688797,0.33919355273246765,0.5278123021125793,0.34466439485549927,call
0.4957077205181122,0.5570673942565918,0.4719164967536926,0.5025152564048767,0.42984455823898315,0.4691317677497864,0.39160221815109253,0.4449749290943146,0.3780295252799988,0.42467477917671204,0.3756401240825653,0.44819679856300354,0.3184000849723816,0.4830634295940399,0.3294656574726105,0.5042700171470642,0.34552544355392456,0.5157475471496582,0.36502987146377563,0.47069665789604187,0.31281715631484985,0.5200291275978088,0.3355792760848999,0.5393227934837341,0.3548969328403473,0.5526324510574341,0.36014413833618164,0.5003695487976074,0.30998843908309937,0.5413241386413574,0.33514603972435,0.5575110912322998,0.3588581085205078,0.5669567584991455,0.36052584648132324,0.5341916084289551,0.2854209542274475,0.5492079257965088,0.24695125222206116,0.557592511177063,0.21204622089862823,0.5610793828964233,call
0.2792244255542755,0.6609891653060913,0.2852928042411804,0.6346412301063538,0.2973841726779938,0.6106375455856323,0.3050801753997803,0.5897801518440247,0.2976917326450348,0.5738085508346558,0.335389107465744,0.6090821623802185,0.36964359879493713,0.6097983717918396,0.3594200313091278,0.6188305020332336,0.34589260816574097,0.6203047037124634,0.3425343632698059,0.623058021068573,0.3734174072742462,0.6242297291755676,0.36188164353370667,0.6325739026069641,0.35072800517082214,0.6333062648773193,0.34689000248908997,0.6390092968940735,0.3777686655521393,0.6373625993728638,0.36828792095184326,0.6438471674919128,0.35605373978614807,0.6451579928398132,0.34896156191825867,0.6544185876846313,0.380730539560318,0.6536295413970947,0.39860770106315613,0.6553530693054199,0.4134872853755951,0.6548572778701782,call
0.33604344725608826,0.4375709891319275,0.34312495589256287,0.41063985228538513,0.3574010133743286,0.38174623250961304,0.36632201075553894,0.3589082360267639,0.3637793958187103,0.3410279452800751,0.37223851680755615,0.3773784041404724,0.3970203697681427,0.39331069588661194,0.3898133635520935,0.40402355790138245,0.3817955255508423,0.40495866537094116,0.37348446249961853,0.392284631729126,0.3977136015892029,0.40783342719078064,0.3890642523765564,0.41757363080978394,0.38051435351371765,0.4164477586746216,0.3744213879108429,0.410457968711853,0.39741894602775574,0.42391011118888855,0.38942867517471313,0.4319460093975067,0.38032230734825134,0.4307841956615448,0.375693678855896,0.43038371205329895,0.3995624780654907,0.4320656955242157,0.41480252146720886,0.43389779329299927,0.4276818037033081,0.43293675780296326,call
0.307900607585907,0.3405858874320984,0.2984616458415985,0.3186228573322296,0.29457345604896545,0.297219455242157,0.2877582311630249,0.28076422214508057,0.2724171280860901,0.26853546500205994,0.36276113986968994,0.2842729091644287,0.39319542050361633,0.2931622266769409,0.3861023187637329,0.3039090037345886,0.3697136640548706,0.3078003227710724,0.3857531249523163,0.29657548666000366,0.41085678339004517,0.30442172288894653,0.4022580683231354,0.31339263916015625,0.38767242431640625,0.3170057535171509,0.3994879126548767,0.3111196458339691,0.4271858036518097,0.3157869279384613,0.417953222990036,0.3241979479789734,0.4025806486606598,0.32788026332855225,0.40731069445610046,0.3268994987010956,0.44069913029670715,0.3233972191810608,0.4593934118747711,0.3223699629306793,0.4729686975479126,0.3210257887840271,call
0.7634117603302002,0.5017818808555603,0.7597756385803223,0.46082401275634766,0.7407500743865967,0.4181813597679138,0.72837895154953,0.3844967484474182,0.7329268455505371,0.35455766320228577,0.7008768916130066,0.4181894063949585,0.6718029379844666,0.430525541305542,0.6813578605651855,0.44174009561538696,0.6957831382751465,0.44519877433776855,0.6937173008918762,0.4459995627403259,0.6676023602485657,0.4565938711166382,0.6783490777015686,0.4659413695335388,0.6932440400123596,0.4684107303619385,0.6906608939170837,0.47754377126693726,0.664698600769043,0.4851280152797699,0.6730729341506958,0.4940716028213501,0.687640905380249,0.49702343344688416,0.6919295191764832,0.5089987516403198,0.6595026254653931,0.5182744264602661,0.6413436532020569,0.5258603096008301,0.6286802887916565,0.5283732414245605,call
0.6094135642051697,0.4485352635383606,0.6045953631401062,0.4023684561252594,0.5875751376152039,0.36555683612823486,0.5737073421478271,0.3360954523086548,0.5733096599578857,0.309493750333786,0.5492045879364014,0.38071683049201965,0.5350942611694336,0.4019191861152649,0.5405642986297607,0.41223689913749695,0.545863687992096,0.4160219430923462,0.5448758602142334,0.4027428925037384,0.5358709096908569,0.42679113149642944,0.5447161197662354,0.4326150417327881,0.5533239245414734,0.43474799394607544,0.5459195971488953,0.42712923884391785,0.5351567268371582,0.44192424416542053,0.5433545708656311,0.4464977979660034,0.5527718663215637,0.44914117455482483,0.551631510257721,0.4504053294658661,0.5321489572525024,0.45705029368400574,0.5214077830314636,0.46123307943344116,0.5127657055854797,0.4638715982437134,call
0.32177793979644775,0.5504394173622131,0.33171766996383667,0.5238472819328308,0.35166579484939575,0.4974896311759949,0.37013402581214905,0.47677797079086304,0.37953609228134155,0.45902198553085327,0.3926565945148468,0.5009617209434509,0.43962353467941284,0.5129799842834473,0.4216598570346832,0.5217319130897522,0.40533867478370667,0.5200870037078857,0.3929034471511841,0.5180003046989441,0.4354693591594696,0.5316166281700134,0.41690322756767273,0.5391484498977661,0.4016517698764801,0.5363083481788635,0.39145344495773315,0.5365427732467651,0.4300212264060974,0.548944354057312,0.4141289293766022,0.5541682243347168,0.3990471363067627,0.5508484840393066,0.3909672498703003,0.5554781556129456,0.4326806664466858,0.5611568093299866,0.45677974820137024,0.5653120875358582,0.47771137952804565,0.5660226345062256,call
0.37457016110420227,0.4546416997909546,0.40530523657798767,0.3934837579727173,0.446731835603714,0.33463919162750244,0.4693581759929657,0.2804851531982422,0.4662349820137024,0.23107852041721344,0.4825453758239746,0.35069921612739563,0.5398108959197998,0.3971383273601532,0.5219462513923645,0.4162690043449402,0.5030730366706848,0.41313397884368896,0.4763491451740265,0.3933161199092865,0.5374118089675903,0.43829309940338135,0.5173861384391785,0.4534657895565033,0.4960382580757141,0.44532132148742676,0.4695854187011719,0.4379650056362152,0.530673623085022,0.473190039396286,0.5132384896278381,0.4865637421607971,0.4920349419116974,0.4797840714454651,0.46413925290107727,0.48193320631980896,0.5199474692344666,0.5048319101333618,0.551934540271759,0.5240744352340698,0.5782182812690735,0.5320926308631897,call
0.6911369562149048,0.5876539349555969,0.6645037531852722,0.5605049729347229,0.6270037889480591,0.5306606888771057,0.6018156409263611,0.5085058808326721,0.6065694093704224,0.4868156313896179,0.5899776816368103,0.5362983345985413,0.5479346513748169,0.5598424673080444,0.5653592348098755,0.5688328146934509,0.5832878351211548,0.5653674602508545,0.5920277237892151,0.5567154288291931,0.5501559972763062,0.580714762210846,0.5681940913200378,0.5866765975952148,0.5864602327346802,0.5823076963424683,0.5954163074493408,0.5802072882652283,0.5544257760047913,0.5974804759025574,0.5684730410575867,0.6033760905265808,0.5858680605888367,0.6005641222000122,0.6018683314323425,0.6024671792984009,0.5612461566925049,0.6148607134819031,0.5445032715797424,0.6231868863105774,0.5299019813537598,0.6262809634208679,call
0.3403749167919159,0.6074655652046204,0.3523194193840027,0.5781072974205017,0.37493661046028137,0.5561701655387878,0.3967665731906891,0.5413246154785156,0.40519821643829346,0.5277997851371765,0.41654372215270996,0.5669364333152771,0.43383079767227173,0.5790510773658752,0.422158420085907,0.585172712802887,0.4085516631603241,0.5852123498916626,0.42141565680503845,0.5830073952674866,0.43750470876693726,0.5924486517906189,0.42473939061164856,0.5969330072402954,0.41226157546043396,0.5963152050971985,0.4209311604499817,0.5999433398246765,0.44326522946357727,0.6062050461769104,0.4311479330062866,0.6098780632019043,0.417675644159317,0.6096624135971069,0.4163055121898651,0.6162815093994141,0.4465584456920624,0.6238729357719421,0.46340855956077576,0.6292204856872559,0.4778575003147125,0.6320035457611084,call
0.5000843405723572,0.5174302458763123,0.501768171787262,0.48104795813560486,0.4794844388961792,0.44673576951026917,0.4606071412563324,0.4201294481754303,0.4589853584766388,0.39756128191947937,0.4246610105037689,0.44734740257263184,0.41801032423973083,0.46496090292930603,0.42693203687667847,0.4749382734298706,0.4304910898208618,0.4776102602481842,0.41079065203666687,0.4660723805427551,0.4081423282623291,0.4851607382297516,0.4131770431995392,0.49354320764541626,0.4172816574573517,0.4998522996902466,0.4057064354419708,0.4863949716091156,0.39528509974479675,0.5001527070999146,0.3931528329849243,0.5084218382835388,0.3940374553203583,0.5150863528251648,0.40713953971862793,0.5064696073532104,0.38296428322792053,0.5157864093780518,0.3638746738433838,0.5202035307884216,0.34797632694244385,0.5220721960067749,call
0.6852422952651978,0.5048381090164185,0.6851442456245422,0.46859556436538696,0.6673724055290222,0.4339546263217926,0.6514959335327148,0.40641236305236816,0.6544217467308044,0.38673335313796997,0.6286062598228455,0.42723608016967773,0.5955105423927307,0.43726009130477905,0.6017705798149109,0.449374794960022,0.6143766045570374,0.4573131501674652,0.6098071932792664,0.44271183013916016,0.5864489674568176,0.4605001211166382,0.5958912372589111,0.47138017416000366,0.609118640422821,0.47807231545448303,0.5963042378425598,0.4625704884529114,0.5728170275688171,0.4748111367225647,0.5826066732406616,0.4843606650829315,0.5978979468345642,0.4914015233516693,0.5865772366523743,0.4842722415924072,0.5444159507751465,0.481015682220459,0.5184605717658997,0.4813108444213867,0.498913049697876,0.4805774688720703,call
0.30260369181632996,0.4855491518974304,0.31704747676849365,0.46779829263687134,0.33304843306541443,0.4531816244125366,0.34440937638282776,0.44081130623817444,0.34330517053604126,0.4283801019191742,0.357732892036438,0.4560185372829437,0.3787250518798828,0.47210893034935,0.3688467741012573,0.4784426987171173,0.35630562901496887,0.4777672290802002,0.36026492714881897,0.46680355072021484,0.3801330029964447,0.4826797544956207,0.3695579767227173,0.48739057779312134,0.35886329412460327,0.48522213101387024,0.3604600429534912,0.4794662892818451,0.3801940083503723,0.4935440123081207,0.3697575330734253,0.4968879520893097,0.36004579067230225,0.49453917145729065,0.35902348160743713,0.49264636635780334,0.38484713435173035,0.5001318454742432,0.3989199995994568,0.5043580532073975,0.4107469618320465,0.506588339805603,call
0.6256703734397888,0.541806697845459,0.6132986545562744,0.4911658763885498,0.5910197496414185,0.44728749990463257,0.5755863189697266,0.4110528230667114,0.5794821977615356,0.38101255893707275,0.545953631401062,0.45743802189826965,0.5156442523002625,0.49412453174591064,0.5262860059738159,0.5095430016517639,0.540831983089447,0.5123605132102966,0.5426499843597412,0.48244917392730713,0.5157746076583862,0.5170581340789795,0.530276894569397,0.5279653072357178,0.5442519783973694,0.5278992652893066,0.5435106754302979,0.5119295120239258,0.516615629196167,0.5379230380058289,0.5295230150222778,0.5459342002868652,0.5436252355575562,0.5461938381195068,0.5476329326629639,0.5445428490638733,0.5115503668785095,0.5452879667282104,0.4915517568588257,0.5433398485183716,0.4741213619709015,0.5390949249267578,call
0.5832176208496094,0.5118459463119507,0.5676941275596619,0.4924001693725586,0.5472076535224915,0.4806361496448517,0.5346522927284241,0.47085264325141907,0.53044593334198,0.459930419921875,0.5186462998390198,0.4764573872089386,0.49542760848999023,0.4963012635707855,0.497588574886322,0.5071662664413452,0.5051491856575012,0.5152723789215088,0.5153923034667969,0.4837625026702881,0.4995419979095459,0.5060877799987793,0.5098516345024109,0.5170103907585144,0.5200876593589783,0.5245398879051208,0.515788197517395,0.49417537450790405,0.5000051856040955,0.513930082321167,0.5112445950508118,0.5240176320075989,0.5233359932899475,0.5297300219535828,0.5203269720077515,0.5068679451942444,0.4927572011947632,0.5141159892082214,0.47728461027145386,0.5198364853858948,0.4646432399749756,0.524128258228302,call
0.6499550938606262,0.6506075859069824,0.6362242102622986,0.6287462115287781,0.6085752248764038,0.6050016283988953,0.5890403985977173,0.5850447416305542,0.5868237614631653,0.5669708251953125,0.60196852684021,0.6013903617858887,0.5518844723701477,0.6037102937698364,0.561225175857544,0.6128073930740356,0.5749858021736145,0.6158483028411865,0.5991930961608887,0.6152927875518799,0.5482205748558044,0.6178940534591675,0.5593875646591187,0.6258950233459473,0.5727446675300598,0.6275898814201355,0.5940510630607605,0.6320684552192688,0.5476471781730652,0.6311624050140381,0.5574579238891602,0.6376500725746155,0.5719014406204224,0.6400364637374878,0.5883285999298096,0.6494721174240112,0.5462185144424438,0.6472648978233337,0.5228433609008789,0.6460610628128052,0.5027661323547363,0.643414318561554,call
0.28390899300575256,0.4080020785331726,0.28796854615211487,0.38207727670669556,0.2928018867969513,0.3599540591239929,0.29532256722450256,0.3419857621192932,0.2918992042541504,0.3289188742637634,0.30719250440597534,0.3523528277873993,0.32718467712402344,0.3588331341743469,0.32256096601486206,0.3684115409851074,0.31497445702552795,0.3702555000782013,0.3115721642971039,0.36399415135383606,0.3279840350151062,0.3730236291885376,0.3235913813114166,0.3810555338859558,0.31781530380249023,0.3807523846626282,0.31590184569358826,0.3786385655403137,0.32947391271591187,0.3865085244178772,0.32459622621536255,0.3924008011817932,0.3187270760536194,0.3917361795902252,0.3201291859149933,0.39409932494163513,0.33687493205070496,0.3946766257286072,0.34668686985969543,0.3948289453983307,0.3544963002204895,0.39260590076446533,call
0.2787623107433319,0.5568354725837708,0.28377169370651245,0.519119918346405,0.3078548312187195,0.4781433045864105,0.32586145401000977,0.4439740478992462,0.3263305723667145,0.41722357273101807,0.3569529950618744,0.4752924144268036,0.41092172265052795,0.4889284372329712,0.3911300301551819,0.5007086396217346,0.36904895305633545,0.5000329613685608,0.36571916937828064,0.49748116731643677,0.4183552861213684,0.5073400139808655,0.3961734175682068,0.518822968006134,0.37492817640304565,0.5179004669189453,0.37236616015434265,0.5229039192199707,0.42466509342193604,0.5273550152778625,0.4051293730735779,0.5368479490280151,0.3813363015651703,0.5380610227584839,0.3784179091453552,0.548342764377594,0.43258345127105713,0.5527708530426025,0.4667285084724426,0.5572547316551208,0.49529367685317993,0.5571680068969727,call
0.38197869062423706,0.5199268460273743,0.3948395848274231,0.4829154908657074,0.4184947609901428,0.4480668902397156,0.4341641962528229,0.4199896454811096,0.4277135133743286,0.39673346281051636,0.4830910265445709,0.4572986364364624,0.5030997395515442,0.47862526774406433,0.4885226786136627,0.4905782639980316,0.4704757332801819,0.49168550968170166,0.49554750323295593,0.47845131158828735,0.5131886601448059,0.4972352385520935,0.49716857075691223,0.5068784356117249,0.47993963956832886,0.5072188973426819,0.49910593032836914,0.5011163353919983,0.5202362537384033,0.5154737234115601,0.5034638047218323,0.5241862535476685,0.48560646176338196,0.524505078792572,0.4980904459953308,0.5242646932601929,0.5450865626335144,0.5252270698547363,0.5732294321060181,0.5260544419288635,0.595450758934021,0.524152398109436,call
0.6294292211532593,0.6362155675888062,0.6351665258407593,0.6124260425567627,0.6254308223724365,0.5889873504638672,0.6239342093467712,0.5681800842285156,0.6368841528892517,0.5529688000679016,0.550464391708374,0.5793313980102539,0.5074215531349182,0.5861437320709229,0.5114231109619141,0.5957409739494324,0.5238655805587769,0.6008602380752563,0.5248925685882568,0.5920164585113525,0.4918625056743622,0.6009026169776917,0.4961770176887512,0.6107346415519714,0.5086435675621033,0.6160867214202881,0.5101533532142639,0.6086786985397339,0.4772343635559082,0.6131626963615417,0.47559958696365356,0.6215728521347046,0.4845348298549652,0.6270073056221008,0.5047686696052551,0.6269821524620056,0.45949655771255493,0.6266643404960632,0.43075811862945557,0.6296085715293884,0.40938037633895874,0.6301989555358887,call
0.7404283881187439,0.8452695608139038,0.7120726108551025,0.8563399314880371,0.700304388999939,0.8812423944473267,0.6944702863693237,0.9058402180671692,0.6880090832710266,0.9267500638961792,0.739590048789978,0.8978267908096313,0.7356238961219788,0.9303895831108093,0.7240643501281738,0.9468750357627869,0.7128128409385681,0.9570704698562622,0.7572582960128784,0.8993657827377319,0.750993013381958,0.9318497776985168,0.7361087799072266,0.9483311772346497,0.7217709422111511,0.9572651386260986,0.7659012079238892,0.8989695906639099,0.759884774684906,0.9286360740661621,0.7458641529083252,0.9433245062828064,0.7315620183944702,0.9524221420288086,0.7668816447257996,0.8983193039894104,0.7627425193786621,0.9229503870010376,0.7518903613090515,0.9366600513458252,0.7396113276481628,0.9455543160438538,call
0.703889012336731,0.5600057244300842,0.6908388733863831,0.5013132691383362,0.6660841107368469,0.45110827684402466,0.6483026146888733,0.41206878423690796,0.6459012627601624,0.37713533639907837,0.6502894759178162,0.44903528690338135,0.5956517457962036,0.45675331354141235,0.6006937623023987,0.4747602939605713,0.6153344511985779,0.47768890857696533,0.6487027406692505,0.4759342074394226,0.5942448377609253,0.49154093861579895,0.6048884391784668,0.504716694355011,0.6195340156555176,0.5063855648040771,0.6455249190330505,0.5056809186935425,0.5982630848884583,0.5192695260047913,0.6075282692909241,0.5286175608634949,0.62043696641922,0.5292544364929199,0.6437026262283325,0.5364001989364624,0.6016542911529541,0.5464457273483276,0.5882697105407715,0.5509341359138489,0.5778229832649231,0.5499804615974426,call
0.33960044384002686,0.40795618295669556,0.3433918356895447,0.38778549432754517,0.35254982113838196,0.3689958453178406,0.3581548035144806,0.35258597135543823,0.3529970943927765,0.3391077518463135,0.3977137804031372,0.3673658072948456,0.4198063910007477,0.37844350934028625,0.4110131561756134,0.386395663022995,0.40041083097457886,0.3878030776977539,0.4056876301765442,0.3799320459365845,0.4273833930492401,0.39101195335388184,0.4140947461128235,0.3980351686477661,0.4033276438713074,0.39717409014701843,0.40945979952812195,0.3943529725074768,0.4290071725845337,0.4028468430042267,0.41505950689315796,0.40868180990219116,0.40394994616508484,0.40710604190826416,0.41131988167762756,0.4101557433605194,0.44176459312438965,0.41135072708129883,0.4606824517250061,0.4128202497959137,0.47746986150741577,0.4110333323478699,call
0.35322973132133484,0.5547075271606445,0.3789427876472473,0.5275648832321167,0.4100464880466461,0.5046888589859009,0.4340086281299591,0.48520582914352417,0.4340008795261383,0.4655087888240814,0.45427843928337097,0.508450984954834,0.4907107651233673,0.5325336456298828,0.47672080993652344,0.5439735651016235,0.46115103363990784,0.5431172251701355,0.4556858539581299,0.5281875729560852,0.4889471232891083,0.5499400496482849,0.4712859094142914,0.5581988096237183,0.4566095173358917,0.5546217560768127,0.4533165991306305,0.5500848293304443,0.48482823371887207,0.568250298500061,0.4676842987537384,0.5737133026123047,0.452460378408432,0.5700668096542358,0.4504562020301819,0.5739171504974365,0.49516651034355164,0.5846741795539856,0.5224276781082153,0.5917701721191406,0.5475412607192993,0.5948548913002014,call
0.583867609500885,0.6718004941940308,0.5882821679115295,0.6444951295852661,0.5802251100540161,0.62090665102005,0.5728553533554077,0.6025514006614685,0.5774158239364624,0.5885521173477173,0.5422347187995911,0.6214284896850586,0.5368244647979736,0.622299313545227,0.545776903629303,0.6285801529884338,0.5535576343536377,0.6350842714309692,0.5305361747741699,0.6319828033447266,0.534666895866394,0.6370715498924255,0.5455309748649597,0.6416420340538025,0.5529899597167969,0.6459472179412842,0.5241471529006958,0.6456672549247742,0.5247384905815125,0.6472412943840027,0.537040114402771,0.650377631187439,0.5464311838150024,0.6539226770401001,0.5222247242927551,0.659791886806488,0.5019046664237976,0.6574332118034363,0.48773112893104553,0.655963122844696,0.4741487205028534,0.6543131470680237,call
0.6972151398658752,0.4640880227088928,0.6957250833511353,0.4326675534248352,0.6823927164077759,0.40481019020080566,0.6763435006141663,0.3825169801712036,0.68352210521698,0.3646862506866455,0.6409746408462524,0.399034708738327,0.6089414358139038,0.4190802276134491,0.6176396608352661,0.426200807094574,0.6279471516609192,0.4284999370574951,0.6319013833999634,0.41177695989608765,0.6149494051933289,0.4320681095123291,0.6307858824729919,0.43810078501701355,0.6440678834915161,0.4395386576652527,0.6268565654754639,0.42816585302352905,0.6104851365089417,0.4431650936603546,0.62385094165802,0.44977086782455444,0.6374490857124329,0.45316624641418457,0.6253070831298828,0.4461803436279297,0.5908520817756653,0.4426555037498474,0.5650039911270142,0.4403530955314636,0.543279767036438,0.4389128088951111,call
0.15644100308418274,0.4197946786880493,0.16316355764865875,0.3723057806491852,0.18163534998893738,0.3289618492126465,0.1965431123971939,0.29478806257247925,0.19006891548633575,0.26801416277885437,0.2419569045305252,0.32378050684928894,0.30110520124435425,0.34020042419433594,0.28921884298324585,0.358777791261673,0.2699034810066223,0.36290979385375977,0.2567480504512787,0.3487648069858551,0.3088882565498352,0.36358439922332764,0.29118531942367554,0.378794401884079,0.2702443301677704,0.38082340359687805,0.26400917768478394,0.37770533561706543,0.3157165050506592,0.38482725620269775,0.300344854593277,0.3972321152687073,0.28026843070983887,0.39938798546791077,0.2688283920288086,0.4077972173690796,0.33104851841926575,0.4033714830875397,0.36765363812446594,0.4045208990573883,0.3988005518913269,0.40197575092315674,call
0.7389809489250183,0.4844018518924713,0.7130123376846313,0.42346590757369995,0.671399712562561,0.376048743724823,0.6434767246246338,0.3385050296783447,0.6384994387626648,0.300776869058609,0.6531698107719421,0.3604890704154968,0.5846401453018188,0.38213810324668884,0.5941425561904907,0.4067620038986206,0.6140303611755371,0.40900981426239014,0.6556974649429321,0.3886078894138336,0.5857693552970886,0.42600733041763306,0.6001757383346558,0.4447333812713623,0.6187869310379028,0.4449203610420227,0.6563217639923096,0.42714035511016846,0.5931873321533203,0.456891268491745,0.6062039136886597,0.4726353585720062,0.6231648325920105,0.4735679626464844,0.6606920957565308,0.46996524930000305,0.6086615324020386,0.49097368121147156,0.5894389748573303,0.5030298233032227,0.574510395526886,0.5074789524078369,call
0.7584765553474426,0.7968405485153198,0.7268519997596741,0.807762622833252,0.7153301239013672,0.832490086555481,0.7127695083618164,0.8527888059616089,0.7101076245307922,0.8670320510864258,0.7496029138565063,0.849221408367157,0.7409057021141052,0.8759569525718689,0.727138102054596,0.8815463185310364,0.7193735241889954,0.8791723251342773,0.7664170265197754,0.8499372601509094,0.7560436129570007,0.875536322593689,0.7397973537445068,0.8793566226959229,0.7297661900520325,0.8761570453643799,0.7748305797576904,0.8474369049072266,0.763929009437561,0.8703498244285583,0.7477008700370789,0.8745697736740112,0.7365557551383972,0.8727944493293762,0.7761611938476562,0.8435057401657104,0.7677720785140991,0.8627870678901672,0.7538475394248962,0.8679903745651245,0.7427914142608643,0.8675548434257507,call
0.3963598906993866,0.42673495411872864,0.3833872675895691,0.3952573835849762,0.38853052258491516,0.3648921847343445,0.4016432762145996,0.34176093339920044,0.41080912947654724,0.3214651942253113,0.46256378293037415,0.35551726818084717,0.47466379404067993,0.3747786283493042,0.45984387397766113,0.3861815631389618,0.44230061769485474,0.3900206983089447,0.4831150770187378,0.373256117105484,0.4924485683441162,0.391934871673584,0.47367414832115173,0.40173110365867615,0.4576014280319214,0.40566420555114746,0.494520902633667,0.3946119248867035,0.5091112852096558,0.4080747663974762,0.4926156997680664,0.41664189100265503,0.4773230254650116,0.420746773481369,0.49907588958740234,0.41781115531921387,0.5373127460479736,0.42336228489875793,0.5615973472595215,0.42905372381210327,0.5821614265441895,0.4331000745296478,call
0.7658959031105042,0.4697526693344116,0.7696768045425415,0.43073737621307373,0.7606408596038818,0.3860858380794525,0.7637848258018494,0.3535468876361847,0.7779902815818787,0.32817959785461426,0.716628909111023,0.39011743664741516,0.6547309756278992,0.39150696992874146,0.6697921752929688,0.4008546471595764,0.6896567940711975,0.40198513865470886,0.7013766765594482,0.4129193425178528,0.640938937664032,0.4115046262741089,0.6602746844291687,0.41952189803123474,0.6828638911247253,0.42265626788139343,0.6899934411048889,0.4379130005836487,0.631564736366272,0.4279003143310547,0.6444297432899475,0.4353904128074646,0.6633671522140503,0.44004711508750916,0.6856415271759033,0.46116071939468384,0.6382115483283997,0.45495861768722534,0.6161263585090637,0.45369815826416016,0.5994704961776733,0.45152679085731506,call
0.3753746747970581,0.47327348589897156,0.3807644844055176,0.45705005526542664,0.38411131501197815,0.4413405656814575,0.3813706934452057,0.42918089032173157,0.3776106536388397,0.420238733291626,0.3949786126613617,0.4367966949939728,0.3913498818874359,0.41691863536834717,0.38565146923065186,0.4121846854686737,0.38154691457748413,0.41008490324020386,0.3895660638809204,0.4437536895275116,0.3760686218738556,0.42229223251342773,0.36454257369041443,0.4119473993778229,0.3547539710998535,0.40480053424835205,0.3795204758644104,0.45045557618141174,0.3578016757965088,0.4336721897125244,0.3430914878845215,0.42459800839424133,0.3330618739128113,0.4182858467102051,0.367134690284729,0.4560350477695465,0.3445005416870117,0.44630712270736694,0.33272963762283325,0.44351813197135925,0.32450273633003235,0.4418695271015167,call
0.32635802030563354,0.41722819209098816,0.3369765281677246,0.3882540166378021,0.36443570256233215,0.35502609610557556,0.37946394085884094,0.32785671949386597,0.37883931398391724,0.30473658442497253,0.37804532051086426,0.3558007776737213,0.43559935688972473,0.36875367164611816,0.4209565222263336,0.3780822157859802,0.40400630235671997,0.3755170404911041,0.37587618827819824,0.3733330965042114,0.4318315386772156,0.386597603559494,0.4169297516345978,0.39523574709892273,0.40010178089141846,0.392252653837204,0.37662988901138306,0.39270439743995667,0.4302865266799927,0.40160810947418213,0.4176703691482544,0.4084991216659546,0.40051788091659546,0.4068394899368286,0.3821212947368622,0.41175588965415955,0.431174635887146,0.4121761918067932,0.46203160285949707,0.41373199224472046,0.486716091632843,0.41254040598869324,call
0.712120771408081,0.4856816232204437,0.6887256503105164,0.45848414301872253,0.6486492156982422,0.43304386734962463,0.6236836314201355,0.4123227596282959,0.6168967485427856,0.3924556374549866,0.6305067539215088,0.43416398763656616,0.5696725845336914,0.4508037567138672,0.5874223709106445,0.4579204320907593,0.6083250045776367,0.45579907298088074,0.6319661140441895,0.4517631530761719,0.5759792327880859,0.4707317650318146,0.5975903868675232,0.47484755516052246,0.6173087358474731,0.4723624289035797,0.6325584650039673,0.47216925024986267,0.5840471982955933,0.48636460304260254,0.6039097905158997,0.4887600839138031,0.6238176822662354,0.48630619049072266,0.6357212662696838,0.491773396730423,0.5888729095458984,0.5003198385238647,0.5659009218215942,0.5036749243736267,0.5442702174186707,0.5049155950546265,call
0.32719260454177856,0.46070316433906555,0.3383253812789917,0.43403732776641846,0.35391002893447876,0.40998274087905884,0.36739352345466614,0.389240026473999,0.37113842368125916,0.37215983867645264,0.40579360723495483,0.409822553396225,0.4249258041381836,0.4308498799800873,0.411214143037796,0.44109341502189636,0.3961130380630493,0.4407041668891907,0.41502243280410767,0.4254560172557831,0.4320058226585388,0.4442894160747528,0.4172838032245636,0.45266348123550415,0.4026784598827362,0.45097464323043823,0.4182012975215912,0.4437161087989807,0.43786513805389404,0.45825260877609253,0.4231436550617218,0.4650306701660156,0.4088255763053894,0.46345046162605286,0.4181658923625946,0.46378257870674133,0.45202866196632385,0.4688143730163574,0.47122353315353394,0.47219398617744446,0.4878726601600647,0.47240564227104187,call
0.5854577422142029,0.30735909938812256,0.5600406527519226,0.2982863187789917,0.5347777009010315,0.2841985821723938,0.5123059749603271,0.2808693051338196,0.4970150887966156,0.283936083316803,0.5505062341690063,0.21468830108642578,0.5413457751274109,0.21706388890743256,0.5415382981300354,0.23615436255931854,0.5424912571907043,0.2511957287788391,0.5644495487213135,0.20805583894252777,0.5530231595039368,0.21257847547531128,0.5539155006408691,0.230520099401474,0.554993748664856,0.2457743138074875,0.5768723487854004,0.2094777375459671,0.5661348104476929,0.20500393211841583,0.5673437714576721,0.22277504205703735,0.5691865682601929,0.2384003847837448,0.5885353684425354,0.21194452047348022,0.5841215252876282,0.18081216514110565,0.5829748511314392,0.1599641740322113,0.5821893811225891,0.14198480546474457,call
0.3230264484882355,0.27337273955345154,0.34146785736083984,0.2615596055984497,0.36364954710006714,0.25354793667793274,0.3771390914916992,0.24402713775634766,0.3784681260585785,0.2320721447467804,0.4044906795024872,0.2607990503311157,0.41487830877304077,0.28656554222106934,0.3983713984489441,0.2968922257423401,0.38147786259651184,0.2973559498786926,0.40615180134773254,0.269338995218277,0.41626811027526855,0.2996675372123718,0.3926489055156708,0.30816128849983215,0.37344130873680115,0.30722495913505554,0.40367475152015686,0.27975746989250183,0.4129956364631653,0.30953338742256165,0.3900756537914276,0.31652218103408813,0.3723905384540558,0.3146879971027374,0.39751526713371277,0.2908596992492676,0.42684289813041687,0.3046499490737915,0.44269418716430664,0.3141312599182129,0.45573288202285767,0.32096919417381287,call
0.32909008860588074,0.44091907143592834,0.33793631196022034,0.4081481397151947,0.35403382778167725,0.37530308961868286,0.3662469983100891,0.35021883249282837,0.36553600430488586,0.33014747500419617,0.3787532150745392,0.36660006642341614,0.40777331590652466,0.38778042793273926,0.3999609053134918,0.4020892381668091,0.3902142345905304,0.4045256972312927,0.38201361894607544,0.38247811794281006,0.41121894121170044,0.4046356976032257,0.40077218413352966,0.41851183772087097,0.3895150125026703,0.41837406158447266,0.384038507938385,0.40359410643577576,0.41264253854751587,0.42237207293510437,0.4037506878376007,0.4335813820362091,0.39358094334602356,0.4337575435638428,0.3852211833000183,0.4281482696533203,0.41436877846717834,0.4334739148616791,0.43286606669425964,0.43835827708244324,0.4492536783218384,0.44034191966056824,call
0.7084928750991821,0.5565868616104126,0.6912811994552612,0.5284119248390198,0.6645677089691162,0.5007305145263672,0.6464645862579346,0.47842511534690857,0.6402909159660339,0.45546916127204895,0.6551723480224609,0.4929414391517639,0.6236275434494019,0.5211217999458313,0.6341506242752075,0.5321055054664612,0.6453523635864258,0.5287377834320068,0.6575206518173218,0.5096833109855652,0.6274523138999939,0.5412806868553162,0.639596164226532,0.5480222702026367,0.6494290232658386,0.5464503765106201,0.6593256592750549,0.5315636992454529,0.632266104221344,0.5560595989227295,0.6429699659347534,0.5613875389099121,0.6532191634178162,0.5602391362190247,0.6624994277954102,0.5548549890518188,0.6355022192001343,0.5672968626022339,0.6223528981208801,0.5736591815948486,0.6104074716567993,0.5772477984428406,call
0.4084043502807617,0.5216529369354248,0.4150692820549011,0.4806798994541168,0.4249339997768402,0.44579148292541504,0.4326323866844177,0.41508758068084717,0.42869833111763,0.38955312967300415,0.4596799910068512,0.44831383228302,0.47788533568382263,0.4648936986923218,0.4690503180027008,0.4762946367263794,0.45812052488327026,0.4772675633430481,0.466890424489975,0.4717049300670624,0.4828851819038391,0.4857364296913147,0.4740104079246521,0.4947320222854614,0.4645087420940399,0.4950467646121979,0.47040700912475586,0.4973308742046356,0.49064528942108154,0.5069496035575867,0.48105618357658386,0.5143608450889587,0.47035878896713257,0.5148521065711975,0.47104063630104065,0.52236008644104,0.4960339069366455,0.5295577049255371,0.510358452796936,0.5355528593063354,0.523408055305481,0.5372805595397949,call
0.3349953889846802,0.48555320501327515,0.3501686155796051,0.46270325779914856,0.37479138374328613,0.4407927095890045,0.39469942450523376,0.4265810251235962,0.4021352529525757,0.40196776390075684,0.3719799816608429,0.414867103099823,0.4028509557247162,0.44848310947418213,0.3932499289512634,0.46208107471466064,0.3853696286678314,0.45856934785842896,0.3643844425678253,0.43311217427253723,0.3966156542301178,0.4723273515701294,0.3864251971244812,0.48398882150650024,0.37794995307922363,0.4789416193962097,0.3587370216846466,0.457951158285141,0.38972827792167664,0.4930441975593567,0.38099798560142517,0.5007592439651489,0.37344032526016235,0.4949586093425751,0.35503271222114563,0.48522815108299255,0.3787236213684082,0.5056671500205994,0.392699271440506,0.5197182893753052,0.4060314893722534,0.5297658443450928,call
0.7306795120239258,0.7073856592178345,0.701174795627594,0.7131450772285461,0.6898955702781677,0.7330166101455688,0.6884543895721436,0.7546926140785217,0.6872537732124329,0.7700998783111572,0.7234030365943909,0.746141254901886,0.722533643245697,0.7761785984039307,0.7088379263877869,0.7881379127502441,0.694791853427887,0.7947890758514404,0.7366033792495728,0.7508193254470825,0.7290021181106567,0.7788888812065125,0.7103446125984192,0.7893938422203064,0.6945369243621826,0.79362952709198,0.7414703369140625,0.7529875636100769,0.73455810546875,0.7778492569923401,0.719582200050354,0.786577582359314,0.7075739502906799,0.7902534008026123,0.7397939562797546,0.7539094686508179,0.7345471382141113,0.7746641635894775,0.722368061542511,0.7825407385826111,0.7114916443824768,0.7858019471168518,call
0.6969146728515625,0.26586613059043884,0.6789366006851196,0.23773565888404846,0.6499106884002686,0.20765498280525208,0.6341104507446289,0.18227580189704895,0.6345592737197876,0.16012276709079742,0.6325007677078247,0.21044281125068665,0.5874959826469421,0.22742663323879242,0.5989082455635071,0.23574140667915344,0.613491952419281,0.23519814014434814,0.6320328712463379,0.2295665442943573,0.5922145843505859,0.2495686113834381,0.6081401109695435,0.2538028061389923,0.6238787770271301,0.2519080936908722,0.6316534876823425,0.25125622749328613,0.5960970520973206,0.2642725110054016,0.6101275086402893,0.26767265796661377,0.6262893676757812,0.26618826389312744,0.63409024477005,0.27158305048942566,0.5964149236679077,0.27893224358558655,0.5764447450637817,0.2823706865310669,0.5590823888778687,0.2833905816078186,call
0.33337438106536865,0.5750589370727539,0.3421739935874939,0.5445961952209473,0.3622213304042816,0.5162183046340942,0.3758150637149811,0.4915688931941986,0.3752681612968445,0.47037389874458313,0.4227086901664734,0.5202817916870117,0.4523169696331024,0.5394369959831238,0.4353949725627899,0.5473650693893433,0.41804730892181396,0.5450905561447144,0.4295077621936798,0.5398133397102356,0.4516914188861847,0.5562469363212585,0.4323814809322357,0.5639616847038269,0.4169662296772003,0.5618445873260498,0.4305571913719177,0.5614025592803955,0.4573037028312683,0.5741603970527649,0.44053754210472107,0.5803296566009521,0.42307746410369873,0.5785510540008545,0.42923104763031006,0.5829675793647766,0.4683784544467926,0.5913378000259399,0.49293386936187744,0.5991392135620117,0.5129135251045227,0.6029182076454163,call
0.6062458753585815,0.6296535730361938,0.602515697479248,0.5984233021736145,0.5858132839202881,0.5690280199050903,0.5736784934997559,0.5466049909591675,0.5728760361671448,0.5279990434646606,0.5408574938774109,0.575687050819397,0.5081319808959961,0.5856839418411255,0.5190104246139526,0.5927855968475342,0.5344665050506592,0.5948267579078674,0.5312559008598328,0.5930704474449158,0.5077995657920837,0.6028828024864197,0.519685685634613,0.608913779258728,0.5333804488182068,0.6093551516532898,0.5261164903640747,0.6118459701538086,0.5026222467422485,0.6176280975341797,0.5126439332962036,0.6228905320167542,0.5276066064834595,0.6246374249458313,0.5238522291183472,0.6299080848693848,0.4912359118461609,0.6264141201972961,0.46860745549201965,0.6266809701919556,0.45069587230682373,0.6263357996940613,call
0.6212190389633179,0.3463374674320221,0.6155962944030762,0.3089394271373749,0.5997079610824585,0.2800740897655487,0.5889845490455627,0.25269293785095215,0.5989646315574646,0.23233851790428162,0.5467403531074524,0.2680363059043884,0.5216925740242004,0.2793901562690735,0.5322360396385193,0.2913095951080322,0.5455043911933899,0.2997147738933563,0.528176486492157,0.28480613231658936,0.511625349521637,0.3026387393474579,0.5250991582870483,0.3126474618911743,0.5381237864494324,0.3202255666255951,0.517927885055542,0.3063367009162903,0.5010069012641907,0.3210848271846771,0.5146623849868774,0.3308529853820801,0.5301278233528137,0.338714599609375,0.5143498182296753,0.3292055130004883,0.47191721200942993,0.3334299921989441,0.44328048825263977,0.3378821015357971,0.41866904497146606,0.3400568962097168,call
0.29543864727020264,0.32065311074256897,0.3094809651374817,0.28415629267692566,0.3342564105987549,0.25178247690200806,0.35561949014663696,0.228337824344635,0.3636709153652191,0.20701023936271667,0.3942621052265167,0.2559731602668762,0.4193269610404968,0.283349871635437,0.40092071890830994,0.29489442706108093,0.3803585171699524,0.2937862277030945,0.4037993848323822,0.2775754928588867,0.42340484261512756,0.30240949988365173,0.4021429419517517,0.31051209568977356,0.38206854462623596,0.3078252077102661,0.40442487597465515,0.3015488088130951,0.424282044172287,0.32083913683891296,0.4030730426311493,0.3272498846054077,0.38425642251968384,0.3246898055076599,0.40094318985939026,0.32665085792541504,0.4458439350128174,0.332882285118103,0.472326397895813,0.3374171257019043,0.4950665831565857,0.33917349576950073,call
0.4976637065410614,0.5254771113395691,0.4857223331928253,0.5044702887535095,0.4705635905265808,0.48882168531417847,0.46386486291885376,0.4747912287712097,0.4683665931224823,0.4630679786205292,0.4488643705844879,0.48000872135162354,0.4192797541618347,0.4948521852493286,0.4196854531764984,0.5070656538009644,0.42483779788017273,0.5152937173843384,0.4446929097175598,0.48673397302627563,0.4146246314048767,0.507265567779541,0.4191797971725464,0.5182475447654724,0.4258233904838562,0.5264430046081543,0.4411088228225708,0.4966302812099457,0.41409942507743835,0.5153003931045532,0.4188021421432495,0.5262322425842285,0.42571744322776794,0.5336483716964722,0.43972039222717285,0.508729875087738,0.4125801920890808,0.5204825401306152,0.3996541202068329,0.5275360345840454,0.3875502347946167,0.5323044657707214,call
0.2739666700363159,0.4688948094844818,0.2911466062068939,0.4383971393108368,0.3164738714694977,0.4133461117744446,0.3328835368156433,0.39097675681114197,0.3345862627029419,0.37119001150131226,0.36609095335006714,0.4197033643722534,0.41408994793891907,0.4410723149776459,0.4036473035812378,0.4536280035972595,0.3907759189605713,0.45463109016418457,0.3669402301311493,0.43747958540916443,0.4050465226173401,0.45727357268333435,0.38265684247016907,0.46350717544555664,0.36421626806259155,0.4589003622531891,0.36376601457595825,0.45716768503189087,0.3991435766220093,0.472970575094223,0.38085484504699707,0.4791525900363922,0.36527305841445923,0.4756802022457123,0.3607552647590637,0.4768695533275604,0.404145210981369,0.4825015962123871,0.42955517768859863,0.48862361907958984,0.45324042439460754,0.49057671427726746,call
0.728385329246521,0.44128119945526123,0.7246500253677368,0.3903222680091858,0.7072401642799377,0.3359500467777252,0.6919963359832764,0.2968103587627411,0.6950052976608276,0.2621324360370636,0.6689457297325134,0.34587469696998596,0.633706271648407,0.348611980676651,0.6409912109375,0.36013221740722656,0.6548866629600525,0.365532249212265,0.6593442559242249,0.3773089349269867,0.6266140341758728,0.3760201930999756,0.6342365145683289,0.38540002703666687,0.648729681968689,0.39092230796813965,0.6555707454681396,0.41013675928115845,0.6218156218528748,0.4037478566169739,0.6250633001327515,0.4126678705215454,0.6366142630577087,0.4182334542274475,0.6562188267707825,0.4407115578651428,0.6231601238250732,0.44291216135025024,0.613183319568634,0.4497454762458801,0.6093445420265198,0.4527880847454071,call
0.24380895495414734,0.44501134753227234,0.28066784143447876,0.43127113580703735,0.31928709149360657,0.42034488916397095,0.3487367033958435,0.4099002480506897,0.3628469705581665,0.3945764899253845,0.36509132385253906,0.43223685026168823,0.38420605659484863,0.4682340621948242,0.36880478262901306,0.47956106066703796,0.3595012128353119,0.4815308749675751,0.3586927354335785,0.4459141492843628,0.3757067620754242,0.48031920194625854,0.35684388875961304,0.48356786370277405,0.34515973925590515,0.47641658782958984,0.34495455026626587,0.45978379249572754,0.3661646842956543,0.4885900318622589,0.34918129444122314,0.4911426603794098,0.33878254890441895,0.48470747470855713,0.328441321849823,0.4747885763645172,0.36571377515792847,0.4917505979537964,0.3873506188392639,0.5011641383171082,0.4086783528327942,0.506464958190918,call
0.40788573026657104,0.502055823802948,0.4322141706943512,0.44961437582969666,0.46268031001091003,0.4076433777809143,0.481486976146698,0.361072838306427,0.4876728653907776,0.3179264962673187,0.4927959442138672,0.4463690519332886,0.5193585157394409,0.47075355052948,0.5169479846954346,0.47153711318969727,0.505763828754425,0.461953729391098,0.49111130833625793,0.47378697991371155,0.5151970982551575,0.5068714618682861,0.5100979208946228,0.5158494710922241,0.5030348896980286,0.5183802247047424,0.48633480072021484,0.5042616724967957,0.5139440894126892,0.5364025831222534,0.516998291015625,0.5551433563232422,0.5172895193099976,0.5663665533065796,0.4806668162345886,0.5322399735450745,0.5090508460998535,0.5545737743377686,0.5264483690261841,0.5685072541236877,0.5419678092002869,0.5801823735237122,call
0.4505232870578766,0.5689740180969238,0.48107194900512695,0.5128424167633057,0.5229969024658203,0.45764368772506714,0.5489687919616699,0.40154755115509033,0.5529542565345764,0.33201372623443604,0.5288241505622864,0.47195011377334595,0.574148416519165,0.5574589967727661,0.5506786704063416,0.5581697225570679,0.5364199876785278,0.5383359789848328,0.5131725072860718,0.5278847217559814,0.5618605017662048,0.6092053055763245,0.5405957698822021,0.6098086833953857,0.5220386385917664,0.5896692276000977,0.49955642223358154,0.584967315196991,0.5478768944740295,0.6592689752578735,0.527460515499115,0.6554698348045349,0.5091360211372375,0.6320541501045227,0.4893661141395569,0.6403180956840515,0.531487226486206,0.6850534677505493,0.5541941523551941,0.7123655676841736,0.5753076672554016,0.728015124797821,call
0.705019474029541,0.5966601371765137,0.7088908553123474,0.5523980855941772,0.6886870861053467,0.504990816116333,0.6811747550964355,0.467890202999115,0.6977189183235168,0.4424881935119629,0.6558952927589417,0.5002779364585876,0.5962242484092712,0.5083248615264893,0.6069322824478149,0.5247352123260498,0.6262972354888916,0.5334902405738831,0.6372983455657959,0.5202939510345459,0.5827027559280396,0.5276932120323181,0.5969929695129395,0.5412029027938843,0.615688145160675,0.548508882522583,0.6198801398277283,0.5420107841491699,0.5694479942321777,0.5437934398651123,0.582838237285614,0.5548869371414185,0.6027552485466003,0.562110424041748,0.6064554452896118,0.564917802810669,0.5498344302177429,0.5528793334960938,0.5201864242553711,0.547886848449707,0.49616071581840515,0.5416651964187622,call
0.7715919613838196,0.550745964050293,0.7357982397079468,0.5055679678916931,0.6831651926040649,0.4800594747066498,0.6433959603309631,0.4632010757923126,0.63338303565979,0.446781724691391,0.6478585004806519,0.4726181626319885,0.6133833527565002,0.5029066205024719,0.6288083791732788,0.5145297646522522,0.6454495787620544,0.515556275844574,0.6432896256446838,0.493333637714386,0.6130168437957764,0.5301310420036316,0.6308886408805847,0.5392218232154846,0.6475533843040466,0.5412435531616211,0.6445847749710083,0.5174108147621155,0.6107369661331177,0.547435998916626,0.6271722316741943,0.5557408928871155,0.6453006267547607,0.5576052665710449,0.6494236588478088,0.5428241491317749,0.5993759632110596,0.5522122979164124,0.5715662240982056,0.5560118556022644,0.5462784767150879,0.5579927563667297,call
0.7335599660873413,0.6156349182128906,0.7349795699119568,0.5978503227233887,0.7230239510536194,0.5786536335945129,0.7152464389801025,0.5629619359970093,0.725792646408081,0.5523955225944519,0.7140721082687378,0.5742226839065552,0.6654214859008789,0.5743325352668762,0.6708988547325134,0.5837122797966003,0.6835293769836426,0.5875348448753357,0.7075647115707397,0.583433985710144,0.6563944816589355,0.584933876991272,0.6663534045219421,0.5933777689933777,0.6798014640808105,0.5966123342514038,0.6983832716941833,0.5940628051757812,0.6513522863388062,0.5941294431686401,0.6606283187866211,0.6018083095550537,0.673650860786438,0.6052377223968506,0.6888598799705505,0.6056565046310425,0.6473271250724792,0.6006406545639038,0.6258355975151062,0.5993868708610535,0.6073204874992371,0.5966712236404419,call
0.5612828135490417,0.5270258188247681,0.5565018653869629,0.48104050755500793,0.5310283899307251,0.43894684314727783,0.5096200704574585,0.4039021134376526,0.5146288871765137,0.3760012090206146,0.47110024094581604,0.4398426413536072,0.4357379376888275,0.4561805725097656,0.44587019085884094,0.4709870517253876,0.4607638716697693,0.4806862473487854,0.452775776386261,0.46104639768600464,0.429964542388916,0.47732576727867126,0.4424936771392822,0.4910179376602173,0.4563825726509094,0.5015689134597778,0.4440966546535492,0.48633432388305664,0.4187580645084381,0.49283015727996826,0.4294741749763489,0.5044842958450317,0.4438752830028534,0.5144371390342712,0.44290950894355774,0.513350784778595,0.39469143748283386,0.5129799842834473,0.3671133518218994,0.5166372060775757,0.3434630036354065,0.5180197954177856,call
0.5467360019683838,0.6205359101295471,0.519894540309906,0.5607821345329285,0.48385921120643616,0.5282799601554871,0.45901644229888916,0.5033345222473145,0.4538019895553589,0.4733369052410126,0.43927639722824097,0.5537562966346741,0.4195255935192108,0.5789757966995239,0.43381497263908386,0.5867891311645508,0.4510367214679718,0.5879632234573364,0.43622341752052307,0.5941211581230164,0.4237910509109497,0.6165857315063477,0.43638619780540466,0.6206253170967102,0.4525814354419708,0.619225025177002,0.44268694519996643,0.6368623375892639,0.42820030450820923,0.6507565975189209,0.4391268789768219,0.6550536155700684,0.4540576636791229,0.654355525970459,0.4555366635322571,0.6765663623809814,0.42841774225234985,0.6917595267295837,0.41230309009552,0.7024230360984802,0.4003972113132477,0.7099718451499939,call
