method,round,elapsed_seconds,val_macro_f1,val_accuracy,n_estimators,max_depth,min_samples_leaf,min_samples_split,max_features,ccp_alpha,tree_count,avg_tree_depth,max_tree_depth,total_nodes,avg_nodes
grid,1,0.21986741598811932,0.9291953115952188,0.9298245614035088,133,,1,2,sqrt,1e-05,133,25.593984962406015,40,73329,551.3458646616541
grid,1,0.22302700000000186,0.9291953115952188,0.9298245614035088,133,,1,2,sqrt,0.0001,133,25.593984962406015,40,73329,551.3458646616541
grid,1,0.21296866700868122,0.9291953115952188,0.9298245614035088,133,,1,2,sqrt,0.0,133,25.67669172932331,40,78093,587.1654135338346
grid,1,0.22098783300316427,0.9289839109973446,0.9298245614035088,133,20.0,1,2,sqrt,0.0001,133,19.954887218045112,20,68505,515.0751879699249
grid,1,0.2196703750087181,0.9289839109973446,0.9298245614035088,133,20.0,1,2,sqrt,1e-05,133,19.954887218045112,20,68509,515.1052631578947
grid,1,0.216260749992216,0.9289839109973446,0.9298245614035088,133,20.0,1,2,sqrt,0.0,133,19.954887218045112,20,73041,549.1804511278195
grid,1,0.09415641600207891,0.9269234522554731,0.9278752436647173,50,,1,2,sqrt,1e-05,50,25.32,32,27020,540.4
grid,1,0.09369479199813213,0.9269234522554731,0.9278752436647173,50,,1,2,sqrt,0.0001,50,25.32,32,27020,540.4
grid,1,0.09554324999044184,0.9269234522554731,0.9278752436647173,50,,1,2,sqrt,0.0,50,25.38,32,28772,575.44
grid,1,0.09602245800488163,0.9253500059848675,0.9259259259259259,50,12.0,1,2,sqrt,0.0001,50,12.0,12,15928,318.56
grid,1,0.09487629200157244,0.9253500059848675,0.9259259259259259,50,12.0,1,2,sqrt,1e-05,50,12.0,12,15940,318.8
grid,1,0.09256112499861047,0.9253500059848675,0.9259259259259259,50,12.0,1,2,sqrt,0.0,50,12.0,12,16788,335.76
grid,1,0.21697649999987334,0.9250629011163175,0.9259259259259259,133,,1,5,sqrt,0.0001,133,24.030075187969924,37,54815,412.14285714285717
grid,1,0.22459404099208768,0.9250629011163175,0.9259259259259259,133,,1,5,sqrt,1e-05,133,24.05263157894737,37,54913,412.8796992481203
grid,1,0.21542899998894427,0.9250629011163175,0.9259259259259259,133,,1,5,sqrt,0.0,133,24.06015037593985,37,57101,429.3308270676692
grid,1,0.34521787500125356,0.9232900053550775,0.9239766081871345,217,16.0,1,2,sqrt,0.0001,217,16.0,16,96471,444.5668202764977
grid,1,0.36115379200782627,0.9232900053550775,0.9239766081871345,217,16.0,1,2,sqrt,1e-05,217,16.0,16,96537,444.8709677419355
grid,1,0.3394267499970738,0.9232900053550775,0.9239766081871345,217,16.0,1,2,sqrt,0.0,217,16.0,16,102441,472.0783410138249
grid,1,0.08319570899766404,0.9211839163466892,0.9220272904483431,50,20.0,1,2,log2,0.0001,50,19.94,20,30258,605.16
grid,1,0.08118599999579601,0.9211839163466892,0.9220272904483431,50,20.0,1,2,log2,1e-05,50,19.94,20,30268,605.36
grid,1,0.08394187499652617,0.9211839163466892,0.9220272904483431,50,20.0,1,2,log2,0.0,50,19.94,20,32094,641.88
grid,1,0.21423704200424254,0.9210759332410693,0.9220272904483431,133,16.0,1,5,sqrt,0.0001,133,16.0,16,46583,350.2481203007519
grid,1,0.21291120900423266,0.9210759332410693,0.9220272904483431,133,16.0,1,5,sqrt,1e-05,133,16.0,16,46665,350.8646616541353
grid,1,0.20235887500166427,0.9210759332410693,0.9220272904483431,133,16.0,1,5,sqrt,0.0,133,16.0,16,48545,365.0
grid,1,0.09657116699963808,0.9196779568787312,0.9200779727095516,50,16.0,1,2,sqrt,0.0001,50,16.0,16,22036,440.72
grid,1,0.09482929100340698,0.9196779568787312,0.9200779727095516,50,16.0,1,2,sqrt,1e-05,50,16.0,16,22046,440.92
grid,1,0.0908901669899933,0.9196779568787312,0.9200779727095516,50,16.0,1,2,sqrt,0.0,50,16.0,16,23428,468.56
grid,1,0.18718879199877847,0.9196260481572587,0.9200779727095516,133,,1,2,log2,1e-05,133,24.458646616541355,32,84985,638.984962406015
grid,1,0.19977383299556095,0.9196260481572587,0.9200779727095516,133,,1,2,log2,0.0001,133,24.458646616541355,32,84985,638.984962406015
grid,1,0.1877295000012964,0.9196260481572587,0.9200779727095516,133,,1,2,log2,0.0,133,24.51127819548872,32,90365,679.4360902255639
grid,1,0.27718791700317524,0.9196013302747519,0.9200779727095516,50,,1,2,0.5,1e-05,50,31.64,38,18226,364.52
grid,1,0.26795891700021457,0.9196013302747519,0.9200779727095516,50,,1,2,0.5,0.0001,50,31.64,38,18226,364.52
grid,1,0.2954038330062758,0.9196013302747519,0.9200779727095516,50,,1,2,0.5,0.0,50,31.74,38,19456,389.12
grid,1,0.18530583400570322,0.9193860375756596,0.9200779727095516,133,20.0,1,2,log2,0.0001,133,19.887218045112782,20,80959,608.7142857142857
grid,1,0.1884601249912521,0.9193860375756596,0.9200779727095516,133,20.0,1,2,log2,1e-05,133,19.887218045112782,20,80981,608.8796992481203
grid,1,0.188417458004551,0.9193860375756596,0.9200779727095516,133,20.0,1,2,log2,0.0,133,19.894736842105264,20,85965,646.3533834586466
grid,1,0.0936510419996921,0.9193400057361739,0.9200779727095516,50,16.0,1,5,sqrt,0.0001,50,16.0,16,16840,336.8
grid,1,0.09437787500792183,0.9193400057361739,0.9200779727095516,50,16.0,1,5,sqrt,1e-05,50,16.0,16,16876,337.52
grid,1,0.09830183300073259,0.9193400057361739,0.9200779727095516,50,16.0,1,5,sqrt,0.0,50,16.0,16,17526,350.52
grid,1,0.2162636669963831,0.919185175966731,0.9200779727095516,133,16.0,1,2,sqrt,0.0001,133,16.0,16,59835,449.8872180451128
grid,1,0.2174932079942664,0.919185175966731,0.9200779727095516,133,16.0,1,2,sqrt,1e-05,133,16.0,16,59869,450.14285714285717
grid,1,0.20741683300002478,0.919185175966731,0.9200779727095516,133,16.0,1,2,sqrt,0.0,133,16.0,16,63573,477.9924812030075
grid,1,0.09613970801001415,0.9191691151483682,0.9200779727095516,50,20.0,1,2,sqrt,0.0001,50,19.96,20,25446,508.92
grid,1,0.0950695000065025,0.9191691151483682,0.9200779727095516,50,20.0,1,2,sqrt,1e-05,50,19.96,20,25448,508.96
grid,1,0.09634820799692534,0.9191691151483682,0.9200779727095516,50,20.0,1,2,sqrt,0.0,50,19.96,20,27102,542.04
grid,1,0.657276208003168,0.9189758562038137,0.9200779727095516,133,,1,2,0.5,1e-05,133,31.60902255639098,40,48533,364.90977443609023
grid,1,0.6635290419944795,0.9189758562038137,0.9200779727095516,133,,1,2,0.5,0.0001,133,31.60902255639098,40,48533,364.90977443609023
grid,1,0.6861999589891639,0.9189758562038137,0.9200779727095516,133,,1,2,0.5,0.0,133,31.68421052631579,40,51845,389.812030075188
grid,1,0.21763241599546745,0.9188193324112859,0.9200779727095516,133,,1,7,sqrt,0.0001,133,23.360902255639097,34,47641,358.203007518797
grid,1,0.21869879199948628,0.9188193324112859,0.9200779727095516,133,,1,7,sqrt,1e-05,133,23.36842105263158,34,47871,359.9323308270677
grid,1,0.21679583299555816,0.9188193324112859,0.9200779727095516,133,,1,7,sqrt,0.0,133,23.383458646616543,34,49479,372.02255639097746
grid,1,0.21135229199717287,0.9187367302105148,0.9200779727095516,133,20.0,1,2,sqrt,0.001,133,19.55639097744361,20,39661,298.203007518797
grid,1,0.28902908400050364,0.917961452531211,0.9181286549707602,50,20.0,1,2,0.5,1e-05,50,20.0,20,14636,292.72
grid,1,0.2849142080085585,0.917961452531211,0.9181286549707602,50,20.0,1,2,0.5,0.0001,50,20.0,20,14636,292.72
grid,1,0.27281362500798423,0.917961452531211,0.9181286549707602,50,20.0,1,2,0.5,0.0,50,20.0,20,15646,312.92
grid,1,0.262639084001421,0.9178190417696375,0.9181286549707602,50,20.0,1,5,0.5,0.0001,50,20.0,20,11820,236.4
grid,1,0.25953308399766684,0.9178190417696375,0.9181286549707602,50,20.0,1,5,0.5,1e-05,50,20.0,20,11822,236.44
grid,1,0.26128841600439046,0.9178190417696375,0.9181286549707602,50,20.0,1,5,0.5,0.0,50,20.0,20,12428,248.56
grid,1,0.2743077499908395,0.9176605633027619,0.9181286549707602,50,,1,7,0.5,0.0001,50,30.06,36,12480,249.6
grid,1,0.27125449999584816,0.9176605633027619,0.9181286549707602,50,,1,7,0.5,1e-05,50,30.08,36,12484,249.68
grid,1,0.28987054199387785,0.9176605633027619,0.9181286549707602,50,,1,7,0.5,0.0,50,30.14,36,13074,261.48
grid,1,0.22099491600238252,0.9167654786639411,0.9181286549707602,133,20.0,1,5,sqrt,0.0001,133,19.909774436090224,20,52567,395.2406015037594
grid,1,0.2185989999998128,0.9167654786639411,0.9181286549707602,133,20.0,1,5,sqrt,1e-05,133,19.917293233082706,20,52645,395.82706766917295
grid,1,0.22586600000795443,0.9167654786639411,0.9181286549707602,133,20.0,1,5,sqrt,0.0,133,19.917293233082706,20,54771,411.812030075188
grid,1,0.6708113749918994,0.9155212922430214,0.9161793372319688,133,20.0,1,2,0.5,1e-05,133,20.0,20,38535,289.7368421052632
grid,1,0.6487423750077141,0.9155212922430214,0.9161793372319688,133,20.0,1,2,0.5,0.0001,133,20.0,20,38535,289.7368421052632
grid,1,0.6465557500050636,0.9155212922430214,0.9161793372319688,133,20.0,1,2,0.5,0.0,133,20.0,20,41147,309.37593984962405
grid,1,0.08165541700145695,0.9153475987754001,0.9161793372319688,50,,1,7,log2,1e-05,50,22.9,29,20328,406.56
grid,1,0.08282774999679532,0.9153475987754001,0.9161793372319688,50,,1,7,log2,0.0,50,23.0,29,21018,420.36
grid,1,0.21575054198910948,0.9152824962302424,0.9161793372319688,133,,1,2,sqrt,0.001,133,21.827067669172934,32,40913,307.61654135338347
grid,1,0.34311758300464135,0.9152243266108446,0.9161793372319688,217,16.0,1,5,sqrt,0.0001,217,16.0,16,76105,350.7142857142857
grid,1,0.3702731659868732,0.9152243266108446,0.9161793372319688,217,16.0,1,5,sqrt,1e-05,217,16.0,16,76257,351.4147465437788
grid,1,0.340168458991684,0.9152243266108446,0.9161793372319688,217,16.0,1,5,sqrt,0.0,217,16.0,16,79335,365.5990783410138
grid,1,0.29856945799838286,0.9149508856663886,0.9161793372319688,50,,1,5,0.5,0.0001,50,29.62,39,13826,276.52
grid,1,0.2629119159973925,0.9149508856663886,0.9161793372319688,50,,1,5,0.5,1e-05,50,29.64,39,13830,276.6
grid,1,0.27516204200219363,0.9149508856663886,0.9161793372319688,50,,1,5,0.5,0.0,50,29.68,39,14500,290.0
grid,1,0.650278041997808,0.9149263875312698,0.9161793372319688,133,,1,7,0.5,0.0001,133,29.30827067669173,39,33077,248.69924812030075
grid,1,0.6668515829951502,0.9149263875312698,0.9161793372319688,133,,1,7,0.5,1e-05,133,29.31578947368421,39,33101,248.8796992481203
grid,1,0.65561400000297,0.9149263875312698,0.9161793372319688,133,,1,7,0.5,0.0,133,29.360902255639097,39,34649,260.5187969924812
grid,1,0.34049750000122003,0.9148933433078166,0.9161793372319688,217,12.0,1,2,sqrt,0.0001,217,12.0,12,69975,322.46543778801845
grid,1,0.3382267089909874,0.9148933433078166,0.9161793372319688,217,12.0,1,2,sqrt,1e-05,217,12.0,12,70045,322.78801843317973
grid,1,0.3234670840029139,0.9148933433078166,0.9161793372319688,217,12.0,1,2,sqrt,0.0,217,12.0,12,73923,340.6589861751152
grid,1,0.09624583400727715,0.9147654990427353,0.9161793372319688,50,20.0,1,5,sqrt,0.0001,50,19.84,20,19382,387.64
grid,1,0.09367354199639522,0.9147654990427353,0.9161793372319688,50,20.0,1,5,sqrt,1e-05,50,19.86,20,19406,388.12
grid,1,0.09406799999123905,0.9147654990427353,0.9161793372319688,50,20.0,1,5,sqrt,0.0,50,19.86,20,20184,403.68
grid,1,0.6571859579999,0.9146922458656127,0.9161793372319688,133,,1,10,0.5,0.0001,133,28.55639097744361,36,30091,226.24812030075188
grid,1,0.6507749160082312,0.9146922458656127,0.9161793372319688,133,,1,10,0.5,1e-05,133,28.586466165413533,36,30139,226.60902255639098
grid,1,0.6549787080002716,0.9146922458656127,0.9161793372319688,133,,1,10,0.5,0.0,133,28.616541353383457,36,31439,236.38345864661653
grid,1,0.09759950000443496,0.9145647810976698,0.9161793372319688,50,,1,5,sqrt,0.0001,50,24.14,32,20340,406.8
grid,1,0.09439708400168456,0.9145647810976698,0.9161793372319688,50,,1,5,sqrt,1e-05,50,24.18,32,20370,407.4
grid,1,0.10702999999921303,0.9145647810976698,0.9161793372319688,50,,1,5,sqrt,0.0,50,24.18,32,21172,423.44
grid,1,0.2719594590016641,0.9141972118423604,0.9142300194931774,50,20.0,1,7,0.5,0.0001,50,19.96,20,10698,213.96
grid,1,0.2704688750091009,0.9141972118423604,0.9142300194931774,50,20.0,1,7,0.5,1e-05,50,19.96,20,10702,214.04
grid,1,0.2824875840015011,0.9141972118423604,0.9142300194931774,50,20.0,1,7,0.5,0.0,50,19.96,20,11252,225.04
grid,1,0.22847445801016875,0.9135252590533294,0.9142300194931774,133,12.0,1,2,sqrt,0.0001,133,12.0,12,43389,326.23308270676694
grid,1,0.20308137500251178,0.9135252590533294,0.9142300194931774,133,12.0,1,2,sqrt,1e-05,133,12.0,12,43429,326.5338345864662
grid,1,0.20706812500429805,0.9135252590533294,0.9142300194931774,133,12.0,1,2,sqrt,0.0,133,12.0,12,45813,344.45864661654133
grid,1,0.08425975000136532,0.9134634422247352,0.9142300194931774,50,20.0,1,7,log2,0.0001,50,19.76,20,19640,392.8
grid,1,0.09299570799339563,0.9134634422247352,0.9142300194931774,50,20.0,1,7,log2,1e-05,50,19.76,20,19790,395.8
grid,1,0.08059216699621174,0.9134634422247352,0.9142300194931774,50,20.0,1,7,log2,0.0,50,19.76,20,20442,408.84
grid,1,0.3502760420087725,0.9134504567988063,0.9142300194931774,217,16.0,1,2,sqrt,0.001,217,15.990783410138249,16,58263,268.4930875576037
grid,1,0.21687949998886324,0.9133560673878194,0.9142300194931774,133,16.0,1,2,sqrt,0.001,133,15.984962406015038,16,36075,271.2406015037594
grid,1,0.08285591599997133,0.9133086686378327,0.9142300194931774,50,,1,7,log2,0.0001,50,22.88,29,20190,403.8
grid,1,0.6369529579969821,0.9132185039724086,0.9142300194931774,133,20.0,1,7,0.5,0.0001,133,19.94736842105263,20,28539,214.57894736842104
grid,1,0.6394904589978978,0.9132185039724086,0.9142300194931774,133,20.0,1,7,0.5,1e-05,133,19.94736842105263,20,28559,214.72932330827066
grid,1,0.638364416998229,0.9132185039724086,0.9142300194931774,133,20.0,1,7,0.5,0.0,133,19.94736842105263,20,29981,225.42105263157896
grid,1,0.09757758300111163,0.9131383179380556,0.9142300194931774,50,16.0,1,7,sqrt,1e-05,50,16.0,16,15190,303.8
grid,1,0.0969367079960648,0.9131383179380556,0.9142300194931774,50,16.0,1,7,sqrt,0.0,50,16.0,16,15690,313.8
grid,1,0.19254950000322424,0.9131140934883967,0.9142300194931774,133,,1,7,log2,0.0001,133,22.23308270676692,30,54179,407.3609022556391
grid,1,0.1965309579973109,0.9131140934883967,0.9142300194931774,133,,1,7,log2,1e-05,133,22.25563909774436,30,54597,410.50375939849624
grid,1,0.18686225000419654,0.9131140934883967,0.9142300194931774,133,,1,7,log2,0.0,133,22.30827067669173,30,56391,423.9924812030075
grid,1,0.6434668750007404,0.913065135022791,0.9142300194931774,133,20.0,1,10,0.5,0.0001,133,20.0,20,26027,195.69172932330827
grid,1,0.6322525829891674,0.913065135022791,0.9142300194931774,133,20.0,1,10,0.5,1e-05,133,20.0,20,26055,195.90225563909775
grid,1,0.6439506660099141,0.913065135022791,0.9142300194931774,133,20.0,1,10,0.5,0.0,133,20.0,20,27315,205.37593984962405
grid,1,0.22051445800752845,0.9127170665519174,0.9142300194931774,133,20.0,1,7,sqrt,0.0001,133,19.81203007518797,20,46115,346.7293233082707
grid,1,0.0953166660037823,0.9126895942700358,0.9142300194931774,50,,1,5,sqrt,0.001,50,21.62,32,14574,291.48
grid,1,0.20993675000499934,0.9126289272617321,0.9142300194931774,133,20.0,1,7,sqrt,1e-05,133,19.81203007518797,20,46353,348.5187969924812
grid,1,0.21634629199979827,0.9126289272617321,0.9142300194931774,133,20.0,1,7,sqrt,0.0,133,19.81203007518797,20,47941,360.45864661654133
grid,1,0.0809955419972539,0.9122491331157222,0.9122807017543859,50,12.0,1,5,log2,0.0001,50,12.0,12,14638,292.76
grid,1,0.0834134580072714,0.9122491331157222,0.9122807017543859,50,12.0,1,5,log2,1e-05,50,12.0,12,14696,293.92
grid,1,0.08538929199858103,0.9122491331157222,0.9122807017543859,50,12.0,1,5,log2,0.0,50,12.0,12,15166,303.32
grid,1,0.09558591699169483,0.9117010853405066,0.9122807017543859,50,,1,10,sqrt,0.0001,50,23.04,30,15336,306.72
grid,1,0.0961574160028249,0.9117010853405066,0.9122807017543859,50,,1,10,sqrt,1e-05,50,23.08,30,15456,309.12
grid,1,0.09261875000083819,0.9117010853405066,0.9122807017543859,50,,1,10,sqrt,0.0,50,23.12,30,16026,320.52
grid,1,0.20913120899058413,0.9115331792261476,0.9122807017543859,133,,1,10,sqrt,0.0001,133,22.86466165413534,33,40957,307.94736842105266
grid,1,0.2098820419923868,0.9115331792261476,0.9122807017543859,133,,1,10,sqrt,1e-05,133,22.917293233082706,33,41325,310.7142857142857
grid,1,0.22845016699284315,0.9115331792261476,0.9122807017543859,133,,1,10,sqrt,0.0,133,22.977443609022558,33,42799,321.796992481203
grid,1,0.1887514579866547,0.9114746034852247,0.9122807017543859,133,16.0,1,2,log2,0.0001,133,16.0,16,72051,541.7368421052631
grid,1,0.2011409169936087,0.9114746034852247,0.9122807017543859,133,16.0,1,2,log2,1e-05,133,16.0,16,72121,542.2631578947369
grid,1,0.19813283400435466,0.9114746034852247,0.9122807017543859,133,16.0,1,2,log2,0.0,133,16.0,16,76441,574.7443609022556
grid,1,0.19062266699620523,0.9114132410872943,0.9122807017543859,133,20.0,1,7,log2,0.0001,133,19.646616541353385,20,52877,397.57142857142856
grid,1,0.18232829199405387,0.9114132410872943,0.9122807017543859,133,20.0,1,7,log2,1e-05,133,19.646616541353385,20,53311,400.83458646616543
grid,1,0.18781270801264327,0.9114132410872943,0.9122807017543859,133,20.0,1,7,log2,0.0,133,19.646616541353385,20,55059,413.97744360902254
grid,1,0.29778591700596735,0.911331172678272,0.9122807017543859,217,16.0,1,7,log2,0.0001,217,15.990783410138249,16,78507,361.7834101382488
grid,1,0.3055460000032326,0.911331172678272,0.9122807017543859,217,16.0,1,7,log2,1e-05,217,15.990783410138249,16,79105,364.53917050691246
grid,1,0.293882666999707,0.911331172678272,0.9122807017543859,217,16.0,1,7,log2,0.0,217,15.990783410138249,16,81557,375.83870967741933
grid,1,0.09339324999018572,0.9112129682771951,0.9122807017543859,50,,1,2,log2,1e-05,50,24.48,31,31512,630.24
grid,1,0.09319200000027195,0.9112129682771951,0.9122807017543859,50,,1,2,log2,0.0001,50,24.48,31,31512,630.24
grid,1,0.08280504100548569,0.9112129682771951,0.9122807017543859,50,,1,2,log2,0.0,50,24.54,31,33528,670.56
grid,1,0.09305383400351275,0.9111528246276013,0.9122807017543859,50,16.0,1,7,sqrt,0.0001,50,16.0,16,15100,302.0
grid,1,0.3380430000106571,0.9110566280302198,0.9122807017543859,217,16.0,1,10,sqrt,0.0001,217,15.990783410138249,16,59467,274.0414746543779
grid,1,0.34581229199829977,0.9110566280302198,0.9122807017543859,217,16.0,1,10,sqrt,1e-05,217,15.995391705069125,16,59923,276.14285714285717
grid,1,0.33211558300536126,0.9110566280302198,0.9122807017543859,217,16.0,1,10,sqrt,0.0,217,15.995391705069125,16,61999,285.7096774193548
grid,1,0.29748333399766125,0.9108775421824004,0.9122807017543859,217,16.0,1,2,log2,0.0001,217,16.0,16,117783,542.778801843318
grid,1,0.3327002080040984,0.9108775421824004,0.9122807017543859,217,16.0,1,2,log2,1e-05,217,16.0,16,117893,543.2857142857143
grid,1,0.2983951659989543,0.9108775421824004,0.9122807017543859,217,16.0,1,2,log2,0.0,217,16.0,16,125019,576.1244239631336
grid,1,0.09416029100248124,0.910864080875332,0.9122807017543859,50,,1,7,sqrt,0.0001,50,23.98,32,17756,355.12
grid,1,0.0914550409943331,0.910864080875332,0.9122807017543859,50,,1,7,sqrt,1e-05,50,24.0,32,17846,356.92
grid,1,0.09595737500058021,0.910864080875332,0.9122807017543859,50,,1,7,sqrt,0.0,50,24.02,32,18432,368.64
grid,1,0.09512887500750367,0.9108249025131819,0.9122807017543859,50,16.0,1,10,sqrt,0.0001,50,16.0,16,13432,268.64
grid,1,0.09166783399996348,0.9108249025131819,0.9122807017543859,50,16.0,1,10,sqrt,1e-05,50,16.0,16,13534,270.68
grid,1,0.09387679099745583,0.9108249025131819,0.9122807017543859,50,16.0,1,10,sqrt,0.0,50,16.0,16,14038,280.76
grid,1,0.3465237079944927,0.9106839190551186,0.9122807017543859,217,16.0,1,7,sqrt,0.0001,217,16.0,16,67755,312.2350230414747
grid,1,0.33747450000373647,0.9106839190551186,0.9122807017543859,217,16.0,1,7,sqrt,1e-05,217,16.0,16,68105,313.8479262672811
grid,1,0.33124533299996983,0.9106839190551186,0.9122807017543859,217,16.0,1,7,sqrt,0.0,217,16.0,16,70545,325.0921658986175
grid,1,0.20980254199821502,0.910468154427759,0.9122807017543859,133,16.0,1,7,sqrt,0.0001,133,16.0,16,41449,311.6466165413534
grid,1,0.2072174999921117,0.910468154427759,0.9122807017543859,133,16.0,1,7,sqrt,1e-05,133,16.0,16,41671,313.3157894736842
grid,1,0.20279541600029916,0.910468154427759,0.9122807017543859,133,16.0,1,7,sqrt,0.0,133,16.0,16,43107,324.1127819548872
grid,1,0.2610538750013802,0.9099048470624922,0.9103313840155945,50,20.0,1,10,0.5,0.0001,50,20.0,20,9862,197.24
grid,1,0.2667551250051474,0.9099048470624922,0.9103313840155945,50,20.0,1,10,0.5,1e-05,50,20.0,20,9874,197.48
grid,1,0.2656014169915579,0.9099048470624922,0.9103313840155945,50,20.0,1,10,0.5,0.0,50,20.0,20,10336,206.72
grid,1,0.26943533300072886,0.9093051010630103,0.9103313840155945,50,,1,10,0.5,0.0001,50,28.48,36,11330,226.6
grid,1,0.2728721250023227,0.9093051010630103,0.9103313840155945,50,,1,10,0.5,1e-05,50,28.52,36,11350,227.0
grid,1,0.263412291998975,0.9093051010630103,0.9103313840155945,50,,1,10,0.5,0.0,50,28.54,36,11828,236.56
grid,1,0.08164154199766926,0.9092364190265273,0.9103313840155945,50,16.0,1,2,log2,0.0001,50,16.0,16,26368,527.36
grid,1,0.08078170800581574,0.9092364190265273,0.9103313840155945,50,16.0,1,2,log2,1e-05,50,16.0,16,26400,528.0
grid,1,0.08292945800349116,0.9092364190265273,0.9103313840155945,50,16.0,1,2,log2,0.0,50,16.0,16,27946,558.92
grid,1,0.6184017499908805,0.9089756156717527,0.9083820662768031,133,16.0,1,2,0.5,0.0001,133,16.0,16,30507,229.37593984962405
grid,1,0.6225969999941299,0.9089756156717527,0.9083820662768031,133,16.0,1,2,0.5,1e-05,133,16.0,16,30509,229.39097744360902
grid,1,0.6171708339970792,0.9089756156717527,0.9083820662768031,133,16.0,1,2,0.5,0.0,133,16.0,16,32649,245.4812030075188
grid,1,0.0971087080106372,0.9087150879181942,0.9103313840155945,50,20.0,1,5,sqrt,0.001,50,19.42,20,14246,284.92
grid,1,0.21269645799475256,0.9086730229379792,0.9103313840155945,133,20.0,1,5,sqrt,0.001,133,19.55639097744361,20,38159,286.90977443609023
grid,1,0.2200807079934748,0.9086249429473591,0.9103313840155945,133,,1,5,sqrt,0.001,133,21.56390977443609,32,39137,294.2631578947368
grid,1,0.9930970420100493,0.9080570645229674,0.9083820662768031,217,16.0,1,2,0.5,0.0001,217,16.0,16,50187,231.27649769585253
grid,1,1.0044756659917766,0.9080570645229674,0.9083820662768031,217,16.0,1,2,0.5,1e-05,217,16.0,16,50191,231.29493087557603
grid,1,0.9837502909940667,0.9080570645229674,0.9083820662768031,217,16.0,1,2,0.5,0.0,217,16.0,16,53805,247.94930875576037
grid,1,0.18325041700154543,0.907388187973597,0.9083820662768031,133,16.0,1,7,log2,0.0001,133,15.992481203007518,16,48201,362.4135338345865
grid,1,0.188440708006965,0.907388187973597,0.9083820662768031,133,16.0,1,7,log2,1e-05,133,15.992481203007518,16,48575,365.22556390977445
grid,1,0.1841612919961335,0.907388187973597,0.9083820662768031,133,16.0,1,7,log2,0.0,133,15.992481203007518,16,50073,376.4887218045113
grid,1,0.3482737919985084,0.9072467361622187,0.9083820662768031,217,16.0,1,5,sqrt,0.001,217,15.981566820276498,16,56777,261.64516129032256
grid,1,0.19050879099813756,0.9072048350115981,0.9083820662768031,133,20.0,1,5,log2,0.0001,133,19.902255639097746,20,60515,455.0
grid,1,0.18023512499348726,0.9072048350115981,0.9083820662768031,133,20.0,1,5,log2,1e-05,133,19.902255639097746,20,60755,456.8045112781955
grid,1,0.17829520799568854,0.9072048350115981,0.9083820662768031,133,20.0,1,5,log2,0.0,133,19.902255639097746,20,63141,474.74436090225566
grid,1,0.0945252499950584,0.9070211905663046,0.9083820662768031,50,12.0,1,5,sqrt,0.0001,50,12.0,12,12124,242.48
grid,1,0.09611070799292065,0.9070211905663046,0.9083820662768031,50,12.0,1,5,sqrt,1e-05,50,12.0,12,12156,243.12
grid,1,0.09228320799593348,0.9070211905663046,0.9083820662768031,50,12.0,1,5,sqrt,0.0,50,12.0,12,12610,252.2
grid,1,0.08198970800731331,0.9070066359941955,0.9083820662768031,50,16.0,1,7,log2,0.0001,50,16.0,16,17806,356.12
grid,1,0.08091533300466835,0.9070066359941955,0.9083820662768031,50,16.0,1,7,log2,1e-05,50,16.0,16,17934,358.68
grid,1,0.08110129198757932,0.9070066359941955,0.9083820662768031,50,16.0,1,7,log2,0.0,50,16.0,16,18488,369.76
grid,1,0.09232345799682662,0.9068395140992276,0.9083820662768031,50,12.0,1,2,sqrt,0.001,50,12.0,12,10200,204.0
grid,1,0.6159720409923466,0.9065273026399971,0.9064327485380117,133,16.0,1,10,0.5,0.0001,133,16.0,16,21401,160.90977443609023
grid,1,0.6133648749964777,0.9065273026399971,0.9064327485380117,133,16.0,1,10,0.5,1e-05,133,16.0,16,21419,161.04511278195488
grid,1,0.6118400409905007,0.9065273026399971,0.9064327485380117,133,16.0,1,10,0.5,0.0,133,16.0,16,22481,169.0300751879699
grid,1,0.27851245799683966,0.9065073367292407,0.9083820662768031,50,,1,2,0.5,0.001,50,27.72,34,11166,223.32
grid,1,0.09497008299513254,0.9064368837421772,0.9083820662768031,50,,1,2,sqrt,0.001,50,21.58,29,15098,301.96
grid,1,0.09709929200471379,0.9063846238521184,0.9083820662768031,50,16.0,1,10,sqrt,0.001,50,15.98,16,10914,218.28
grid,1,0.991849291996914,0.9059684659131583,0.9064327485380117,217,16.0,1,7,0.5,0.0001,217,16.0,16,38057,175.3778801843318
grid,1,1.0221215409983415,0.9059684659131583,0.9064327485380117,217,16.0,1,7,0.5,1e-05,217,16.0,16,38075,175.46082949308754
grid,1,0.9928886249981588,0.9059684659131583,0.9064327485380117,217,16.0,1,7,0.5,0.0,217,16.0,16,40039,184.5115207373272
grid,1,0.6554737090045819,0.9058019109284168,0.9083820662768031,133,,1,10,0.5,0.001,133,26.849624060150376,35,24577,184.78947368421052
grid,1,0.18528662499738857,0.9056707181685003,0.9064327485380117,133,12.0,1,5,log2,0.0001,133,12.0,12,39865,299.7368421052632
grid,1,0.18557229099678807,0.9056707181685003,0.9064327485380117,133,12.0,1,5,log2,1e-05,133,12.0,12,40011,300.83458646616543
grid,1,0.18920533299387898,0.9056707181685003,0.9064327485380117,133,12.0,1,5,log2,0.0,133,12.0,12,41303,310.54887218045116
grid,1,0.08152700000209734,0.9056012876785666,0.9064327485380117,50,16.0,1,5,log2,0.0001,50,16.0,16,20024,400.48
grid,1,0.08079208299750462,0.9056012876785666,0.9064327485380117,50,16.0,1,5,log2,1e-05,50,16.0,16,20124,402.48
grid,1,0.08039329200983047,0.9056012876785666,0.9064327485380117,50,16.0,1,5,log2,0.0,50,16.0,16,20862,417.24
grid,1,0.3384530829935102,0.905585795601046,0.9064327485380117,217,12.0,1,5,sqrt,0.0001,217,12.0,12,56611,260.88018433179724
grid,1,0.34218279100605287,0.905585795601046,0.9064327485380117,217,12.0,1,5,sqrt,1e-05,217,12.0,12,56743,261.4884792626728
grid,1,0.3346759579872014,0.905585795601046,0.9064327485380117,217,12.0,1,5,sqrt,0.0,217,12.0,12,58831,271.110599078341
grid,1,0.2266018329974031,0.905554857119478,0.9064327485380117,133,20.0,1,10,sqrt,0.0001,133,19.669172932330827,20,39725,298.6842105263158
grid,1,0.2259670830098912,0.905554857119478,0.9064327485380117,133,20.0,1,10,sqrt,1e-05,133,19.69172932330827,20,40083,301.37593984962405
grid,1,0.20423324999865144,0.905554857119478,0.9064327485380117,133,20.0,1,10,sqrt,0.0,133,19.706766917293233,20,41489,311.94736842105266
grid,1,0.21583462500711903,0.9054390323091707,0.9064327485380117,133,16.0,1,10,sqrt,0.0001,133,15.984962406015038,16,36589,275.10526315789474
grid,1,0.21543008399021346,0.9054390323091707,0.9064327485380117,133,16.0,1,10,sqrt,1e-05,133,15.992481203007518,16,36901,277.45112781954884
grid,1,0.2014838330069324,0.9054390323091707,0.9064327485380117,133,16.0,1,10,sqrt,0.0,133,15.992481203007518,16,38195,287.18045112781954
grid,1,0.08289033299661241,0.9053787309131169,0.9064327485380117,50,20.0,1,7,log2,0.001,50,19.28,20,14690,293.8
grid,1,0.6814929579995805,0.9051969116630517,0.9064327485380117,133,,1,5,0.5,0.0001,133,29.729323308270676,40,36743,276.2631578947368
grid,1,0.655922833000659,0.9051969116630517,0.9064327485380117,133,,1,5,0.5,1e-05,133,29.75187969924812,40,36753,276.3383458646617
grid,1,0.6579788339877268,0.9051969116630517,0.9064327485380117,133,,1,5,0.5,0.0,133,29.804511278195488,40,38531,289.70676691729324
grid,1,0.09757416699721944,0.9050390982170003,0.9064327485380117,50,20.0,1,10,sqrt,0.0001,50,19.72,20,14798,295.96
grid,1,0.09817458399629686,0.9050390982170003,0.9064327485380117,50,20.0,1,10,sqrt,1e-05,50,19.74,20,14920,298.4
grid,1,0.09719737501291092,0.9050390982170003,0.9064327485380117,50,20.0,1,10,sqrt,0.0,50,19.74,20,15452,309.04
grid,1,0.2151763749861857,0.9050343601133037,0.9064327485380117,133,16.0,1,5,sqrt,0.001,133,15.977443609022556,16,34797,261.63157894736844
grid,1,0.09577987500233576,0.9050316953224428,0.9064327485380117,50,16.0,1,5,sqrt,0.001,50,15.98,16,12686,253.72
grid,1,0.0966936250042636,0.9049751025947139,0.9064327485380117,50,20.0,1,2,sqrt,0.001,50,19.48,20,14700,294.0
grid,1,0.11928066700056661,0.9046549266315776,0.9064327485380117,50,20.0,1,7,sqrt,0.001,50,19.62,20,13214,264.28
grid,1,0.6488317909970647,0.9044642402771069,0.9064327485380117,133,,1,2,0.5,0.001,133,27.736842105263158,36,29769,223.82706766917292
grid,1,0.3291181249951478,0.9043731433458392,0.9064327485380117,217,12.0,1,2,log2,0.0001,217,12.0,12,84633,390.01382488479265
grid,1,0.30257120900205337,0.9043731433458392,0.9064327485380117,217,12.0,1,2,log2,1e-05,217,12.0,12,84771,390.64976958525347
grid,1,0.28904066600080114,0.9043731433458392,0.9064327485380117,217,12.0,1,2,log2,0.0,217,12.0,12,89215,411.1290322580645
grid,1,1.0033251660061069,0.9042427227976334,0.9044834307992202,217,16.0,1,10,0.5,0.0001,217,16.0,16,35351,162.9078341013825
grid,1,0.9947152079985244,0.9042427227976334,0.9044834307992202,217,16.0,1,10,0.5,1e-05,217,16.0,16,35379,163.036866359447
grid,1,0.9881083749933168,0.9042427227976334,0.9044834307992202,217,16.0,1,10,0.5,0.0,217,16.0,16,37121,171.06451612903226
grid,1,0.08148912499018479,0.9036023380908844,0.9044834307992202,50,20.0,1,5,log2,0.0001,50,19.9,20,22546,450.92
grid,1,0.08404016699932981,0.9036023380908844,0.9044834307992202,50,20.0,1,5,log2,1e-05,50,19.9,20,22644,452.88
grid,1,0.0836166660010349,0.9036023380908844,0.9044834307992202,50,20.0,1,5,log2,0.0,50,19.9,20,23514,470.28
grid,1,0.6340542919933796,0.9035087617667041,0.9044834307992202,133,20.0,1,5,0.5,0.0001,133,20.0,20,31051,233.46616541353384
grid,1,0.642771790997358,0.9035087617667041,0.9044834307992202,133,20.0,1,5,0.5,1e-05,133,20.0,20,31053,233.4812030075188
grid,1,0.6455286249984056,0.9035087617667041,0.9044834307992202,133,20.0,1,5,0.5,0.0,133,20.0,20,32677,245.69172932330827
grid,1,0.26148125001054723,0.9034907581823017,0.9025341130604289,50,16.0,1,2,0.5,1e-05,50,16.0,16,11592,231.84
grid,1,0.2519297910039313,0.9034907581823017,0.9025341130604289,50,16.0,1,2,0.5,0.0001,50,16.0,16,11592,231.84
grid,1,0.25216933400952257,0.9034907581823017,0.9025341130604289,50,16.0,1,2,0.5,0.0,50,16.0,16,12394,247.88
grid,1,0.2754944170010276,0.9032015172329729,0.9044834307992202,50,20.0,1,2,0.5,0.001,50,20.0,20,9672,193.44
grid,1,0.09017866700014565,0.9031993881579594,0.9044834307992202,50,20.0,4,2,sqrt,0.0001,50,19.68,20,14432,288.64
grid,1,0.09511212499637622,0.9031993881579594,0.9044834307992202,50,20.0,4,5,sqrt,0.0001,50,19.68,20,14432,288.64
grid,1,0.0968330000032438,0.9031993881579594,0.9044834307992202,50,20.0,4,7,sqrt,0.0001,50,19.68,20,14432,288.64
grid,1,0.09129429199674632,0.9031993881579594,0.9044834307992202,50,20.0,4,2,sqrt,1e-05,50,19.72,20,14688,293.76
grid,1,0.09593391600355972,0.9031993881579594,0.9044834307992202,50,20.0,4,5,sqrt,1e-05,50,19.72,20,14688,293.76
grid,1,0.0942143329884857,0.9031993881579594,0.9044834307992202,50,20.0,4,7,sqrt,1e-05,50,19.72,20,14688,293.76
grid,1,0.09651424999174196,0.9031993881579594,0.9044834307992202,50,20.0,4,2,sqrt,0.0,50,19.74,20,15302,306.04
grid,1,0.09466791599697899,0.9031993881579594,0.9044834307992202,50,20.0,4,5,sqrt,0.0,50,19.74,20,15302,306.04
grid,1,0.09437454199360218,0.9031993881579594,0.9044834307992202,50,20.0,4,7,sqrt,0.0,50,19.74,20,15302,306.04
grid,1,0.18210649999673478,0.9031827043249733,0.9044834307992202,133,16.0,1,2,log2,0.001,133,15.954887218045112,16,41351,310.90977443609023
grid,1,0.29487733299902175,0.9031809470079544,0.9044834307992202,217,16.0,1,5,log2,0.0001,217,16.0,16,88169,406.3087557603687
grid,1,0.29693070900975727,0.9031809470079544,0.9044834307992202,217,16.0,1,5,log2,1e-05,217,16.0,16,88555,408.08755760368666
grid,1,0.2960126670077443,0.9031809470079544,0.9044834307992202,217,16.0,1,5,log2,0.0,217,16.0,16,91843,423.2396313364055
grid,1,0.098552124996786,0.903138891138646,0.9044834307992202,50,20.0,1,7,sqrt,0.0001,50,19.92,20,17042,340.84
grid,1,0.0950297500094166,0.903138891138646,0.9044834307992202,50,20.0,1,7,sqrt,1e-05,50,19.92,20,17132,342.64
grid,1,0.0939004579995526,0.903138891138646,0.9044834307992202,50,20.0,1,7,sqrt,0.0,50,19.92,20,17720,354.4
grid,1,0.09547124999517109,0.9031061981915223,0.9044834307992202,50,,4,2,sqrt,0.0001,50,21.7,27,14836,296.72
grid,1,0.11637629200413357,0.9031061981915223,0.9044834307992202,50,,4,5,sqrt,0.0001,50,21.7,27,14836,296.72
grid,1,0.09419741699821316,0.9031061981915223,0.9044834307992202,50,,4,7,sqrt,0.0001,50,21.7,27,14836,296.72
grid,1,0.09850220900261775,0.9031061981915223,0.9044834307992202,50,,4,2,sqrt,1e-05,50,21.8,27,15116,302.32
grid,1,0.09310774999903515,0.9031061981915223,0.9044834307992202,50,,4,5,sqrt,1e-05,50,21.8,27,15116,302.32
grid,1,0.09183083300013095,0.9031061981915223,0.9044834307992202,50,,4,7,sqrt,1e-05,50,21.8,27,15116,302.32
grid,1,0.09098629099025857,0.9031061981915223,0.9044834307992202,50,,4,2,sqrt,0.0,50,21.86,27,15730,314.6
grid,1,0.09507329099869821,0.9031061981915223,0.9044834307992202,50,,4,5,sqrt,0.0,50,21.86,27,15730,314.6
grid,1,0.09676487499382347,0.9031061981915223,0.9044834307992202,50,,4,7,sqrt,0.0,50,21.86,27,15730,314.6
grid,1,0.18339887500042096,0.9030847353019085,0.9044834307992202,133,16.0,1,10,log2,0.0001,133,15.992481203007518,16,42035,316.05263157894734
grid,1,0.18895450000127312,0.9030847353019085,0.9044834307992202,133,16.0,1,10,log2,1e-05,133,15.992481203007518,16,42525,319.7368421052632
grid,1,0.18408687500050291,0.9030847353019085,0.9044834307992202,133,16.0,1,10,log2,0.0,133,15.992481203007518,16,43705,328.609022556391
grid,1,0.3399665000033565,0.903060935942155,0.9044834307992202,217,12.0,1,2,sqrt,0.001,217,12.0,12,45129,207.96774193548387
grid,1,0.18010174999653827,0.9030162513645404,0.9044834307992202,133,20.0,1,5,log2,0.001,133,19.31578947368421,20,42497,319.5263157894737
grid,1,0.3388110410014633,0.9029760667718801,0.9044834307992202,217,16.0,1,10,sqrt,0.001,217,15.96774193548387,16,48415,223.110599078341
grid,1,0.6464350409951294,0.9028877009721941,0.9044834307992202,133,20.0,1,2,0.5,0.001,133,19.992481203007518,20,25567,192.2330827067669
grid,1,0.09291933399799746,0.9028864400915684,0.9044834307992202,50,,1,7,sqrt,0.001,50,21.88,32,13596,271.92
grid,1,0.09553433299879543,0.9026658402729216,0.9044834307992202,50,16.0,1,2,sqrt,0.001,50,15.98,16,13342,266.84
grid,1,0.21551566700509284,0.9025592099749661,0.9044834307992202,133,20.0,1,7,sqrt,0.001,133,19.43609022556391,20,35815,269.2857142857143
grid,1,0.22420862500439398,0.9025527528491022,0.9044834307992202,133,,1,7,sqrt,0.001,133,21.398496240601503,32,36593,275.1353383458647
grid,1,0.26864075000048615,0.9022300683244686,0.9044834307992202,50,,1,5,0.5,0.001,50,26.2,35,10648,212.96
grid,1,0.25066720800532494,0.9021199951020381,0.9025341130604289,50,16.0,1,5,0.5,0.0001,50,16.0,16,9522,190.44
grid,1,0.2665206249948824,0.9021199951020381,0.9025341130604289,50,16.0,1,5,0.5,1e-05,50,16.0,16,9524,190.48
grid,1,0.2556034169974737,0.9021199951020381,0.9025341130604289,50,16.0,1,5,0.5,0.0,50,16.0,16,10016,200.32
grid,1,0.08197658299468458,0.9015954474459861,0.9025341130604289,50,20.0,1,2,log2,0.001,50,19.4,20,16694,333.88
grid,1,0.1897177089995239,0.9015698142463353,0.9025341130604289,133,,1,5,log2,1e-05,133,23.44360902255639,34,62699,471.42105263157896
grid,1,0.18838545899780001,0.9015698142463353,0.9025341130604289,133,,1,5,log2,0.0,133,23.481203007518797,34,65161,489.9323308270677
grid,1,0.20333525000023656,0.9014761631861014,0.9025341130604289,133,12.0,1,5,sqrt,0.0001,133,12.0,12,34677,260.7293233082707
grid,1,0.20301191598991863,0.9014761631861014,0.9025341130604289,133,12.0,1,5,sqrt,1e-05,133,12.0,12,34767,261.406015037594
grid,1,0.2016637500055367,0.9014761631861014,0.9025341130604289,133,12.0,1,5,sqrt,0.0,133,12.0,12,36011,270.7593984962406
grid,1,0.29830500000389293,0.9013619193871301,0.9025341130604289,217,16.0,1,7,log2,0.001,217,15.972350230414747,16,59869,275.89400921658984
grid,1,0.09842700000444893,0.9013204576637265,0.9025341130604289,50,12.0,4,2,sqrt,0.0001,50,12.0,12,10524,210.48
grid,1,0.09492141699593049,0.9013204576637265,0.9025341130604289,50,12.0,4,5,sqrt,0.0001,50,12.0,12,10524,210.48
grid,1,0.09229116700589657,0.9013204576637265,0.9025341130604289,50,12.0,4,7,sqrt,0.0001,50,12.0,12,10524,210.48
grid,1,0.21194820800155867,0.9013120292633835,0.9025341130604289,133,12.0,1,7,sqrt,0.0001,133,12.0,12,31487,236.74436090225564
grid,1,0.2101343749964144,0.9013120292633835,0.9025341130604289,133,12.0,1,7,sqrt,1e-05,133,12.0,12,31625,237.78195488721803
grid,1,0.2106652079964988,0.9013120292633835,0.9025341130604289,133,12.0,1,7,sqrt,0.0,133,12.0,12,32649,245.4812030075188
grid,1,0.2569391249999171,0.9012626824533021,0.9005847953216374,50,16.0,1,7,0.5,0.0001,50,16.0,16,8756,175.12
grid,1,0.25218945799861103,0.9012626824533021,0.9005847953216374,50,16.0,1,7,0.5,1e-05,50,16.0,16,8758,175.16
grid,1,0.2593403750070138,0.9012626824533021,0.9005847953216374,50,16.0,1,7,0.5,0.0,50,16.0,16,9220,184.4
grid,1,0.2988266660104273,0.9012541931095677,0.9025341130604289,217,12.0,1,5,log2,0.0001,217,12.0,12,64877,298.97235023041475
grid,1,0.3084546250029234,0.9012541931095677,0.9025341130604289,217,12.0,1,5,log2,1e-05,217,12.0,12,65129,300.1336405529954
grid,1,0.29918812500545755,0.9012541931095677,0.9025341130604289,217,12.0,1,5,log2,0.0,217,12.0,12,67321,310.2350230414747
grid,1,0.186694041985902,0.9012174988671513,0.9025341130604289,133,16.0,1,5,log2,0.0001,133,16.0,16,54175,407.3308270676692
grid,1,0.18884400000388268,0.9012174988671513,0.9025341130604289,133,16.0,1,5,log2,1e-05,133,16.0,16,54419,409.16541353383457
grid,1,0.18404241699317936,0.9012174988671513,0.9025341130604289,133,16.0,1,5,log2,0.0,133,16.0,16,56467,424.56390977443607
grid,1,0.09511258300335612,0.9011998274061099,0.9025341130604289,50,12.0,4,2,sqrt,1e-05,50,12.0,12,10686,213.72
grid,1,0.09320608300913591,0.9011998274061099,0.9025341130604289,50,12.0,4,5,sqrt,1e-05,50,12.0,12,10686,213.72
grid,1,0.08592987500014715,0.9011998274061099,0.9025341130604289,50,12.0,4,7,sqrt,1e-05,50,12.0,12,10686,213.72
grid,1,0.09381291700992733,0.9011998274061099,0.9025341130604289,50,12.0,4,2,sqrt,0.0,50,12.0,12,11086,221.72
grid,1,0.09590679200482555,0.9011998274061099,0.9025341130604289,50,12.0,4,5,sqrt,0.0,50,12.0,12,11086,221.72
grid,1,0.0931099170120433,0.9011998274061099,0.9025341130604289,50,12.0,4,7,sqrt,0.0,50,12.0,12,11086,221.72
grid,1,0.2660969589924207,0.9011023105560461,0.9025341130604289,50,20.0,1,5,0.5,0.001,50,19.98,20,9468,189.36
grid,1,0.19355920900125057,0.9009542216988952,0.9025341130604289,133,,1,5,log2,0.001,133,20.94736842105263,30,43181,324.6691729323308
grid,1,0.20425995800178498,0.9008403990837741,0.9025341130604289,133,20.0,4,10,sqrt,0.0001,133,19.18796992481203,20,35973,270.4736842105263
grid,1,0.23058233299525455,0.9008403990837741,0.9025341130604289,133,20.0,4,10,sqrt,1e-05,133,19.218045112781954,20,36611,275.2706766917293
grid,1,0.19931095799256582,0.9008403990837741,0.9025341130604289,133,20.0,4,10,sqrt,0.0,133,19.23308270676692,20,37955,285.37593984962405
grid,1,0.2953792080079438,0.9008395586806508,0.9025341130604289,217,16.0,1,2,log2,0.001,217,15.963133640552995,16,67401,310.6036866359447
grid,1,0.6344203749904409,0.900741643667524,0.9025341130604289,133,20.0,1,10,0.5,0.001,133,20.0,20,21629,162.62406015037595
grid,1,0.21604183300223667,0.900670359526073,0.9025341130604289,133,,4,10,sqrt,1e-05,133,20.458646616541355,28,37051,278.57894736842104
grid,1,0.21290345799934585,0.900670359526073,0.9025341130604289,133,,4,10,sqrt,0.0,133,20.49624060150376,28,38453,289.1203007518797
grid,1,0.21831283300707582,0.9006475272923703,0.9025341130604289,133,,4,2,sqrt,0.0001,133,21.36842105263158,29,39815,299.3609022556391
grid,1,0.2111600839998573,0.9006475272923703,0.9025341130604289,133,,4,5,sqrt,0.0001,133,21.36842105263158,29,39815,299.3609022556391
grid,1,0.21223333400848787,0.9006475272923703,0.9025341130604289,133,,4,7,sqrt,0.0001,133,21.36842105263158,29,39815,299.3609022556391
grid,1,0.21849562499846797,0.9006475272923703,0.9025341130604289,133,,4,2,sqrt,1e-05,133,21.49624060150376,29,40627,305.4661654135338
grid,1,0.21876837500894908,0.9006475272923703,0.9025341130604289,133,,4,5,sqrt,1e-05,133,21.49624060150376,29,40627,305.4661654135338
grid,1,0.20866162500169594,0.9006475272923703,0.9025341130604289,133,,4,7,sqrt,1e-05,133,21.49624060150376,29,40627,305.4661654135338
grid,1,0.21167900000000373,0.9006475272923703,0.9025341130604289,133,,4,2,sqrt,0.0,133,21.571428571428573,29,42239,317.5864661654135
grid,1,0.20248554200225044,0.9006475272923703,0.9025341130604289,133,,4,5,sqrt,0.0,133,21.571428571428573,29,42239,317.5864661654135
grid,1,0.21722537498862948,0.9006475272923703,0.9025341130604289,133,,4,7,sqrt,0.0,133,21.571428571428573,29,42239,317.5864661654135
grid,1,0.27257512499636505,0.9002589025365921,0.9025341130604289,50,,1,7,0.5,0.001,50,27.38,33,10050,201.0
grid,1,1.0166976670006989,0.9001917038943456,0.9005847953216374,217,16.0,1,5,0.5,0.0001,217,16.0,16,40783,187.94009216589862
grid,1,0.997768334011198,0.9001917038943456,0.9005847953216374,217,16.0,1,5,0.5,1e-05,217,16.0,16,40789,187.96774193548387
grid,1,0.9935218340106076,0.9001917038943456,0.9005847953216374,217,16.0,1,5,0.5,0.0,217,16.0,16,43025,198.27188940092165
grid,1,0.650559500005329,0.8999054165204645,0.9025341130604289,133,,1,7,0.5,0.001,133,27.045112781954888,37,26709,200.81954887218046
grid,1,0.18520712498866487,0.89963942543435,0.9005847953216374,133,,1,5,log2,0.0001,133,23.44360902255639,34,62489,469.8421052631579
grid,1,0.18663745900266804,0.899631340446513,0.9005847953216374,133,20.0,1,10,log2,0.0001,133,19.43609022556391,20,45371,341.1353383458647
grid,1,0.18612858299457002,0.899631340446513,0.9005847953216374,133,20.0,1,10,log2,1e-05,133,19.458646616541355,20,45883,344.98496240601503
grid,1,0.18604000000050291,0.899631340446513,0.9005847953216374,133,20.0,1,10,log2,0.0,133,19.48872180451128,20,47209,354.9548872180451
grid,1,0.09139116700680461,0.8995252854468828,0.9005847953216374,50,,1,2,log2,0.001,50,20.98,27,16972,339.44
grid,1,0.07954866599175148,0.8994905924285536,0.9005847953216374,50,16.0,1,2,log2,0.001,50,15.98,16,15244,304.88
grid,1,0.0974876249965746,0.8994629227163227,0.9005847953216374,50,20.0,4,10,sqrt,1e-05,50,19.34,20,13588,271.76
grid,1,0.09781399999337737,0.8994629227163227,0.9005847953216374,50,20.0,4,10,sqrt,0.0,50,19.36,20,14072,281.44
grid,1,0.30135604200768284,0.8994197886399059,0.9005847953216374,217,16.0,1,10,log2,0.0001,217,15.995391705069125,16,68223,314.39170506912444
grid,1,0.2938317910011392,0.8994197886399059,0.9005847953216374,217,16.0,1,10,log2,1e-05,217,15.995391705069125,16,69029,318.10599078341016
grid,1,0.2901891249930486,0.8994197886399059,0.9005847953216374,217,16.0,1,10,log2,0.0,217,15.995391705069125,16,71083,327.57142857142856
grid,1,0.09441941700060852,0.8993999455727584,0.9005847953216374,50,12.0,1,7,sqrt,0.0001,50,12.0,12,11300,226.0
grid,1,0.09686224999313708,0.8993999455727584,0.9005847953216374,50,12.0,1,7,sqrt,1e-05,50,12.0,12,11352,227.04
grid,1,0.09555466599704232,0.8993999455727584,0.9005847953216374,50,12.0,1,7,sqrt,0.0,50,12.0,12,11710,234.2
grid,1,0.2659334170020884,0.8993292475651955,0.9005847953216374,50,20.0,1,10,0.5,0.001,50,20.0,20,8186,163.72
grid,1,0.09207687500747852,0.8992746212155879,0.9005847953216374,50,16.0,4,2,sqrt,0.0001,50,16.0,16,13116,262.32
grid,1,0.09605216699128505,0.8992746212155879,0.9005847953216374,50,16.0,4,5,sqrt,0.0001,50,16.0,16,13116,262.32
grid,1,0.09688729100162163,0.8992746212155879,0.9005847953216374,50,16.0,4,7,sqrt,0.0001,50,16.0,16,13116,262.32
grid,1,0.09668054099893197,0.8992746212155879,0.9005847953216374,50,16.0,4,2,sqrt,1e-05,50,16.0,16,13350,267.0
grid,1,0.09192495798924938,0.8992746212155879,0.9005847953216374,50,16.0,4,5,sqrt,1e-05,50,16.0,16,13350,267.0
grid,1,0.09546416699595284,0.8992746212155879,0.9005847953216374,50,16.0,4,7,sqrt,1e-05,50,16.0,16,13350,267.0
grid,1,0.09731970800203271,0.8992746212155879,0.9005847953216374,50,16.0,4,2,sqrt,0.0,50,16.0,16,13904,278.08
grid,1,0.0957961670064833,0.8992746212155879,0.9005847953216374,50,16.0,4,5,sqrt,0.0,50,16.0,16,13904,278.08
grid,1,0.09512008300225716,0.8992746212155879,0.9005847953216374,50,16.0,4,7,sqrt,0.0,50,16.0,16,13904,278.08
grid,1,0.3413801250135293,0.8990223243103311,0.9005847953216374,217,12.0,1,7,sqrt,0.0001,217,12.0,12,51423,236.97235023041475
grid,1,0.3583336660085479,0.8990223243103311,0.9005847953216374,217,12.0,1,7,sqrt,1e-05,217,12.0,12,51643,237.98617511520737
grid,1,0.3293985829950543,0.8990223243103311,0.9005847953216374,217,12.0,1,7,sqrt,0.0,217,12.0,12,53311,245.67281105990784
grid,1,0.21585749999212567,0.8989310644097883,0.9005847953216374,133,16.0,1,10,sqrt,0.001,133,15.954887218045112,16,29753,223.70676691729324
grid,1,0.34992137500375975,0.8989207202401492,0.9005847953216374,217,12.0,1,10,sqrt,0.0001,217,12.0,12,46315,213.4331797235023
grid,1,0.33331391600950155,0.8989207202401492,0.9005847953216374,217,12.0,1,10,sqrt,1e-05,217,12.0,12,46567,214.59447004608296
grid,1,0.33151983299467247,0.8989207202401492,0.9005847953216374,217,12.0,1,10,sqrt,0.0,217,12.0,12,47987,221.13824884792626
grid,1,0.08384733399725519,0.8987338653969384,0.9005847953216374,50,12.0,1,2,log2,0.0001,50,12.0,12,19218,384.36
grid,1,0.08276679200935178,0.8987338653969384,0.9005847953216374,50,12.0,1,2,log2,1e-05,50,12.0,12,19242,384.84
grid,1,0.08236216699879151,0.8987338653969384,0.9005847953216374,50,12.0,1,2,log2,0.0,50,12.0,12,20228,404.56
grid,1,0.2146944169944618,0.8986859392265785,0.9005847953216374,133,,4,10,sqrt,0.0001,133,20.37593984962406,28,36405,273.7218045112782
grid,1,0.33991562499431893,0.8985000638906102,0.9005847953216374,217,16.0,1,7,sqrt,0.001,217,15.986175115207374,16,53543,246.74193548387098
grid,1,0.6252507919998607,0.8983709593273885,0.9005847953216374,133,,4,2,0.5,0.0001,133,26.57894736842105,32,28853,216.93984962406014
grid,1,0.6282819999905769,0.8983709593273885,0.9005847953216374,133,,4,5,0.5,0.0001,133,26.57894736842105,32,28853,216.93984962406014
grid,1,0.630509709008038,0.8983709593273885,0.9005847953216374,133,,4,7,0.5,0.0001,133,26.57894736842105,32,28853,216.93984962406014
grid,1,0.6191992919921177,0.8983709593273885,0.9005847953216374,133,,4,2,0.5,1e-05,133,26.616541353383457,32,28965,217.78195488721803
grid,1,0.6347335829923395,0.8983709593273885,0.9005847953216374,133,,4,5,0.5,1e-05,133,26.616541353383457,32,28965,217.78195488721803
grid,1,0.6239220419956837,0.8983709593273885,0.9005847953216374,133,,4,7,0.5,1e-05,133,26.616541353383457,32,28965,217.78195488721803
grid,1,0.6266377499996452,0.8983709593273885,0.9005847953216374,133,,4,2,0.5,0.0,133,26.639097744360903,32,30505,229.3609022556391
grid,1,0.6266385829949286,0.8983709593273885,0.9005847953216374,133,,4,5,0.5,0.0,133,26.639097744360903,32,30505,229.3609022556391
grid,1,0.6500657920114463,0.8983709593273885,0.9005847953216374,133,,4,7,0.5,0.0,133,26.639097744360903,32,30505,229.3609022556391
grid,1,0.6598241250030696,0.8982447358417187,0.9005847953216374,133,,1,5,0.5,0.001,133,26.909774436090224,36,28407,213.58646616541353
grid,1,0.6562466250034049,0.8980257989971202,0.9005847953216374,133,20.0,1,7,0.5,0.001,133,19.94736842105263,20,23527,176.89473684210526
grid,1,0.632250082999235,0.8978353574247332,0.898635477582846,133,16.0,1,7,0.5,0.0001,133,16.0,16,23297,175.1654135338346
grid,1,0.62957970899879,0.8978353574247332,0.898635477582846,133,16.0,1,7,0.5,1e-05,133,16.0,16,23307,175.2406015037594
grid,1,0.6407095419999678,0.8978353574247332,0.898635477582846,133,16.0,1,7,0.5,0.0,133,16.0,16,24523,184.38345864661653
grid,1,0.3663865000125952,0.8975275247333446,0.898635477582846,217,12.0,1,5,sqrt,0.001,217,12.0,12,44055,203.0184331797235
grid,1,0.21131920799962245,0.8973200422726871,0.898635477582846,133,16.0,4,2,sqrt,0.0001,133,15.992481203007518,16,35713,268.5187969924812
grid,1,0.2077490000083344,0.8973200422726871,0.898635477582846,133,16.0,4,5,sqrt,0.0001,133,15.992481203007518,16,35713,268.5187969924812
grid,1,0.21821200000704266,0.8973200422726871,0.898635477582846,133,16.0,4,7,sqrt,0.0001,133,15.992481203007518,16,35713,268.5187969924812
grid,1,0.20199087499349844,0.8973200422726871,0.898635477582846,133,16.0,4,2,sqrt,1e-05,133,15.992481203007518,16,36373,273.4812030075188
grid,1,0.20430154200585093,0.8973200422726871,0.898635477582846,133,16.0,4,5,sqrt,1e-05,133,15.992481203007518,16,36373,273.4812030075188
grid,1,0.21684112500224728,0.8973200422726871,0.898635477582846,133,16.0,4,7,sqrt,1e-05,133,15.992481203007518,16,36373,273.4812030075188
grid,1,0.204319166005007,0.8973200422726871,0.898635477582846,133,16.0,4,2,sqrt,0.0,133,15.992481203007518,16,37789,284.1278195488722
grid,1,0.20280625000305008,0.8973200422726871,0.898635477582846,133,16.0,4,5,sqrt,0.0,133,15.992481203007518,16,37789,284.1278195488722
grid,1,0.19906237500254065,0.8973200422726871,0.898635477582846,133,16.0,4,7,sqrt,0.0,133,15.992481203007518,16,37789,284.1278195488722
grid,1,0.0963419170002453,0.8972902963694677,0.898635477582846,50,20.0,4,10,sqrt,0.0001,50,19.32,20,13350,267.0
grid,1,0.08080737499403767,0.8972525829115051,0.898635477582846,50,16.0,1,7,log2,0.001,50,15.98,16,13590,271.8
grid,1,0.2144660420017317,0.897251275981102,0.898635477582846,133,20.0,1,10,sqrt,0.001,133,19.30827067669173,20,31907,239.90225563909775
grid,1,0.18166291700617876,0.8970201510487801,0.898635477582846,133,,1,7,log2,0.001,133,20.56390977443609,30,40359,303.45112781954884
grid,1,0.0961967079929309,0.8969923428410632,0.898635477582846,50,16.0,1,7,sqrt,0.001,50,16.0,16,11832,236.64
grid,1,0.18985687500389758,0.8969874186219637,0.898635477582846,133,20.0,1,7,log2,0.001,133,19.1203007518797,20,39667,298.2481203007519
grid,1,0.6205889580014627,0.8969323293597989,0.898635477582846,133,20.0,4,2,0.5,0.0001,133,19.992481203007518,20,25645,192.81954887218046
grid,1,0.6305577499879291,0.8969323293597989,0.898635477582846,133,20.0,4,5,0.5,0.0001,133,19.992481203007518,20,25645,192.81954887218046
grid,1,0.6234221250051633,0.8969323293597989,0.898635477582846,133,20.0,4,7,0.5,0.0001,133,19.992481203007518,20,25645,192.81954887218046
grid,1,0.6233765840006527,0.8969323293597989,0.898635477582846,133,20.0,4,2,0.5,1e-05,133,19.992481203007518,20,25731,193.46616541353384
grid,1,0.604599332989892,0.8969323293597989,0.898635477582846,133,20.0,4,5,0.5,1e-05,133,19.992481203007518,20,25731,193.46616541353384
grid,1,0.612876375002088,0.8969323293597989,0.898635477582846,133,20.0,4,7,0.5,1e-05,133,19.992481203007518,20,25731,193.46616541353384
grid,1,0.6174597089993767,0.8969323293597989,0.898635477582846,133,20.0,4,2,0.5,0.0,133,19.992481203007518,20,27125,203.94736842105263
grid,1,0.6101473330054432,0.8969323293597989,0.898635477582846,133,20.0,4,5,0.5,0.0,133,19.992481203007518,20,27125,203.94736842105263
grid,1,0.6207490420056274,0.8969323293597989,0.898635477582846,133,20.0,4,7,0.5,0.0,133,19.992481203007518,20,27125,203.94736842105263
grid,1,0.18881550000514835,0.896906803777999,0.898635477582846,133,12.0,1,2,log2,0.0001,133,12.0,12,51797,389.45112781954884
grid,1,0.18806470900017302,0.896906803777999,0.898635477582846,133,12.0,1,2,log2,1e-05,133,12.0,12,51889,390.14285714285717
grid,1,0.18860429199412465,0.896906803777999,0.898635477582846,133,12.0,1,2,log2,0.0,133,12.0,12,54619,410.6691729323308
grid,1,0.18906904199684504,0.8967088562985933,0.898635477582846,133,16.0,1,7,log2,0.001,133,15.977443609022556,16,36697,275.9172932330827
grid,1,0.21795325000130106,0.8966950873395291,0.898635477582846,133,16.0,1,7,sqrt,0.001,133,15.992481203007518,16,32569,244.8796992481203
grid,1,0.2807171250024112,0.8966262281303119,0.898635477582846,50,,4,2,0.5,0.0001,50,26.7,32,10794,215.88
grid,1,0.2711487499909708,0.8966262281303119,0.898635477582846,50,,4,5,0.5,0.0001,50,26.7,32,10794,215.88
grid,1,0.2539293330046348,0.8966262281303119,0.898635477582846,50,,4,7,0.5,0.0001,50,26.7,32,10794,215.88
grid,1,0.2719363340002019,0.8966262281303119,0.898635477582846,50,,4,2,0.5,1e-05,50,26.74,32,10840,216.8
grid,1,0.26984533401264343,0.8966262281303119,0.898635477582846,50,,4,5,0.5,1e-05,50,26.74,32,10840,216.8
grid,1,0.26081695800530724,0.8966262281303119,0.898635477582846,50,,4,7,0.5,1e-05,50,26.74,32,10840,216.8
grid,1,0.2645967499993276,0.8966262281303119,0.898635477582846,50,,4,2,0.5,0.0,50,26.74,32,11414,228.28
grid,1,0.26140933399437927,0.8966262281303119,0.898635477582846,50,,4,5,0.5,0.0,50,26.74,32,11414,228.28
grid,1,0.2678272079938324,0.8966262281303119,0.898635477582846,50,,4,7,0.5,0.0,50,26.74,32,11414,228.28
grid,1,0.09737804200267419,0.8966190740548341,0.898635477582846,50,,1,10,sqrt,0.001,50,21.36,28,12182,243.64
grid,1,0.08219241700135171,0.8965971648307283,0.898635477582846,50,,1,7,log2,0.001,50,20.9,27,14954,299.08
grid,1,0.25910991699493024,0.8964273500050002,0.898635477582846,50,20.0,4,2,0.5,0.0001,50,20.0,20,9568,191.36
grid,1,0.25969641700794455,0.8964273500050002,0.898635477582846,50,20.0,4,5,0.5,0.0001,50,20.0,20,9568,191.36
grid,1,0.2579006250016391,0.8964273500050002,0.898635477582846,50,20.0,4,7,0.5,0.0001,50,20.0,20,9568,191.36
grid,1,0.25603541599411983,0.8964273500050002,0.898635477582846,50,20.0,4,2,0.5,1e-05,50,20.0,20,9608,192.16
grid,1,0.2849052919918904,0.8964273500050002,0.898635477582846,50,20.0,4,5,0.5,1e-05,50,20.0,20,9608,192.16
grid,1,0.2597960840066662,0.8964273500050002,0.898635477582846,50,20.0,4,7,0.5,1e-05,50,20.0,20,9608,192.16
grid,1,0.26183650000893977,0.8964273500050002,0.898635477582846,50,20.0,4,2,0.5,0.0,50,20.0,20,10136,202.72
grid,1,0.2605493330047466,0.8964273500050002,0.898635477582846,50,20.0,4,5,0.5,0.0,50,20.0,20,10136,202.72
grid,1,0.2655637080024462,0.8964273500050002,0.898635477582846,50,20.0,4,7,0.5,0.0,50,20.0,20,10136,202.72
grid,1,0.2659318340010941,0.8960979950982496,0.8947368421052632,50,16.0,1,10,0.5,0.0001,50,16.0,16,8128,162.56
grid,1,0.2623372499947436,0.8960979950982496,0.8947368421052632,50,16.0,1,10,0.5,1e-05,50,16.0,16,8138,162.76
grid,1,0.2614176249917364,0.8960979950982496,0.8947368421052632,50,16.0,1,10,0.5,0.0,50,16.0,16,8512,170.24
grid,1,0.6075706249976065,0.8959765974939157,0.8966861598440545,133,16.0,1,5,0.5,0.0001,133,16.0,16,24883,187.09022556390977
grid,1,0.6530875409953296,0.8959765974939157,0.8966861598440545,133,16.0,1,5,0.5,1e-05,133,16.0,16,24885,187.10526315789474
grid,1,0.6068519170075888,0.8959765974939157,0.8966861598440545,133,16.0,1,5,0.5,0.0,133,16.0,16,26221,197.15037593984962
grid,1,0.08206720800080802,0.895901369500291,0.8966861598440545,50,12.0,1,5,log2,0.001,50,12.0,12,11064,221.28
grid,1,0.08293762500397861,0.8957602269545863,0.8966861598440545,50,,1,5,log2,0.0001,50,23.72,34,23370,467.4
grid,1,0.08071962499525398,0.8957602269545863,0.8966861598440545,50,,1,5,log2,1e-05,50,23.72,34,23460,469.2
grid,1,0.08111570800247137,0.8957602269545863,0.8966861598440545,50,,1,5,log2,0.0,50,23.8,34,24358,487.16
grid,1,0.08231512500788085,0.8957239411198051,0.8966861598440545,50,16.0,1,10,log2,0.0001,50,15.98,16,15738,314.76
grid,1,0.08219979199930094,0.8956355535655084,0.8966861598440545,50,,1,10,log2,0.0001,50,21.4,27,17338,346.76
grid,1,0.9759200420085108,0.895596949997106,0.8966861598440545,217,16.0,4,2,0.5,0.0001,217,16.0,16,34789,160.3179723502304
grid,1,0.9576573340018513,0.895596949997106,0.8966861598440545,217,16.0,4,5,0.5,0.0001,217,16.0,16,34789,160.3179723502304
grid,1,0.979189541991218,0.895596949997106,0.8966861598440545,217,16.0,4,7,0.5,0.0001,217,16.0,16,34789,160.3179723502304
grid,1,0.9675398330000462,0.895596949997106,0.8966861598440545,217,16.0,4,2,0.5,1e-05,217,16.0,16,34895,160.80645161290323
grid,1,0.9511496659979457,0.895596949997106,0.8966861598440545,217,16.0,4,5,0.5,1e-05,217,16.0,16,34895,160.80645161290323
grid,1,0.952319375006482,0.895596949997106,0.8966861598440545,217,16.0,4,7,0.5,1e-05,217,16.0,16,34895,160.80645161290323
grid,1,0.9566651669883868,0.895596949997106,0.8966861598440545,217,16.0,4,2,0.5,0.0,217,16.0,16,36869,169.90322580645162
grid,1,0.9811375419958495,0.895596949997106,0.8966861598440545,217,16.0,4,5,0.5,0.0,217,16.0,16,36869,169.90322580645162
grid,1,0.9682088749977993,0.895596949997106,0.8966861598440545,217,16.0,4,7,0.5,0.0,217,16.0,16,36869,169.90322580645162
grid,1,0.2216907919937512,0.8953091728049487,0.8966861598440545,133,,1,10,sqrt,0.001,133,21.25563909774436,33,32591,245.04511278195488
grid,1,0.9878922500065528,0.8951391180482003,0.8966861598440545,217,16.0,1,10,0.5,0.001,217,16.0,16,29483,135.8663594470046
grid,1,0.339215707994299,0.8951089024928798,0.8966861598440545,217,16.0,4,10,sqrt,0.0001,217,15.981566820276498,16,54405,250.71428571428572
grid,1,0.3321237909985939,0.8951089024928798,0.8966861598440545,217,16.0,4,10,sqrt,1e-05,217,15.981566820276498,16,55187,254.3179723502304
grid,1,0.3317578330024844,0.8951089024928798,0.8966861598440545,217,16.0,4,10,sqrt,0.0,217,15.986175115207374,16,57259,263.8663594470046
grid,1,0.2080584580107825,0.8950106292293725,0.8966861598440545,133,16.0,4,10,sqrt,0.0001,133,15.977443609022556,16,33347,250.72932330827066
grid,1,0.20620266599871684,0.8950106292293725,0.8966861598440545,133,16.0,4,10,sqrt,1e-05,133,15.977443609022556,16,33849,254.50375939849624
grid,1,0.1968804999924032,0.8950106292293725,0.8966861598440545,133,16.0,4,10,sqrt,0.0,133,15.984962406015038,16,35139,264.203007518797
grid,1,0.6618362919980427,0.8948560307678532,0.8966861598440545,133,20.0,1,5,0.5,0.001,133,19.992481203007518,20,24853,186.86466165413535
grid,1,0.2111173329903977,0.894809388285582,0.8966861598440545,133,12.0,1,2,sqrt,0.001,133,12.0,12,27871,209.5563909774436
grid,1,0.09211104198766407,0.8947827823552166,0.8966861598440545,50,20.0,1,10,sqrt,0.001,50,19.34,20,11848,236.96
grid,1,0.32528383399767336,0.8947059166470354,0.8966861598440545,217,12.0,4,10,sqrt,0.0001,217,12.0,12,43023,198.2626728110599
grid,1,0.33726483400096186,0.8947059166470354,0.8966861598440545,217,12.0,4,10,sqrt,1e-05,217,12.0,12,43585,200.85253456221199
grid,1,0.31960879200778436,0.8947059166470354,0.8966861598440545,217,12.0,4,10,sqrt,0.0,217,12.0,12,45245,208.50230414746545
grid,1,0.23297237500082701,0.8946294065095126,0.8966861598440545,133,20.0,4,10,sqrt,0.001,133,18.639097744360903,20,27073,203.5563909774436
grid,1,0.2706081250071293,0.8943942909774683,0.8966861598440545,50,,4,2,0.5,0.001,50,25.42,31,8324,166.48
grid,1,0.25303325000277255,0.8943942909774683,0.8966861598440545,50,,4,5,0.5,0.001,50,25.42,31,8324,166.48
grid,1,0.2721677919907961,0.8943942909774683,0.8966861598440545,50,,4,7,0.5,0.001,50,25.42,31,8324,166.48
grid,1,0.2679421250068117,0.8943621481013404,0.8966861598440545,50,,1,10,0.5,0.001,50,26.74,34,9288,185.76
grid,1,0.09612375000142492,0.8943308479940514,0.8966861598440545,50,12.0,1,10,sqrt,0.0001,50,12.0,12,10300,206.0
grid,1,0.09465966699644923,0.8943308479940514,0.8966861598440545,50,12.0,1,10,sqrt,1e-05,50,12.0,12,10360,207.2
grid,1,0.09368812500906643,0.8943308479940514,0.8966861598440545,50,12.0,1,10,sqrt,0.0,50,12.0,12,10666,213.32
grid,1,0.2044780829892261,0.8938084132719036,0.8947368421052632,133,,1,2,log2,0.001,133,20.834586466165412,27,45219,339.9924812030075
grid,1,0.19183424999937415,0.8937472453688966,0.8947368421052632,133,,1,10,log2,0.0001,133,21.293233082706767,32,45945,345.45112781954884
grid,1,0.19432237499859184,0.8937472453688966,0.8947368421052632,133,,1,10,log2,1e-05,133,21.32330827067669,32,46489,349.54135338345867
grid,1,0.19097108399728313,0.8937472453688966,0.8947368421052632,133,,1,10,log2,0.0,133,21.413533834586467,32,47899,360.14285714285717
grid,1,0.07985408300010022,0.8936993996047065,0.8947368421052632,50,,1,10,log2,1e-05,50,21.42,27,17566,351.32
grid,1,0.08183845800522249,0.8936993996047065,0.8947368421052632,50,,1,10,log2,0.0,50,21.52,28,18086,361.72
grid,1,0.08057962499151472,0.8936732398096467,0.8947368421052632,50,16.0,1,10,log2,1e-05,50,15.98,16,15936,318.72
grid,1,0.08308666700031608,0.8936732398096467,0.8947368421052632,50,16.0,1,10,log2,0.0,50,15.98,16,16360,327.2
grid,1,0.6119402080075815,0.8935187613075107,0.8947368421052632,133,16.0,1,10,0.5,0.001,133,16.0,16,17869,134.35338345864662
grid,1,0.22461124999972526,0.8934974715084084,0.8947368421052632,133,16.0,4,2,sqrt,0.001,133,15.962406015037594,16,26203,197.01503759398497
grid,1,0.20275529100035783,0.8934974715084084,0.8947368421052632,133,16.0,4,5,sqrt,0.001,133,15.962406015037594,16,26203,197.01503759398497
grid,1,0.2030582089937525,0.8934974715084084,0.8947368421052632,133,16.0,4,7,sqrt,0.001,133,15.962406015037594,16,26203,197.01503759398497
grid,1,0.0815037919965107,0.8934202311998931,0.8947368421052632,50,,1,10,log2,0.001,50,19.92,25,13474,269.48
grid,1,0.1794313339923974,0.8933379222237801,0.8947368421052632,133,16.0,4,10,log2,1e-05,133,15.984962406015038,16,38351,288.3533834586466
grid,1,0.19099045799521264,0.8933379222237801,0.8947368421052632,133,16.0,4,10,log2,0.0,133,15.984962406015038,16,39671,298.2781954887218
grid,1,1.0055685000115773,0.8932742357586292,0.8947368421052632,217,16.0,1,5,0.5,0.001,217,16.0,16,33095,152.5115207373272
grid,1,0.18749337499320973,0.8931601847692601,0.8947368421052632,133,20.0,4,10,log2,1e-05,133,18.849624060150376,20,40733,306.2631578947368
grid,1,0.1801442500000121,0.8931601847692601,0.8947368421052632,133,20.0,4,10,log2,0.0,133,18.86466165413534,20,42133,316.7894736842105
grid,1,0.0944069999968633,0.8931502806676584,0.8947368421052632,50,,4,10,sqrt,0.0001,50,20.58,28,13530,270.6
grid,1,0.09530704200733453,0.8931502806676584,0.8947368421052632,50,,4,10,sqrt,1e-05,50,20.64,28,13774,275.48
grid,1,0.09391641699767206,0.8931502806676584,0.8947368421052632,50,,4,10,sqrt,0.0,50,20.68,28,14270,285.4
grid,1,0.18736037499911617,0.893121979171763,0.8947368421052632,133,20.0,1,10,log2,0.001,133,18.8796992481203,20,35713,268.5187969924812
grid,1,0.19143670798803214,0.8930034398401978,0.8947368421052632,133,20.0,4,10,log2,0.001,133,18.203007518796994,20,29549,222.17293233082708
grid,1,0.25619249998999294,0.8929951435703196,0.8947368421052632,50,16.0,1,5,0.5,0.001,50,16.0,16,7728,154.56
grid,1,0.21540858299704269,0.8929570977814848,0.8947368421052632,133,20.0,4,2,sqrt,0.001,133,18.954887218045112,20,28267,212.53383458646616
grid,1,0.21374508300505113,0.8929570977814848,0.8947368421052632,133,20.0,4,5,sqrt,0.001,133,18.954887218045112,20,28267,212.53383458646616
grid,1,0.21504220899078064,0.8929570977814848,0.8947368421052632,133,20.0,4,7,sqrt,0.001,133,18.954887218045112,20,28267,212.53383458646616
grid,1,0.19726762500067707,0.892940513073143,0.8947368421052632,133,,1,10,log2,0.001,133,19.954887218045112,28,36045,271.01503759398497
grid,1,0.21274591599649284,0.8928921220705547,0.8947368421052632,133,20.0,4,2,sqrt,0.0001,133,19.43609022556391,20,39001,293.2406015037594
grid,1,0.21080008300486952,0.8928921220705547,0.8947368421052632,133,20.0,4,5,sqrt,0.0001,133,19.43609022556391,20,39001,293.2406015037594
grid,1,0.2058932909858413,0.8928921220705547,0.8947368421052632,133,20.0,4,7,sqrt,0.0001,133,19.43609022556391,20,39001,293.2406015037594
grid,1,0.20603320900409017,0.8928921220705547,0.8947368421052632,133,20.0,4,2,sqrt,1e-05,133,19.481203007518797,20,39733,298.74436090225566
grid,1,0.20912016701186076,0.8928921220705547,0.8947368421052632,133,20.0,4,5,sqrt,1e-05,133,19.481203007518797,20,39733,298.74436090225566
grid,1,0.20727404099307023,0.8928921220705547,0.8947368421052632,133,20.0,4,7,sqrt,1e-05,133,19.481203007518797,20,39733,298.74436090225566
grid,1,0.2065740830003051,0.8928921220705547,0.8947368421052632,133,20.0,4,2,sqrt,0.0,133,19.49624060150376,20,41337,310.8045112781955
grid,1,0.20979408400307875,0.8928921220705547,0.8947368421052632,133,20.0,4,5,sqrt,0.0,133,19.49624060150376,20,41337,310.8045112781955
grid,1,0.20274725000490434,0.8928921220705547,0.8947368421052632,133,20.0,4,7,sqrt,0.0,133,19.49624060150376,20,41337,310.8045112781955
grid,1,1.0164431250013877,0.8928619366755013,0.8947368421052632,217,16.0,1,2,0.5,0.001,217,16.0,16,34151,157.3778801843318
grid,1,0.21453029199619778,0.8928156872463614,0.8947368421052632,133,,4,2,sqrt,0.001,133,20.278195488721803,29,28749,216.1578947368421
grid,1,0.20446812501177192,0.8928156872463614,0.8947368421052632,133,,4,5,sqrt,0.001,133,20.278195488721803,29,28749,216.1578947368421
grid,1,0.21386795899888966,0.8928156872463614,0.8947368421052632,133,,4,7,sqrt,0.001,133,20.278195488721803,29,28749,216.1578947368421
grid,1,0.33439495900529437,0.8928019805473253,0.8947368421052632,217,12.0,1,10,sqrt,0.001,217,12.0,12,38617,177.95852534562212
grid,1,0.1045307909953408,0.8925634527920289,0.8947368421052632,50,12.0,1,7,sqrt,0.001,50,12.0,12,9184,183.68
grid,1,0.2616118750011083,0.892199321289839,0.8947368421052632,50,20.0,1,7,0.5,0.001,50,19.96,20,8822,176.44
grid,1,0.2658679169981042,0.8921312247729615,0.8927875243664717,50,16.0,1,2,0.5,0.001,50,16.0,16,7900,158.0
grid,1,0.2633229999919422,0.8920622297707081,0.8947368421052632,50,20.0,4,2,0.5,0.001,50,20.0,20,7448,148.96
grid,1,0.26864179100084584,0.8920622297707081,0.8947368421052632,50,20.0,4,5,0.5,0.001,50,20.0,20,7448,148.96
grid,1,0.2604267080023419,0.8920622297707081,0.8947368421052632,50,20.0,4,7,0.5,0.001,50,20.0,20,7448,148.96
grid,1,0.63287412498903,0.8919021916944647,0.8927875243664717,133,16.0,1,2,0.5,0.001,133,16.0,16,20829,156.60902255639098
grid,1,0.624104874994373,0.891840212444892,0.8947368421052632,133,,4,2,0.5,0.001,133,25.285714285714285,31,22347,168.02255639097746
grid,1,0.6318770000070799,0.891840212444892,0.8947368421052632,133,,4,5,0.5,0.001,133,25.285714285714285,31,22347,168.02255639097746
grid,1,0.6440932080004131,0.891840212444892,0.8947368421052632,133,,4,7,0.5,0.001,133,25.285714285714285,31,22347,168.02255639097746
grid,1,0.19064541700936388,0.891814173657687,0.8927875243664717,133,20.0,1,2,log2,0.001,133,19.2406015037594,20,44269,332.8496240601504
grid,1,0.1850334580085473,0.8917384061058599,0.8927875243664717,133,8.0,1,7,sqrt,0.0001,133,8.0,8,16433,123.55639097744361
grid,1,0.1890141250041779,0.8917384061058599,0.8927875243664717,133,8.0,1,7,sqrt,1e-05,133,8.0,8,16477,123.88721804511279
grid,1,0.1946929999976419,0.8917384061058599,0.8927875243664717,133,8.0,1,7,sqrt,0.0,133,8.0,8,16885,126.95488721804512
grid,1,0.09189079201314598,0.8914702076667536,0.8927875243664717,50,20.0,1,5,log2,0.001,50,19.42,20,15862,317.24
grid,1,0.18571583399898373,0.8914595993273168,0.8927875243664717,133,12.0,1,7,log2,0.0001,133,12.0,12,36327,273.1353383458647
grid,1,0.18496920799952932,0.8914595993273168,0.8927875243664717,133,12.0,1,7,log2,1e-05,133,12.0,12,36577,275.01503759398497
grid,1,0.17681079200701788,0.8914595993273168,0.8927875243664717,133,12.0,1,7,log2,0.0,133,12.0,12,37549,282.3233082706767
grid,1,0.1783178330078954,0.8914295280499397,0.8927875243664717,133,16.0,4,10,log2,0.0001,133,15.977443609022556,16,37499,281.94736842105266
grid,1,0.17952958299429156,0.891385908297881,0.8927875243664717,133,,4,10,log2,0.0001,133,19.593984962406015,28,40111,301.5864661654135
grid,1,0.18450554199807812,0.891385908297881,0.8927875243664717,133,,4,10,log2,1e-05,133,19.68421052631579,28,41037,308.54887218045116
grid,1,0.18854879200807773,0.891385908297881,0.8927875243664717,133,,4,10,log2,0.0,133,19.714285714285715,28,42445,319.1353383458647
grid,1,0.08413220799411647,0.89138477689551,0.8927875243664717,50,16.0,4,10,log2,0.0001,50,15.98,16,13908,278.16
grid,1,0.08007245899352711,0.89138477689551,0.8927875243664717,50,16.0,4,10,log2,1e-05,50,15.98,16,14204,284.08
grid,1,0.08151554099458735,0.89138477689551,0.8927875243664717,50,16.0,4,10,log2,0.0,50,15.98,16,14668,293.36
grid,1,0.09425137500511482,0.8912470772164253,0.8927875243664717,50,20.0,4,10,sqrt,0.001,50,18.78,20,10052,201.04
grid,1,0.1906944590009516,0.8912362204959893,0.8927875243664717,133,,4,10,log2,0.001,133,18.62406015037594,27,29701,223.31578947368422
grid,1,0.2068848749913741,0.8911761978326133,0.8927875243664717,133,12.0,4,2,sqrt,0.0001,133,12.0,12,28379,213.37593984962405
grid,1,0.20304495800519362,0.8911761978326133,0.8927875243664717,133,12.0,4,5,sqrt,0.0001,133,12.0,12,28379,213.37593984962405
grid,1,0.20051358299679123,0.8911761978326133,0.8927875243664717,133,12.0,4,7,sqrt,0.0001,133,12.0,12,28379,213.37593984962405
grid,1,0.2087036249868106,0.8911761978326133,0.8927875243664717,133,12.0,4,2,sqrt,1e-05,133,12.0,12,28849,216.90977443609023
grid,1,0.20082304200332146,0.8911761978326133,0.8927875243664717,133,12.0,4,5,sqrt,1e-05,133,12.0,12,28849,216.90977443609023
grid,1,0.20145433300058357,0.8911761978326133,0.8927875243664717,133,12.0,4,7,sqrt,1e-05,133,12.0,12,28849,216.90977443609023
grid,1,0.2020966660056729,0.8911761978326133,0.8927875243664717,133,12.0,4,2,sqrt,0.0,133,12.0,12,29893,224.7593984962406
grid,1,0.2031401249987539,0.8911761978326133,0.8927875243664717,133,12.0,4,5,sqrt,0.0,133,12.0,12,29893,224.7593984962406
grid,1,0.19538429200474638,0.8911761978326133,0.8927875243664717,133,12.0,4,7,sqrt,0.0,133,12.0,12,29893,224.7593984962406
grid,1,0.1905989579972811,0.8911648179979413,0.8927875243664717,133,20.0,4,10,log2,0.0001,133,18.81203007518797,20,39825,299.43609022556393
grid,1,0.09615233300428372,0.8911367933179443,0.8927875243664717,50,12.0,4,2,sqrt,0.001,50,12.0,12,7940,158.8
grid,1,0.0923507499974221,0.8911367933179443,0.8927875243664717,50,12.0,4,5,sqrt,0.001,50,12.0,12,7940,158.8
grid,1,0.0919091250107158,0.8911367933179443,0.8927875243664717,50,12.0,4,7,sqrt,0.001,50,12.0,12,7940,158.8
grid,1,0.18725745799019933,0.8911104713742388,0.8927875243664717,133,12.0,1,5,log2,0.001,133,12.0,12,30045,225.90225563909775
grid,1,0.29272041701187845,0.8910371370969109,0.8927875243664717,217,16.0,4,2,log2,1e-05,217,15.990783410138249,16,69183,318.815668202765
grid,1,0.2902041250054026,0.8910371370969109,0.8927875243664717,217,16.0,4,5,log2,1e-05,217,15.990783410138249,16,69183,318.815668202765
grid,1,0.29592025000602007,0.8910371370969109,0.8927875243664717,217,16.0,4,7,log2,1e-05,217,15.990783410138249,16,69183,318.815668202765
grid,1,0.2884031249996042,0.8910371370969109,0.8927875243664717,217,16.0,4,2,log2,0.0,217,15.990783410138249,16,71789,330.82488479262673
grid,1,0.28425637500185985,0.8910371370969109,0.8927875243664717,217,16.0,4,5,log2,0.0,217,15.990783410138249,16,71789,330.82488479262673
grid,1,0.2946684169874061,0.8910371370969109,0.8927875243664717,217,16.0,4,7,log2,0.0,217,15.990783410138249,16,71789,330.82488479262673
grid,1,0.29939812498923857,0.8909736605718602,0.8927875243664717,217,16.0,4,2,log2,0.0001,217,15.990783410138249,16,67265,309.9769585253456
grid,1,0.3106739170034416,0.8909736605718602,0.8927875243664717,217,16.0,4,5,log2,0.0001,217,15.990783410138249,16,67265,309.9769585253456
grid,1,0.28883895798935555,0.8909736605718602,0.8927875243664717,217,16.0,4,7,log2,0.0001,217,15.990783410138249,16,67265,309.9769585253456
grid,1,0.3375644579937216,0.890973203736423,0.8927875243664717,217,16.0,4,2,sqrt,0.0001,217,15.990783410138249,16,58311,268.7142857142857
grid,1,0.331662625001627,0.890973203736423,0.8927875243664717,217,16.0,4,5,sqrt,0.0001,217,15.990783410138249,16,58311,268.7142857142857
grid,1,0.3319497079937719,0.890973203736423,0.8927875243664717,217,16.0,4,7,sqrt,0.0001,217,15.990783410138249,16,58311,268.7142857142857
grid,1,0.20564804199966602,0.890854845307982,0.8927875243664717,133,12.0,1,7,sqrt,0.001,133,12.0,12,25695,193.1954887218045
grid,1,0.2930763749900507,0.89077518452024,0.8927875243664717,217,16.0,1,10,log2,0.001,217,15.972350230414747,16,54353,250.47465437788017
grid,1,0.9861462080007186,0.8907687603389468,0.8927875243664717,217,16.0,1,7,0.5,0.001,217,16.0,16,31649,145.8479262672811
grid,1,0.30028683399723377,0.8907454076945959,0.8927875243664717,217,12.0,1,10,log2,0.0001,217,12.0,12,53057,244.50230414746545
grid,1,0.29983912500028964,0.8907454076945959,0.8927875243664717,217,12.0,1,10,log2,1e-05,217,12.0,12,53571,246.8709677419355
grid,1,0.2979395000002114,0.8907454076945959,0.8927875243664717,217,12.0,1,10,log2,0.0,217,12.0,12,55071,253.78341013824885
grid,1,0.34198204199492466,0.8906964758240515,0.8927875243664717,217,16.0,4,2,sqrt,0.001,217,15.972350230414747,16,43015,198.2258064516129
grid,1,0.3361962500057416,0.8906964758240515,0.8927875243664717,217,16.0,4,5,sqrt,0.001,217,15.972350230414747,16,43015,198.2258064516129
grid,1,0.3394823339913273,0.8906964758240515,0.8927875243664717,217,16.0,4,7,sqrt,0.001,217,15.972350230414747,16,43015,198.2258064516129
grid,1,0.2921487080020597,0.8906814983666961,0.8927875243664717,217,16.0,1,5,log2,0.001,217,15.981566820276498,16,63317,291.7834101382488
grid,1,0.23010354199504945,0.8905717929744769,0.8927875243664717,133,,4,10,sqrt,0.001,133,19.383458646616543,27,27353,205.66165413533835
grid,1,0.6219745410053292,0.890466063156061,0.8927875243664717,133,20.0,4,10,0.5,0.0001,133,19.984962406015036,20,24143,181.52631578947367
grid,1,0.6259007499902509,0.890466063156061,0.8927875243664717,133,20.0,4,10,0.5,1e-05,133,19.984962406015036,20,24191,181.88721804511277
grid,1,0.6174549160059541,0.890466063156061,0.8927875243664717,133,20.0,4,10,0.5,0.0,133,19.984962406015036,20,25483,191.6015037593985
grid,1,0.6173427909961902,0.8904054276964443,0.8927875243664717,133,20.0,4,10,0.5,0.001,133,19.977443609022558,20,19061,143.31578947368422
grid,1,0.19056491600349545,0.890363477104333,0.8927875243664717,133,16.0,1,5,log2,0.001,133,15.977443609022556,16,38943,292.8045112781955
grid,1,0.6316185000032419,0.889851837912837,0.8927875243664717,133,20.0,4,2,0.5,0.001,133,19.984962406015036,20,20025,150.5639097744361
grid,1,0.6109849999920698,0.889851837912837,0.8927875243664717,133,20.0,4,5,0.5,0.001,133,19.984962406015036,20,20025,150.5639097744361
grid,1,0.6166293340065749,0.889851837912837,0.8927875243664717,133,20.0,4,7,0.5,0.001,133,19.984962406015036,20,20025,150.5639097744361
grid,1,0.09492400000453927,0.8897517656616528,0.8908382066276803,50,16.0,4,10,log2,0.001,50,15.9,16,10508,210.16
grid,1,0.08177062499453314,0.8896328280418453,0.8908382066276803,50,20.0,1,10,log2,0.001,50,19.0,20,13364,267.28
grid,1,0.0986328750004759,0.8895388599980149,0.8908382066276803,50,16.0,4,10,sqrt,0.0001,50,16.0,16,12242,244.84
grid,1,0.09170937500311993,0.8895388599980149,0.8908382066276803,50,16.0,4,10,sqrt,1e-05,50,16.0,16,12438,248.76
grid,1,0.09129912499338388,0.8895388599980149,0.8908382066276803,50,16.0,4,10,sqrt,0.0,50,16.0,16,12930,258.6
grid,1,0.30212783299793955,0.8895336200092533,0.8908382066276803,217,12.0,1,7,log2,0.0001,217,12.0,12,59361,273.55299539170505
grid,1,0.29504008298681583,0.8895336200092533,0.8908382066276803,217,12.0,1,7,log2,1e-05,217,12.0,12,59729,275.2488479262673
grid,1,0.29138766700634733,0.8895336200092533,0.8908382066276803,217,12.0,1,7,log2,0.0,217,12.0,12,61373,282.82488479262673
grid,1,0.6008881250018021,0.8895084791646605,0.8908382066276803,133,16.0,4,2,0.5,0.0001,133,16.0,16,21195,159.3609022556391
grid,1,0.5896470410079928,0.8895084791646605,0.8908382066276803,133,16.0,4,5,0.5,0.0001,133,16.0,16,21195,159.3609022556391
grid,1,0.593755833004252,0.8895084791646605,0.8908382066276803,133,16.0,4,7,0.5,0.0001,133,16.0,16,21195,159.3609022556391
grid,1,0.5912970000063069,0.8895084791646605,0.8908382066276803,133,16.0,4,2,0.5,1e-05,133,16.0,16,21249,159.7669172932331
grid,1,0.6048565410019364,0.8895084791646605,0.8908382066276803,133,16.0,4,5,0.5,1e-05,133,16.0,16,21249,159.7669172932331
grid,1,0.5892994580062805,0.8895084791646605,0.8908382066276803,133,16.0,4,7,0.5,1e-05,133,16.0,16,21249,159.7669172932331
grid,1,0.5983834169892361,0.8895084791646605,0.8908382066276803,133,16.0,4,2,0.5,0.0,133,16.0,16,22439,168.71428571428572
grid,1,0.5903555830009282,0.8895084791646605,0.8908382066276803,133,16.0,4,5,0.5,0.0,133,16.0,16,22439,168.71428571428572
grid,1,0.6007142500020564,0.8895084791646605,0.8908382066276803,133,16.0,4,7,0.5,0.0,133,16.0,16,22439,168.71428571428572
grid,1,0.0816717499983497,0.8894392548313618,0.8908382066276803,50,20.0,4,10,log2,0.0001,50,18.92,20,14844,296.88
grid,1,0.08204599999589846,0.8894392548313618,0.8908382066276803,50,20.0,4,10,log2,1e-05,50,18.92,20,15168,303.36
grid,1,0.08351037499960512,0.8894392548313618,0.8908382066276803,50,20.0,4,10,log2,0.0,50,18.96,20,15676,313.52
grid,1,0.09575933401356451,0.8893749622396037,0.8908382066276803,50,,4,10,sqrt,0.001,50,19.58,27,10172,203.44
grid,1,0.21233337500598282,0.8893634944485218,0.8908382066276803,133,12.0,1,10,sqrt,0.0001,133,12.0,12,28469,214.05263157894737
grid,1,0.2026548330031801,0.8893634944485218,0.8908382066276803,133,12.0,1,10,sqrt,1e-05,133,12.0,12,28643,215.3609022556391
grid,1,0.20135829198989086,0.8893634944485218,0.8908382066276803,133,12.0,1,10,sqrt,0.0,133,12.0,12,29511,221.88721804511277
grid,1,0.08133604099566583,0.8893502760213156,0.8908382066276803,50,20.0,4,10,log2,0.001,50,18.42,20,11052,221.04
grid,1,0.29807337500096764,0.8893245843226933,0.8908382066276803,217,16.0,4,10,log2,0.0001,217,15.981566820276498,16,61125,281.68202764976957
grid,1,0.29145095800049603,0.8893245843226933,0.8908382066276803,217,16.0,4,10,log2,1e-05,217,15.986175115207374,16,62555,288.2718894009217
grid,1,0.29092254099668935,0.8893245843226933,0.8908382066276803,217,16.0,4,10,log2,0.0,217,15.986175115207374,16,64725,298.2718894009217
grid,1,0.0915715419978369,0.8893059423122672,0.8908382066276803,50,16.0,1,5,log2,0.001,50,15.98,16,14458,289.16
grid,1,0.18793287500739098,0.8893020349525526,0.8908382066276803,133,16.0,4,10,log2,0.001,133,15.8796992481203,16,28129,211.49624060150376
grid,1,0.09130645800905768,0.8892527613187698,0.8908382066276803,50,,4,10,log2,0.001,50,18.86,24,11110,222.2
grid,1,0.2942328329954762,0.8892094424661445,0.8908382066276803,217,16.0,4,10,log2,0.001,217,15.847926267281107,16,45815,211.1290322580645
grid,1,0.3331156250060303,0.8891899654866922,0.8908382066276803,217,12.0,4,2,sqrt,0.0001,217,12.0,12,45949,211.74654377880185
grid,1,0.32363079200149514,0.8891899654866922,0.8908382066276803,217,12.0,4,5,sqrt,0.0001,217,12.0,12,45949,211.74654377880185
grid,1,0.32629900000756606,0.8891899654866922,0.8908382066276803,217,12.0,4,7,sqrt,0.0001,217,12.0,12,45949,211.74654377880185
grid,1,0.338938834000146,0.8891899654866922,0.8908382066276803,217,12.0,4,2,sqrt,1e-05,217,12.0,12,46729,215.34101382488478
grid,1,0.3334078329935437,0.8891899654866922,0.8908382066276803,217,12.0,4,5,sqrt,1e-05,217,12.0,12,46729,215.34101382488478
grid,1,0.319783249986358,0.8891899654866922,0.8908382066276803,217,12.0,4,7,sqrt,1e-05,217,12.0,12,46729,215.34101382488478
grid,1,0.3233732500084443,0.8891899654866922,0.8908382066276803,217,12.0,4,2,sqrt,0.0,217,12.0,12,48413,223.10138248847926
grid,1,0.3284662079968257,0.8891899654866922,0.8908382066276803,217,12.0,4,5,sqrt,0.0,217,12.0,12,48413,223.10138248847926
grid,1,0.32036012499884237,0.8891899654866922,0.8908382066276803,217,12.0,4,7,sqrt,0.0,217,12.0,12,48413,223.10138248847926
grid,1,0.08474149998801295,0.8890556578194199,0.8908382066276803,50,,4,2,log2,0.001,50,18.56,25,11740,234.8
grid,1,0.08033908400102518,0.8890556578194199,0.8908382066276803,50,,4,5,log2,0.001,50,18.56,25,11740,234.8
grid,1,0.08218950001173653,0.8890556578194199,0.8908382066276803,50,,4,7,log2,0.001,50,18.56,25,11740,234.8
grid,1,0.09421399999700952,0.8890353356458129,0.8908382066276803,50,12.0,1,7,log2,0.0001,50,12.0,12,13240,264.8
grid,1,0.08465341699775308,0.8890353356458129,0.8908382066276803,50,12.0,1,7,log2,1e-05,50,12.0,12,13330,266.6
grid,1,0.07884116700734012,0.8890353356458129,0.8908382066276803,50,12.0,1,7,log2,0.0,50,12.0,12,13680,273.6
grid,1,0.0797122919902904,0.8890288465677348,0.8908382066276803,50,20.0,4,2,log2,0.001,50,18.14,20,11674,233.48
grid,1,0.08443299999635201,0.8890288465677348,0.8908382066276803,50,20.0,4,5,log2,0.001,50,18.14,20,11674,233.48
grid,1,0.08239974999742117,0.8890288465677348,0.8908382066276803,50,20.0,4,7,log2,0.001,50,18.14,20,11674,233.48
grid,1,0.09208412500447594,0.8890171469459085,0.8908382066276803,50,12.0,1,5,sqrt,0.001,50,12.0,12,9484,189.68
grid,1,0.07766983399051242,0.8890027808898964,0.8908382066276803,50,16.0,1,10,log2,0.001,50,15.96,16,12498,249.96
grid,1,0.3370324999996228,0.8889992564292826,0.8908382066276803,217,16.0,4,2,sqrt,1e-05,217,15.990783410138249,16,59389,273.68202764976957
grid,1,0.3365564169944264,0.8889992564292826,0.8908382066276803,217,16.0,4,5,sqrt,1e-05,217,15.990783410138249,16,59389,273.68202764976957
grid,1,0.33631683299608994,0.8889992564292826,0.8908382066276803,217,16.0,4,7,sqrt,1e-05,217,15.990783410138249,16,59389,273.68202764976957
grid,1,0.3258974170021247,0.8889992564292826,0.8908382066276803,217,16.0,4,2,sqrt,0.0,217,15.990783410138249,16,61699,284.3271889400922
grid,1,0.3544781660020817,0.8889992564292826,0.8908382066276803,217,16.0,4,5,sqrt,0.0,217,15.990783410138249,16,61699,284.3271889400922
grid,1,0.33266554099100176,0.8889992564292826,0.8908382066276803,217,16.0,4,7,sqrt,0.0,217,15.990783410138249,16,61699,284.3271889400922
grid,1,0.33364199999778066,0.8889232704535643,0.8908382066276803,217,12.0,4,10,sqrt,0.001,217,12.0,12,33355,153.70967741935485
grid,1,0.6322046669956762,0.8889119858096936,0.8908382066276803,133,,4,10,0.5,0.0001,133,26.48872180451128,32,27049,203.37593984962405
grid,1,0.6286573749966919,0.8889119858096936,0.8908382066276803,133,,4,10,0.5,1e-05,133,26.518796992481203,32,27135,204.02255639097746
grid,1,0.6298076669918373,0.8889119858096936,0.8908382066276803,133,,4,10,0.5,0.0,133,26.533834586466167,32,28517,214.41353383458647
grid,1,0.9532268329930957,0.8888966664837977,0.8908382066276803,217,16.0,4,2,0.5,0.001,217,16.0,16,27363,126.09677419354838
grid,1,0.9886866250017192,0.8888966664837977,0.8908382066276803,217,16.0,4,5,0.5,0.001,217,16.0,16,27363,126.09677419354838
grid,1,0.9624072080041515,0.8888966664837977,0.8908382066276803,217,16.0,4,7,0.5,0.001,217,16.0,16,27363,126.09677419354838
grid,1,0.18959570799779613,0.8887263950038592,0.8908382066276803,133,16.0,1,10,log2,0.001,133,15.954887218045112,16,33401,251.13533834586465
grid,1,0.29537266700936016,0.8886166441514173,0.8908382066276803,217,12.0,1,5,log2,0.001,217,12.0,12,48961,225.6267281105991
grid,1,0.3361216670018621,0.8885968021722834,0.8908382066276803,217,12.0,1,7,sqrt,0.001,217,12.0,12,42021,193.6451612903226
grid,1,0.2914295420050621,0.8885909521152242,0.8908382066276803,217,8.0,1,2,sqrt,0.0001,217,8.0,8,34101,157.14746543778801
grid,1,0.31612508300167974,0.8885909521152242,0.8908382066276803,217,8.0,1,2,sqrt,1e-05,217,8.0,8,34145,157.35023041474653
grid,1,0.3116432079987135,0.8885909521152242,0.8908382066276803,217,8.0,1,2,sqrt,0.0,217,8.0,8,35573,163.93087557603687
grid,1,0.3039116669970099,0.8885074489477959,0.8908382066276803,217,12.0,1,2,log2,0.001,217,12.0,12,52421,241.57142857142858
grid,1,0.6392627079912927,0.8884199654675146,0.8908382066276803,133,16.0,1,7,0.5,0.001,133,16.0,16,19397,145.8421052631579
grid,1,0.1859258329932345,0.8880166413150928,0.8888888888888888,133,8.0,1,2,sqrt,0.0001,133,8.0,8,20769,156.1578947368421
grid,1,0.186804500001017,0.8880166413150928,0.8888888888888888,133,8.0,1,2,sqrt,1e-05,133,8.0,8,20801,156.3984962406015
grid,1,0.1848350000072969,0.8880166413150928,0.8888888888888888,133,8.0,1,2,sqrt,0.0,133,8.0,8,21685,163.04511278195488
grid,1,0.0802045000018552,0.8878877888164206,0.8888888888888888,50,20.0,1,10,log2,0.0001,50,19.5,20,17032,340.64
grid,1,0.0808297500043409,0.8878877888164206,0.8888888888888888,50,20.0,1,10,log2,1e-05,50,19.5,20,17260,345.2
grid,1,0.08351391699397936,0.8878877888164206,0.8888888888888888,50,20.0,1,10,log2,0.0,50,19.54,20,17766,355.32
grid,1,0.10351008300494868,0.8874565995891422,0.8888888888888888,50,12.0,4,10,sqrt,0.0001,50,12.0,12,9548,190.96
grid,1,0.09510758299438749,0.8874565995891422,0.8888888888888888,50,12.0,4,10,sqrt,1e-05,50,12.0,12,9694,193.88
grid,1,0.10612329200375825,0.8874565995891422,0.8888888888888888,50,12.0,4,10,sqrt,0.0,50,12.0,12,10058,201.16
grid,1,0.32764970799325965,0.8872218468481706,0.8888888888888888,217,16.0,4,10,sqrt,0.001,217,15.940092165898617,16,41287,190.2626728110599
grid,1,0.08254687499720603,0.8871419720847957,0.8888888888888888,50,,1,5,log2,0.001,50,21.18,27,16224,324.48
grid,1,0.20292324999172706,0.8871327768548473,0.8888888888888888,133,12.0,4,2,sqrt,0.001,133,12.0,12,21413,161.0
grid,1,0.19665074998920318,0.8871327768548473,0.8888888888888888,133,12.0,4,5,sqrt,0.001,133,12.0,12,21413,161.0
grid,1,0.20553154200024437,0.8871327768548473,0.8888888888888888,133,12.0,4,7,sqrt,0.001,133,12.0,12,21413,161.0
grid,1,0.6203395830088994,0.8871268919631791,0.8888888888888888,133,16.0,1,5,0.5,0.001,133,16.0,16,20175,151.69172932330827
grid,1,0.179990207994706,0.8871266409392196,0.8888888888888888,133,20.0,4,2,log2,1e-05,133,18.924812030075188,20,45649,343.22556390977445
grid,1,0.18461787499836646,0.8871266409392196,0.8888888888888888,133,20.0,4,5,log2,1e-05,133,18.924812030075188,20,45649,343.22556390977445
grid,1,0.1889279579918366,0.8871266409392196,0.8888888888888888,133,20.0,4,7,log2,1e-05,133,18.924812030075188,20,45649,343.22556390977445
grid,1,0.1744260419945931,0.8871266409392196,0.8888888888888888,133,20.0,4,2,log2,0.0,133,18.954887218045112,20,47277,355.4661654135338
grid,1,0.17795637500239536,0.8871266409392196,0.8888888888888888,133,20.0,4,5,log2,0.0,133,18.954887218045112,20,47277,355.4661654135338
grid,1,0.17611700000998098,0.8871266409392196,0.8888888888888888,133,20.0,4,7,log2,0.0,133,18.954887218045112,20,47277,355.4661654135338
grid,1,0.20831987500423566,0.8870097780962798,0.8888888888888888,133,16.0,4,10,sqrt,0.001,133,15.924812030075188,16,25265,189.9624060150376
grid,1,0.09635637499741279,0.8869771450237943,0.8888888888888888,50,16.0,4,2,sqrt,0.001,50,15.98,16,9674,193.48
grid,1,0.09576858399668708,0.8869771450237943,0.8888888888888888,50,16.0,4,5,sqrt,0.001,50,15.98,16,9674,193.48
grid,1,0.09397433300910052,0.8869771450237943,0.8888888888888888,50,16.0,4,7,sqrt,0.001,50,15.98,16,9674,193.48
grid,1,0.09538229199824855,0.8867057403832314,0.8888888888888888,50,,4,2,sqrt,0.001,50,20.4,26,10738,214.76
grid,1,0.09081679199880455,0.8867057403832314,0.8888888888888888,50,,4,5,sqrt,0.001,50,20.4,26,10738,214.76
grid,1,0.09367562500119675,0.8867057403832314,0.8888888888888888,50,,4,7,sqrt,0.001,50,20.4,26,10738,214.76
grid,1,0.09382787499635015,0.886679028120673,0.8888888888888888,50,12.0,7,2,sqrt,1e-05,50,12.0,12,8738,174.76
grid,1,0.09563804099161644,0.886679028120673,0.8888888888888888,50,12.0,7,5,sqrt,1e-05,50,12.0,12,8738,174.76
grid,1,0.09376120900560636,0.886679028120673,0.8888888888888888,50,12.0,7,7,sqrt,1e-05,50,12.0,12,8738,174.76
grid,1,0.09367158298846334,0.886679028120673,0.8888888888888888,50,12.0,7,10,sqrt,1e-05,50,12.0,12,8738,174.76
grid,1,0.09648962499340996,0.886679028120673,0.8888888888888888,50,12.0,7,2,sqrt,0.0,50,12.0,12,9096,181.92
grid,1,0.09470041601161938,0.886679028120673,0.8888888888888888,50,12.0,7,5,sqrt,0.0,50,12.0,12,9096,181.92
grid,1,0.092964249997749,0.886679028120673,0.8888888888888888,50,12.0,7,7,sqrt,0.0,50,12.0,12,9096,181.92
grid,1,0.09680037500220351,0.886679028120673,0.8888888888888888,50,12.0,7,10,sqrt,0.0,50,12.0,12,9096,181.92
grid,1,0.09650937499827705,0.8866514178929426,0.8888888888888888,50,12.0,1,10,sqrt,0.001,50,12.0,12,8622,172.44
grid,1,0.08215112499601673,0.8864999257282382,0.8888888888888888,50,12.0,1,2,log2,0.001,50,12.0,12,11952,239.04
grid,1,0.3209388749965001,0.8864517774556042,0.8888888888888888,217,16.0,7,2,sqrt,0.0001,217,15.903225806451612,16,43263,199.36866359447004
grid,1,0.32464775000698864,0.8864517774556042,0.8888888888888888,217,16.0,7,5,sqrt,0.0001,217,15.903225806451612,16,43263,199.36866359447004
grid,1,0.3464513750077458,0.8864517774556042,0.8888888888888888,217,16.0,7,7,sqrt,0.0001,217,15.903225806451612,16,43263,199.36866359447004
grid,1,0.3345878330001142,0.8864517774556042,0.8888888888888888,217,16.0,7,10,sqrt,0.0001,217,15.903225806451612,16,43263,199.36866359447004
grid,1,0.3359830000117654,0.8864517774556042,0.8888888888888888,217,16.0,7,2,sqrt,1e-05,217,15.912442396313365,16,46287,213.30414746543778
grid,1,0.3340156670019496,0.8864517774556042,0.8888888888888888,217,16.0,7,5,sqrt,1e-05,217,15.912442396313365,16,46287,213.30414746543778
grid,1,0.3331223749992205,0.8864517774556042,0.8888888888888888,217,16.0,7,7,sqrt,1e-05,217,15.912442396313365,16,46287,213.30414746543778
grid,1,0.3268489999900339,0.8864517774556042,0.8888888888888888,217,16.0,7,10,sqrt,1e-05,217,15.912442396313365,16,46287,213.30414746543778
grid,1,0.3205549590056762,0.8864517774556042,0.8888888888888888,217,16.0,7,2,sqrt,0.0,217,15.91705069124424,16,48241,222.30875576036865
grid,1,0.3183929579972755,0.8864517774556042,0.8888888888888888,217,16.0,7,5,sqrt,0.0,217,15.91705069124424,16,48241,222.30875576036865
grid,1,0.33089250000193715,0.8864517774556042,0.8888888888888888,217,16.0,7,7,sqrt,0.0,217,15.91705069124424,16,48241,222.30875576036865
grid,1,0.3221382920019096,0.8864517774556042,0.8888888888888888,217,16.0,7,10,sqrt,0.0,217,15.91705069124424,16,48241,222.30875576036865
grid,1,0.08204379200469702,0.8863457326851861,0.8888888888888888,50,12.0,4,10,log2,0.001,50,12.0,12,8600,172.0
grid,1,0.0957715830008965,0.886265251664257,0.8888888888888888,50,,7,2,sqrt,0.001,50,18.62,24,8302,166.04
grid,1,0.09614562499336898,0.886265251664257,0.8888888888888888,50,,7,5,sqrt,0.001,50,18.62,24,8302,166.04
grid,1,0.09361599999829195,0.886265251664257,0.8888888888888888,50,,7,7,sqrt,0.001,50,18.62,24,8302,166.04
grid,1,0.09612287499476224,0.886265251664257,0.8888888888888888,50,,7,10,sqrt,0.001,50,18.62,24,8302,166.04
grid,1,0.08522233400435653,0.8858788425830314,0.8869395711500975,50,20.0,4,2,log2,0.0001,50,18.94,20,16592,331.84
grid,1,0.08244308400026057,0.8858788425830314,0.8869395711500975,50,20.0,4,5,log2,0.0001,50,18.94,20,16592,331.84
grid,1,0.0818509160017129,0.8858788425830314,0.8869395711500975,50,20.0,4,7,log2,0.0001,50,18.94,20,16592,331.84
grid,1,0.09327537499484606,0.8854772110923477,0.8869395711500975,50,20.0,4,2,sqrt,0.001,50,19.0,20,10506,210.12
grid,1,0.0949771250016056,0.8854772110923477,0.8869395711500975,50,20.0,4,5,sqrt,0.001,50,19.0,20,10506,210.12
grid,1,0.09454016599920578,0.8854772110923477,0.8869395711500975,50,20.0,4,7,sqrt,0.001,50,19.0,20,10506,210.12
grid,1,0.3167039580002893,0.8854132289564899,0.8869395711500975,217,8.0,1,7,sqrt,0.0001,217,8.0,8,26889,123.91244239631337
grid,1,0.2998986250022426,0.8854132289564899,0.8869395711500975,217,8.0,1,7,sqrt,1e-05,217,8.0,8,26965,124.26267281105991
grid,1,0.3143071249942295,0.8854132289564899,0.8869395711500975,217,8.0,1,7,sqrt,0.0,217,8.0,8,27661,127.47004608294931
grid,1,0.09791350000887178,0.885383523246081,0.8869395711500975,50,12.0,4,10,sqrt,0.001,50,12.0,12,7392,147.84
grid,1,0.07987337499798741,0.8853226232055535,0.8869395711500975,50,12.0,4,2,log2,0.0001,50,12.0,12,11796,235.92
grid,1,0.08448362500348594,0.8853226232055535,0.8869395711500975,50,12.0,4,5,log2,0.0001,50,12.0,12,11796,235.92
grid,1,0.07823091601312626,0.8853226232055535,0.8869395711500975,50,12.0,4,7,log2,0.0001,50,12.0,12,11796,235.92
grid,1,0.08470724998915102,0.8853226232055535,0.8869395711500975,50,12.0,4,2,log2,1e-05,50,12.0,12,12138,242.76
grid,1,0.07945529199787416,0.8853226232055535,0.8869395711500975,50,12.0,4,5,log2,1e-05,50,12.0,12,12138,242.76
grid,1,0.08374254198861308,0.8853226232055535,0.8869395711500975,50,12.0,4,7,log2,1e-05,50,12.0,12,12138,242.76
grid,1,0.08393112500198185,0.8853226232055535,0.8869395711500975,50,12.0,4,2,log2,0.0,50,12.0,12,12516,250.32
grid,1,0.08407666599669028,0.8853226232055535,0.8869395711500975,50,12.0,4,5,log2,0.0,50,12.0,12,12516,250.32
grid,1,0.08288404199993238,0.8853226232055535,0.8869395711500975,50,12.0,4,7,log2,0.0,50,12.0,12,12516,250.32
grid,1,0.33249212500231806,0.885291184571459,0.8869395711500975,217,12.0,4,2,sqrt,0.001,217,12.0,12,34771,160.23502304147465
grid,1,0.3341713330009952,0.885291184571459,0.8869395711500975,217,12.0,4,5,sqrt,0.001,217,12.0,12,34771,160.23502304147465
grid,1,0.334729124995647,0.885291184571459,0.8869395711500975,217,12.0,4,7,sqrt,0.001,217,12.0,12,34771,160.23502304147465
grid,1,0.29672337499505375,0.8852827216095712,0.8869395711500975,217,12.0,1,10,log2,0.001,217,12.0,12,43667,201.23041474654377
grid,1,0.0794427080109017,0.8852733966337155,0.8869395711500975,50,,4,10,log2,0.0001,50,19.84,28,14948,298.96
grid,1,0.08551699999952689,0.8852733966337155,0.8869395711500975,50,,4,10,log2,1e-05,50,19.88,28,15276,305.52
grid,1,0.08216049999464303,0.8852733966337155,0.8869395711500975,50,,4,10,log2,0.0,50,19.92,28,15782,315.64
grid,1,0.18802075000712648,0.8852378564152238,0.8869395711500975,133,,4,2,log2,0.0001,133,19.924812030075188,26,44969,338.1127819548872
grid,1,0.1839460000046529,0.8852378564152238,0.8869395711500975,133,,4,5,log2,0.0001,133,19.924812030075188,26,44969,338.1127819548872
grid,1,0.18294858300941996,0.8852378564152238,0.8869395711500975,133,,4,7,log2,0.0001,133,19.924812030075188,26,44969,338.1127819548872
grid,1,0.20616537501337007,0.8852378564152238,0.8869395711500975,133,,4,2,log2,1e-05,133,20.022556390977442,27,46361,348.57894736842104
grid,1,0.1918237079953542,0.8852378564152238,0.8869395711500975,133,,4,5,log2,1e-05,133,20.022556390977442,27,46361,348.57894736842104
grid,1,0.18748649999906775,0.8852378564152238,0.8869395711500975,133,,4,7,log2,1e-05,133,20.022556390977442,27,46361,348.57894736842104
grid,1,0.19445845800510142,0.8852378564152238,0.8869395711500975,133,,4,2,log2,0.0,133,20.06015037593985,27,48013,361.0
grid,1,0.18265149999933783,0.8852378564152238,0.8869395711500975,133,,4,5,log2,0.0,133,20.06015037593985,27,48013,361.0
grid,1,0.18467749998671934,0.8852378564152238,0.8869395711500975,133,,4,7,log2,0.0,133,20.06015037593985,27,48013,361.0
grid,1,0.18433945899596438,0.8852365998976098,0.8869395711500975,133,20.0,4,2,log2,0.0001,133,18.894736842105264,20,44325,333.2706766917293
grid,1,0.19043512499774806,0.8852365998976098,0.8869395711500975,133,20.0,4,5,log2,0.0001,133,18.894736842105264,20,44325,333.2706766917293
grid,1,0.18725450000783894,0.8852365998976098,0.8869395711500975,133,20.0,4,7,log2,0.0001,133,18.894736842105264,20,44325,333.2706766917293
grid,1,0.20294783399731386,0.885204601620352,0.8869395711500975,133,12.0,1,5,sqrt,0.001,133,12.0,12,27029,203.22556390977442
grid,1,0.17873241699999198,0.8851341604456496,0.8869395711500975,133,12.0,1,2,log2,0.001,133,12.0,12,32085,241.2406015037594
grid,1,0.17571420800231863,0.8851235744583847,0.8869395711500975,133,12.0,4,10,log2,0.0001,133,12.0,12,30149,226.68421052631578
grid,1,0.1769464159879135,0.8851235744583847,0.8869395711500975,133,12.0,4,10,log2,1e-05,133,12.0,12,30761,231.28571428571428
grid,1,0.17798349999065977,0.8851235744583847,0.8869395711500975,133,12.0,4,10,log2,0.0,133,12.0,12,31753,238.74436090225564
grid,1,0.9663359580008546,0.88509544040033,0.8869395711500975,217,16.0,4,10,0.5,0.001,217,16.0,16,26145,120.48387096774194
grid,1,0.9795384999888483,0.88509544040033,0.8869395711500975,217,16.0,4,10,0.5,0.0001,217,16.0,16,33017,152.1520737327189
grid,1,0.9862384590087458,0.88509544040033,0.8869395711500975,217,16.0,4,10,0.5,1e-05,217,16.0,16,33089,152.48387096774192
grid,1,0.9619318750046659,0.88509544040033,0.8869395711500975,217,16.0,4,10,0.5,0.0,217,16.0,16,34981,161.20276497695852
grid,1,0.2900724579958478,0.8850419750174014,0.8869395711500975,217,12.0,4,2,log2,1e-05,217,12.0,12,54041,249.036866359447
grid,1,0.28788649999478366,0.8850419750174014,0.8869395711500975,217,12.0,4,5,log2,1e-05,217,12.0,12,54041,249.036866359447
grid,1,0.2938869589997921,0.8850419750174014,0.8869395711500975,217,12.0,4,7,log2,1e-05,217,12.0,12,54041,249.036866359447
grid,1,0.292741291996208,0.8850419750174014,0.8869395711500975,217,12.0,4,2,log2,0.0,217,12.0,12,55837,257.31336405529953
grid,1,0.3060817079967819,0.8850419750174014,0.8869395711500975,217,12.0,4,5,log2,0.0,217,12.0,12,55837,257.31336405529953
grid,1,0.28119774999504443,0.8850419750174014,0.8869395711500975,217,12.0,4,7,log2,0.0,217,12.0,12,55837,257.31336405529953
grid,1,0.17593204100558069,0.8850351594451557,0.8869395711500975,133,12.0,4,10,log2,0.001,133,12.0,12,23201,174.4436090225564
grid,1,0.19841283399728127,0.8850320225475731,0.8869395711500975,133,12.0,4,10,sqrt,0.0001,133,12.0,12,26505,199.28571428571428
grid,1,0.20354920900717843,0.8850320225475731,0.8869395711500975,133,12.0,4,10,sqrt,1e-05,133,12.0,12,26867,202.00751879699249
grid,1,0.20430716598639265,0.8850320225475731,0.8869395711500975,133,12.0,4,10,sqrt,0.0,133,12.0,12,27923,209.94736842105263
grid,1,0.29886495899700094,0.8850036176561962,0.8869395711500975,217,16.0,4,2,log2,0.001,217,15.898617511520737,16,48463,223.33179723502303
grid,1,0.2854233340040082,0.8850036176561962,0.8869395711500975,217,16.0,4,5,log2,0.001,217,15.898617511520737,16,48463,223.33179723502303
grid,1,0.2927935830084607,0.8850036176561962,0.8869395711500975,217,16.0,4,7,log2,0.001,217,15.898617511520737,16,48463,223.33179723502303
grid,1,0.21152166699175723,0.8849663109335842,0.8869395711500975,133,20.0,7,2,sqrt,0.0001,133,18.48872180451128,20,27961,210.2330827067669
grid,1,0.21373966700048186,0.8849663109335842,0.8869395711500975,133,20.0,7,5,sqrt,0.0001,133,18.48872180451128,20,27961,210.2330827067669
grid,1,0.21052566698926967,0.8849663109335842,0.8869395711500975,133,20.0,7,7,sqrt,0.0001,133,18.48872180451128,20,27961,210.2330827067669
grid,1,0.2077507920039352,0.8849663109335842,0.8869395711500975,133,20.0,7,10,sqrt,0.0001,133,18.48872180451128,20,27961,210.2330827067669
grid,1,0.20610937499441206,0.8849663109335842,0.8869395711500975,133,20.0,7,2,sqrt,1e-05,133,18.55639097744361,20,29951,225.1954887218045
grid,1,0.21142720901116263,0.8849663109335842,0.8869395711500975,133,20.0,7,5,sqrt,1e-05,133,18.55639097744361,20,29951,225.1954887218045
grid,1,0.21245858300244436,0.8849663109335842,0.8869395711500975,133,20.0,7,7,sqrt,1e-05,133,18.55639097744361,20,29951,225.1954887218045
grid,1,0.23018204199615866,0.8849663109335842,0.8869395711500975,133,20.0,7,10,sqrt,1e-05,133,18.55639097744361,20,29951,225.1954887218045
grid,1,0.2012673329882091,0.8849663109335842,0.8869395711500975,133,20.0,7,2,sqrt,0.0,133,18.57894736842105,20,31229,234.8045112781955
grid,1,0.2010909999953583,0.8849663109335842,0.8869395711500975,133,20.0,7,5,sqrt,0.0,133,18.57894736842105,20,31229,234.8045112781955
grid,1,0.2100124999997206,0.8849663109335842,0.8869395711500975,133,20.0,7,7,sqrt,0.0,133,18.57894736842105,20,31229,234.8045112781955
grid,1,0.20709233400702942,0.8849663109335842,0.8869395711500975,133,20.0,7,10,sqrt,0.0,133,18.57894736842105,20,31229,234.8045112781955
grid,1,0.17840429198986385,0.8848878629938127,0.8869395711500975,133,12.0,1,7,log2,0.001,133,12.0,12,28951,217.6766917293233
grid,1,0.27098304200626444,0.8848814072023884,0.8869395711500975,50,20.0,4,10,0.5,0.0001,50,20.0,20,9054,181.08
grid,1,0.26369520800653845,0.8848814072023884,0.8869395711500975,50,20.0,4,10,0.5,1e-05,50,20.0,20,9072,181.44
grid,1,0.2530093749955995,0.8848814072023884,0.8869395711500975,50,20.0,4,10,0.5,0.0,50,20.0,20,9538,190.76
grid,1,0.08636033299262635,0.8847788434166304,0.8869395711500975,50,12.0,7,2,sqrt,0.0001,50,12.0,12,8134,162.68
grid,1,0.09395358400070108,0.8847788434166304,0.8869395711500975,50,12.0,7,5,sqrt,0.0001,50,12.0,12,8134,162.68
grid,1,0.09733320900704712,0.8847788434166304,0.8869395711500975,50,12.0,7,7,sqrt,0.0001,50,12.0,12,8134,162.68
grid,1,0.09709645800467115,0.8847788434166304,0.8869395711500975,50,12.0,7,10,sqrt,0.0001,50,12.0,12,8134,162.68
grid,1,0.24552233300346415,0.8847554324085067,0.8869395711500975,50,16.0,4,2,0.5,0.0001,50,16.0,16,7838,156.76
grid,1,0.24191750001045875,0.8847554324085067,0.8869395711500975,50,16.0,4,5,0.5,0.0001,50,16.0,16,7838,156.76
grid,1,0.24707979100639932,0.8847554324085067,0.8869395711500975,50,16.0,4,7,0.5,0.0001,50,16.0,16,7838,156.76
grid,1,0.24564604098850396,0.8847554324085067,0.8869395711500975,50,16.0,4,2,0.5,1e-05,50,16.0,16,7868,157.36
grid,1,0.2467570419976255,0.8847554324085067,0.8869395711500975,50,16.0,4,5,0.5,1e-05,50,16.0,16,7868,157.36
grid,1,0.24854737499845214,0.8847554324085067,0.8869395711500975,50,16.0,4,7,0.5,1e-05,50,16.0,16,7868,157.36
grid,1,0.2456884999992326,0.8847554324085067,0.8869395711500975,50,16.0,4,2,0.5,0.0,50,16.0,16,8314,166.28
grid,1,0.2606534580118023,0.8847554324085067,0.8869395711500975,50,16.0,4,5,0.5,0.0,50,16.0,16,8314,166.28
grid,1,0.2479250409960514,0.8847554324085067,0.8869395711500975,50,16.0,4,7,0.5,0.0,50,16.0,16,8314,166.28
grid,1,0.641488584005856,0.8846995503208174,0.8869395711500975,133,,4,10,0.5,0.001,133,25.406015037593985,32,21207,159.45112781954887
grid,1,0.18144566599221434,0.884633873433233,0.8869395711500975,133,12.0,1,10,log2,0.0001,133,12.0,12,32603,245.13533834586465
grid,1,0.17699012499360833,0.884633873433233,0.8869395711500975,133,12.0,1,10,log2,1e-05,133,12.0,12,32929,247.58646616541353
grid,1,0.1766533750051167,0.884633873433233,0.8869395711500975,133,12.0,1,10,log2,0.0,133,12.0,12,33797,254.11278195488723
grid,1,0.08063575001142453,0.8846293206849248,0.8869395711500975,50,12.0,4,10,log2,0.0001,50,12.0,12,11132,222.64
grid,1,0.0800500000041211,0.8846293206849248,0.8869395711500975,50,12.0,4,10,log2,1e-05,50,12.0,12,11342,226.84
grid,1,0.08122362499125302,0.8846293206849248,0.8869395711500975,50,12.0,4,10,log2,0.0,50,12.0,12,11670,233.4
grid,1,0.928735458990559,0.8843912621783304,0.8869395711500975,217,12.0,1,10,0.5,0.0001,217,12.0,12,26823,123.60829493087557
grid,1,0.9086260409967508,0.8843912621783304,0.8869395711500975,217,12.0,1,10,0.5,1e-05,217,12.0,12,26835,123.66359447004608
grid,1,0.9325150410004426,0.8843912621783304,0.8869395711500975,217,12.0,1,10,0.5,0.0,217,12.0,12,28207,129.98617511520737
grid,1,0.09399079199647531,0.8843743218376918,0.8869395711500975,50,,7,2,sqrt,0.0001,50,19.34,25,10574,211.48
grid,1,0.09481716601294465,0.8843743218376918,0.8869395711500975,50,,7,5,sqrt,0.0001,50,19.34,25,10574,211.48
grid,1,0.09557991600013338,0.8843743218376918,0.8869395711500975,50,,7,7,sqrt,0.0001,50,19.34,25,10574,211.48
grid,1,0.09173558300244622,0.8843743218376918,0.8869395711500975,50,,7,10,sqrt,0.0001,50,19.34,25,10574,211.48
grid,1,0.08799666700360831,0.8843743218376918,0.8869395711500975,50,,7,2,sqrt,1e-05,50,19.46,25,11372,227.44
grid,1,0.09334179099823814,0.8843743218376918,0.8869395711500975,50,,7,5,sqrt,1e-05,50,19.46,25,11372,227.44
grid,1,0.09604099999705795,0.8843743218376918,0.8869395711500975,50,,7,7,sqrt,1e-05,50,19.46,25,11372,227.44
grid,1,0.09371145800105296,0.8843743218376918,0.8869395711500975,50,,7,10,sqrt,1e-05,50,19.46,25,11372,227.44
grid,1,0.09812970799976029,0.8843743218376918,0.8869395711500975,50,,7,2,sqrt,0.0,50,19.52,25,11848,236.96
grid,1,0.09465070899750572,0.8843743218376918,0.8869395711500975,50,,7,5,sqrt,0.0,50,19.52,25,11848,236.96
grid,1,0.09389483300037682,0.8843743218376918,0.8869395711500975,50,,7,7,sqrt,0.0,50,19.52,25,11848,236.96
grid,1,0.09727758399094455,0.8843743218376918,0.8869395711500975,50,,7,10,sqrt,0.0,50,19.52,25,11848,236.96
grid,1,0.2811314169957768,0.8843063546819993,0.8869395711500975,50,16.0,1,7,0.5,0.001,50,16.0,16,7256,145.12
grid,1,0.20042679199832492,0.8842773511974469,0.8869395711500975,133,16.0,7,2,sqrt,0.0001,133,15.8796992481203,16,26333,197.99248120300751
grid,1,0.1963702920038486,0.8842773511974469,0.8869395711500975,133,16.0,7,5,sqrt,0.0001,133,15.8796992481203,16,26333,197.99248120300751
grid,1,0.20471654199354816,0.8842773511974469,0.8869395711500975,133,16.0,7,7,sqrt,0.0001,133,15.8796992481203,16,26333,197.99248120300751
grid,1,0.20243641700653825,0.8842773511974469,0.8869395711500975,133,16.0,7,10,sqrt,0.0001,133,15.8796992481203,16,26333,197.99248120300751
grid,1,0.20351654100522865,0.8842773511974469,0.8869395711500975,133,16.0,7,2,sqrt,1e-05,133,15.887218045112782,16,28237,212.30827067669173
grid,1,0.20059262499853503,0.8842773511974469,0.8869395711500975,133,16.0,7,5,sqrt,1e-05,133,15.887218045112782,16,28237,212.30827067669173
grid,1,0.20443208298820537,0.8842773511974469,0.8869395711500975,133,16.0,7,7,sqrt,1e-05,133,15.887218045112782,16,28237,212.30827067669173
grid,1,0.20702833399991505,0.8842773511974469,0.8869395711500975,133,16.0,7,10,sqrt,1e-05,133,15.887218045112782,16,28237,212.30827067669173
grid,1,0.20356370799709111,0.8842773511974469,0.8869395711500975,133,16.0,7,2,sqrt,0.0,133,15.894736842105264,16,29469,221.57142857142858
grid,1,0.20867179200286046,0.8842773511974469,0.8869395711500975,133,16.0,7,5,sqrt,0.0,133,15.894736842105264,16,29469,221.57142857142858
grid,1,0.2032450419937959,0.8842773511974469,0.8869395711500975,133,16.0,7,7,sqrt,0.0,133,15.894736842105264,16,29469,221.57142857142858
grid,1,0.2201380829937989,0.8842773511974469,0.8869395711500975,133,16.0,7,10,sqrt,0.0,133,15.894736842105264,16,29469,221.57142857142858
grid,1,0.08243241600575857,0.8839932599509097,0.884990253411306,50,,4,2,log2,0.0001,50,19.9,26,16762,335.24
grid,1,0.09084754200011957,0.8839932599509097,0.884990253411306,50,,4,5,log2,0.0001,50,19.9,26,16762,335.24
grid,1,0.10647604199766647,0.8839932599509097,0.884990253411306,50,,4,7,log2,0.0001,50,19.9,26,16762,335.24
grid,1,0.2649344579986064,0.8836289622418338,0.8869395711500975,50,,7,2,0.5,1e-05,50,23.72,29,8624,172.48
grid,1,0.2518900420109276,0.8836289622418338,0.8869395711500975,50,,7,5,0.5,1e-05,50,23.72,29,8624,172.48
grid,1,0.2589489579986548,0.8836289622418338,0.8869395711500975,50,,7,7,0.5,1e-05,50,23.72,29,8624,172.48
grid,1,0.2488354579982115,0.8836289622418338,0.8869395711500975,50,,7,10,0.5,1e-05,50,23.72,29,8624,172.48
grid,1,0.2518262919911649,0.8836289622418338,0.8869395711500975,50,,7,2,0.5,0.0,50,23.72,29,9144,182.88
grid,1,0.25710537499981,0.8836289622418338,0.8869395711500975,50,,7,5,0.5,0.0,50,23.72,29,9144,182.88
grid,1,0.2630395000014687,0.8836289622418338,0.8869395711500975,50,,7,7,0.5,0.0,50,23.72,29,9144,182.88
grid,1,0.2546058329899097,0.8836289622418338,0.8869395711500975,50,,7,10,0.5,0.0,50,23.72,29,9144,182.88
grid,1,0.07936054200399667,0.883577713264245,0.884990253411306,50,,7,2,log2,0.0001,50,18.62,24,11506,230.12
grid,1,0.08099445801053662,0.883577713264245,0.884990253411306,50,,7,5,log2,0.0001,50,18.62,24,11506,230.12
grid,1,0.08316370799730066,0.883577713264245,0.884990253411306,50,,7,7,log2,0.0001,50,18.62,24,11506,230.12
grid,1,0.07963875000132248,0.883577713264245,0.884990253411306,50,,7,10,log2,0.0001,50,18.62,24,11506,230.12
grid,1,0.0957142080005724,0.8833726375866299,0.884990253411306,50,16.0,4,10,sqrt,0.001,50,15.96,16,9292,185.84
grid,1,0.1752764999982901,0.8832303020915344,0.884990253411306,133,16.0,4,2,log2,0.0001,133,15.984962406015038,16,41457,311.70676691729324
grid,1,0.18503437499748543,0.8832303020915344,0.884990253411306,133,16.0,4,5,log2,0.0001,133,15.984962406015038,16,41457,311.70676691729324
grid,1,0.18437483299931046,0.8832303020915344,0.884990253411306,133,16.0,4,7,log2,0.0001,133,15.984962406015038,16,41457,311.70676691729324
grid,1,0.1843798330082791,0.8832303020915344,0.884990253411306,133,16.0,4,2,log2,1e-05,133,15.984962406015038,16,42651,320.6842105263158
grid,1,0.19177558399678674,0.8832303020915344,0.884990253411306,133,16.0,4,5,log2,1e-05,133,15.984962406015038,16,42651,320.6842105263158
grid,1,0.17554004199337214,0.8832303020915344,0.884990253411306,133,16.0,4,7,log2,1e-05,133,15.984962406015038,16,42651,320.6842105263158
grid,1,0.17933341700700112,0.8832303020915344,0.884990253411306,133,16.0,4,2,log2,0.0,133,15.984962406015038,16,44179,332.17293233082705
grid,1,0.17446549999294803,0.8832303020915344,0.884990253411306,133,16.0,4,5,log2,0.0,133,15.984962406015038,16,44179,332.17293233082705
grid,1,0.17837920901365578,0.8832303020915344,0.884990253411306,133,16.0,4,7,log2,0.0,133,15.984962406015038,16,44179,332.17293233082705
grid,1,0.21198700000240933,0.8831336573400209,0.884990253411306,133,,7,2,sqrt,0.0001,133,18.984962406015036,25,28115,211.39097744360902
grid,1,0.21279720800521318,0.8831336573400209,0.884990253411306,133,,7,5,sqrt,0.0001,133,18.984962406015036,25,28115,211.39097744360902
grid,1,0.2168692500126781,0.8831336573400209,0.884990253411306,133,,7,7,sqrt,0.0001,133,18.984962406015036,25,28115,211.39097744360902
grid,1,0.20895704100257717,0.8831336573400209,0.884990253411306,133,,7,10,sqrt,0.0001,133,18.984962406015036,25,28115,211.39097744360902
grid,1,0.21467800000391435,0.8831336573400209,0.884990253411306,133,,7,2,sqrt,1e-05,133,19.112781954887218,25,30163,226.78947368421052
grid,1,0.20051337499171495,0.8831336573400209,0.884990253411306,133,,7,5,sqrt,1e-05,133,19.112781954887218,25,30163,226.78947368421052
grid,1,0.22192991699557751,0.8831336573400209,0.884990253411306,133,,7,7,sqrt,1e-05,133,19.112781954887218,25,30163,226.78947368421052
grid,1,0.2129876250110101,0.8831336573400209,0.884990253411306,133,,7,10,sqrt,1e-05,133,19.112781954887218,25,30163,226.78947368421052
grid,1,0.20348904200363904,0.8831336573400209,0.884990253411306,133,,7,2,sqrt,0.0,133,19.157894736842106,25,31451,236.47368421052633
grid,1,0.2006893749930896,0.8831336573400209,0.884990253411306,133,,7,5,sqrt,0.0,133,19.157894736842106,25,31451,236.47368421052633
grid,1,0.22877420800796244,0.8831336573400209,0.884990253411306,133,,7,7,sqrt,0.0,133,19.157894736842106,25,31451,236.47368421052633
grid,1,0.20419170799141284,0.8831336573400209,0.884990253411306,133,,7,10,sqrt,0.0,133,19.157894736842106,25,31451,236.47368421052633
grid,1,0.21261000000231434,0.8830476022480785,0.884990253411306,133,12.0,4,10,sqrt,0.001,133,12.0,12,20569,154.65413533834587
grid,1,0.27168145900941454,0.8829520497430945,0.884990253411306,50,,4,10,0.5,0.0001,50,26.78,32,10156,203.12
grid,1,0.26303875001030974,0.8829520497430945,0.884990253411306,50,,4,10,0.5,1e-05,50,26.82,32,10188,203.76
grid,1,0.2593285829934757,0.8829520497430945,0.884990253411306,50,,4,10,0.5,0.0,50,26.82,32,10668,213.36
grid,1,0.2916422909911489,0.8828387373766206,0.884990253411306,217,12.0,4,2,log2,0.0001,217,12.0,12,52649,242.6221198156682
grid,1,0.29302650000317954,0.8828387373766206,0.884990253411306,217,12.0,4,5,log2,0.0001,217,12.0,12,52649,242.6221198156682
grid,1,0.2950927499914542,0.8828387373766206,0.884990253411306,217,12.0,4,7,log2,0.0001,217,12.0,12,52649,242.6221198156682
grid,1,0.07794166600797325,0.8827825179274947,0.884990253411306,50,12.0,1,10,log2,0.0001,50,12.0,12,11862,237.24
grid,1,0.07974495900270995,0.8827825179274947,0.884990253411306,50,12.0,1,10,log2,1e-05,50,12.0,12,11982,239.64
grid,1,0.07978295799694024,0.8827825179274947,0.884990253411306,50,12.0,1,10,log2,0.0,50,12.0,12,12298,245.96
grid,1,0.3202943330106791,0.8827247988287821,0.884990253411306,217,16.0,10,2,sqrt,0.0001,217,15.746543778801843,16,36439,167.92165898617512
grid,1,0.32887612500053365,0.8827247988287821,0.884990253411306,217,16.0,10,5,sqrt,0.0001,217,15.746543778801843,16,36439,167.92165898617512
grid,1,0.3234861249948153,0.8827247988287821,0.884990253411306,217,16.0,10,7,sqrt,0.0001,217,15.746543778801843,16,36439,167.92165898617512
grid,1,0.3278872090013465,0.8827247988287821,0.884990253411306,217,16.0,10,2,sqrt,1e-05,217,15.76036866359447,16,38979,179.6267281105991
grid,1,0.322283832996618,0.8827247988287821,0.884990253411306,217,16.0,10,5,sqrt,1e-05,217,15.76036866359447,16,38979,179.6267281105991
grid,1,0.32216308401257265,0.8827247988287821,0.884990253411306,217,16.0,10,7,sqrt,1e-05,217,15.76036866359447,16,38979,179.6267281105991
grid,1,0.3191801249922719,0.8827247988287821,0.884990253411306,217,16.0,10,2,sqrt,0.0,217,15.774193548387096,16,40455,186.42857142857142
grid,1,0.31572370800131466,0.8827247988287821,0.884990253411306,217,16.0,10,5,sqrt,0.0,217,15.774193548387096,16,40455,186.42857142857142
grid,1,0.3148817499895813,0.8827247988287821,0.884990253411306,217,16.0,10,7,sqrt,0.0,217,15.774193548387096,16,40455,186.42857142857142
grid,1,0.09392966699670069,0.8826950919406499,0.884990253411306,50,16.0,10,2,sqrt,1e-05,50,15.72,16,8912,178.24
grid,1,0.0970930000039516,0.8826950919406499,0.884990253411306,50,16.0,10,5,sqrt,1e-05,50,15.72,16,8912,178.24
grid,1,0.0959466250060359,0.8826950919406499,0.884990253411306,50,16.0,10,7,sqrt,1e-05,50,15.72,16,8912,178.24
grid,1,0.09572041699721012,0.8826950919406499,0.884990253411306,50,16.0,10,10,sqrt,1e-05,50,15.72,16,8912,178.24
grid,1,0.09657391700602602,0.8826950919406499,0.884990253411306,50,16.0,10,2,sqrt,0.0,50,15.74,16,9300,186.0
grid,1,0.09372124999936204,0.8826950919406499,0.884990253411306,50,16.0,10,5,sqrt,0.0,50,15.74,16,9300,186.0
grid,1,0.09683583398873452,0.8826950919406499,0.884990253411306,50,16.0,10,7,sqrt,0.0,50,15.74,16,9300,186.0
grid,1,0.09557191698695533,0.8826950919406499,0.884990253411306,50,16.0,10,10,sqrt,0.0,50,15.74,16,9300,186.0
grid,1,0.2414813749928726,0.8826288770596171,0.884990253411306,50,16.0,4,2,0.5,0.001,50,16.0,16,6156,123.12
grid,1,0.25361650000559166,0.8826288770596171,0.884990253411306,50,16.0,4,5,0.5,0.001,50,16.0,16,6156,123.12
grid,1,0.24099012499209493,0.8826288770596171,0.884990253411306,50,16.0,4,7,0.5,0.001,50,16.0,16,6156,123.12
grid,1,0.33685504099412356,0.8825957557002367,0.884990253411306,217,16.0,7,2,sqrt,0.001,217,15.834101382488479,16,34201,157.6082949308756
grid,1,0.3371157499932451,0.8825957557002367,0.884990253411306,217,16.0,7,5,sqrt,0.001,217,15.834101382488479,16,34201,157.6082949308756
grid,1,0.3240395000029821,0.8825957557002367,0.884990253411306,217,16.0,7,7,sqrt,0.001,217,15.834101382488479,16,34201,157.6082949308756
grid,1,0.356563624998671,0.8825957557002367,0.884990253411306,217,16.0,7,10,sqrt,0.001,217,15.834101382488479,16,34201,157.6082949308756
grid,1,0.2007368330087047,0.8825680066786105,0.884990253411306,133,12.0,7,2,sqrt,0.0001,133,12.0,12,21785,163.796992481203
grid,1,0.1990285419888096,0.8825680066786105,0.884990253411306,133,12.0,7,5,sqrt,0.0001,133,12.0,12,21785,163.796992481203
grid,1,0.20417441699828487,0.8825680066786105,0.884990253411306,133,12.0,7,7,sqrt,0.0001,133,12.0,12,21785,163.796992481203
grid,1,0.20337737500085495,0.8825680066786105,0.884990253411306,133,12.0,7,10,sqrt,0.0001,133,12.0,12,21785,163.796992481203
grid,1,0.20273325000016484,0.8825680066786105,0.884990253411306,133,12.0,7,2,sqrt,1e-05,133,12.0,12,23327,175.39097744360902
grid,1,0.2020154170022579,0.8825680066786105,0.884990253411306,133,12.0,7,5,sqrt,1e-05,133,12.0,12,23327,175.39097744360902
grid,1,0.20524379100243095,0.8825680066786105,0.884990253411306,133,12.0,7,7,sqrt,1e-05,133,12.0,12,23327,175.39097744360902
grid,1,0.22403429199766833,0.8825680066786105,0.884990253411306,133,12.0,7,10,sqrt,1e-05,133,12.0,12,23327,175.39097744360902
grid,1,0.203549457990448,0.8825680066786105,0.884990253411306,133,12.0,7,2,sqrt,0.0,133,12.0,12,24271,182.48872180451127
grid,1,0.19742820799001493,0.8825680066786105,0.884990253411306,133,12.0,7,5,sqrt,0.0,133,12.0,12,24271,182.48872180451127
grid,1,0.1909869999944931,0.8825680066786105,0.884990253411306,133,12.0,7,7,sqrt,0.0,133,12.0,12,24271,182.48872180451127
grid,1,0.1970244999974966,0.8825680066786105,0.884990253411306,133,12.0,7,10,sqrt,0.0,133,12.0,12,24271,182.48872180451127
grid,1,0.09503149999363814,0.8824766759081409,0.884990253411306,50,,10,2,sqrt,1e-05,50,17.96,27,9352,187.04
grid,1,0.09365925000747666,0.8824766759081409,0.884990253411306,50,,10,5,sqrt,1e-05,50,17.96,27,9352,187.04
grid,1,0.09385816598660313,0.8824766759081409,0.884990253411306,50,,10,7,sqrt,1e-05,50,17.96,27,9352,187.04
grid,1,0.09404512500623241,0.8824766759081409,0.884990253411306,50,,10,10,sqrt,1e-05,50,17.96,27,9352,187.04
grid,1,0.08964662501239218,0.8824766759081409,0.884990253411306,50,,10,2,sqrt,0.0,50,18.0,27,9730,194.6
grid,1,0.08776974999636877,0.8824766759081409,0.884990253411306,50,,10,5,sqrt,0.0,50,18.0,27,9730,194.6
grid,1,0.09951079200254753,0.8824766759081409,0.884990253411306,50,,10,7,sqrt,0.0,50,18.0,27,9730,194.6
grid,1,0.09540508298960049,0.8824766759081409,0.884990253411306,50,,10,10,sqrt,0.0,50,18.0,27,9730,194.6
grid,1,0.09486404199560639,0.882428930497402,0.884990253411306,50,20.0,7,2,sqrt,0.0001,50,18.76,20,10506,210.12
grid,1,0.09497879199625459,0.882428930497402,0.884990253411306,50,20.0,7,5,sqrt,0.0001,50,18.76,20,10506,210.12
grid,1,0.09573629200167488,0.882428930497402,0.884990253411306,50,20.0,7,7,sqrt,0.0001,50,18.76,20,10506,210.12
grid,1,0.09743395799887367,0.882428930497402,0.884990253411306,50,20.0,7,10,sqrt,0.0001,50,18.76,20,10506,210.12
grid,1,0.09269358401070349,0.882428930497402,0.884990253411306,50,20.0,7,2,sqrt,1e-05,50,18.82,20,11272,225.44
grid,1,0.09719683299772441,0.882428930497402,0.884990253411306,50,20.0,7,5,sqrt,1e-05,50,18.82,20,11272,225.44
grid,1,0.09548816599999554,0.882428930497402,0.884990253411306,50,20.0,7,7,sqrt,1e-05,50,18.82,20,11272,225.44
grid,1,0.09606112500478048,0.882428930497402,0.884990253411306,50,20.0,7,10,sqrt,1e-05,50,18.82,20,11272,225.44
grid,1,0.09722020800109021,0.882428930497402,0.884990253411306,50,20.0,7,2,sqrt,0.0,50,18.86,20,11750,235.0
grid,1,0.09073854101006873,0.882428930497402,0.884990253411306,50,20.0,7,5,sqrt,0.0,50,18.86,20,11750,235.0
grid,1,0.09265487499942537,0.882428930497402,0.884990253411306,50,20.0,7,7,sqrt,0.0,50,18.86,20,11750,235.0
grid,1,0.09654429199872538,0.882428930497402,0.884990253411306,50,20.0,7,10,sqrt,0.0,50,18.86,20,11750,235.0
grid,1,0.5989580830064369,0.8823370307597106,0.884990253411306,133,16.0,4,2,0.5,0.001,133,16.0,16,16653,125.21052631578948
grid,1,0.5847172499925364,0.8823370307597106,0.884990253411306,133,16.0,4,5,0.5,0.001,133,16.0,16,16653,125.21052631578948
grid,1,0.6051173750020098,0.8823370307597106,0.884990253411306,133,16.0,4,7,0.5,0.001,133,16.0,16,16653,125.21052631578948
grid,1,0.08028870800626464,0.8821838527236203,0.8830409356725146,50,,4,2,log2,1e-05,50,19.96,26,17280,345.6
grid,1,0.08053624999593012,0.8821838527236203,0.8830409356725146,50,,4,5,log2,1e-05,50,19.96,26,17280,345.6
grid,1,0.08087191700178664,0.8821838527236203,0.8830409356725146,50,,4,7,log2,1e-05,50,19.96,26,17280,345.6
grid,1,0.0813924170070095,0.8821838527236203,0.8830409356725146,50,,4,2,log2,0.0,50,20.02,26,17908,358.16
grid,1,0.08128337499510963,0.8821838527236203,0.8830409356725146,50,,4,5,log2,0.0,50,20.02,26,17908,358.16
grid,1,0.07907995900313836,0.8821838527236203,0.8830409356725146,50,,4,7,log2,0.0,50,20.02,26,17908,358.16
grid,1,0.2162981250003213,0.8820620975966165,0.884990253411306,133,,7,2,sqrt,0.001,133,18.32330827067669,24,22147,166.5187969924812
grid,1,0.209572791995015,0.8820620975966165,0.884990253411306,133,,7,5,sqrt,0.001,133,18.32330827067669,24,22147,166.5187969924812
grid,1,0.20750612500705756,0.8820620975966165,0.884990253411306,133,,7,7,sqrt,0.001,133,18.32330827067669,24,22147,166.5187969924812
grid,1,0.20862400000623893,0.8820620975966165,0.884990253411306,133,,7,10,sqrt,0.001,133,18.32330827067669,24,22147,166.5187969924812
grid,1,0.26405133301159367,0.8817909314400196,0.884990253411306,50,,7,2,0.5,0.0001,50,23.56,29,8114,162.28
grid,1,0.2555491249950137,0.8817909314400196,0.884990253411306,50,,7,5,0.5,0.0001,50,23.56,29,8114,162.28
grid,1,0.2805604999884963,0.8817909314400196,0.884990253411306,50,,7,7,0.5,0.0001,50,23.56,29,8114,162.28
grid,1,0.26148487500904594,0.8817909314400196,0.884990253411306,50,,7,10,0.5,0.0001,50,23.56,29,8114,162.28
grid,1,0.26341529200726654,0.8817447225387508,0.884990253411306,50,20.0,7,2,0.5,0.0001,50,19.84,20,7590,151.8
grid,1,0.260378666993347,0.8817447225387508,0.884990253411306,50,20.0,7,5,0.5,0.0001,50,19.84,20,7590,151.8
grid,1,0.25258529199345503,0.8817447225387508,0.884990253411306,50,20.0,7,7,0.5,0.0001,50,19.84,20,7590,151.8
grid,1,0.2747738339967327,0.8817447225387508,0.884990253411306,50,20.0,7,10,0.5,0.0001,50,19.84,20,7590,151.8
grid,1,0.28050462499959394,0.8817447225387508,0.884990253411306,50,20.0,7,2,0.5,1e-05,50,19.86,20,8064,161.28
grid,1,0.25585941699682735,0.8817447225387508,0.884990253411306,50,20.0,7,5,0.5,1e-05,50,19.86,20,8064,161.28
grid,1,0.2547814580029808,0.8817447225387508,0.884990253411306,50,20.0,7,7,0.5,1e-05,50,19.86,20,8064,161.28
grid,1,0.2484349170117639,0.8817447225387508,0.884990253411306,50,20.0,7,10,0.5,1e-05,50,19.86,20,8064,161.28
grid,1,0.2476957499893615,0.8817447225387508,0.884990253411306,50,20.0,7,2,0.5,0.0,50,19.86,20,8564,171.28
grid,1,0.2492473749880446,0.8817447225387508,0.884990253411306,50,20.0,7,5,0.5,0.0,50,19.86,20,8564,171.28
grid,1,0.249429625007906,0.8817447225387508,0.884990253411306,50,20.0,7,7,0.5,0.0,50,19.86,20,8564,171.28
grid,1,0.2580845829943428,0.8817447225387508,0.884990253411306,50,20.0,7,10,0.5,0.0,50,19.86,20,8564,171.28
grid,1,0.16619625000748783,0.8817062451502546,0.8830409356725146,133,8.0,1,7,log2,0.0001,133,8.0,8,18845,141.69172932330827
grid,1,0.17525012500118464,0.8817062451502546,0.8830409356725146,133,8.0,1,7,log2,1e-05,133,8.0,8,18951,142.48872180451127
grid,1,0.17338737500540446,0.8817062451502546,0.8830409356725146,133,8.0,1,7,log2,0.0,133,8.0,8,19343,145.4360902255639
grid,1,0.08084950000920799,0.8816413504334419,0.8830409356725146,50,20.0,7,2,log2,0.0001,50,18.18,20,11436,228.72
grid,1,0.07812933300738223,0.8816413504334419,0.8830409356725146,50,20.0,7,5,log2,0.0001,50,18.18,20,11436,228.72
grid,1,0.08202000000164844,0.8816413504334419,0.8830409356725146,50,20.0,7,7,log2,0.0001,50,18.18,20,11436,228.72
grid,1,0.08182487498561386,0.8816413504334419,0.8830409356725146,50,20.0,7,10,log2,0.0001,50,18.18,20,11436,228.72
grid,1,0.09038895800767932,0.8816413504334419,0.8830409356725146,50,20.0,7,2,log2,1e-05,50,18.24,20,12218,244.36
grid,1,0.08253195800352842,0.8816413504334419,0.8830409356725146,50,20.0,7,5,log2,1e-05,50,18.24,20,12218,244.36
grid,1,0.08227912501024548,0.8816413504334419,0.8830409356725146,50,20.0,7,7,log2,1e-05,50,18.24,20,12218,244.36
grid,1,0.0789067079895176,0.8816413504334419,0.8830409356725146,50,20.0,7,10,log2,1e-05,50,18.24,20,12218,244.36
grid,1,0.08237337500031572,0.8816413504334419,0.8830409356725146,50,20.0,7,2,log2,0.0,50,18.26,20,12602,252.04
grid,1,0.08285408299707342,0.8816413504334419,0.8830409356725146,50,20.0,7,5,log2,0.0,50,18.26,20,12602,252.04
grid,1,0.08023691699781921,0.8816413504334419,0.8830409356725146,50,20.0,7,7,log2,0.0,50,18.26,20,12602,252.04
grid,1,0.08324929099762812,0.8816413504334419,0.8830409356725146,50,20.0,7,10,log2,0.0,50,18.26,20,12602,252.04
grid,1,0.6111246250075055,0.8816309186200412,0.8830409356725146,133,16.0,4,10,0.5,0.0001,133,16.0,16,19883,149.49624060150376
grid,1,0.6053839579981286,0.8816309186200412,0.8830409356725146,133,16.0,4,10,0.5,1e-05,133,16.0,16,19925,149.81203007518798
grid,1,0.5962437080015661,0.8816309186200412,0.8830409356725146,133,16.0,4,10,0.5,0.0,133,16.0,16,21067,158.3984962406015
grid,1,0.08876258300733753,0.8816054292864952,0.8830409356725146,50,,7,2,log2,1e-05,50,18.74,24,12294,245.88
grid,1,0.08063966600457206,0.8816054292864952,0.8830409356725146,50,,7,5,log2,1e-05,50,18.74,24,12294,245.88
grid,1,0.08162020800227765,0.8816054292864952,0.8830409356725146,50,,7,7,log2,1e-05,50,18.74,24,12294,245.88
grid,1,0.08052324999880511,0.8816054292864952,0.8830409356725146,50,,7,10,log2,1e-05,50,18.74,24,12294,245.88
grid,1,0.08285220799734816,0.8816054292864952,0.8830409356725146,50,,7,2,log2,0.0,50,18.76,24,12670,253.4
grid,1,0.08369358300114982,0.8816054292864952,0.8830409356725146,50,,7,5,log2,0.0,50,18.76,24,12670,253.4
grid,1,0.08294445899082348,0.8816054292864952,0.8830409356725146,50,,7,7,log2,0.0,50,18.76,24,12670,253.4
grid,1,0.08289920800598338,0.8816054292864952,0.8830409356725146,50,,7,10,log2,0.0,50,18.76,24,12670,253.4
grid,1,0.08061533400905319,0.8815654035058071,0.8830409356725146,50,16.0,4,2,log2,0.0001,50,15.98,16,15338,306.76
grid,1,0.0832209999935003,0.8815654035058071,0.8830409356725146,50,16.0,4,5,log2,0.0001,50,15.98,16,15338,306.76
grid,1,0.08416929199302103,0.8815654035058071,0.8830409356725146,50,16.0,4,7,log2,0.0001,50,15.98,16,15338,306.76
grid,1,0.08236808300716802,0.8815654035058071,0.8830409356725146,50,16.0,4,2,log2,1e-05,50,15.98,16,15784,315.68
grid,1,0.08025704199098982,0.8815654035058071,0.8830409356725146,50,16.0,4,5,log2,1e-05,50,15.98,16,15784,315.68
grid,1,0.08073379199777264,0.8815654035058071,0.8830409356725146,50,16.0,4,7,log2,1e-05,50,15.98,16,15784,315.68
grid,1,0.08365545900596771,0.8815654035058071,0.8830409356725146,50,16.0,4,2,log2,0.0,50,15.98,16,16368,327.36
grid,1,0.08199474999855738,0.8815654035058071,0.8830409356725146,50,16.0,4,5,log2,0.0,50,15.98,16,16368,327.36
grid,1,0.08323200000450015,0.8815654035058071,0.8830409356725146,50,16.0,4,7,log2,0.0,50,15.98,16,16368,327.36
grid,1,0.20444087499345187,0.8814153149302019,0.8830409356725146,133,12.0,1,10,sqrt,0.001,133,12.0,12,23727,178.3984962406015
grid,1,0.2532649170025252,0.8813041805548097,0.884990253411306,50,20.0,7,2,0.5,0.001,50,19.78,20,6126,122.52
grid,1,0.25315566700010095,0.8813041805548097,0.884990253411306,50,20.0,7,5,0.5,0.001,50,19.78,20,6126,122.52
grid,1,0.2513371250097407,0.8813041805548097,0.884990253411306,50,20.0,7,7,0.5,0.001,50,19.78,20,6126,122.52
grid,1,0.2574585830006981,0.8813041805548097,0.884990253411306,50,20.0,7,10,0.5,0.001,50,19.78,20,6126,122.52
grid,1,0.09116679200087674,0.8812993697444044,0.8830409356725146,50,12.0,1,7,log2,0.001,50,12.0,12,10502,210.04
grid,1,0.29127058300946373,0.8810295287313289,0.8830409356725146,217,8.0,1,2,log2,0.0001,217,8.0,8,38661,178.16129032258064
grid,1,0.2854884999978822,0.8810295287313289,0.8830409356725146,217,8.0,1,2,log2,1e-05,217,8.0,8,38767,178.64976958525347
grid,1,0.30776525000692345,0.8810295287313289,0.8830409356725146,217,8.0,1,2,log2,0.0,217,8.0,8,40207,185.28571428571428
grid,1,0.17735529200581368,0.8809891142428211,0.8830409356725146,133,16.0,4,2,log2,0.001,133,15.894736842105264,16,29843,224.38345864661653
grid,1,0.17821237500174902,0.8809891142428211,0.8830409356725146,133,16.0,4,5,log2,0.001,133,15.894736842105264,16,29843,224.38345864661653
grid,1,0.18590887500613462,0.8809891142428211,0.8830409356725146,133,16.0,4,7,log2,0.001,133,15.894736842105264,16,29843,224.38345864661653
grid,1,0.2492601249978179,0.8808928169972275,0.8810916179337231,50,16.0,1,10,0.5,0.001,50,16.0,16,6786,135.72
grid,1,0.2092355420027161,0.8808457204386175,0.8830409356725146,133,20.0,4,2,log2,0.001,133,18.203007518796994,20,31435,236.35338345864662
grid,1,0.17795958399074152,0.8808457204386175,0.8830409356725146,133,20.0,4,5,log2,0.001,133,18.203007518796994,20,31435,236.35338345864662
grid,1,0.1717935420019785,0.8808457204386175,0.8830409356725146,133,20.0,4,7,log2,0.001,133,18.203007518796994,20,31435,236.35338345864662
grid,1,0.09405312499438878,0.8808423499495148,0.8830409356725146,50,20.0,7,2,sqrt,0.001,50,18.24,20,8238,164.76
grid,1,0.09140654200746212,0.8808423499495148,0.8830409356725146,50,20.0,7,5,sqrt,0.001,50,18.24,20,8238,164.76
grid,1,0.09710541700769681,0.8808423499495148,0.8830409356725146,50,20.0,7,7,sqrt,0.001,50,18.24,20,8238,164.76
grid,1,0.09849670800031163,0.8808423499495148,0.8830409356725146,50,20.0,7,10,sqrt,0.001,50,18.24,20,8238,164.76
grid,1,0.2292942500062054,0.8808190606456597,0.8810916179337231,50,12.0,1,5,0.5,1e-05,50,12.0,12,7042,140.84
grid,1,0.2416495829966152,0.8808190606456597,0.8810916179337231,50,12.0,1,5,0.5,0.0001,50,12.0,12,7042,140.84
grid,1,0.2417092919931747,0.8808190606456597,0.8810916179337231,50,12.0,1,5,0.5,0.0,50,12.0,12,7412,148.24
grid,1,0.0964724590012338,0.8807086464132656,0.8830409356725146,50,16.0,10,2,sqrt,0.0001,50,15.72,16,8266,165.32
grid,1,0.09600054199108854,0.8807086464132656,0.8830409356725146,50,16.0,10,5,sqrt,0.0001,50,15.72,16,8266,165.32
grid,1,0.09582245899946429,0.8807086464132656,0.8830409356725146,50,16.0,10,7,sqrt,0.0001,50,15.72,16,8266,165.32
grid,1,0.09693929199420381,0.8807086464132656,0.8830409356725146,50,16.0,10,10,sqrt,0.0001,50,15.72,16,8266,165.32
grid,1,0.09550258399394806,0.8806472009115728,0.8830409356725146,50,12.0,7,2,sqrt,0.001,50,12.0,12,6500,130.0
grid,1,0.12634458299726248,0.8806472009115728,0.8830409356725146,50,12.0,7,5,sqrt,0.001,50,12.0,12,6500,130.0
grid,1,0.09145345800789073,0.8806472009115728,0.8830409356725146,50,12.0,7,7,sqrt,0.001,50,12.0,12,6500,130.0
grid,1,0.09493687500071246,0.8806472009115728,0.8830409356725146,50,12.0,7,10,sqrt,0.001,50,12.0,12,6500,130.0
grid,1,0.20135387500340585,0.880639915625416,0.8830409356725146,133,12.0,1,10,log2,0.001,133,12.0,12,26839,201.796992481203
grid,1,0.09628416600753553,0.8805898800485374,0.8830409356725146,50,20.0,10,2,sqrt,1e-05,50,17.62,20,9316,186.32
grid,1,0.09348783300083596,0.8805898800485374,0.8830409356725146,50,20.0,10,5,sqrt,1e-05,50,17.62,20,9316,186.32
grid,1,0.09437937499023974,0.8805898800485374,0.8830409356725146,50,20.0,10,7,sqrt,1e-05,50,17.62,20,9316,186.32
grid,1,0.09726783299993258,0.8805898800485374,0.8830409356725146,50,20.0,10,10,sqrt,1e-05,50,17.62,20,9316,186.32
grid,1,0.09444916699430905,0.8805898800485374,0.8830409356725146,50,20.0,10,2,sqrt,0.0,50,17.66,20,9700,194.0
grid,1,0.09435900000971742,0.8805898800485374,0.8830409356725146,50,20.0,10,5,sqrt,0.0,50,17.66,20,9700,194.0
grid,1,0.09210912500566337,0.8805898800485374,0.8830409356725146,50,20.0,10,7,sqrt,0.0,50,17.66,20,9700,194.0
grid,1,0.09762191699701361,0.8805898800485374,0.8830409356725146,50,20.0,10,10,sqrt,0.0,50,17.66,20,9700,194.0
grid,1,0.08889995799108874,0.8805314587880702,0.8830409356725146,50,,10,2,sqrt,0.0001,50,17.88,27,8664,173.28
grid,1,0.10776949999853969,0.8805314587880702,0.8830409356725146,50,,10,5,sqrt,0.0001,50,17.88,27,8664,173.28
grid,1,0.0958020830003079,0.8805314587880702,0.8830409356725146,50,,10,7,sqrt,0.0001,50,17.88,27,8664,173.28
grid,1,0.09618620800029021,0.8805314587880702,0.8830409356725146,50,,10,10,sqrt,0.0001,50,17.88,27,8664,173.28
grid,1,0.10007362499891315,0.8804997404371971,0.8830409356725146,50,16.0,7,2,sqrt,1e-05,50,15.92,16,10632,212.64
grid,1,0.11409804198774509,0.8804997404371971,0.8830409356725146,50,16.0,7,5,sqrt,1e-05,50,15.92,16,10632,212.64
grid,1,0.09598800000094343,0.8804997404371971,0.8830409356725146,50,16.0,7,7,sqrt,1e-05,50,15.92,16,10632,212.64
grid,1,0.09739208400424104,0.8804997404371971,0.8830409356725146,50,16.0,7,10,sqrt,1e-05,50,15.92,16,10632,212.64
grid,1,0.09610316700127441,0.8804997404371971,0.8830409356725146,50,16.0,7,2,sqrt,0.0,50,15.92,16,11090,221.8
grid,1,0.0952822079998441,0.8804997404371971,0.8830409356725146,50,16.0,7,5,sqrt,0.0,50,15.92,16,11090,221.8
grid,1,0.09222262499679346,0.8804997404371971,0.8830409356725146,50,16.0,7,7,sqrt,0.0,50,15.92,16,11090,221.8
grid,1,0.09748916600074153,0.8804997404371971,0.8830409356725146,50,16.0,7,10,sqrt,0.0,50,15.92,16,11090,221.8
grid,1,0.28881958400597796,0.8804985098110154,0.8830409356725146,217,16.0,7,2,log2,0.0001,217,15.824884792626728,16,47745,220.02304147465438
grid,1,0.29791675000160467,0.8804985098110154,0.8830409356725146,217,16.0,7,5,log2,0.0001,217,15.824884792626728,16,47745,220.02304147465438
grid,1,0.29490870800509583,0.8804985098110154,0.8830409356725146,217,16.0,7,7,log2,0.0001,217,15.824884792626728,16,47745,220.02304147465438
grid,1,0.29535245800798293,0.8804985098110154,0.8830409356725146,217,16.0,7,10,log2,0.0001,217,15.824884792626728,16,47745,220.02304147465438
grid,1,0.2932793749932898,0.8804985098110154,0.8830409356725146,217,16.0,7,2,log2,1e-05,217,15.838709677419354,16,51053,235.26728110599078
grid,1,0.3237737089948496,0.8804985098110154,0.8830409356725146,217,16.0,7,5,log2,1e-05,217,15.838709677419354,16,51053,235.26728110599078
grid,1,0.29536229200311936,0.8804985098110154,0.8830409356725146,217,16.0,7,7,log2,1e-05,217,15.838709677419354,16,51053,235.26728110599078
grid,1,0.2961973749916069,0.8804985098110154,0.8830409356725146,217,16.0,7,10,log2,1e-05,217,15.838709677419354,16,51053,235.26728110599078
grid,1,0.286747167003341,0.8804985098110154,0.8830409356725146,217,16.0,7,2,log2,0.0,217,15.84331797235023,16,52685,242.78801843317973
grid,1,0.28023320899228565,0.8804985098110154,0.8830409356725146,217,16.0,7,5,log2,0.0,217,15.84331797235023,16,52685,242.78801843317973
grid,1,0.2867727920092875,0.8804985098110154,0.8830409356725146,217,16.0,7,7,log2,0.0,217,15.84331797235023,16,52685,242.78801843317973
grid,1,0.28694487499888055,0.8804985098110154,0.8830409356725146,217,16.0,7,10,log2,0.0,217,15.84331797235023,16,52685,242.78801843317973
grid,1,0.30977170799451414,0.8804796213856155,0.8830409356725146,217,8.0,1,2,sqrt,0.001,217,8.0,8,25113,115.72811059907833
grid,1,0.20314754199353047,0.8803142985053606,0.8830409356725146,133,16.0,7,2,sqrt,0.001,133,15.834586466165414,16,20909,157.21052631578948
grid,1,0.20023233300889842,0.8803142985053606,0.8830409356725146,133,16.0,7,5,sqrt,0.001,133,15.834586466165414,16,20909,157.21052631578948
grid,1,0.20464224999886937,0.8803142985053606,0.8830409356725146,133,16.0,7,7,sqrt,0.001,133,15.834586466165414,16,20909,157.21052631578948
grid,1,0.20113699999637902,0.8803142985053606,0.8830409356725146,133,16.0,7,10,sqrt,0.001,133,15.834586466165414,16,20909,157.21052631578948
grid,1,0.30643645901000127,0.8801942910001581,0.8810916179337231,217,8.0,1,5,sqrt,0.0001,217,8.0,8,28773,132.59447004608296
grid,1,0.31382845899497624,0.8801942910001581,0.8810916179337231,217,8.0,1,5,sqrt,1e-05,217,8.0,8,28823,132.82488479262673
grid,1,0.3046187080035452,0.8801942910001581,0.8810916179337231,217,8.0,1,5,sqrt,0.0,217,8.0,8,29641,136.59447004608296
grid,1,0.09429329200065695,0.8798732640533818,0.8810916179337231,50,8.0,1,7,sqrt,0.0001,50,8.0,8,6000,120.0
grid,1,0.09319224998762365,0.8798732640533818,0.8810916179337231,50,8.0,1,7,sqrt,1e-05,50,8.0,8,6018,120.36
grid,1,0.09258908301126212,0.8798732640533818,0.8810916179337231,50,8.0,1,7,sqrt,0.0,50,8.0,8,6166,123.32
grid,1,0.07949474999622907,0.8797370749980524,0.8810916179337231,50,20.0,4,2,log2,1e-05,50,18.96,20,17102,342.04
grid,1,0.08173945799353532,0.8797370749980524,0.8810916179337231,50,20.0,4,5,log2,1e-05,50,18.96,20,17102,342.04
grid,1,0.08158308299607597,0.8797370749980524,0.8810916179337231,50,20.0,4,7,log2,1e-05,50,18.96,20,17102,342.04
grid,1,0.0813498749921564,0.8797370749980524,0.8810916179337231,50,20.0,4,2,log2,0.0,50,19.0,20,17734,354.68
grid,1,0.08358520800538827,0.8797370749980524,0.8810916179337231,50,20.0,4,5,log2,0.0,50,19.0,20,17734,354.68
grid,1,0.0831505000096513,0.8797370749980524,0.8810916179337231,50,20.0,4,7,log2,0.0,50,19.0,20,17734,354.68
grid,1,0.2532970419997582,0.8795543115987701,0.8830409356725146,50,,7,2,0.5,0.001,50,22.86,29,6542,130.84
grid,1,0.25202204199740663,0.8795543115987701,0.8830409356725146,50,,7,5,0.5,0.001,50,22.86,29,6542,130.84
grid,1,0.2690114589931909,0.8795543115987701,0.8830409356725146,50,,7,7,0.5,0.001,50,22.86,29,6542,130.84
grid,1,0.25698962500609923,0.8795543115987701,0.8830409356725146,50,,7,10,0.5,0.001,50,22.86,29,6542,130.84
grid,1,0.17604299999948125,0.8794731412361955,0.8810916179337231,133,12.0,4,2,log2,0.0001,133,12.0,12,32627,245.31578947368422
grid,1,0.17309504200238734,0.8794731412361955,0.8810916179337231,133,12.0,4,5,log2,0.0001,133,12.0,12,32627,245.31578947368422
grid,1,0.17553758301073685,0.8794731412361955,0.8810916179337231,133,12.0,4,7,log2,0.0001,133,12.0,12,32627,245.31578947368422
grid,1,0.17939525000110734,0.8794731412361955,0.8810916179337231,133,12.0,4,2,log2,1e-05,133,12.0,12,33511,251.9624060150376
grid,1,0.17517929199675564,0.8794731412361955,0.8810916179337231,133,12.0,4,5,log2,1e-05,133,12.0,12,33511,251.9624060150376
grid,1,0.17351329200027976,0.8794731412361955,0.8810916179337231,133,12.0,4,7,log2,1e-05,133,12.0,12,33511,251.9624060150376
grid,1,0.1741425420041196,0.8794731412361955,0.8810916179337231,133,12.0,4,2,log2,0.0,133,12.0,12,34575,259.9624060150376
grid,1,0.18136995899840258,0.8794731412361955,0.8810916179337231,133,12.0,4,5,log2,0.0,133,12.0,12,34575,259.9624060150376
grid,1,0.19471237499965355,0.8794731412361955,0.8810916179337231,133,12.0,4,7,log2,0.0,133,12.0,12,34575,259.9624060150376
grid,1,0.6031795000017155,0.8793391986973333,0.8810916179337231,133,16.0,4,10,0.5,0.001,133,16.0,16,15745,118.38345864661655
grid,1,0.09141016700596083,0.879262771052734,0.8810916179337231,50,16.0,4,2,log2,0.001,50,15.92,16,11026,220.52
grid,1,0.09248145899618976,0.879262771052734,0.8810916179337231,50,16.0,4,5,log2,0.001,50,15.92,16,11026,220.52
grid,1,0.08097562499460764,0.879262771052734,0.8810916179337231,50,16.0,4,7,log2,0.001,50,15.92,16,11026,220.52
grid,1,0.08090537499811035,0.8792385466606691,0.8810916179337231,50,,10,2,log2,0.0001,50,16.9,24,9220,184.4
grid,1,0.08198137499857694,0.8792385466606691,0.8810916179337231,50,,10,5,log2,0.0001,50,16.9,24,9220,184.4
grid,1,0.08081862500694115,0.8792385466606691,0.8810916179337231,50,,10,7,log2,0.0001,50,16.9,24,9220,184.4
grid,1,0.0814857499935897,0.8792385466606691,0.8810916179337231,50,,10,10,log2,0.0001,50,16.9,24,9220,184.4
grid,1,0.07628041699354071,0.8792385466606691,0.8810916179337231,50,,10,2,log2,1e-05,50,17.0,24,9842,196.84
grid,1,0.08156774999224581,0.8792385466606691,0.8810916179337231,50,,10,5,log2,1e-05,50,17.0,24,9842,196.84
grid,1,0.08180591599375475,0.8792385466606691,0.8810916179337231,50,,10,7,log2,1e-05,50,17.0,24,9842,196.84
grid,1,0.08166954200714827,0.8792385466606691,0.8810916179337231,50,,10,10,log2,1e-05,50,17.0,24,9842,196.84
grid,1,0.08053570799529552,0.8792385466606691,0.8810916179337231,50,,10,2,log2,0.0,50,17.04,24,10108,202.16
grid,1,0.0825383749906905,0.8792385466606691,0.8810916179337231,50,,10,5,log2,0.0,50,17.04,24,10108,202.16
grid,1,0.07717670800047927,0.8792385466606691,0.8810916179337231,50,,10,7,log2,0.0,50,17.04,24,10108,202.16
grid,1,0.09216833299433347,0.8792385466606691,0.8810916179337231,50,,10,10,log2,0.0,50,17.04,24,10108,202.16
grid,1,0.09223137500521261,0.8790853488820034,0.8810916179337231,50,12.0,1,10,log2,0.001,50,12.0,12,9786,195.72
grid,1,0.20424762499169447,0.8789115478254814,0.8810916179337231,133,,10,2,sqrt,0.0001,133,17.917293233082706,27,23161,174.14285714285714
grid,1,0.20691741599875968,0.8789115478254814,0.8810916179337231,133,,10,5,sqrt,0.0001,133,17.917293233082706,27,23161,174.14285714285714
grid,1,0.20224650000454858,0.8789115478254814,0.8810916179337231,133,,10,7,sqrt,0.0001,133,17.917293233082706,27,23161,174.14285714285714
grid,1,0.2059134580049431,0.8789115478254814,0.8810916179337231,133,,10,10,sqrt,0.0001,133,17.917293233082706,27,23161,174.14285714285714
grid,1,0.20280979199742433,0.8789115478254814,0.8810916179337231,133,,10,2,sqrt,1e-05,133,17.962406015037594,27,24835,186.72932330827066
grid,1,0.21039058300084434,0.8789115478254814,0.8810916179337231,133,,10,5,sqrt,1e-05,133,17.962406015037594,27,24835,186.72932330827066
grid,1,0.20301933299924713,0.8789115478254814,0.8810916179337231,133,,10,7,sqrt,1e-05,133,17.962406015037594,27,24835,186.72932330827066
grid,1,0.2155390000116313,0.8789115478254814,0.8810916179337231,133,,10,10,sqrt,1e-05,133,17.962406015037594,27,24835,186.72932330827066
grid,1,0.20400650000374299,0.8789115478254814,0.8810916179337231,133,,10,2,sqrt,0.0,133,18.0,27,25769,193.75187969924812
grid,1,0.19600724999327213,0.8789115478254814,0.8810916179337231,133,,10,5,sqrt,0.0,133,18.0,27,25769,193.75187969924812
grid,1,0.20263083299505524,0.8789115478254814,0.8810916179337231,133,,10,7,sqrt,0.0,133,18.0,27,25769,193.75187969924812
grid,1,0.20204449999437202,0.8789115478254814,0.8810916179337231,133,,10,10,sqrt,0.0,133,18.0,27,25769,193.75187969924812
grid,1,0.1766230000066571,0.8788932926399279,0.8810916179337231,133,8.0,4,2,log2,0.001,133,8.0,8,13823,103.93233082706767
grid,1,0.17716741599724628,0.8788932926399279,0.8810916179337231,133,8.0,4,5,log2,0.001,133,8.0,8,13823,103.93233082706767
grid,1,0.1760202500008745,0.8788932926399279,0.8810916179337231,133,8.0,4,7,log2,0.001,133,8.0,8,13823,103.93233082706767
grid,1,0.09234699999797158,0.8788645324801679,0.8810916179337231,50,8.0,1,7,sqrt,0.001,50,8.0,8,5220,104.4
grid,1,0.19142020800791215,0.8788572773432792,0.8810916179337231,133,8.0,4,10,sqrt,0.0001,133,8.0,8,14819,111.42105263157895
grid,1,0.19091666699387133,0.8788572773432792,0.8810916179337231,133,8.0,4,10,sqrt,1e-05,133,8.0,8,14939,112.32330827067669
grid,1,0.1898534590000054,0.8788572773432792,0.8810916179337231,133,8.0,4,10,sqrt,0.0,133,8.0,8,15405,115.82706766917293
grid,1,0.19285066600423306,0.8787554422142762,0.8810916179337231,133,,4,2,log2,0.001,133,18.76691729323308,25,31675,238.1578947368421
grid,1,0.19474354198609944,0.8787554422142762,0.8810916179337231,133,,4,5,log2,0.001,133,18.76691729323308,25,31675,238.1578947368421
grid,1,0.19026229200244416,0.8787554422142762,0.8810916179337231,133,,4,7,log2,0.001,133,18.76691729323308,25,31675,238.1578947368421
grid,1,0.30856229200435337,0.878685109792066,0.8810916179337231,217,12.0,4,10,log2,0.0001,217,12.0,12,49029,225.94009216589862
grid,1,0.29422908400010783,0.878685109792066,0.8810916179337231,217,12.0,4,10,log2,1e-05,217,12.0,12,50027,230.53917050691246
grid,1,0.2845451660105027,0.878685109792066,0.8810916179337231,217,12.0,4,10,log2,0.0,217,12.0,12,51669,238.10599078341014
grid,1,0.09595208399696276,0.8786290957348118,0.8810916179337231,50,20.0,10,2,sqrt,0.0001,50,17.56,20,8630,172.6
grid,1,0.09653908299515024,0.8786290957348118,0.8810916179337231,50,20.0,10,5,sqrt,0.0001,50,17.56,20,8630,172.6
grid,1,0.09329695798805915,0.8786290957348118,0.8810916179337231,50,20.0,10,7,sqrt,0.0001,50,17.56,20,8630,172.6
grid,1,0.09494620800251141,0.8786290957348118,0.8810916179337231,50,20.0,10,10,sqrt,0.0001,50,17.56,20,8630,172.6
grid,1,0.9366769999905955,0.8784734234819839,0.8810916179337231,217,16.0,7,2,0.5,0.0001,217,16.0,16,28099,129.4884792626728
grid,1,0.9469346660043811,0.8784734234819839,0.8810916179337231,217,16.0,7,5,0.5,0.0001,217,16.0,16,28099,129.4884792626728
grid,1,0.9524290829867823,0.8784734234819839,0.8810916179337231,217,16.0,7,7,0.5,0.0001,217,16.0,16,28099,129.4884792626728
grid,1,0.950273249996826,0.8784734234819839,0.8810916179337231,217,16.0,7,10,0.5,0.0001,217,16.0,16,28099,129.4884792626728
grid,1,0.9327237910038093,0.8784734234819839,0.8810916179337231,217,16.0,7,2,0.5,1e-05,217,16.0,16,29771,137.19354838709677
grid,1,0.9439185410010396,0.8784734234819839,0.8810916179337231,217,16.0,7,5,0.5,1e-05,217,16.0,16,29771,137.19354838709677
grid,1,0.9403064579964848,0.8784734234819839,0.8810916179337231,217,16.0,7,7,0.5,1e-05,217,16.0,16,29771,137.19354838709677
grid,1,0.9485940000013215,0.8784734234819839,0.8810916179337231,217,16.0,7,10,0.5,1e-05,217,16.0,16,29771,137.19354838709677
grid,1,0.947202457988169,0.8784734234819839,0.8810916179337231,217,16.0,7,2,0.5,0.0,217,16.0,16,31799,146.53917050691246
grid,1,0.9375077090080595,0.8784734234819839,0.8810916179337231,217,16.0,7,5,0.5,0.0,217,16.0,16,31799,146.53917050691246
grid,1,0.9405930409993744,0.8784734234819839,0.8810916179337231,217,16.0,7,7,0.5,0.0,217,16.0,16,31799,146.53917050691246
grid,1,0.946385041999747,0.8784734234819839,0.8810916179337231,217,16.0,7,10,0.5,0.0,217,16.0,16,31799,146.53917050691246
grid,1,0.5674136250017909,0.8784284542280812,0.8810916179337231,133,12.0,1,2,0.5,0.0001,133,12.0,12,22327,167.87218045112783
grid,1,0.5860876670049038,0.8784284542280812,0.8810916179337231,133,12.0,1,2,0.5,1e-05,133,12.0,12,22329,167.88721804511277
grid,1,0.5668909160012845,0.8784284542280812,0.8810916179337231,133,12.0,1,2,0.5,0.0,133,12.0,12,23797,178.9248120300752
grid,1,0.25963749999937136,0.8784104131447703,0.8810916179337231,50,20.0,4,10,0.5,0.001,50,20.0,20,7140,142.8
grid,1,0.2532082499965327,0.8783806130713777,0.8810916179337231,50,12.0,1,7,0.5,1e-05,50,12.0,12,6578,131.56
grid,1,0.2902197079965845,0.8783806130713777,0.8810916179337231,50,12.0,1,7,0.5,0.0001,50,12.0,12,6578,131.56
grid,1,0.24974495801143348,0.8783806130713777,0.8810916179337231,50,12.0,1,7,0.5,0.0,50,12.0,12,6916,138.32
grid,1,0.3002884590096073,0.8783648111828118,0.8810916179337231,217,12.0,4,2,log2,0.001,217,12.0,12,39105,180.2073732718894
grid,1,0.29464216699125245,0.8783648111828118,0.8810916179337231,217,12.0,4,5,log2,0.001,217,12.0,12,39105,180.2073732718894
grid,1,0.3001128749892814,0.8783648111828118,0.8810916179337231,217,12.0,4,7,log2,0.001,217,12.0,12,39105,180.2073732718894
grid,1,0.3310107919969596,0.8783329125554429,0.8810916179337231,217,16.0,10,2,sqrt,0.001,217,15.612903225806452,16,28999,133.63594470046084
grid,1,0.33288920899212826,0.8783329125554429,0.8810916179337231,217,16.0,10,5,sqrt,0.001,217,15.612903225806452,16,28999,133.63594470046084
grid,1,0.32224941698950715,0.8783329125554429,0.8810916179337231,217,16.0,10,7,sqrt,0.001,217,15.612903225806452,16,28999,133.63594470046084
grid,1,0.09667379199527204,0.8782508856133252,0.8810916179337231,50,16.0,7,2,sqrt,0.0001,50,15.92,16,9894,197.88
grid,1,0.09594066700083204,0.8782508856133252,0.8810916179337231,50,16.0,7,5,sqrt,0.0001,50,15.92,16,9894,197.88
grid,1,0.09513679100200534,0.8782508856133252,0.8810916179337231,50,16.0,7,7,sqrt,0.0001,50,15.92,16,9894,197.88
grid,1,0.09378179200575687,0.8782508856133252,0.8810916179337231,50,16.0,7,10,sqrt,0.0001,50,15.92,16,9894,197.88
grid,1,0.26570874999742955,0.8781784518128649,0.8810916179337231,50,,4,10,0.5,0.001,50,25.38,30,7908,158.16
grid,1,0.09606454099412076,0.8781655065855826,0.8810916179337231,50,16.0,7,2,sqrt,0.001,50,15.9,16,7848,156.96
grid,1,0.09302720800042152,0.8781655065855826,0.8810916179337231,50,16.0,7,5,sqrt,0.001,50,15.9,16,7848,156.96
grid,1,0.09472508299222682,0.8781655065855826,0.8810916179337231,50,16.0,7,7,sqrt,0.001,50,15.9,16,7848,156.96
grid,1,0.0914548750006361,0.8781655065855826,0.8810916179337231,50,16.0,7,10,sqrt,0.001,50,15.9,16,7848,156.96
grid,1,0.09368420799728483,0.878021582807739,0.8810916179337231,50,16.0,10,2,sqrt,0.001,50,15.58,16,6566,131.32
grid,1,0.09502362500643358,0.878021582807739,0.8810916179337231,50,16.0,10,5,sqrt,0.001,50,15.58,16,6566,131.32
grid,1,0.09575808299996424,0.878021582807739,0.8810916179337231,50,16.0,10,7,sqrt,0.001,50,15.58,16,6566,131.32
grid,1,0.09688833300606348,0.878021582807739,0.8810916179337231,50,16.0,10,10,sqrt,0.001,50,15.58,16,6566,131.32
grid,1,0.09529841599578504,0.8779887568933676,0.8810916179337231,50,20.0,10,2,sqrt,0.001,50,17.22,20,6868,137.36
grid,1,0.09753574999922421,0.8779887568933676,0.8810916179337231,50,20.0,10,5,sqrt,0.001,50,17.22,20,6868,137.36
grid,1,0.09577170800184831,0.8779887568933676,0.8810916179337231,50,20.0,10,7,sqrt,0.001,50,17.22,20,6868,137.36
grid,1,0.09559700000681914,0.8779887568933676,0.8810916179337231,50,20.0,10,10,sqrt,0.001,50,17.22,20,6868,137.36
grid,1,0.2771145000006072,0.8778527500951587,0.8791423001949318,217,8.0,1,5,log2,0.0001,217,8.0,8,32723,150.79723502304148
grid,1,0.2807739580021007,0.8778527500951587,0.8791423001949318,217,8.0,1,5,log2,1e-05,217,8.0,8,32879,151.51612903225808
grid,1,0.2903293329873122,0.8778527500951587,0.8791423001949318,217,8.0,1,5,log2,0.0,217,8.0,8,33677,155.19354838709677
grid,1,0.0789194579992909,0.8777522862571027,0.8791423001949318,50,,7,2,log2,0.001,50,17.76,24,8812,176.24
grid,1,0.0811661249899771,0.8777522862571027,0.8791423001949318,50,,7,5,log2,0.001,50,17.76,24,8812,176.24
grid,1,0.0848132910032291,0.8777522862571027,0.8791423001949318,50,,7,7,log2,0.001,50,17.76,24,8812,176.24
grid,1,0.08131829100602772,0.8777522862571027,0.8791423001949318,50,,7,10,log2,0.001,50,17.76,24,8812,176.24
grid,1,0.31324616698839236,0.877691450856274,0.8791423001949318,217,8.0,1,5,sqrt,0.001,217,8.0,8,24091,111.0184331797235
grid,1,0.9243992499978049,0.877672523417552,0.8791423001949318,217,12.0,1,2,0.5,0.0001,217,12.0,12,36553,168.44700460829492
grid,1,0.9245346669922583,0.877672523417552,0.8791423001949318,217,12.0,1,2,0.5,1e-05,217,12.0,12,36557,168.46543778801842
grid,1,0.912210166992736,0.877672523417552,0.8791423001949318,217,12.0,1,2,0.5,0.0,217,12.0,12,39085,180.1152073732719
grid,1,0.18361708300653845,0.877525821045261,0.8791423001949318,133,20.0,10,2,log2,0.001,133,16.383458646616543,20,19285,145.0
grid,1,0.1800485830026446,0.877525821045261,0.8791423001949318,133,20.0,10,5,log2,0.001,133,16.383458646616543,20,19285,145.0
grid,1,0.18313054199097678,0.877525821045261,0.8791423001949318,133,20.0,10,7,log2,0.001,133,16.383458646616543,20,19285,145.0
grid,1,0.17549641701043583,0.877525821045261,0.8791423001949318,133,20.0,10,10,log2,0.001,133,16.383458646616543,20,19285,145.0
grid,1,0.18409629199595656,0.877525821045261,0.8791423001949318,133,,10,2,log2,0.001,133,16.51127819548872,25,19339,145.406015037594
grid,1,0.18739633400400635,0.877525821045261,0.8791423001949318,133,,10,5,log2,0.001,133,16.51127819548872,25,19339,145.406015037594
grid,1,0.18525437499920372,0.877525821045261,0.8791423001949318,133,,10,7,log2,0.001,133,16.51127819548872,25,19339,145.406015037594
grid,1,0.189633917005267,0.877525821045261,0.8791423001949318,133,,10,10,log2,0.001,133,16.51127819548872,25,19339,145.406015037594
grid,1,0.08132216699596029,0.8773290248345357,0.8791423001949318,50,16.0,7,2,log2,0.0001,50,15.68,16,10880,217.6
grid,1,0.09719783399486914,0.8773290248345357,0.8791423001949318,50,16.0,7,5,log2,0.0001,50,15.68,16,10880,217.6
grid,1,0.09189120800874662,0.8773290248345357,0.8791423001949318,50,16.0,7,7,log2,0.0001,50,15.68,16,10880,217.6
grid,1,0.08373854198725894,0.8773290248345357,0.8791423001949318,50,16.0,7,10,log2,0.0001,50,15.68,16,10880,217.6
grid,1,0.07926629099529237,0.8773290248345357,0.8791423001949318,50,16.0,7,2,log2,1e-05,50,15.7,16,11628,232.56
grid,1,0.08366795799520332,0.8773290248345357,0.8791423001949318,50,16.0,7,5,log2,1e-05,50,15.7,16,11628,232.56
grid,1,0.0832729579997249,0.8773290248345357,0.8791423001949318,50,16.0,7,7,log2,1e-05,50,15.7,16,11628,232.56
grid,1,0.08399158300017007,0.8773290248345357,0.8791423001949318,50,16.0,7,10,log2,1e-05,50,15.7,16,11628,232.56
grid,1,0.07982499999343418,0.8773290248345357,0.8791423001949318,50,16.0,7,2,log2,0.0,50,15.72,16,11994,239.88
grid,1,0.0793592499976512,0.8773290248345357,0.8791423001949318,50,16.0,7,5,log2,0.0,50,15.72,16,11994,239.88
grid,1,0.08048804099962581,0.8773290248345357,0.8791423001949318,50,16.0,7,7,log2,0.0,50,15.72,16,11994,239.88
grid,1,0.08021987500251271,0.8773290248345357,0.8791423001949318,50,16.0,7,10,log2,0.0,50,15.72,16,11994,239.88
grid,1,0.19902174999879207,0.8772665060401804,0.8791423001949318,133,8.0,1,2,sqrt,0.001,133,8.0,8,15309,115.10526315789474
grid,1,0.20215891698899213,0.877261642887845,0.8791423001949318,133,16.0,10,2,sqrt,0.0001,133,15.774436090225564,16,22213,167.01503759398497
grid,1,0.20237933300086297,0.877261642887845,0.8791423001949318,133,16.0,10,5,sqrt,0.0001,133,15.774436090225564,16,22213,167.01503759398497
grid,1,0.20150262500101235,0.877261642887845,0.8791423001949318,133,16.0,10,7,sqrt,0.0001,133,15.774436090225564,16,22213,167.01503759398497
grid,1,0.19991712500632275,0.877261642887845,0.8791423001949318,133,16.0,10,10,sqrt,0.0001,133,15.774436090225564,16,22213,167.01503759398497
grid,1,0.19815362500958145,0.877261642887845,0.8791423001949318,133,16.0,10,2,sqrt,1e-05,133,15.781954887218046,16,23783,178.81954887218046
grid,1,0.19911654099996667,0.877261642887845,0.8791423001949318,133,16.0,10,5,sqrt,1e-05,133,15.781954887218046,16,23783,178.81954887218046
grid,1,0.20273708300373983,0.877261642887845,0.8791423001949318,133,16.0,10,7,sqrt,1e-05,133,15.781954887218046,16,23783,178.81954887218046
grid,1,0.20677920900925528,0.877261642887845,0.8791423001949318,133,16.0,10,10,sqrt,1e-05,133,15.781954887218046,16,23783,178.81954887218046
grid,1,0.19990670899278484,0.877261642887845,0.8791423001949318,133,16.0,10,2,sqrt,0.0,133,15.789473684210526,16,24705,185.75187969924812
grid,1,0.20449479199305642,0.877261642887845,0.8791423001949318,133,16.0,10,5,sqrt,0.0,133,15.789473684210526,16,24705,185.75187969924812
grid,1,0.20042887500312645,0.877261642887845,0.8791423001949318,133,16.0,10,7,sqrt,0.0,133,15.789473684210526,16,24705,185.75187969924812
grid,1,0.1957083750021411,0.877261642887845,0.8791423001949318,133,16.0,10,10,sqrt,0.0,133,15.789473684210526,16,24705,185.75187969924812
grid,1,0.21550729199952912,0.8772449571062589,0.8791423001949318,133,20.0,10,2,sqrt,0.0001,133,17.646616541353385,20,23087,173.58646616541353
grid,1,0.20564595800533425,0.8772449571062589,0.8791423001949318,133,20.0,10,5,sqrt,0.0001,133,17.646616541353385,20,23087,173.58646616541353
grid,1,0.19888137499219738,0.8772449571062589,0.8791423001949318,133,20.0,10,7,sqrt,0.0001,133,17.646616541353385,20,23087,173.58646616541353
grid,1,0.22897250000096392,0.8772449571062589,0.8791423001949318,133,20.0,10,10,sqrt,0.0001,133,17.646616541353385,20,23087,173.58646616541353
grid,1,0.2141805419960292,0.8772449571062589,0.8791423001949318,133,20.0,10,2,sqrt,1e-05,133,17.67669172932331,20,24753,186.11278195488723
grid,1,0.20539391700003762,0.8772449571062589,0.8791423001949318,133,20.0,10,5,sqrt,1e-05,133,17.67669172932331,20,24753,186.11278195488723
grid,1,0.2071056669956306,0.8772449571062589,0.8791423001949318,133,20.0,10,7,sqrt,1e-05,133,17.67669172932331,20,24753,186.11278195488723
grid,1,0.20553979100077413,0.8772449571062589,0.8791423001949318,133,20.0,10,10,sqrt,1e-05,133,17.67669172932331,20,24753,186.11278195488723
grid,1,0.2024697919987375,0.8772449571062589,0.8791423001949318,133,20.0,10,2,sqrt,0.0,133,17.69924812030075,20,25689,193.15037593984962
grid,1,0.19895841598918196,0.8772449571062589,0.8791423001949318,133,20.0,10,5,sqrt,0.0,133,17.69924812030075,20,25689,193.15037593984962
grid,1,0.19494058399868663,0.8772449571062589,0.8791423001949318,133,20.0,10,7,sqrt,0.0,133,17.69924812030075,20,25689,193.15037593984962
grid,1,0.2091336669982411,0.8772449571062589,0.8791423001949318,133,20.0,10,10,sqrt,0.0,133,17.69924812030075,20,25689,193.15037593984962
grid,1,0.18800174999341834,0.8772042131701163,0.8791423001949318,133,,10,2,log2,0.0001,133,16.962406015037594,25,24635,185.22556390977442
grid,1,0.19510308299504686,0.8772042131701163,0.8791423001949318,133,,10,5,log2,0.0001,133,16.962406015037594,25,24635,185.22556390977442
grid,1,0.1901973329950124,0.8772042131701163,0.8791423001949318,133,,10,7,log2,0.0001,133,16.962406015037594,25,24635,185.22556390977442
grid,1,0.17841841699555516,0.8772042131701163,0.8791423001949318,133,,10,10,log2,0.0001,133,16.962406015037594,25,24635,185.22556390977442
grid,1,0.180282333996729,0.8772042131701163,0.8791423001949318,133,,10,2,log2,1e-05,133,17.030075187969924,25,26231,197.22556390977442
grid,1,0.17748100000608247,0.8772042131701163,0.8791423001949318,133,,10,5,log2,1e-05,133,17.030075187969924,25,26231,197.22556390977442
grid,1,0.18198550000670366,0.8772042131701163,0.8791423001949318,133,,10,7,log2,1e-05,133,17.030075187969924,25,26231,197.22556390977442
grid,1,0.18193129199789837,0.8772042131701163,0.8791423001949318,133,,10,10,log2,1e-05,133,17.030075187969924,25,26231,197.22556390977442
grid,1,0.19911399998818524,0.8772042131701163,0.8791423001949318,133,,10,2,log2,0.0,133,17.06015037593985,25,26917,202.38345864661653
grid,1,0.18180891599331517,0.8772042131701163,0.8791423001949318,133,,10,5,log2,0.0,133,17.06015037593985,25,26917,202.38345864661653
grid,1,0.1911795420019189,0.8772042131701163,0.8791423001949318,133,,10,7,log2,0.0,133,17.06015037593985,25,26917,202.38345864661653
grid,1,0.18253437500970904,0.8772042131701163,0.8791423001949318,133,,10,10,log2,0.0,133,17.06015037593985,25,26917,202.38345864661653
grid,1,0.08039750000170898,0.8771552317663885,0.8791423001949318,50,,10,2,log2,0.001,50,16.48,24,7232,144.64
grid,1,0.08197087500593625,0.8771552317663885,0.8791423001949318,50,,10,5,log2,0.001,50,16.48,24,7232,144.64
grid,1,0.081870332986,0.8771552317663885,0.8791423001949318,50,,10,7,log2,0.001,50,16.48,24,7232,144.64
grid,1,0.0846722080023028,0.8771552317663885,0.8791423001949318,50,,10,10,log2,0.001,50,16.48,24,7232,144.64
grid,1,0.289583459001733,0.8771529860347266,0.8791423001949318,217,8.0,1,2,log2,0.001,217,8.0,8,28609,131.83870967741936
grid,1,0.2794525409990456,0.8770719647743896,0.8791423001949318,217,8.0,1,5,log2,0.001,217,8.0,8,26923,124.06912442396313
grid,1,0.17670629199710675,0.8770520227986581,0.8791423001949318,133,8.0,4,2,log2,0.0001,133,8.0,8,17297,130.05263157894737
grid,1,0.1713183329993626,0.8770520227986581,0.8791423001949318,133,8.0,4,5,log2,0.0001,133,8.0,8,17297,130.05263157894737
grid,1,0.17715200000384357,0.8770520227986581,0.8791423001949318,133,8.0,4,7,log2,0.0001,133,8.0,8,17297,130.05263157894737
grid,1,0.17122766700049397,0.8770520227986581,0.8791423001949318,133,8.0,4,2,log2,1e-05,133,8.0,8,17645,132.66917293233084
grid,1,0.19047458299610298,0.8770520227986581,0.8791423001949318,133,8.0,4,5,log2,1e-05,133,8.0,8,17645,132.66917293233084
grid,1,0.17443816699960735,0.8770520227986581,0.8791423001949318,133,8.0,4,7,log2,1e-05,133,8.0,8,17645,132.66917293233084
grid,1,0.1726878749905154,0.8770520227986581,0.8791423001949318,133,8.0,4,2,log2,0.0,133,8.0,8,18079,135.93233082706766
grid,1,0.17534895800054073,0.8770520227986581,0.8791423001949318,133,8.0,4,5,log2,0.0,133,8.0,8,18079,135.93233082706766
grid,1,0.1648951249953825,0.8770520227986581,0.8791423001949318,133,8.0,4,7,log2,0.0,133,8.0,8,18079,135.93233082706766
grid,1,0.08365958400827367,0.8769867590435341,0.8791423001949318,50,20.0,7,2,log2,0.001,50,17.44,20,8778,175.56
grid,1,0.07845920900581405,0.8769867590435341,0.8791423001949318,50,20.0,7,5,log2,0.001,50,17.44,20,8778,175.56
grid,1,0.08296108299691696,0.8769867590435341,0.8791423001949318,50,20.0,7,7,log2,0.001,50,17.44,20,8778,175.56
grid,1,0.08208449999801815,0.8769867590435341,0.8791423001949318,50,20.0,7,10,log2,0.001,50,17.44,20,8778,175.56
grid,1,0.2939298749988666,0.8769739933738274,0.8791423001949318,217,12.0,1,7,log2,0.001,217,12.0,12,47411,218.48387096774192
grid,1,0.16634958299982827,0.8768265021995076,0.8791423001949318,133,8.0,4,10,log2,0.0001,133,8.0,8,16379,123.15037593984962
grid,1,0.18308008399617393,0.8768265021995076,0.8791423001949318,133,8.0,4,10,log2,1e-05,133,8.0,8,16661,125.27067669172932
grid,1,0.1641264579957351,0.8768265021995076,0.8791423001949318,133,8.0,4,10,log2,0.0,133,8.0,8,17053,128.21804511278197
grid,1,0.21141283299948554,0.8767990596572921,0.8791423001949318,133,8.0,1,7,sqrt,0.001,133,8.0,8,14225,106.95488721804512
grid,1,0.3212802079942776,0.8767414976373613,0.8791423001949318,217,12.0,7,2,sqrt,0.0001,217,12.0,12,35769,164.83410138248848
grid,1,0.34285141598957125,0.8767414976373613,0.8791423001949318,217,12.0,7,5,sqrt,0.0001,217,12.0,12,35769,164.83410138248848
grid,1,0.3509918329946231,0.8767414976373613,0.8791423001949318,217,12.0,7,7,sqrt,0.0001,217,12.0,12,35769,164.83410138248848
grid,1,0.34767233300954103,0.8767414976373613,0.8791423001949318,217,12.0,7,10,sqrt,0.0001,217,12.0,12,35769,164.83410138248848
grid,1,0.3167077920079464,0.8767414976373613,0.8791423001949318,217,12.0,7,2,sqrt,1e-05,217,12.0,12,38255,176.29032258064515
grid,1,0.3217905829951633,0.8767414976373613,0.8791423001949318,217,12.0,7,5,sqrt,1e-05,217,12.0,12,38255,176.29032258064515
grid,1,0.3737401249964023,0.8767414976373613,0.8791423001949318,217,12.0,7,7,sqrt,1e-05,217,12.0,12,38255,176.29032258064515
grid,1,0.34927395900012925,0.8767414976373613,0.8791423001949318,217,12.0,7,10,sqrt,1e-05,217,12.0,12,38255,176.29032258064515
grid,1,0.31544120800390374,0.8767414976373613,0.8791423001949318,217,12.0,7,2,sqrt,0.0,217,12.0,12,39765,183.24884792626727
grid,1,0.32752824999624863,0.8767414976373613,0.8791423001949318,217,12.0,7,5,sqrt,0.0,217,12.0,12,39765,183.24884792626727
grid,1,0.3264199169934727,0.8767414976373613,0.8791423001949318,217,12.0,7,7,sqrt,0.0,217,12.0,12,39765,183.24884792626727
grid,1,0.34580899999127723,0.8767414976373613,0.8791423001949318,217,12.0,7,10,sqrt,0.0,217,12.0,12,39765,183.24884792626727
grid,1,0.20438879200082738,0.8767298321306182,0.8791423001949318,133,20.0,7,2,sqrt,0.001,133,18.015037593984964,20,22065,165.90225563909775
grid,1,0.2036577500111889,0.8767298321306182,0.8791423001949318,133,20.0,7,5,sqrt,0.001,133,18.015037593984964,20,22065,165.90225563909775
grid,1,0.2107180419989163,0.8767298321306182,0.8791423001949318,133,20.0,7,7,sqrt,0.001,133,18.015037593984964,20,22065,165.90225563909775
grid,1,0.20850100000097882,0.8767298321306182,0.8791423001949318,133,20.0,7,10,sqrt,0.001,133,18.015037593984964,20,22065,165.90225563909775
grid,1,0.29912183299893513,0.876703690641096,0.8791423001949318,217,12.0,4,10,log2,0.001,217,12.0,12,37623,173.3778801843318
grid,1,0.17575108300661668,0.8762862492921546,0.8791423001949318,133,12.0,7,2,log2,0.0001,133,12.0,12,24093,181.15037593984962
grid,1,0.17658229199878406,0.8762862492921546,0.8791423001949318,133,12.0,7,5,log2,0.0001,133,12.0,12,24093,181.15037593984962
grid,1,0.16909545799717307,0.8762862492921546,0.8791423001949318,133,12.0,7,7,log2,0.0001,133,12.0,12,24093,181.15037593984962
grid,1,0.17596812499687076,0.8762862492921546,0.8791423001949318,133,12.0,7,10,log2,0.0001,133,12.0,12,24093,181.15037593984962
grid,1,0.17901249999704305,0.8762862492921546,0.8791423001949318,133,12.0,7,2,log2,1e-05,133,12.0,12,25697,193.21052631578948
grid,1,0.1772695410036249,0.8762862492921546,0.8791423001949318,133,12.0,7,5,log2,1e-05,133,12.0,12,25697,193.21052631578948
grid,1,0.18808941698807757,0.8762862492921546,0.8791423001949318,133,12.0,7,7,log2,1e-05,133,12.0,12,25697,193.21052631578948
grid,1,0.17688808399543632,0.8762862492921546,0.8791423001949318,133,12.0,7,10,log2,1e-05,133,12.0,12,25697,193.21052631578948
grid,1,0.18340900000475813,0.8762862492921546,0.8791423001949318,133,12.0,7,2,log2,0.0,133,12.0,12,26499,199.2406015037594
grid,1,0.17365629199775867,0.8762862492921546,0.8791423001949318,133,12.0,7,5,log2,0.0,133,12.0,12,26499,199.2406015037594
grid,1,0.1736612079985207,0.8762862492921546,0.8791423001949318,133,12.0,7,7,log2,0.0,133,12.0,12,26499,199.2406015037594
grid,1,0.17805812499136664,0.8762862492921546,0.8791423001949318,133,12.0,7,10,log2,0.0,133,12.0,12,26499,199.2406015037594
grid,1,0.30644312499498483,0.8762393697351054,0.8791423001949318,217,8.0,1,10,sqrt,0.0001,217,8.0,8,24839,114.46543778801843
grid,1,0.3174362919962732,0.8762393697351054,0.8791423001949318,217,8.0,1,10,sqrt,1e-05,217,8.0,8,24919,114.83410138248848
grid,1,0.31558337500609923,0.8762393697351054,0.8791423001949318,217,8.0,1,10,sqrt,0.0,217,8.0,8,25555,117.76497695852535
grid,1,0.28329458300140686,0.8761626919490457,0.8791423001949318,217,12.0,7,2,log2,0.0001,217,12.0,12,39421,181.6635944700461
grid,1,0.2876220409962116,0.8761626919490457,0.8791423001949318,217,12.0,7,5,log2,0.0001,217,12.0,12,39421,181.6635944700461
grid,1,0.3125792909995653,0.8761626919490457,0.8791423001949318,217,12.0,7,7,log2,0.0001,217,12.0,12,39421,181.6635944700461
grid,1,0.29803404200356454,0.8761626919490457,0.8791423001949318,217,12.0,7,10,log2,0.0001,217,12.0,12,39421,181.6635944700461
grid,1,0.2865278330136789,0.8761626919490457,0.8791423001949318,217,12.0,7,2,log2,1e-05,217,12.0,12,42081,193.92165898617512
grid,1,0.2911857499857433,0.8761626919490457,0.8791423001949318,217,12.0,7,5,log2,1e-05,217,12.0,12,42081,193.92165898617512
grid,1,0.3060528339992743,0.8761626919490457,0.8791423001949318,217,12.0,7,7,log2,1e-05,217,12.0,12,42081,193.92165898617512
grid,1,0.3080635420046747,0.8761626919490457,0.8791423001949318,217,12.0,7,10,log2,1e-05,217,12.0,12,42081,193.92165898617512
grid,1,0.2799176659900695,0.8761626919490457,0.8791423001949318,217,12.0,7,2,log2,0.0,217,12.0,12,43425,200.1152073732719
grid,1,0.2828841669979738,0.8761626919490457,0.8791423001949318,217,12.0,7,5,log2,0.0,217,12.0,12,43425,200.1152073732719
grid,1,0.305557083003805,0.8761626919490457,0.8791423001949318,217,12.0,7,7,log2,0.0,217,12.0,12,43425,200.1152073732719
grid,1,0.2955622090084944,0.8761626919490457,0.8791423001949318,217,12.0,7,10,log2,0.0,217,12.0,12,43425,200.1152073732719
grid,1,0.09512987500056624,0.8761224231544668,0.8791423001949318,50,,10,2,sqrt,0.001,50,17.46,27,6898,137.96
grid,1,0.09430416599207092,0.8761224231544668,0.8791423001949318,50,,10,5,sqrt,0.001,50,17.46,27,6898,137.96
grid,1,0.09606233300291933,0.8761224231544668,0.8791423001949318,50,,10,7,sqrt,0.001,50,17.46,27,6898,137.96
grid,1,0.09166316600749269,0.8761224231544668,0.8791423001949318,50,,10,10,sqrt,0.001,50,17.46,27,6898,137.96
grid,1,0.19078637500933837,0.8761223078264259,0.8771929824561403,133,8.0,1,5,sqrt,0.0001,133,8.0,8,17491,131.51127819548873
grid,1,0.19073249999200925,0.8761223078264259,0.8771929824561403,133,8.0,1,5,sqrt,1e-05,133,8.0,8,17523,131.75187969924812
grid,1,0.18631474999710917,0.8761223078264259,0.8771929824561403,133,8.0,1,5,sqrt,0.0,133,8.0,8,18035,135.6015037593985
grid,1,0.28603524999925867,0.8760504477233844,0.8791423001949318,217,16.0,7,2,log2,0.001,217,15.705069124423963,16,37009,170.5483870967742
grid,1,0.29323266600840725,0.8760504477233844,0.8791423001949318,217,16.0,7,5,log2,0.001,217,15.705069124423963,16,37009,170.5483870967742
grid,1,0.2928456249937881,0.8760504477233844,0.8791423001949318,217,16.0,7,7,log2,0.001,217,15.705069124423963,16,37009,170.5483870967742
grid,1,0.29319779100478627,0.8760504477233844,0.8791423001949318,217,16.0,7,10,log2,0.001,217,15.705069124423963,16,37009,170.5483870967742
grid,1,0.9163293750025332,0.8758032895458324,0.8771929824561403,217,12.0,1,5,0.5,0.0001,217,12.0,12,30317,139.70967741935485
grid,1,0.922485749993939,0.8758032895458324,0.8771929824561403,217,12.0,1,5,0.5,1e-05,217,12.0,12,30325,139.74654377880185
grid,1,0.9120036249951227,0.8758032895458324,0.8771929824561403,217,12.0,1,5,0.5,0.0,217,12.0,12,31953,147.24884792626727
grid,1,0.23424662499746773,0.875729761526925,0.8771929824561403,50,12.0,1,2,0.5,0.0001,50,12.0,12,8498,169.96
grid,1,0.23371154100459535,0.875729761526925,0.8771929824561403,50,12.0,1,2,0.5,1e-05,50,12.0,12,8500,170.0
grid,1,0.23622533401066903,0.875729761526925,0.8771929824561403,50,12.0,1,2,0.5,0.0,50,12.0,12,9058,181.16
grid,1,0.59890991600696,0.8756899982790158,0.8791423001949318,133,20.0,7,2,0.5,0.001,133,19.887218045112782,20,16327,122.7593984962406
grid,1,0.6180875839927467,0.8756899982790158,0.8791423001949318,133,20.0,7,5,0.5,0.001,133,19.887218045112782,20,16327,122.7593984962406
grid,1,0.6010317909967853,0.8756899982790158,0.8791423001949318,133,20.0,7,7,0.5,0.001,133,19.887218045112782,20,16327,122.7593984962406
grid,1,0.598744707996957,0.8756899982790158,0.8791423001949318,133,20.0,7,10,0.5,0.001,133,19.887218045112782,20,16327,122.7593984962406
grid,1,0.6132173750083894,0.8756501294466443,0.8791423001949318,133,,7,2,0.5,0.001,133,23.1203007518797,29,17525,131.7669172932331
grid,1,0.609434792000684,0.8756501294466443,0.8791423001949318,133,,7,5,0.5,0.001,133,23.1203007518797,29,17525,131.7669172932331
grid,1,0.6107005000085337,0.8756501294466443,0.8791423001949318,133,,7,7,0.5,0.001,133,23.1203007518797,29,17525,131.7669172932331
grid,1,0.6081181250046939,0.8756501294466443,0.8791423001949318,133,,7,10,0.5,0.001,133,23.1203007518797,29,17525,131.7669172932331
grid,1,0.08249104100104887,0.8756449679948198,0.8771929824561403,50,8.0,1,5,log2,0.0001,50,8.0,8,7466,149.32
grid,1,0.0963518339995062,0.8756449679948198,0.8771929824561403,50,8.0,1,5,log2,1e-05,50,8.0,8,7508,150.16
grid,1,0.08308137500716839,0.8756449679948198,0.8771929824561403,50,8.0,1,5,log2,0.0,50,8.0,8,7678,153.56
grid,1,0.6076749170024414,0.8755998135599387,0.8791423001949318,133,20.0,7,2,0.5,0.0001,133,19.924812030075188,20,20215,151.99248120300751
grid,1,0.6290371249924647,0.8755998135599387,0.8791423001949318,133,20.0,7,5,0.5,0.0001,133,19.924812030075188,20,20215,151.99248120300751
grid,1,0.6108203339972533,0.8755998135599387,0.8791423001949318,133,20.0,7,7,0.5,0.0001,133,19.924812030075188,20,20215,151.99248120300751
grid,1,0.5974332920013694,0.8755998135599387,0.8791423001949318,133,20.0,7,10,0.5,0.0001,133,19.924812030075188,20,20215,151.99248120300751
grid,1,0.5689132910047192,0.8754608703938863,0.8771929824561403,133,12.0,1,10,0.5,0.0001,133,12.0,12,16279,122.3984962406015
grid,1,0.564931290995446,0.8754608703938863,0.8771929824561403,133,12.0,1,10,0.5,1e-05,133,12.0,12,16287,122.45864661654136
grid,1,0.5568206249881769,0.8754608703938863,0.8771929824561403,133,12.0,1,10,0.5,0.0,133,12.0,12,17115,128.68421052631578
grid,1,0.24428833299316466,0.8754433476353832,0.8771929824561403,50,16.0,7,2,0.5,0.0001,50,16.0,16,6494,129.88
grid,1,0.24553733300126623,0.8754433476353832,0.8771929824561403,50,16.0,7,5,0.5,0.0001,50,16.0,16,6494,129.88
grid,1,0.24871429199993145,0.8754433476353832,0.8771929824561403,50,16.0,7,7,0.5,0.0001,50,16.0,16,6494,129.88
grid,1,0.24140600000100676,0.8754433476353832,0.8771929824561403,50,16.0,7,10,0.5,0.0001,50,16.0,16,6494,129.88
grid,1,0.2453625829948578,0.8754433476353832,0.8771929824561403,50,16.0,7,2,0.5,1e-05,50,16.0,16,6890,137.8
grid,1,0.24489908300165553,0.8754433476353832,0.8771929824561403,50,16.0,7,5,0.5,1e-05,50,16.0,16,6890,137.8
grid,1,0.24678329200833105,0.8754433476353832,0.8771929824561403,50,16.0,7,7,0.5,1e-05,50,16.0,16,6890,137.8
grid,1,0.25233858299907297,0.8754433476353832,0.8771929824561403,50,16.0,7,10,0.5,1e-05,50,16.0,16,6890,137.8
grid,1,0.2469197919999715,0.8754433476353832,0.8771929824561403,50,16.0,7,2,0.5,0.0,50,16.0,16,7346,146.92
grid,1,0.24354724999284372,0.8754433476353832,0.8771929824561403,50,16.0,7,5,0.5,0.0,50,16.0,16,7346,146.92
grid,1,0.23887162499886472,0.8754433476353832,0.8771929824561403,50,16.0,7,7,0.5,0.0,50,16.0,16,7346,146.92
grid,1,0.250138582996442,0.8754433476353832,0.8771929824561403,50,16.0,7,10,0.5,0.0,50,16.0,16,7346,146.92
grid,1,0.18334891599079128,0.8753814229235013,0.8771929824561403,133,20.0,10,2,log2,0.0001,133,16.827067669172934,20,24601,184.9699248120301
grid,1,0.17722937501093838,0.8753814229235013,0.8771929824561403,133,20.0,10,5,log2,0.0001,133,16.827067669172934,20,24601,184.9699248120301
grid,1,0.18137299999943934,0.8753814229235013,0.8771929824561403,133,20.0,10,7,log2,0.0001,133,16.827067669172934,20,24601,184.9699248120301
grid,1,0.17807112500304356,0.8753814229235013,0.8771929824561403,133,20.0,10,10,log2,0.0001,133,16.827067669172934,20,24601,184.9699248120301
grid,1,0.18027904198970646,0.8753814229235013,0.8771929824561403,133,20.0,10,2,log2,1e-05,133,16.894736842105264,20,26185,196.8796992481203
grid,1,0.18851783400168642,0.8753814229235013,0.8771929824561403,133,20.0,10,5,log2,1e-05,133,16.894736842105264,20,26185,196.8796992481203
grid,1,0.17491099999460857,0.8753814229235013,0.8771929824561403,133,20.0,10,7,log2,1e-05,133,16.894736842105264,20,26185,196.8796992481203
grid,1,0.18125949999375734,0.8753814229235013,0.8771929824561403,133,20.0,10,10,log2,1e-05,133,16.894736842105264,20,26185,196.8796992481203
grid,1,0.17858945799525827,0.8753814229235013,0.8771929824561403,133,20.0,10,2,log2,0.0,133,16.924812030075188,20,26859,201.94736842105263
grid,1,0.18273016599414404,0.8753814229235013,0.8771929824561403,133,20.0,10,5,log2,0.0,133,16.924812030075188,20,26859,201.94736842105263
grid,1,0.18448462500236928,0.8753814229235013,0.8771929824561403,133,20.0,10,7,log2,0.0,133,16.924812030075188,20,26859,201.94736842105263
grid,1,0.18753145801019855,0.8753814229235013,0.8771929824561403,133,20.0,10,10,log2,0.0,133,16.924812030075188,20,26859,201.94736842105263
grid,1,0.2859570410073502,0.8753460455002898,0.8771929824561403,217,8.0,1,7,log2,0.0001,217,8.0,8,30471,140.41935483870967
grid,1,0.28425841699936427,0.8753460455002898,0.8771929824561403,217,8.0,1,7,log2,1e-05,217,8.0,8,30659,141.28571428571428
grid,1,0.27423379199171904,0.8753460455002898,0.8771929824561403,217,8.0,1,7,log2,0.0,217,8.0,8,31345,144.44700460829492
grid,1,0.07924545800779015,0.8753300828854716,0.8771929824561403,50,8.0,1,5,log2,0.001,50,8.0,8,6144,122.88
grid,1,0.6056199580052635,0.8752751968505945,0.8791423001949318,133,,7,2,0.5,0.0001,133,23.804511278195488,29,21761,163.61654135338347
grid,1,0.6110000000044238,0.8752751968505945,0.8791423001949318,133,,7,5,0.5,0.0001,133,23.804511278195488,29,21761,163.61654135338347
grid,1,0.6041168329975335,0.8752751968505945,0.8791423001949318,133,,7,7,0.5,0.0001,133,23.804511278195488,29,21761,163.61654135338347
grid,1,0.5978755830001319,0.8752751968505945,0.8791423001949318,133,,7,10,0.5,0.0001,133,23.804511278195488,29,21761,163.61654135338347
grid,1,0.6084204999933718,0.8752751968505945,0.8791423001949318,133,,7,2,0.5,1e-05,133,23.93984962406015,29,23099,173.6766917293233
grid,1,0.6360127090010792,0.8752751968505945,0.8791423001949318,133,,7,5,0.5,1e-05,133,23.93984962406015,29,23099,173.6766917293233
grid,1,0.6051394579990301,0.8752751968505945,0.8791423001949318,133,,7,7,0.5,1e-05,133,23.93984962406015,29,23099,173.6766917293233
grid,1,0.6004956249962561,0.8752751968505945,0.8791423001949318,133,,7,10,0.5,1e-05,133,23.93984962406015,29,23099,173.6766917293233
grid,1,0.6133539579896023,0.8752751968505945,0.8791423001949318,133,,7,2,0.5,0.0,133,23.969924812030076,29,24469,183.97744360902254
grid,1,0.6033595829940168,0.8752751968505945,0.8791423001949318,133,,7,5,0.5,0.0,133,23.969924812030076,29,24469,183.97744360902254
grid,1,0.6118505420017755,0.8752751968505945,0.8791423001949318,133,,7,7,0.5,0.0,133,23.969924812030076,29,24469,183.97744360902254
grid,1,0.6054529579996597,0.8752751968505945,0.8791423001949318,133,,7,10,0.5,0.0,133,23.969924812030076,29,24469,183.97744360902254
grid,1,0.9042720420111436,0.8752621868340054,0.8771929824561403,217,12.0,1,7,0.5,0.0001,217,12.0,12,28207,129.98617511520737
grid,1,0.9147868330037454,0.8752621868340054,0.8771929824561403,217,12.0,1,7,0.5,1e-05,217,12.0,12,28221,130.05069124423963
grid,1,0.9106074160081334,0.8752621868340054,0.8771929824561403,217,12.0,1,7,0.5,0.0,217,12.0,12,29689,136.81566820276498
grid,1,0.07913929100323003,0.8752249028299881,0.8771929824561403,50,8.0,4,2,log2,0.001,50,8.0,8,5166,103.32
grid,1,0.08062424999661744,0.8752249028299881,0.8771929824561403,50,8.0,4,5,log2,0.001,50,8.0,8,5166,103.32
grid,1,0.0848255830060225,0.8752249028299881,0.8771929824561403,50,8.0,4,7,log2,0.001,50,8.0,8,5166,103.32
grid,1,0.07990504200279247,0.8751912354531501,0.8771929824561403,50,8.0,4,2,log2,0.0001,50,8.0,8,6452,129.04
grid,1,0.08264199999393895,0.8751912354531501,0.8771929824561403,50,8.0,4,5,log2,0.0001,50,8.0,8,6452,129.04
grid,1,0.08185275000869296,0.8751912354531501,0.8771929824561403,50,8.0,4,7,log2,0.0001,50,8.0,8,6452,129.04
grid,1,0.08022933299071155,0.8751912354531501,0.8771929824561403,50,8.0,4,2,log2,1e-05,50,8.0,8,6590,131.8
grid,1,0.08341016700433102,0.8751912354531501,0.8771929824561403,50,8.0,4,5,log2,1e-05,50,8.0,8,6590,131.8
grid,1,0.07762587499746587,0.8751912354531501,0.8771929824561403,50,8.0,4,7,log2,1e-05,50,8.0,8,6590,131.8
grid,1,0.08244604199717287,0.8751912354531501,0.8771929824561403,50,8.0,4,2,log2,0.0,50,8.0,8,6760,135.2
grid,1,0.08465533300477546,0.8751912354531501,0.8771929824561403,50,8.0,4,5,log2,0.0,50,8.0,8,6760,135.2
grid,1,0.07918791699921712,0.8751912354531501,0.8771929824561403,50,8.0,4,7,log2,0.0,50,8.0,8,6760,135.2
grid,1,0.17118045799725223,0.8751829813668255,0.8771929824561403,133,16.0,10,2,log2,0.001,133,15.210526315789474,16,18825,141.54135338345864
grid,1,0.17946212498645764,0.8751829813668255,0.8771929824561403,133,16.0,10,5,log2,0.001,133,15.210526315789474,16,18825,141.54135338345864
grid,1,0.17256445800012443,0.8751829813668255,0.8771929824561403,133,16.0,10,7,log2,0.001,133,15.210526315789474,16,18825,141.54135338345864
grid,1,0.18196787500346545,0.8751829813668255,0.8771929824561403,133,16.0,10,10,log2,0.001,133,15.210526315789474,16,18825,141.54135338345864
grid,1,0.29375058399455156,0.8751795918420464,0.8771929824561403,217,8.0,4,2,log2,0.0001,217,8.0,8,28147,129.70967741935485
grid,1,0.2810394160042051,0.8751795918420464,0.8771929824561403,217,8.0,4,5,log2,0.0001,217,8.0,8,28147,129.70967741935485
grid,1,0.3021129580010893,0.8751795918420464,0.8771929824561403,217,8.0,4,7,log2,0.0001,217,8.0,8,28147,129.70967741935485
grid,1,0.26637820900941733,0.8751795918420464,0.8771929824561403,217,8.0,4,2,log2,1e-05,217,8.0,8,28707,132.29032258064515
grid,1,0.2899792499956675,0.8751795918420464,0.8771929824561403,217,8.0,4,5,log2,1e-05,217,8.0,8,28707,132.29032258064515
grid,1,0.2743951250013197,0.8751795918420464,0.8771929824561403,217,8.0,4,7,log2,1e-05,217,8.0,8,28707,132.29032258064515
grid,1,0.2863540410035057,0.8751795918420464,0.8771929824561403,217,8.0,4,2,log2,0.0,217,8.0,8,29463,135.7741935483871
grid,1,0.30278524999448564,0.8751795918420464,0.8771929824561403,217,8.0,4,5,log2,0.0,217,8.0,8,29463,135.7741935483871
grid,1,0.28137595899170265,0.8751795918420464,0.8771929824561403,217,8.0,4,7,log2,0.0,217,8.0,8,29463,135.7741935483871
grid,1,0.277815333000035,0.875108242953239,0.8771929824561403,217,8.0,4,2,log2,0.001,217,8.0,8,22539,103.86635944700461
grid,1,0.28195479200803675,0.875108242953239,0.8771929824561403,217,8.0,4,5,log2,0.001,217,8.0,8,22539,103.86635944700461
grid,1,0.2804202089901082,0.875108242953239,0.8771929824561403,217,8.0,4,7,log2,0.001,217,8.0,8,22539,103.86635944700461
grid,1,0.08098466599767562,0.8750919127345578,0.8771929824561403,50,12.0,4,2,log2,0.001,50,12.0,12,8740,174.8
grid,1,0.08248704200377688,0.8750919127345578,0.8771929824561403,50,12.0,4,5,log2,0.001,50,12.0,12,8740,174.8
grid,1,0.08305174999986775,0.8750919127345578,0.8771929824561403,50,12.0,4,7,log2,0.001,50,12.0,12,8740,174.8
grid,1,0.08320679199823644,0.874907000081537,0.8771929824561403,50,20.0,10,2,log2,0.0001,50,16.74,20,9220,184.4
grid,1,0.08269825000024866,0.874907000081537,0.8771929824561403,50,20.0,10,5,log2,0.0001,50,16.74,20,9220,184.4
grid,1,0.08403800000087358,0.874907000081537,0.8771929824561403,50,20.0,10,7,log2,0.0001,50,16.74,20,9220,184.4
grid,1,0.08376770799804945,0.874907000081537,0.8771929824561403,50,20.0,10,10,log2,0.0001,50,16.74,20,9220,184.4
grid,1,0.08331104098760989,0.874907000081537,0.8771929824561403,50,20.0,10,2,log2,1e-05,50,16.84,20,9832,196.64
grid,1,0.0833117919974029,0.874907000081537,0.8771929824561403,50,20.0,10,5,log2,1e-05,50,16.84,20,9832,196.64
grid,1,0.08301274999394082,0.874907000081537,0.8771929824561403,50,20.0,10,7,log2,1e-05,50,16.84,20,9832,196.64
grid,1,0.08155074999376666,0.874907000081537,0.8771929824561403,50,20.0,10,10,log2,1e-05,50,16.84,20,9832,196.64
grid,1,0.08198562498728279,0.874907000081537,0.8771929824561403,50,20.0,10,2,log2,0.0,50,16.88,20,10092,201.84
grid,1,0.08342316700145602,0.874907000081537,0.8771929824561403,50,20.0,10,5,log2,0.0,50,16.88,20,10092,201.84
grid,1,0.08256358301150613,0.874907000081537,0.8771929824561403,50,20.0,10,7,log2,0.0,50,16.88,20,10092,201.84
grid,1,0.07932033301040065,0.874907000081537,0.8771929824561403,50,20.0,10,10,log2,0.0,50,16.88,20,10092,201.84
grid,1,0.20160712499637157,0.8748755703313139,0.8771929824561403,133,20.0,10,2,sqrt,0.001,133,17.285714285714285,20,18385,138.2330827067669
grid,1,0.203180666998378,0.8748755703313139,0.8771929824561403,133,20.0,10,5,sqrt,0.001,133,17.285714285714285,20,18385,138.2330827067669
grid,1,0.20427787500375416,0.8748755703313139,0.8771929824561403,133,20.0,10,7,sqrt,0.001,133,17.285714285714285,20,18385,138.2330827067669
grid,1,0.23655950000102166,0.8748755703313139,0.8771929824561403,133,20.0,10,10,sqrt,0.001,133,17.285714285714285,20,18385,138.2330827067669
grid,1,0.20948658300039824,0.8748755703313139,0.8771929824561403,133,,10,2,sqrt,0.001,133,17.49624060150376,27,18449,138.71428571428572
grid,1,0.20847466599661857,0.8748755703313139,0.8771929824561403,133,,10,5,sqrt,0.001,133,17.49624060150376,27,18449,138.71428571428572
grid,1,0.20525637500395533,0.8748755703313139,0.8771929824561403,133,,10,7,sqrt,0.001,133,17.49624060150376,27,18449,138.71428571428572
grid,1,0.20632345900230575,0.8748755703313139,0.8771929824561403,133,,10,10,sqrt,0.001,133,17.49624060150376,27,18449,138.71428571428572
grid,1,0.10406637500273064,0.8747826799572169,0.8771929824561403,50,20.0,10,2,log2,0.001,50,16.32,20,7216,144.32
grid,1,0.0813690420036437,0.8747826799572169,0.8771929824561403,50,20.0,10,5,log2,0.001,50,16.32,20,7216,144.32
grid,1,0.08204483300505672,0.8747826799572169,0.8771929824561403,50,20.0,10,7,log2,0.001,50,16.32,20,7216,144.32
grid,1,0.07710591700742953,0.8747826799572169,0.8771929824561403,50,20.0,10,10,log2,0.001,50,16.32,20,7216,144.32
grid,1,0.18674183401162736,0.8747542586844178,0.8771929824561403,133,16.0,7,2,log2,0.0001,133,15.789473684210526,16,29039,218.33834586466165
grid,1,0.17270595800073352,0.8747542586844178,0.8771929824561403,133,16.0,7,5,log2,0.0001,133,15.789473684210526,16,29039,218.33834586466165
grid,1,0.17762620800931472,0.8747542586844178,0.8771929824561403,133,16.0,7,7,log2,0.0001,133,15.789473684210526,16,29039,218.33834586466165
grid,1,0.17988587499712594,0.8747542586844178,0.8771929824561403,133,16.0,7,10,log2,0.0001,133,15.789473684210526,16,29039,218.33834586466165
grid,1,0.2019495409913361,0.8747542586844178,0.8771929824561403,133,16.0,7,2,log2,1e-05,133,15.80451127819549,16,31025,233.27067669172934
grid,1,0.17804370900557842,0.8747542586844178,0.8771929824561403,133,16.0,7,5,log2,1e-05,133,15.80451127819549,16,31025,233.27067669172934
grid,1,0.17506720800884068,0.8747542586844178,0.8771929824561403,133,16.0,7,7,log2,1e-05,133,15.80451127819549,16,31025,233.27067669172934
grid,1,0.1801564170018537,0.8747542586844178,0.8771929824561403,133,16.0,7,10,log2,1e-05,133,15.80451127819549,16,31025,233.27067669172934
grid,1,0.17832316599378828,0.8747542586844178,0.8771929824561403,133,16.0,7,2,log2,0.0,133,15.81203007518797,16,32019,240.74436090225564
grid,1,0.1778405419900082,0.8747542586844178,0.8771929824561403,133,16.0,7,5,log2,0.0,133,15.81203007518797,16,32019,240.74436090225564
grid,1,0.17294920899439603,0.8747542586844178,0.8771929824561403,133,16.0,7,7,log2,0.0,133,15.81203007518797,16,32019,240.74436090225564
grid,1,0.17323216600925662,0.8747542586844178,0.8771929824561403,133,16.0,7,10,log2,0.0,133,15.81203007518797,16,32019,240.74436090225564
grid,1,0.5670780840009684,0.8747368405404309,0.8771929824561403,133,12.0,1,7,0.5,0.0001,133,12.0,12,17327,130.2781954887218
grid,1,0.5679042080009822,0.8747368405404309,0.8771929824561403,133,12.0,1,7,0.5,1e-05,133,12.0,12,17333,130.3233082706767
grid,1,0.5627362909872318,0.8747368405404309,0.8771929824561403,133,12.0,1,7,0.5,0.0,133,12.0,12,18205,136.8796992481203
grid,1,0.24005087499972433,0.8746681719988348,0.8771929824561403,50,16.0,7,2,0.5,0.001,50,16.0,16,5252,105.04
grid,1,0.23603566699603107,0.8746681719988348,0.8771929824561403,50,16.0,7,5,0.5,0.001,50,16.0,16,5252,105.04
grid,1,0.2487049999908777,0.8746681719988348,0.8771929824561403,50,16.0,7,7,0.5,0.001,50,16.0,16,5252,105.04
grid,1,0.24058633300592192,0.8746681719988348,0.8771929824561403,50,16.0,7,10,0.5,0.001,50,16.0,16,5252,105.04
grid,1,0.20791349999490194,0.8746336768148597,0.8771929824561403,133,12.0,7,2,sqrt,0.001,133,12.0,12,17467,131.33082706766916
grid,1,0.20331941699259914,0.8746336768148597,0.8771929824561403,133,12.0,7,5,sqrt,0.001,133,12.0,12,17467,131.33082706766916
grid,1,0.2062790829950245,0.8746336768148597,0.8771929824561403,133,12.0,7,7,sqrt,0.001,133,12.0,12,17467,131.33082706766916
grid,1,0.19525412500661332,0.8746336768148597,0.8771929824561403,133,12.0,7,10,sqrt,0.001,133,12.0,12,17467,131.33082706766916
grid,1,0.1772947080025915,0.8746139370674914,0.8771929824561403,133,8.0,4,10,log2,0.001,133,8.0,8,13409,100.81954887218045
grid,1,0.9251567909959704,0.874367575767632,0.8791423001949318,217,12.0,1,10,0.5,0.001,217,12.0,12,22763,104.89861751152074
grid,1,0.3130730829871027,0.8743295495370391,0.8771929824561403,217,8.0,1,10,sqrt,0.001,217,8.0,8,21921,101.0184331797235
grid,1,0.566575290999026,0.8740210161179954,0.8752436647173489,133,12.0,1,5,0.5,0.0001,133,12.0,12,18469,138.86466165413535
grid,1,0.5681100829970092,0.8740210161179954,0.8752436647173489,133,12.0,1,5,0.5,1e-05,133,12.0,12,18473,138.89473684210526
grid,1,0.569368124997709,0.8740210161179954,0.8752436647173489,133,12.0,1,5,0.5,0.0,133,12.0,12,19441,146.17293233082708
grid,1,0.594992332989932,0.8739610556939816,0.8771929824561403,133,20.0,7,2,0.5,1e-05,133,19.93233082706767,20,21463,161.37593984962405
grid,1,0.6243542089941911,0.8739610556939816,0.8771929824561403,133,20.0,7,5,0.5,1e-05,133,19.93233082706767,20,21463,161.37593984962405
grid,1,0.596848332992522,0.8739610556939816,0.8771929824561403,133,20.0,7,7,0.5,1e-05,133,19.93233082706767,20,21463,161.37593984962405
grid,1,0.6168898749892833,0.8739610556939816,0.8771929824561403,133,20.0,7,10,0.5,1e-05,133,19.93233082706767,20,21463,161.37593984962405
grid,1,0.6086598330002744,0.8739610556939816,0.8771929824561403,133,20.0,7,2,0.5,0.0,133,19.93233082706767,20,22829,171.64661654135338
grid,1,0.6001957920088898,0.8739610556939816,0.8771929824561403,133,20.0,7,5,0.5,0.0,133,19.93233082706767,20,22829,171.64661654135338
grid,1,0.6135474170005182,0.8739610556939816,0.8771929824561403,133,20.0,7,7,0.5,0.0,133,19.93233082706767,20,22829,171.64661654135338
grid,1,0.6067041669884929,0.8739610556939816,0.8771929824561403,133,20.0,7,10,0.5,0.0,133,19.93233082706767,20,22829,171.64661654135338
grid,1,0.17407120800635312,0.8739220372330603,0.8752436647173489,133,8.0,1,5,log2,0.0001,133,8.0,8,20161,151.58646616541353
grid,1,0.17474837499321438,0.8739220372330603,0.8752436647173489,133,8.0,1,5,log2,1e-05,133,8.0,8,20259,152.3233082706767
grid,1,0.1781833330023801,0.8739220372330603,0.8752436647173489,133,8.0,1,5,log2,0.0,133,8.0,8,20713,155.73684210526315
grid,1,0.555517457993119,0.87387078086353,0.8771929824561403,133,12.0,1,7,0.5,0.001,133,12.0,12,14515,109.13533834586467
grid,1,0.19192350000957958,0.8737055906854141,0.8752436647173489,133,8.0,1,5,sqrt,0.001,133,8.0,8,14631,110.00751879699249
grid,1,0.08225258300080895,0.8736022642061757,0.8752436647173489,50,16.0,7,2,log2,0.001,50,15.52,16,8406,168.12
grid,1,0.08269970800029114,0.8736022642061757,0.8752436647173489,50,16.0,7,5,log2,0.001,50,15.52,16,8406,168.12
grid,1,0.0831652920023771,0.8736022642061757,0.8752436647173489,50,16.0,7,7,log2,0.001,50,15.52,16,8406,168.12
grid,1,0.0824311670003226,0.8736022642061757,0.8752436647173489,50,16.0,7,10,log2,0.001,50,15.52,16,8406,168.12
grid,1,0.32073687500087544,0.8735699066029121,0.8752436647173489,217,8.0,4,10,sqrt,0.0001,217,8.0,8,23863,109.96774193548387
grid,1,0.30970983300358057,0.8735699066029121,0.8752436647173489,217,8.0,4,10,sqrt,1e-05,217,8.0,8,24033,110.75115207373273
grid,1,0.3073082499904558,0.8735699066029121,0.8752436647173489,217,8.0,4,10,sqrt,0.0,217,8.0,8,24767,114.13364055299539
grid,1,0.07877637499768753,0.8733840505601883,0.8752436647173489,50,8.0,1,7,log2,0.0001,50,8.0,8,7010,140.2
grid,1,0.08382624998921528,0.8733840505601883,0.8752436647173489,50,8.0,1,7,log2,1e-05,50,8.0,8,7050,141.0
grid,1,0.08219775000179652,0.8733840505601883,0.8752436647173489,50,8.0,1,7,log2,0.0,50,8.0,8,7198,143.96
grid,1,0.19572554099431727,0.8733036075860354,0.8752436647173489,133,16.0,10,2,sqrt,0.001,133,15.676691729323307,16,17699,133.0751879699248
grid,1,0.20184904198686127,0.8733036075860354,0.8752436647173489,133,16.0,10,5,sqrt,0.001,133,15.676691729323307,16,17699,133.0751879699248
grid,1,0.20810225000604987,0.8733036075860354,0.8752436647173489,133,16.0,10,7,sqrt,0.001,133,15.676691729323307,16,17699,133.0751879699248
grid,1,0.2106027499976335,0.8733036075860354,0.8752436647173489,133,16.0,10,10,sqrt,0.001,133,15.676691729323307,16,17699,133.0751879699248
grid,1,0.18159337498946115,0.8731674593218378,0.8752436647173489,133,,7,2,log2,0.0001,133,18.398496240601503,25,30499,229.31578947368422
grid,1,0.17268329100625124,0.8731674593218378,0.8752436647173489,133,,7,5,log2,0.0001,133,18.398496240601503,25,30499,229.31578947368422
grid,1,0.18575837500975467,0.8731674593218378,0.8752436647173489,133,,7,7,log2,0.0001,133,18.398496240601503,25,30499,229.31578947368422
grid,1,0.1871605409978656,0.8731674593218378,0.8752436647173489,133,,7,10,log2,0.0001,133,18.398496240601503,25,30499,229.31578947368422
grid,1,0.182689291992574,0.8731674593218378,0.8752436647173489,133,,7,2,log2,1e-05,133,18.526315789473685,25,32587,245.01503759398497
grid,1,0.1905079590069363,0.8731674593218378,0.8752436647173489,133,,7,5,log2,1e-05,133,18.526315789473685,25,32587,245.01503759398497
grid,1,0.18054137499711942,0.8731674593218378,0.8752436647173489,133,,7,7,log2,1e-05,133,18.526315789473685,25,32587,245.01503759398497
grid,1,0.1831277089950163,0.8731674593218378,0.8752436647173489,133,,7,10,log2,1e-05,133,18.526315789473685,25,32587,245.01503759398497
grid,1,0.17683295800816268,0.8731674593218378,0.8752436647173489,133,,7,2,log2,0.0,133,18.56390977443609,25,33637,252.90977443609023
grid,1,0.1736910000036005,0.8731674593218378,0.8752436647173489,133,,7,5,log2,0.0,133,18.56390977443609,25,33637,252.90977443609023
grid,1,0.17608175000350457,0.8731674593218378,0.8752436647173489,133,,7,7,log2,0.0,133,18.56390977443609,25,33637,252.90977443609023
grid,1,0.1867489169962937,0.8731674593218378,0.8752436647173489,133,,7,10,log2,0.0,133,18.56390977443609,25,33637,252.90977443609023
grid,1,0.17626033299893606,0.8731538318732253,0.8752436647173489,133,20.0,7,2,log2,0.001,133,17.36842105263158,20,23323,175.3609022556391
grid,1,0.18931316600355785,0.8731538318732253,0.8752436647173489,133,20.0,7,5,log2,0.001,133,17.36842105263158,20,23323,175.3609022556391
grid,1,0.18201754199981224,0.8731538318732253,0.8752436647173489,133,20.0,7,7,log2,0.001,133,17.36842105263158,20,23323,175.3609022556391
grid,1,0.18059441600053106,0.8731538318732253,0.8752436647173489,133,20.0,7,10,log2,0.001,133,17.36842105263158,20,23323,175.3609022556391
grid,1,0.1890520829911111,0.8731262266282287,0.8752436647173489,133,,7,2,log2,0.001,133,17.661654135338345,24,23421,176.09774436090225
grid,1,0.1944693750119768,0.8731262266282287,0.8752436647173489,133,,7,5,log2,0.001,133,17.661654135338345,24,23421,176.09774436090225
grid,1,0.18398637500649784,0.8731262266282287,0.8752436647173489,133,,7,7,log2,0.001,133,17.661654135338345,24,23421,176.09774436090225
grid,1,0.18620616699627135,0.8731262266282287,0.8752436647173489,133,,7,10,log2,0.001,133,17.661654135338345,24,23421,176.09774436090225
grid,1,0.07769720800570212,0.8729652131418578,0.8752436647173489,50,8.0,1,2,log2,0.001,50,8.0,8,6390,127.8
grid,1,0.17753675000858493,0.8727205774138425,0.8752436647173489,133,8.0,1,7,log2,0.001,133,8.0,8,15977,120.12781954887218
grid,1,0.1877405420091236,0.8726398247661145,0.8752436647173489,133,12.0,4,2,log2,0.001,133,12.0,12,24107,181.25563909774436
grid,1,0.179616666995571,0.8726398247661145,0.8752436647173489,133,12.0,4,5,log2,0.001,133,12.0,12,24107,181.25563909774436
grid,1,0.1785118749976391,0.8726398247661145,0.8752436647173489,133,12.0,4,7,log2,0.001,133,12.0,12,24107,181.25563909774436
grid,1,0.08239949999551754,0.872628137754486,0.8752436647173489,50,16.0,10,2,log2,0.001,50,15.28,16,7048,140.96
grid,1,0.08118850000028033,0.872628137754486,0.8752436647173489,50,16.0,10,5,log2,0.001,50,15.28,16,7048,140.96
grid,1,0.08205508399987593,0.872628137754486,0.8752436647173489,50,16.0,10,7,log2,0.001,50,15.28,16,7048,140.96
grid,1,0.0786074589996133,0.872628137754486,0.8752436647173489,50,16.0,10,10,log2,0.001,50,15.28,16,7048,140.96
grid,1,0.32508487498853356,0.872604973998853,0.8752436647173489,217,8.0,1,7,sqrt,0.001,217,8.0,8,23385,107.76497695852535
grid,1,0.08279358300205786,0.8725775006393567,0.8752436647173489,50,16.0,10,2,log2,0.0001,50,15.46,16,8962,179.24
grid,1,0.08359262500016484,0.8725775006393567,0.8752436647173489,50,16.0,10,5,log2,0.0001,50,15.46,16,8962,179.24
grid,1,0.08170366700505838,0.8725775006393567,0.8752436647173489,50,16.0,10,7,log2,0.0001,50,15.46,16,8962,179.24
grid,1,0.08037216699449345,0.8725775006393567,0.8752436647173489,50,16.0,10,10,log2,0.0001,50,15.46,16,8962,179.24
grid,1,0.09554166700399946,0.8725775006393567,0.8752436647173489,50,16.0,10,2,log2,1e-05,50,15.52,16,9576,191.52
grid,1,0.07967870800348464,0.8725775006393567,0.8752436647173489,50,16.0,10,5,log2,1e-05,50,15.52,16,9576,191.52
grid,1,0.08246741599577945,0.8725775006393567,0.8752436647173489,50,16.0,10,7,log2,1e-05,50,15.52,16,9576,191.52
grid,1,0.08338974999787752,0.8725775006393567,0.8752436647173489,50,16.0,10,10,log2,1e-05,50,15.52,16,9576,191.52
grid,1,0.0843455830035964,0.8725775006393567,0.8752436647173489,50,16.0,10,2,log2,0.0,50,15.52,16,9842,196.84
grid,1,0.082841459006886,0.8725775006393567,0.8752436647173489,50,16.0,10,5,log2,0.0,50,15.52,16,9842,196.84
grid,1,0.08272666699485853,0.8725775006393567,0.8752436647173489,50,16.0,10,7,log2,0.0,50,15.52,16,9842,196.84
grid,1,0.08168645900150295,0.8725775006393567,0.8752436647173489,50,16.0,10,10,log2,0.0,50,15.52,16,9842,196.84
grid,1,0.3207228329993086,0.8725449543106606,0.8752436647173489,217,12.0,7,2,sqrt,0.001,217,12.0,12,28637,131.96774193548387
grid,1,0.32995383300294634,0.8725449543106606,0.8752436647173489,217,12.0,7,5,sqrt,0.001,217,12.0,12,28637,131.96774193548387
grid,1,0.34918641700642183,0.8725449543106606,0.8752436647173489,217,12.0,7,7,sqrt,0.001,217,12.0,12,28637,131.96774193548387
grid,1,0.3493282090057619,0.8725449543106606,0.8752436647173489,217,12.0,7,10,sqrt,0.001,217,12.0,12,28637,131.96774193548387
grid,1,0.17615312499401625,0.8724259570035705,0.8752436647173489,133,12.0,7,2,log2,0.001,133,12.0,12,18987,142.7593984962406
grid,1,0.17370133400254417,0.8724259570035705,0.8752436647173489,133,12.0,7,5,log2,0.001,133,12.0,12,18987,142.7593984962406
grid,1,0.20617124999989755,0.8724259570035705,0.8752436647173489,133,12.0,7,7,log2,0.001,133,12.0,12,18987,142.7593984962406
grid,1,0.17155816599552054,0.8724259570035705,0.8752436647173489,133,12.0,7,10,log2,0.001,133,12.0,12,18987,142.7593984962406
grid,1,0.28197141700366046,0.8719233636797835,0.8752436647173489,217,8.0,4,10,log2,0.0001,217,8.0,8,27061,124.70506912442396
grid,1,0.2804519579949556,0.8719233636797835,0.8752436647173489,217,8.0,4,10,log2,1e-05,217,8.0,8,27507,126.76036866359448
grid,1,0.28171912499237806,0.8719233636797835,0.8752436647173489,217,8.0,4,10,log2,0.0,217,8.0,8,28169,129.8110599078341
grid,1,0.26088208399596624,0.871814103906928,0.8732943469785575,50,16.0,4,10,0.5,0.0001,50,16.0,16,7370,147.4
grid,1,0.27872837499307934,0.871814103906928,0.8732943469785575,50,16.0,4,10,0.5,1e-05,50,16.0,16,7384,147.68
grid,1,0.2564248749986291,0.871814103906928,0.8732943469785575,50,16.0,4,10,0.5,0.0,50,16.0,16,7804,156.08
grid,1,0.9383467919979012,0.8715392452202829,0.8752436647173489,217,16.0,7,2,0.5,0.001,217,16.0,16,22715,104.6774193548387
grid,1,0.9464000839943765,0.8715392452202829,0.8752436647173489,217,16.0,7,5,0.5,0.001,217,16.0,16,22715,104.6774193548387
grid,1,0.9449928749963874,0.8715392452202829,0.8752436647173489,217,16.0,7,7,0.5,0.001,217,16.0,16,22715,104.6774193548387
grid,1,0.9732270829990739,0.8715392452202829,0.8752436647173489,217,16.0,7,10,0.5,0.001,217,16.0,16,22715,104.6774193548387
grid,1,0.19012199999997392,0.8715074231129961,0.8732943469785575,133,8.0,1,10,sqrt,0.0001,133,8.0,8,15251,114.66917293233082
grid,1,0.19065162500191946,0.8715074231129961,0.8732943469785575,133,8.0,1,10,sqrt,1e-05,133,8.0,8,15307,115.09022556390977
grid,1,0.19241404200147372,0.8715074231129961,0.8732943469785575,133,8.0,1,10,sqrt,0.0,133,8.0,8,15701,118.05263157894737
grid,1,0.18799983400094789,0.8712730579494348,0.8732943469785575,133,20.0,7,2,log2,0.0001,133,17.954887218045112,20,30321,227.97744360902254
grid,1,0.17573279200587422,0.8712730579494348,0.8732943469785575,133,20.0,7,5,log2,0.0001,133,17.954887218045112,20,30321,227.97744360902254
grid,1,0.1802731249917997,0.8712730579494348,0.8732943469785575,133,20.0,7,7,log2,0.0001,133,17.954887218045112,20,30321,227.97744360902254
grid,1,0.18944637500680983,0.8712730579494348,0.8732943469785575,133,20.0,7,10,log2,0.0001,133,17.954887218045112,20,30321,227.97744360902254
grid,1,0.18427908299781848,0.8712730579494348,0.8732943469785575,133,20.0,7,2,log2,1e-05,133,18.037593984962406,20,32401,243.61654135338347
grid,1,0.1902568330115173,0.8712730579494348,0.8732943469785575,133,20.0,7,5,log2,1e-05,133,18.037593984962406,20,32401,243.61654135338347
grid,1,0.1870323329931125,0.8712730579494348,0.8732943469785575,133,20.0,7,7,log2,1e-05,133,18.037593984962406,20,32401,243.61654135338347
grid,1,0.18307854200247675,0.8712730579494348,0.8732943469785575,133,20.0,7,10,log2,1e-05,133,18.037593984962406,20,32401,243.61654135338347
grid,1,0.18627904199820478,0.8712730579494348,0.8732943469785575,133,20.0,7,2,log2,0.0,133,18.075187969924812,20,33459,251.57142857142858
grid,1,0.1718914999946719,0.8712730579494348,0.8732943469785575,133,20.0,7,5,log2,0.0,133,18.075187969924812,20,33459,251.57142857142858
grid,1,0.17898608300311025,0.8712730579494348,0.8732943469785575,133,20.0,7,7,log2,0.0,133,18.075187969924812,20,33459,251.57142857142858
grid,1,0.18459637500927784,0.8712730579494348,0.8732943469785575,133,20.0,7,10,log2,0.0,133,18.075187969924812,20,33459,251.57142857142858
grid,1,0.08259874999930616,0.8710698838423849,0.8732943469785575,50,8.0,1,7,log2,0.001,50,8.0,8,5932,118.64
grid,1,0.09322362499369774,0.8710234555133579,0.8732943469785575,50,12.0,10,2,sqrt,1e-05,50,12.0,12,7532,150.64
grid,1,0.09425666701281443,0.8710234555133579,0.8732943469785575,50,12.0,10,5,sqrt,1e-05,50,12.0,12,7532,150.64
grid,1,0.0944339159905212,0.8710234555133579,0.8732943469785575,50,12.0,10,7,sqrt,1e-05,50,12.0,12,7532,150.64
grid,1,0.09763195800769608,0.8710234555133579,0.8732943469785575,50,12.0,10,10,sqrt,1e-05,50,12.0,12,7532,150.64
grid,1,0.09593641699757427,0.8710234555133579,0.8732943469785575,50,12.0,10,2,sqrt,0.0,50,12.0,12,7828,156.56
grid,1,0.08348937499977183,0.8710234555133579,0.8732943469785575,50,12.0,10,5,sqrt,0.0,50,12.0,12,7828,156.56
grid,1,0.09119358299358282,0.8710234555133579,0.8732943469785575,50,12.0,10,7,sqrt,0.0,50,12.0,12,7828,156.56
grid,1,0.09050537500297651,0.8710234555133579,0.8732943469785575,50,12.0,10,10,sqrt,0.0,50,12.0,12,7828,156.56
grid,1,0.09313887500320561,0.8709977942996991,0.8732943469785575,50,12.0,10,2,sqrt,0.0001,50,12.0,12,6986,139.72
grid,1,0.08448045799741521,0.8709977942996991,0.8732943469785575,50,12.0,10,5,sqrt,0.0001,50,12.0,12,6986,139.72
grid,1,0.09434491700085346,0.8709977942996991,0.8732943469785575,50,12.0,10,7,sqrt,0.0001,50,12.0,12,6986,139.72
grid,1,0.09294716600561514,0.8709977942996991,0.8732943469785575,50,12.0,10,10,sqrt,0.0001,50,12.0,12,6986,139.72
grid,1,0.19437599999946542,0.8709778013197036,0.8732943469785575,133,8.0,4,10,sqrt,0.001,133,8.0,8,12201,91.73684210526316
grid,1,0.1821060420043068,0.8709427187204161,0.8732943469785575,133,16.0,7,2,log2,0.001,133,15.676691729323307,16,22563,169.64661654135338
grid,1,0.1918067499937024,0.8709427187204161,0.8732943469785575,133,16.0,7,5,log2,0.001,133,15.676691729323307,16,22563,169.64661654135338
grid,1,0.1777040000015404,0.8709427187204161,0.8732943469785575,133,16.0,7,7,log2,0.001,133,15.676691729323307,16,22563,169.64661654135338
grid,1,0.17841316699923482,0.8709427187204161,0.8732943469785575,133,16.0,7,10,log2,0.001,133,15.676691729323307,16,22563,169.64661654135338
grid,1,0.5727374169946415,0.8707104440453279,0.8732943469785575,133,12.0,1,5,0.5,0.001,133,12.0,12,15219,114.42857142857143
grid,1,0.34809145900362637,0.8701932668745749,0.8732943469785575,217,12.0,10,2,sqrt,0.001,217,12.0,12,24597,113.35023041474655
grid,1,0.3540417499898467,0.8701932668745749,0.8732943469785575,217,12.0,10,5,sqrt,0.001,217,12.0,12,24597,113.35023041474655
grid,1,0.3241377910017036,0.8701932668745749,0.8732943469785575,217,12.0,10,7,sqrt,0.001,217,12.0,12,24597,113.35023041474655
grid,1,0.338375791994622,0.8701932668745749,0.8732943469785575,217,12.0,10,10,sqrt,0.001,217,12.0,12,24597,113.35023041474655
grid,1,0.9328194159897976,0.8701746879338096,0.8732943469785575,217,12.0,1,5,0.5,0.001,217,12.0,12,25001,115.21198156682027
grid,1,0.2503789579932345,0.8700293372533093,0.8693957115009746,50,12.0,1,10,0.5,0.0001,50,12.0,12,6228,124.56
grid,1,0.23478979199717287,0.8700293372533093,0.8693957115009746,50,12.0,1,10,0.5,1e-05,50,12.0,12,6234,124.68
grid,1,0.24622458299563732,0.8700293372533093,0.8693957115009746,50,12.0,1,10,0.5,0.0,50,12.0,12,6538,130.76
grid,1,0.28310954199696425,0.8698298486213093,0.8732943469785575,217,12.0,7,2,log2,0.001,217,12.0,12,31011,142.9078341013825
grid,1,0.2859962079965044,0.8698298486213093,0.8732943469785575,217,12.0,7,5,log2,0.001,217,12.0,12,31011,142.9078341013825
grid,1,0.32869970799947623,0.8698298486213093,0.8732943469785575,217,12.0,7,7,log2,0.001,217,12.0,12,31011,142.9078341013825
grid,1,0.31076820800080895,0.8698298486213093,0.8732943469785575,217,12.0,7,10,log2,0.001,217,12.0,12,31011,142.9078341013825
grid,1,0.30223783299152274,0.8696748591929583,0.8713450292397661,217,8.0,4,10,sqrt,0.001,217,8.0,8,19681,90.6958525345622
grid,1,0.2540553330036346,0.8696027786904259,0.8713450292397661,50,16.0,4,10,0.5,0.001,50,16.0,16,5822,116.44
grid,1,0.19047291700553615,0.8694703536624875,0.8713450292397661,133,8.0,1,10,sqrt,0.001,133,8.0,8,13433,101.0
grid,1,0.0797104999946896,0.8693543774504039,0.8713450292397661,50,8.0,7,2,log2,0.0001,50,8.0,8,5262,105.24
grid,1,0.08212112500041258,0.8693543774504039,0.8713450292397661,50,8.0,7,5,log2,0.0001,50,8.0,8,5262,105.24
grid,1,0.08139925000432413,0.8693543774504039,0.8713450292397661,50,8.0,7,7,log2,0.0001,50,8.0,8,5262,105.24
grid,1,0.08210416699876077,0.8693543774504039,0.8713450292397661,50,8.0,7,10,log2,0.0001,50,8.0,8,5262,105.24
grid,1,0.2467131250014063,0.8690252677870761,0.8713450292397661,50,12.0,1,5,0.5,0.001,50,12.0,12,5736,114.72
grid,1,0.17874579199997243,0.8689210073724948,0.8713450292397661,133,16.0,10,2,log2,0.0001,133,15.38345864661654,16,23933,179.94736842105263
grid,1,0.17657783400500193,0.8689210073724948,0.8713450292397661,133,16.0,10,5,log2,0.0001,133,15.38345864661654,16,23933,179.94736842105263
grid,1,0.17793079200782813,0.8689210073724948,0.8713450292397661,133,16.0,10,7,log2,0.0001,133,15.38345864661654,16,23933,179.94736842105263
grid,1,0.17148358399572317,0.8689210073724948,0.8713450292397661,133,16.0,10,10,log2,0.0001,133,15.38345864661654,16,23933,179.94736842105263
grid,1,0.18566091598768253,0.8689210073724948,0.8713450292397661,133,16.0,10,2,log2,1e-05,133,15.421052631578947,16,25467,191.4812030075188
grid,1,0.18026812499738298,0.8689210073724948,0.8713450292397661,133,16.0,10,5,log2,1e-05,133,15.421052631578947,16,25467,191.4812030075188
grid,1,0.1756705830048304,0.8689210073724948,0.8713450292397661,133,16.0,10,7,log2,1e-05,133,15.421052631578947,16,25467,191.4812030075188
grid,1,0.17630387499229982,0.8689210073724948,0.8713450292397661,133,16.0,10,10,log2,1e-05,133,15.421052631578947,16,25467,191.4812030075188
grid,1,0.17796162501326762,0.8689210073724948,0.8713450292397661,133,16.0,10,2,log2,0.0,133,15.436090225563909,16,26175,196.8045112781955
grid,1,0.17038712500652764,0.8689210073724948,0.8713450292397661,133,16.0,10,5,log2,0.0,133,15.436090225563909,16,26175,196.8045112781955
grid,1,0.18139570899074897,0.8689210073724948,0.8713450292397661,133,16.0,10,7,log2,0.0,133,15.436090225563909,16,26175,196.8045112781955
grid,1,0.17706629099848215,0.8689210073724948,0.8713450292397661,133,16.0,10,10,log2,0.0,133,15.436090225563909,16,26175,196.8045112781955
grid,1,0.30002045798755717,0.868838381946328,0.8713450292397661,217,8.0,4,2,sqrt,0.0001,217,8.0,8,24989,115.15668202764977
grid,1,0.3082235839974601,0.868838381946328,0.8713450292397661,217,8.0,4,5,sqrt,0.0001,217,8.0,8,24989,115.15668202764977
grid,1,0.3152314579929225,0.868838381946328,0.8713450292397661,217,8.0,4,7,sqrt,0.0001,217,8.0,8,24989,115.15668202764977
grid,1,0.31115520899766125,0.868838381946328,0.8713450292397661,217,8.0,4,2,sqrt,1e-05,217,8.0,8,25261,116.41013824884793
grid,1,0.3214333330106456,0.868838381946328,0.8713450292397661,217,8.0,4,5,sqrt,1e-05,217,8.0,8,25261,116.41013824884793
grid,1,0.314371292013675,0.868838381946328,0.8713450292397661,217,8.0,4,7,sqrt,1e-05,217,8.0,8,25261,116.41013824884793
grid,1,0.30733779100410175,0.868838381946328,0.8713450292397661,217,8.0,4,2,sqrt,0.0,217,8.0,8,25999,119.8110599078341
grid,1,0.30328829200880136,0.868838381946328,0.8713450292397661,217,8.0,4,5,sqrt,0.0,217,8.0,8,25999,119.8110599078341
grid,1,0.29136241700325627,0.868838381946328,0.8713450292397661,217,8.0,4,7,sqrt,0.0,217,8.0,8,25999,119.8110599078341
grid,1,0.2825727080053184,0.8685974354439653,0.8713450292397661,217,8.0,1,7,log2,0.001,217,8.0,8,25883,119.27649769585254
grid,1,0.17661720799515024,0.8685959686010629,0.8713450292397661,133,8.0,7,2,log2,0.0001,133,8.0,8,14257,107.19548872180451
grid,1,0.17353675000777002,0.8685959686010629,0.8713450292397661,133,8.0,7,5,log2,0.0001,133,8.0,8,14257,107.19548872180451
grid,1,0.17581870900176,0.8685959686010629,0.8713450292397661,133,8.0,7,7,log2,0.0001,133,8.0,8,14257,107.19548872180451
grid,1,0.1761530419898918,0.8685959686010629,0.8713450292397661,133,8.0,7,10,log2,0.0001,133,8.0,8,14257,107.19548872180451
grid,1,0.16603541700169444,0.8685959686010629,0.8713450292397661,133,8.0,7,2,log2,1e-05,133,8.0,8,15087,113.43609022556392
grid,1,0.17746704199817032,0.8685959686010629,0.8713450292397661,133,8.0,7,5,log2,1e-05,133,8.0,8,15087,113.43609022556392
grid,1,0.16634054100723006,0.8685959686010629,0.8713450292397661,133,8.0,7,7,log2,1e-05,133,8.0,8,15087,113.43609022556392
grid,1,0.17621999999391846,0.8685959686010629,0.8713450292397661,133,8.0,7,10,log2,1e-05,133,8.0,8,15087,113.43609022556392
grid,1,0.17567875000531785,0.8685959686010629,0.8713450292397661,133,8.0,7,2,log2,0.0,133,8.0,8,15451,116.17293233082707
grid,1,0.1727360420045443,0.8685959686010629,0.8713450292397661,133,8.0,7,5,log2,0.0,133,8.0,8,15451,116.17293233082707
grid,1,0.17284804199880455,0.8685959686010629,0.8713450292397661,133,8.0,7,7,log2,0.0,133,8.0,8,15451,116.17293233082707
grid,1,0.16358433400455397,0.8685959686010629,0.8713450292397661,133,8.0,7,10,log2,0.0,133,8.0,8,15451,116.17293233082707
grid,1,0.2017602080013603,0.8685164946422487,0.8713450292397661,133,12.0,10,2,sqrt,0.0001,133,12.0,12,18773,141.15037593984962
grid,1,0.20448225000291131,0.8685164946422487,0.8713450292397661,133,12.0,10,5,sqrt,0.0001,133,12.0,12,18773,141.15037593984962
grid,1,0.20015012500516605,0.8685164946422487,0.8713450292397661,133,12.0,10,7,sqrt,0.0001,133,12.0,12,18773,141.15037593984962
grid,1,0.20063424999534618,0.8685164946422487,0.8713450292397661,133,12.0,10,10,sqrt,0.0001,133,12.0,12,18773,141.15037593984962
grid,1,0.19053112500114366,0.8685164946422487,0.8713450292397661,133,12.0,10,2,sqrt,1e-05,133,12.0,12,20109,151.1954887218045
grid,1,0.20250920800026506,0.8685164946422487,0.8713450292397661,133,12.0,10,5,sqrt,1e-05,133,12.0,12,20109,151.1954887218045
grid,1,0.20048625000345055,0.8685164946422487,0.8713450292397661,133,12.0,10,7,sqrt,1e-05,133,12.0,12,20109,151.1954887218045
grid,1,0.2039937500085216,0.8685164946422487,0.8713450292397661,133,12.0,10,10,sqrt,1e-05,133,12.0,12,20109,151.1954887218045
grid,1,0.20039875000657048,0.8685164946422487,0.8713450292397661,133,12.0,10,2,sqrt,0.0,133,12.0,12,20847,156.74436090225564
grid,1,0.19057450001128018,0.8685164946422487,0.8713450292397661,133,12.0,10,5,sqrt,0.0,133,12.0,12,20847,156.74436090225564
grid,1,0.19084475000272505,0.8685164946422487,0.8713450292397661,133,12.0,10,7,sqrt,0.0,133,12.0,12,20847,156.74436090225564
grid,1,0.1915553330036346,0.8685164946422487,0.8713450292397661,133,12.0,10,10,sqrt,0.0,133,12.0,12,20847,156.74436090225564
grid,1,0.30869991600047797,0.8683678530490269,0.8713450292397661,217,8.0,7,2,sqrt,0.001,217,8.0,8,17395,80.16129032258064
grid,1,0.30860399999073707,0.8683678530490269,0.8713450292397661,217,8.0,7,5,sqrt,0.001,217,8.0,8,17395,80.16129032258064
grid,1,0.3104998749913648,0.8683678530490269,0.8713450292397661,217,8.0,7,7,sqrt,0.001,217,8.0,8,17395,80.16129032258064
grid,1,0.3130787919944851,0.8683678530490269,0.8713450292397661,217,8.0,7,10,sqrt,0.001,217,8.0,8,17395,80.16129032258064
grid,1,0.2825988339900505,0.8682870848201325,0.8713450292397661,217,8.0,4,10,log2,0.001,217,8.0,8,22113,101.90322580645162
grid,1,0.3487604999972973,0.8682790112981336,0.8713450292397661,217,12.0,10,2,sqrt,0.0001,217,12.0,12,30723,141.58064516129033
grid,1,0.344910792002338,0.8682790112981336,0.8713450292397661,217,12.0,10,5,sqrt,0.0001,217,12.0,12,30723,141.58064516129033
grid,1,0.320107082996401,0.8682790112981336,0.8713450292397661,217,12.0,10,7,sqrt,0.0001,217,12.0,12,30723,141.58064516129033
grid,1,0.3228729170077713,0.8682790112981336,0.8713450292397661,217,12.0,10,10,sqrt,0.0001,217,12.0,12,30723,141.58064516129033
grid,1,0.34877158400195185,0.8682790112981336,0.8713450292397661,217,12.0,10,2,sqrt,1e-05,217,12.0,12,32881,151.52534562211983
grid,1,0.3433670839876868,0.8682790112981336,0.8713450292397661,217,12.0,10,5,sqrt,1e-05,217,12.0,12,32881,151.52534562211983
grid,1,0.32379912500618957,0.8682790112981336,0.8713450292397661,217,12.0,10,7,sqrt,1e-05,217,12.0,12,32881,151.52534562211983
grid,1,0.31851608300348744,0.8682790112981336,0.8713450292397661,217,12.0,10,10,sqrt,1e-05,217,12.0,12,32881,151.52534562211983
grid,1,0.3357001249969471,0.8682790112981336,0.8713450292397661,217,12.0,10,2,sqrt,0.0,217,12.0,12,34093,157.110599078341
grid,1,0.34622500000114087,0.8682790112981336,0.8713450292397661,217,12.0,10,5,sqrt,0.0,217,12.0,12,34093,157.110599078341
grid,1,0.3101333749946207,0.8682790112981336,0.8713450292397661,217,12.0,10,7,sqrt,0.0,217,12.0,12,34093,157.110599078341
grid,1,0.31518212500668596,0.8682790112981336,0.8713450292397661,217,12.0,10,10,sqrt,0.0,217,12.0,12,34093,157.110599078341
grid,1,0.08219770800496917,0.8678079851577903,0.8693957115009746,50,8.0,1,10,log2,0.001,50,8.0,8,5650,113.0
grid,1,0.18027341699053068,0.867689117812546,0.8693957115009746,133,8.0,1,5,log2,0.001,133,8.0,8,16555,124.47368421052632
grid,1,0.2778252090065507,0.8676792435078717,0.8732943469785575,50,12.0,1,7,0.5,0.001,50,12.0,12,5508,110.16
grid,1,0.08208833400567528,0.8674546075560996,0.8693957115009746,50,8.0,7,2,log2,1e-05,50,8.0,8,5578,111.56
grid,1,0.08215795899741352,0.8674546075560996,0.8693957115009746,50,8.0,7,5,log2,1e-05,50,8.0,8,5578,111.56
grid,1,0.081684500008123,0.8674546075560996,0.8693957115009746,50,8.0,7,7,log2,1e-05,50,8.0,8,5578,111.56
grid,1,0.08344849999411963,0.8674546075560996,0.8693957115009746,50,8.0,7,10,log2,1e-05,50,8.0,8,5578,111.56
grid,1,0.08329075000074226,0.8674546075560996,0.8693957115009746,50,8.0,7,2,log2,0.0,50,8.0,8,5708,114.16
grid,1,0.08025904100213666,0.8674546075560996,0.8693957115009746,50,8.0,7,5,log2,0.0,50,8.0,8,5708,114.16
grid,1,0.08063279199996032,0.8674546075560996,0.8693957115009746,50,8.0,7,7,log2,0.0,50,8.0,8,5708,114.16
grid,1,0.08314079100091476,0.8674546075560996,0.8693957115009746,50,8.0,7,10,log2,0.0,50,8.0,8,5708,114.16
grid,1,0.08050129101320636,0.8674093441839802,0.8693957115009746,50,8.0,7,2,log2,0.001,50,8.0,8,4350,87.0
grid,1,0.0832209159998456,0.8674093441839802,0.8693957115009746,50,8.0,7,5,log2,0.001,50,8.0,8,4350,87.0
grid,1,0.07774824999796692,0.8674093441839802,0.8693957115009746,50,8.0,7,7,log2,0.001,50,8.0,8,4350,87.0
grid,1,0.08167729199340101,0.8674093441839802,0.8693957115009746,50,8.0,7,10,log2,0.001,50,8.0,8,4350,87.0
grid,1,0.17571829099324532,0.8670837083156007,0.8693957115009746,133,8.0,1,10,log2,0.0001,133,8.0,8,17583,132.203007518797
grid,1,0.19114504200115334,0.8670459842471793,0.8693957115009746,133,8.0,7,2,sqrt,0.001,133,8.0,8,10669,80.21804511278195
grid,1,0.18989583299844526,0.8670459842471793,0.8693957115009746,133,8.0,7,5,sqrt,0.001,133,8.0,8,10669,80.21804511278195
grid,1,0.1934553750033956,0.8670459842471793,0.8693957115009746,133,8.0,7,7,sqrt,0.001,133,8.0,8,10669,80.21804511278195
grid,1,0.18505795899545774,0.8670459842471793,0.8693957115009746,133,8.0,7,10,sqrt,0.001,133,8.0,8,10669,80.21804511278195
grid,1,0.28640779200941324,0.8669711284798104,0.8693957115009746,217,16.0,10,2,log2,0.0001,217,15.47004608294931,16,39079,180.08755760368663
grid,1,0.2822806659969501,0.8669711284798104,0.8693957115009746,217,16.0,10,5,log2,0.0001,217,15.47004608294931,16,39079,180.08755760368663
grid,1,0.28606766599114053,0.8669711284798104,0.8693957115009746,217,16.0,10,7,log2,0.0001,217,15.47004608294931,16,39079,180.08755760368663
grid,1,0.2792318329884438,0.8669711284798104,0.8693957115009746,217,16.0,10,2,log2,1e-05,217,15.497695852534562,16,41619,191.7926267281106
grid,1,0.29323704200214706,0.8669711284798104,0.8693957115009746,217,16.0,10,5,log2,1e-05,217,15.497695852534562,16,41619,191.7926267281106
grid,1,0.2942624160059495,0.8669711284798104,0.8693957115009746,217,16.0,10,7,log2,1e-05,217,15.497695852534562,16,41619,191.7926267281106
grid,1,0.28163212499930523,0.8669711284798104,0.8693957115009746,217,16.0,10,2,log2,0.0,217,15.52073732718894,16,42745,196.9815668202765
grid,1,0.28100279199134093,0.8669711284798104,0.8693957115009746,217,16.0,10,5,log2,0.0,217,15.52073732718894,16,42745,196.9815668202765
grid,1,0.2806933750107419,0.8669711284798104,0.8693957115009746,217,16.0,10,7,log2,0.0,217,15.52073732718894,16,42745,196.9815668202765
grid,1,0.3172819160099607,0.8668502711666509,0.8693957115009746,217,8.0,4,2,sqrt,0.001,217,8.0,8,20151,92.86175115207374
grid,1,0.3176304579974385,0.8668502711666509,0.8693957115009746,217,8.0,4,5,sqrt,0.001,217,8.0,8,20151,92.86175115207374
grid,1,0.3156159999925876,0.8668502711666509,0.8693957115009746,217,8.0,4,7,sqrt,0.001,217,8.0,8,20151,92.86175115207374
grid,1,0.09273920799023472,0.8665079144585286,0.8674463937621832,50,8.0,1,2,sqrt,0.0001,50,8.0,8,7560,151.2
grid,1,0.09420304199738894,0.8665079144585286,0.8674463937621832,50,8.0,1,2,sqrt,1e-05,50,8.0,8,7568,151.36
grid,1,0.10069275001296774,0.8665079144585286,0.8674463937621832,50,8.0,1,2,sqrt,0.0,50,8.0,8,7892,157.84
grid,1,0.19317858300928492,0.8664995253070356,0.8693957115009746,133,8.0,7,2,log2,0.001,133,8.0,8,11871,89.25563909774436
grid,1,0.1739555410022149,0.8664995253070356,0.8693957115009746,133,8.0,7,5,log2,0.001,133,8.0,8,11871,89.25563909774436
grid,1,0.17706050000560936,0.8664995253070356,0.8693957115009746,133,8.0,7,7,log2,0.001,133,8.0,8,11871,89.25563909774436
grid,1,0.17559716700634453,0.8664995253070356,0.8693957115009746,133,8.0,7,10,log2,0.001,133,8.0,8,11871,89.25563909774436
grid,1,0.08190012500563171,0.8664303661915779,0.8693957115009746,50,12.0,10,2,log2,0.0001,50,12.0,12,7548,150.96
grid,1,0.08050512499175966,0.8664303661915779,0.8693957115009746,50,12.0,10,5,log2,0.0001,50,12.0,12,7548,150.96
grid,1,0.08333120799215976,0.8664303661915779,0.8693957115009746,50,12.0,10,7,log2,0.0001,50,12.0,12,7548,150.96
grid,1,0.08205954100412782,0.8664303661915779,0.8693957115009746,50,12.0,10,10,log2,0.0001,50,12.0,12,7548,150.96
grid,1,0.08501574999536388,0.8664303661915779,0.8693957115009746,50,12.0,10,2,log2,1e-05,50,12.0,12,8016,160.32
grid,1,0.0842062919982709,0.8664303661915779,0.8693957115009746,50,12.0,10,5,log2,1e-05,50,12.0,12,8016,160.32
grid,1,0.08093670800735708,0.8664303661915779,0.8693957115009746,50,12.0,10,7,log2,1e-05,50,12.0,12,8016,160.32
grid,1,0.08311462499841582,0.8664303661915779,0.8693957115009746,50,12.0,10,10,log2,1e-05,50,12.0,12,8016,160.32
grid,1,0.07938054201076739,0.8664303661915779,0.8693957115009746,50,12.0,10,2,log2,0.0,50,12.0,12,8256,165.12
grid,1,0.08264974999474362,0.8664303661915779,0.8693957115009746,50,12.0,10,5,log2,0.0,50,12.0,12,8256,165.12
grid,1,0.07825933399726637,0.8664303661915779,0.8693957115009746,50,12.0,10,7,log2,0.0,50,12.0,12,8256,165.12
grid,1,0.07821683399379253,0.8664303661915779,0.8693957115009746,50,12.0,10,10,log2,0.0,50,12.0,12,8256,165.12
grid,1,0.1756338749983115,0.8663112030734407,0.8693957115009746,133,12.0,10,2,log2,0.0001,133,12.0,12,20419,153.52631578947367
grid,1,0.18002591699769255,0.8663112030734407,0.8693957115009746,133,12.0,10,5,log2,0.0001,133,12.0,12,20419,153.52631578947367
grid,1,0.17727370900684036,0.8663112030734407,0.8693957115009746,133,12.0,10,7,log2,0.0001,133,12.0,12,20419,153.52631578947367
grid,1,0.18411558399384376,0.8663112030734407,0.8693957115009746,133,12.0,10,10,log2,0.0001,133,12.0,12,20419,153.52631578947367
grid,1,0.17610983300255612,0.8663112030734407,0.8693957115009746,133,12.0,10,2,log2,1e-05,133,12.0,12,21731,163.39097744360902
grid,1,0.19669620800414123,0.8663112030734407,0.8693957115009746,133,12.0,10,5,log2,1e-05,133,12.0,12,21731,163.39097744360902
grid,1,0.17678195900225546,0.8663112030734407,0.8693957115009746,133,12.0,10,7,log2,1e-05,133,12.0,12,21731,163.39097744360902
grid,1,0.1966509159974521,0.8663112030734407,0.8693957115009746,133,12.0,10,10,log2,1e-05,133,12.0,12,21731,163.39097744360902
grid,1,0.17549762499402277,0.8663112030734407,0.8693957115009746,133,12.0,10,2,log2,0.0,133,12.0,12,22345,168.00751879699249
grid,1,0.17284387499967124,0.8663112030734407,0.8693957115009746,133,12.0,10,5,log2,0.0,133,12.0,12,22345,168.00751879699249
grid,1,0.18009791600343306,0.8663112030734407,0.8693957115009746,133,12.0,10,7,log2,0.0,133,12.0,12,22345,168.00751879699249
grid,1,0.17070037499070168,0.8663112030734407,0.8693957115009746,133,12.0,10,10,log2,0.0,133,12.0,12,22345,168.00751879699249
grid,1,0.5877265419985633,0.8663028609825212,0.8693957115009746,133,16.0,7,2,0.5,0.001,133,16.0,16,13873,104.30827067669173
grid,1,0.5825209580070805,0.8663028609825212,0.8693957115009746,133,16.0,7,5,0.5,0.001,133,16.0,16,13873,104.30827067669173
grid,1,0.5902946249989327,0.8663028609825212,0.8693957115009746,133,16.0,7,7,0.5,0.001,133,16.0,16,13873,104.30827067669173
grid,1,0.5972344999900088,0.8663028609825212,0.8693957115009746,133,16.0,7,10,0.5,0.001,133,16.0,16,13873,104.30827067669173
grid,1,0.29014683299465105,0.8662633518216107,0.8693957115009746,217,8.0,1,10,log2,0.0001,217,8.0,8,28373,130.75115207373273
grid,1,0.2915056670026388,0.8662633518216107,0.8693957115009746,217,8.0,1,10,log2,1e-05,217,8.0,8,28611,131.8479262672811
grid,1,0.29550891599501483,0.8662633518216107,0.8693957115009746,217,8.0,1,10,log2,0.0,217,8.0,8,29257,134.82488479262673
grid,1,0.08201737499621231,0.8662448363143244,0.8693957115009746,50,12.0,10,2,log2,0.001,50,11.98,12,5948,118.96
grid,1,0.08441079199837986,0.8662448363143244,0.8693957115009746,50,12.0,10,5,log2,0.001,50,11.98,12,5948,118.96
grid,1,0.09858083300059661,0.8662448363143244,0.8693957115009746,50,12.0,10,7,log2,0.001,50,11.98,12,5948,118.96
grid,1,0.08369633300753776,0.8662448363143244,0.8693957115009746,50,12.0,10,10,log2,0.001,50,11.98,12,5948,118.96
grid,1,0.31142066699976567,0.8662402515184403,0.8693957115009746,217,8.0,7,2,sqrt,0.0001,217,8.0,8,20803,95.86635944700461
grid,1,0.3404939169995487,0.8662402515184403,0.8693957115009746,217,8.0,7,5,sqrt,0.0001,217,8.0,8,20803,95.86635944700461
grid,1,0.3118602920003468,0.8662402515184403,0.8693957115009746,217,8.0,7,7,sqrt,0.0001,217,8.0,8,20803,95.86635944700461
grid,1,0.313311749996501,0.8662402515184403,0.8693957115009746,217,8.0,7,10,sqrt,0.0001,217,8.0,8,20803,95.86635944700461
grid,1,0.3108685410115868,0.8662402515184403,0.8693957115009746,217,8.0,7,2,sqrt,1e-05,217,8.0,8,21965,101.22119815668202
grid,1,0.31071604200406,0.8662402515184403,0.8693957115009746,217,8.0,7,5,sqrt,1e-05,217,8.0,8,21965,101.22119815668202
grid,1,0.30199950000678655,0.8662402515184403,0.8693957115009746,217,8.0,7,7,sqrt,1e-05,217,8.0,8,21965,101.22119815668202
grid,1,0.3155655000009574,0.8662402515184403,0.8693957115009746,217,8.0,7,10,sqrt,1e-05,217,8.0,8,21965,101.22119815668202
grid,1,0.3147690409969073,0.8662402515184403,0.8693957115009746,217,8.0,7,2,sqrt,0.0,217,8.0,8,22707,104.6405529953917
grid,1,0.29633787499915343,0.8662402515184403,0.8693957115009746,217,8.0,7,5,sqrt,0.0,217,8.0,8,22707,104.6405529953917
grid,1,0.33068537501094397,0.8662402515184403,0.8693957115009746,217,8.0,7,7,sqrt,0.0,217,8.0,8,22707,104.6405529953917
grid,1,0.31066812500648666,0.8662402515184403,0.8693957115009746,217,8.0,7,10,sqrt,0.0,217,8.0,8,22707,104.6405529953917
grid,1,0.08223916600400116,0.8661251565498616,0.8693957115009746,50,8.0,4,10,log2,0.0001,50,8.0,8,5974,119.48
grid,1,0.08205704200372566,0.8661251565498616,0.8693957115009746,50,8.0,4,10,log2,1e-05,50,8.0,8,6096,121.92
grid,1,0.08244425000157207,0.8661251565498616,0.8693957115009746,50,8.0,4,10,log2,0.0,50,8.0,8,6218,124.36
grid,1,0.08221895800670609,0.8661159299936327,0.8693957115009746,50,8.0,4,10,log2,0.001,50,8.0,8,4888,97.76
grid,1,0.28421991600771435,0.8660374547198412,0.8693957115009746,217,8.0,1,10,log2,0.001,217,8.0,8,24751,114.05990783410138
grid,1,0.20061333299963735,0.8658247414420404,0.8693957115009746,133,12.0,10,2,sqrt,0.001,133,12.0,12,15025,112.96992481203007
grid,1,0.20138716700603254,0.8658247414420404,0.8693957115009746,133,12.0,10,5,sqrt,0.001,133,12.0,12,15025,112.96992481203007
grid,1,0.19162816599418875,0.8658247414420404,0.8693957115009746,133,12.0,10,7,sqrt,0.001,133,12.0,12,15025,112.96992481203007
grid,1,0.20407999999588355,0.8658247414420404,0.8693957115009746,133,12.0,10,10,sqrt,0.001,133,12.0,12,15025,112.96992481203007
grid,1,0.8841952090006089,0.8656899739582437,0.8674463937621832,217,12.0,4,10,0.5,0.0001,217,12.0,12,25561,117.7926267281106
grid,1,0.909556665996206,0.8656899739582437,0.8674463937621832,217,12.0,4,10,0.5,1e-05,217,12.0,12,25599,117.96774193548387
grid,1,0.8885311249905499,0.8656899739582437,0.8674463937621832,217,12.0,4,10,0.5,0.0,217,12.0,12,26995,124.40092165898618
grid,1,0.24745783398975618,0.8653414867667224,0.8674463937621832,50,12.0,1,10,0.5,0.001,50,12.0,12,5278,105.56
grid,1,0.5661166250065435,0.8652443176257465,0.8693957115009746,133,12.0,1,10,0.5,0.001,133,12.0,12,13833,104.00751879699249
grid,1,0.1772845000086818,0.8650860871294151,0.8674463937621832,133,8.0,1,10,log2,1e-05,133,8.0,8,17737,133.3609022556391
grid,1,0.16057150000415277,0.8650860871294151,0.8674463937621832,133,8.0,1,10,log2,0.0,133,8.0,8,18121,136.24812030075188
grid,1,0.2836836669885088,0.865082016029579,0.8674463937621832,217,16.0,10,2,log2,0.001,217,15.299539170506913,16,30793,141.90322580645162
grid,1,0.28465045800840016,0.865082016029579,0.8674463937621832,217,16.0,10,5,log2,0.001,217,15.299539170506913,16,30793,141.90322580645162
grid,1,0.28870158300560433,0.865082016029579,0.8674463937621832,217,16.0,10,7,log2,0.001,217,15.299539170506913,16,30793,141.90322580645162
grid,1,0.24630791701201815,0.8650430770195836,0.8693957115009746,50,12.0,1,2,0.5,0.001,50,12.0,12,6074,121.48
grid,1,0.08436662500025705,0.8649612955084925,0.8674463937621832,50,8.0,1,5,sqrt,0.0001,50,8.0,8,6274,125.48
grid,1,0.11686408400419168,0.8649612955084925,0.8674463937621832,50,8.0,1,5,sqrt,1e-05,50,8.0,8,6290,125.8
grid,1,0.09496149999904446,0.8649612955084925,0.8674463937621832,50,8.0,1,5,sqrt,0.0,50,8.0,8,6462,129.24
grid,1,0.1868232499982696,0.8647770801493279,0.8674463937621832,133,8.0,7,2,sqrt,0.0001,133,8.0,8,12809,96.30827067669173
grid,1,0.19640762500057463,0.8647770801493279,0.8674463937621832,133,8.0,7,5,sqrt,0.0001,133,8.0,8,12809,96.30827067669173
grid,1,0.19756045800750144,0.8647770801493279,0.8674463937621832,133,8.0,7,7,sqrt,0.0001,133,8.0,8,12809,96.30827067669173
grid,1,0.19022150000091642,0.8647770801493279,0.8674463937621832,133,8.0,7,10,sqrt,0.0001,133,8.0,8,12809,96.30827067669173
grid,1,0.5968907079950441,0.8644940812296533,0.8674463937621832,133,16.0,7,2,0.5,0.0001,133,16.0,16,17179,129.1654135338346
grid,1,0.6065407919959398,0.8644940812296533,0.8674463937621832,133,16.0,7,5,0.5,0.0001,133,16.0,16,17179,129.1654135338346
grid,1,0.5900809160084464,0.8644940812296533,0.8674463937621832,133,16.0,7,7,0.5,0.0001,133,16.0,16,17179,129.1654135338346
grid,1,0.5782018750032876,0.8644940812296533,0.8674463937621832,133,16.0,7,10,0.5,0.0001,133,16.0,16,17179,129.1654135338346
grid,1,0.5958691660052864,0.8644940812296533,0.8674463937621832,133,16.0,7,2,0.5,1e-05,133,16.0,16,18239,137.13533834586465
grid,1,0.6108941249985946,0.8644940812296533,0.8674463937621832,133,16.0,7,5,0.5,1e-05,133,16.0,16,18239,137.13533834586465
grid,1,0.5781828340113861,0.8644940812296533,0.8674463937621832,133,16.0,7,7,0.5,1e-05,133,16.0,16,18239,137.13533834586465
grid,1,0.5968280419911025,0.8644940812296533,0.8674463937621832,133,16.0,7,10,0.5,1e-05,133,16.0,16,18239,137.13533834586465
grid,1,0.5827451670047594,0.8644940812296533,0.8674463937621832,133,16.0,7,2,0.5,0.0,133,16.0,16,19471,146.3984962406015
grid,1,0.5819859170005657,0.8644940812296533,0.8674463937621832,133,16.0,7,5,0.5,0.0,133,16.0,16,19471,146.3984962406015
grid,1,0.5782635000068694,0.8644940812296533,0.8674463937621832,133,16.0,7,7,0.5,0.0,133,16.0,16,19471,146.3984962406015
grid,1,0.5896540409885347,0.8644940812296533,0.8674463937621832,133,16.0,7,10,0.5,0.0,133,16.0,16,19471,146.3984962406015
grid,1,0.0837109170097392,0.8644917240803007,0.8674463937621832,50,8.0,4,10,sqrt,0.0001,50,8.0,8,5420,108.4
grid,1,0.0932904170040274,0.8644917240803007,0.8674463937621832,50,8.0,4,10,sqrt,1e-05,50,8.0,8,5470,109.4
grid,1,0.08279466700332705,0.8644917240803007,0.8674463937621832,50,8.0,4,10,sqrt,0.0,50,8.0,8,5626,112.52
grid,1,0.2969857080024667,0.8643592921697733,0.8674463937621832,217,12.0,10,2,log2,0.0001,217,12.0,12,33189,152.9447004608295
grid,1,0.2945383329933975,0.8643592921697733,0.8674463937621832,217,12.0,10,5,log2,0.0001,217,12.0,12,33189,152.9447004608295
grid,1,0.28816475000348873,0.8643592921697733,0.8674463937621832,217,12.0,10,7,log2,0.0001,217,12.0,12,33189,152.9447004608295
grid,1,0.28626937499211635,0.8643592921697733,0.8674463937621832,217,12.0,10,10,log2,0.0001,217,12.0,12,33189,152.9447004608295
grid,1,0.33207150000089314,0.8643592921697733,0.8674463937621832,217,12.0,10,2,log2,1e-05,217,12.0,12,35389,163.08294930875576
grid,1,0.3030677909991937,0.8643592921697733,0.8674463937621832,217,12.0,10,5,log2,1e-05,217,12.0,12,35389,163.08294930875576
grid,1,0.3130448330048239,0.8643592921697733,0.8674463937621832,217,12.0,10,7,log2,1e-05,217,12.0,12,35389,163.08294930875576
grid,1,0.2851390830037417,0.8643592921697733,0.8674463937621832,217,12.0,10,10,log2,1e-05,217,12.0,12,35389,163.08294930875576
grid,1,0.3015844999899855,0.8643592921697733,0.8674463937621832,217,12.0,10,2,log2,0.0,217,12.0,12,36359,167.55299539170508
grid,1,0.2969554580049589,0.8643592921697733,0.8674463937621832,217,12.0,10,5,log2,0.0,217,12.0,12,36359,167.55299539170508
grid,1,0.2830630829994334,0.8643592921697733,0.8674463937621832,217,12.0,10,7,log2,0.0,217,12.0,12,36359,167.55299539170508
grid,1,0.2804309580096742,0.8643592921697733,0.8674463937621832,217,12.0,10,10,log2,0.0,217,12.0,12,36359,167.55299539170508
grid,1,0.30171083299501333,0.8643406389648773,0.8674463937621832,217,12.0,10,2,log2,0.001,217,11.990783410138249,12,26463,121.94930875576037
grid,1,0.30433462500513997,0.8643406389648773,0.8674463937621832,217,12.0,10,5,log2,0.001,217,11.990783410138249,12,26463,121.94930875576037
grid,1,0.28200225000909995,0.8643406389648773,0.8674463937621832,217,12.0,10,7,log2,0.001,217,11.990783410138249,12,26463,121.94930875576037
grid,1,0.2877500839967979,0.8643406389648773,0.8674463937621832,217,12.0,10,10,log2,0.001,217,11.990783410138249,12,26463,121.94930875576037
grid,1,0.08016970798780676,0.8643316761967358,0.8674463937621832,50,12.0,7,2,log2,0.0001,50,12.0,12,9092,181.84
grid,1,0.07598074999987148,0.8643316761967358,0.8674463937621832,50,12.0,7,5,log2,0.0001,50,12.0,12,9092,181.84
grid,1,0.08193212500191294,0.8643316761967358,0.8674463937621832,50,12.0,7,7,log2,0.0001,50,12.0,12,9092,181.84
grid,1,0.0822479999915231,0.8643316761967358,0.8674463937621832,50,12.0,7,10,log2,0.0001,50,12.0,12,9092,181.84
grid,1,0.11689049999404233,0.8642024648197307,0.8674463937621832,50,12.0,7,2,log2,1e-05,50,12.0,12,9676,193.52
grid,1,0.08168299999670126,0.8642024648197307,0.8674463937621832,50,12.0,7,5,log2,1e-05,50,12.0,12,9676,193.52
grid,1,0.08341429100255482,0.8642024648197307,0.8674463937621832,50,12.0,7,7,log2,1e-05,50,12.0,12,9676,193.52
grid,1,0.08058320901182014,0.8642024648197307,0.8674463937621832,50,12.0,7,10,log2,1e-05,50,12.0,12,9676,193.52
grid,1,0.0850135410000803,0.8642024648197307,0.8674463937621832,50,12.0,7,2,log2,0.0,50,12.0,12,9986,199.72
grid,1,0.08261895900068339,0.8642024648197307,0.8674463937621832,50,12.0,7,5,log2,0.0,50,12.0,12,9986,199.72
grid,1,0.08264858300390188,0.8642024648197307,0.8674463937621832,50,12.0,7,7,log2,0.0,50,12.0,12,9986,199.72
grid,1,0.08185662499454338,0.8642024648197307,0.8674463937621832,50,12.0,7,10,log2,0.0,50,12.0,12,9986,199.72
grid,1,0.08394875000522006,0.8640376077497319,0.8654970760233918,50,8.0,1,10,log2,0.0001,50,8.0,8,6488,129.76
grid,1,0.08087958299438469,0.8640376077497319,0.8654970760233918,50,8.0,1,10,log2,1e-05,50,8.0,8,6550,131.0
grid,1,0.08317108299524989,0.8640376077497319,0.8654970760233918,50,8.0,1,10,log2,0.0,50,8.0,8,6674,133.48
grid,1,0.17998758298926987,0.8639641298568023,0.8674463937621832,133,12.0,10,2,log2,0.001,133,11.984962406015038,12,16247,122.15789473684211
grid,1,0.1764019160036696,0.8639641298568023,0.8674463937621832,133,12.0,10,5,log2,0.001,133,11.984962406015038,12,16247,122.15789473684211
grid,1,0.17988112499006093,0.8639641298568023,0.8674463937621832,133,12.0,10,7,log2,0.001,133,11.984962406015038,12,16247,122.15789473684211
grid,1,0.17430537501059007,0.8639641298568023,0.8674463937621832,133,12.0,10,10,log2,0.001,133,11.984962406015038,12,16247,122.15789473684211
grid,1,0.9545940000098199,0.8638550647297397,0.8674463937621832,217,16.0,10,2,0.5,0.0001,217,15.995391705069125,16,25279,116.49308755760369
grid,1,0.9207282499992289,0.8638550647297397,0.8674463937621832,217,16.0,10,5,0.5,0.0001,217,15.995391705069125,16,25279,116.49308755760369
grid,1,0.9303434579924215,0.8638550647297397,0.8674463937621832,217,16.0,10,2,0.5,1e-05,217,15.995391705069125,16,27487,126.66820276497695
grid,1,0.9407175829983316,0.8638550647297397,0.8674463937621832,217,16.0,10,5,0.5,1e-05,217,15.995391705069125,16,27487,126.66820276497695
grid,1,0.948638125002617,0.8638550647297397,0.8674463937621832,217,16.0,10,7,0.5,1e-05,217,15.995391705069125,16,27487,126.66820276497695
grid,1,0.9182675420015585,0.8638550647297397,0.8674463937621832,217,16.0,10,2,0.5,0.0,217,15.995391705069125,16,29507,135.97695852534562
grid,1,0.9287857080053072,0.8638550647297397,0.8674463937621832,217,16.0,10,5,0.5,0.0,217,15.995391705069125,16,29507,135.97695852534562
grid,1,0.9441690419916995,0.8638550647297397,0.8674463937621832,217,16.0,10,7,0.5,0.0,217,15.995391705069125,16,29507,135.97695852534562
grid,1,0.9055985000013607,0.863654310664148,0.8674463937621832,217,12.0,4,2,0.5,0.0001,217,12.0,12,26611,122.63133640552995
grid,1,0.8940057500003604,0.863654310664148,0.8674463937621832,217,12.0,4,5,0.5,0.0001,217,12.0,12,26611,122.63133640552995
grid,1,0.8970349579903996,0.863654310664148,0.8674463937621832,217,12.0,4,7,0.5,0.0001,217,12.0,12,26611,122.63133640552995
grid,1,0.8753509590023896,0.863654310664148,0.8674463937621832,217,12.0,4,2,0.5,1e-05,217,12.0,12,26675,122.92626728110599
grid,1,0.9074609169911128,0.863654310664148,0.8674463937621832,217,12.0,4,5,0.5,1e-05,217,12.0,12,26675,122.92626728110599
grid,1,0.8819776660093339,0.863654310664148,0.8674463937621832,217,12.0,4,7,0.5,1e-05,217,12.0,12,26675,122.92626728110599
grid,1,0.9013124589982908,0.863654310664148,0.8674463937621832,217,12.0,4,2,0.5,0.0,217,12.0,12,28183,129.87557603686636
grid,1,0.8769079579942627,0.863654310664148,0.8674463937621832,217,12.0,4,5,0.5,0.0,217,12.0,12,28183,129.87557603686636
grid,1,0.9088500420039054,0.863654310664148,0.8674463937621832,217,12.0,4,7,0.5,0.0,217,12.0,12,28183,129.87557603686636
grid,1,0.17803025001194328,0.8634580849206885,0.8654970760233918,133,8.0,1,2,log2,0.001,133,8.0,8,17465,131.31578947368422
grid,1,0.09353025000018533,0.863240041426234,0.8654970760233918,50,8.0,1,10,sqrt,0.0001,50,8.0,8,5542,110.84
grid,1,0.08483362499100622,0.863240041426234,0.8654970760233918,50,8.0,1,10,sqrt,1e-05,50,8.0,8,5566,111.32
grid,1,0.09069987499970011,0.863240041426234,0.8654970760233918,50,8.0,1,10,sqrt,0.0,50,8.0,8,5704,114.08
grid,1,0.1896464589954121,0.8629395010001049,0.8654970760233918,133,8.0,7,2,sqrt,1e-05,133,8.0,8,13503,101.52631578947368
grid,1,0.1914825839921832,0.8629395010001049,0.8654970760233918,133,8.0,7,5,sqrt,1e-05,133,8.0,8,13503,101.52631578947368
grid,1,0.18782854100572877,0.8629395010001049,0.8654970760233918,133,8.0,7,7,sqrt,1e-05,133,8.0,8,13503,101.52631578947368
grid,1,0.18586279198643751,0.8629395010001049,0.8654970760233918,133,8.0,7,10,sqrt,1e-05,133,8.0,8,13503,101.52631578947368
grid,1,0.18852725000760984,0.8629395010001049,0.8654970760233918,133,8.0,7,2,sqrt,0.0,133,8.0,8,13967,105.01503759398496
grid,1,0.19109504199877847,0.8629395010001049,0.8654970760233918,133,8.0,7,5,sqrt,0.0,133,8.0,8,13967,105.01503759398496
grid,1,0.1863704170100391,0.8629395010001049,0.8654970760233918,133,8.0,7,7,sqrt,0.0,133,8.0,8,13967,105.01503759398496
grid,1,0.18698033300461248,0.8629395010001049,0.8654970760233918,133,8.0,7,10,sqrt,0.0,133,8.0,8,13967,105.01503759398496
grid,1,0.0786811250000028,0.8628732054895499,0.8654970760233918,50,8.0,1,2,log2,0.0001,50,8.0,8,8712,174.24
grid,1,0.0796710420108866,0.8628732054895499,0.8654970760233918,50,8.0,1,2,log2,1e-05,50,8.0,8,8742,174.84
grid,1,0.08207624999340624,0.8628732054895499,0.8654970760233918,50,8.0,1,2,log2,0.0,50,8.0,8,9042,180.84
grid,1,0.19479387500905432,0.8628153151856128,0.8654970760233918,133,8.0,4,2,sqrt,0.0001,133,8.0,8,15475,116.35338345864662
grid,1,0.19273716599855106,0.8628153151856128,0.8654970760233918,133,8.0,4,5,sqrt,0.0001,133,8.0,8,15475,116.35338345864662
grid,1,0.2012046660092892,0.8628153151856128,0.8654970760233918,133,8.0,4,7,sqrt,0.0001,133,8.0,8,15475,116.35338345864662
grid,1,0.20065083300869446,0.8628153151856128,0.8654970760233918,133,8.0,4,2,sqrt,1e-05,133,8.0,8,15663,117.76691729323308
grid,1,0.1821469580027042,0.8628153151856128,0.8654970760233918,133,8.0,4,5,sqrt,1e-05,133,8.0,8,15663,117.76691729323308
grid,1,0.18733133299974725,0.8628153151856128,0.8654970760233918,133,8.0,4,7,sqrt,1e-05,133,8.0,8,15663,117.76691729323308
grid,1,0.1834702920023119,0.8628153151856128,0.8654970760233918,133,8.0,4,2,sqrt,0.0,133,8.0,8,16125,121.2406015037594
grid,1,0.18531395799072925,0.8628153151856128,0.8654970760233918,133,8.0,4,5,sqrt,0.0,133,8.0,8,16125,121.2406015037594
grid,1,0.17764500000339467,0.8628153151856128,0.8654970760233918,133,8.0,4,7,sqrt,0.0,133,8.0,8,16125,121.2406015037594
grid,1,0.9099554580025142,0.8627616479101913,0.8674463937621832,217,12.0,1,7,0.5,0.001,217,12.0,12,23673,109.09216589861751
grid,1,0.9252121669996995,0.8627422002722213,0.8674463937621832,217,12.0,1,2,0.5,0.001,217,12.0,12,25837,119.06451612903226
grid,1,0.2781867910089204,0.8625279978838041,0.8654970760233918,217,8.0,7,2,log2,0.0001,217,8.0,8,23307,107.40552995391705
grid,1,0.2800674999889452,0.8625279978838041,0.8654970760233918,217,8.0,7,5,log2,0.0001,217,8.0,8,23307,107.40552995391705
grid,1,0.28885391699441243,0.8625279978838041,0.8654970760233918,217,8.0,7,7,log2,0.0001,217,8.0,8,23307,107.40552995391705
grid,1,0.27873741700022947,0.8625279978838041,0.8654970760233918,217,8.0,7,10,log2,0.0001,217,8.0,8,23307,107.40552995391705
grid,1,0.2633261669980129,0.8625279978838041,0.8654970760233918,217,8.0,7,2,log2,1e-05,217,8.0,8,24667,113.67281105990783
grid,1,0.27367133399820887,0.8625279978838041,0.8654970760233918,217,8.0,7,5,log2,1e-05,217,8.0,8,24667,113.67281105990783
grid,1,0.29607179199228995,0.8625279978838041,0.8654970760233918,217,8.0,7,7,log2,1e-05,217,8.0,8,24667,113.67281105990783
grid,1,0.307513249994372,0.8625279978838041,0.8654970760233918,217,8.0,7,10,log2,1e-05,217,8.0,8,24667,113.67281105990783
grid,1,0.2979097909992561,0.8625279978838041,0.8654970760233918,217,8.0,7,2,log2,0.0,217,8.0,8,25299,116.5852534562212
grid,1,0.2965699579945067,0.8625279978838041,0.8654970760233918,217,8.0,7,5,log2,0.0,217,8.0,8,25299,116.5852534562212
grid,1,0.27682445899699815,0.8625279978838041,0.8654970760233918,217,8.0,7,7,log2,0.0,217,8.0,8,25299,116.5852534562212
grid,1,0.2833632090041647,0.8625279978838041,0.8654970760233918,217,8.0,7,10,log2,0.0,217,8.0,8,25299,116.5852534562212
grid,1,0.09411662501224782,0.8624990138347371,0.8654970760233918,50,8.0,4,10,sqrt,0.001,50,8.0,8,4412,88.24
grid,1,0.5837160830124049,0.8620058824345053,0.8654970760233918,133,20.0,10,2,0.5,0.0001,133,19.894736842105264,20,17771,133.61654135338347
grid,1,0.5907228750002105,0.8620058824345053,0.8654970760233918,133,20.0,10,5,0.5,0.0001,133,19.894736842105264,20,17771,133.61654135338347
grid,1,0.5889766670006793,0.8620058824345053,0.8654970760233918,133,20.0,10,7,0.5,0.0001,133,19.894736842105264,20,17771,133.61654135338347
grid,1,0.5903925419988809,0.8620058824345053,0.8654970760233918,133,20.0,10,10,0.5,0.0001,133,19.894736842105264,20,17771,133.61654135338347
grid,1,0.587006375004421,0.8620058824345053,0.8654970760233918,133,20.0,10,2,0.5,1e-05,133,19.894736842105264,20,19261,144.81954887218046
grid,1,0.5829045409918763,0.8620058824345053,0.8654970760233918,133,20.0,10,5,0.5,1e-05,133,19.894736842105264,20,19261,144.81954887218046
grid,1,0.5943547500064597,0.8620058824345053,0.8654970760233918,133,20.0,10,7,0.5,1e-05,133,19.894736842105264,20,19261,144.81954887218046
grid,1,0.5779598749941215,0.8620058824345053,0.8654970760233918,133,20.0,10,10,0.5,1e-05,133,19.894736842105264,20,19261,144.81954887218046
grid,1,0.6072901250008726,0.8620058824345053,0.8654970760233918,133,20.0,10,2,0.5,0.0,133,19.894736842105264,20,20593,154.8345864661654
grid,1,0.5913609160052147,0.8620058824345053,0.8654970760233918,133,20.0,10,5,0.5,0.0,133,19.894736842105264,20,20593,154.8345864661654
grid,1,0.5986960000009276,0.8620058824345053,0.8654970760233918,133,20.0,10,7,0.5,0.0,133,19.894736842105264,20,20593,154.8345864661654
grid,1,0.5825037080066977,0.8620058824345053,0.8654970760233918,133,20.0,10,10,0.5,0.0,133,19.894736842105264,20,20593,154.8345864661654
grid,1,0.17582062499423046,0.8615995798248275,0.8635477582846004,133,8.0,1,2,log2,0.0001,133,8.0,8,23807,179.0
grid,1,0.17622912500519305,0.8615995798248275,0.8635477582846004,133,8.0,1,2,log2,1e-05,133,8.0,8,23879,179.54135338345864
grid,1,0.16189045799546875,0.8615995798248275,0.8635477582846004,133,8.0,1,2,log2,0.0,133,8.0,8,24731,185.94736842105263
grid,1,0.0947449169907486,0.8611251705881516,0.8635477582846004,50,8.0,1,10,sqrt,0.001,50,8.0,8,4858,97.16
grid,1,0.08160962499096058,0.860920093277718,0.8635477582846004,50,8.0,4,2,sqrt,0.0001,50,8.0,8,5652,113.04
grid,1,0.0949138750002021,0.860920093277718,0.8635477582846004,50,8.0,4,5,sqrt,0.0001,50,8.0,8,5652,113.04
grid,1,0.09197862498695031,0.860920093277718,0.8635477582846004,50,8.0,4,7,sqrt,0.0001,50,8.0,8,5652,113.04
grid,1,0.09447779200854711,0.8606765521793542,0.8635477582846004,50,8.0,1,5,sqrt,0.001,50,8.0,8,5248,104.96
grid,1,0.1987304590002168,0.8606192448463701,0.8635477582846004,133,8.0,10,2,sqrt,0.0001,133,8.0,8,11737,88.24812030075188
grid,1,0.19089787499979138,0.8606192448463701,0.8635477582846004,133,8.0,10,5,sqrt,0.0001,133,8.0,8,11737,88.24812030075188
grid,1,0.1869630830042297,0.8606192448463701,0.8635477582846004,133,8.0,10,7,sqrt,0.0001,133,8.0,8,11737,88.24812030075188
grid,1,0.18893779200152494,0.8606192448463701,0.8635477582846004,133,8.0,10,10,sqrt,0.0001,133,8.0,8,11737,88.24812030075188
grid,1,0.18793658399954438,0.8606192448463701,0.8635477582846004,133,8.0,10,2,sqrt,1e-05,133,8.0,8,12435,93.49624060150376
grid,1,0.18648254200525116,0.8606192448463701,0.8635477582846004,133,8.0,10,5,sqrt,1e-05,133,8.0,8,12435,93.49624060150376
grid,1,0.19082987499132287,0.8606192448463701,0.8635477582846004,133,8.0,10,7,sqrt,1e-05,133,8.0,8,12435,93.49624060150376
grid,1,0.2125060419930378,0.8606192448463701,0.8635477582846004,133,8.0,10,10,sqrt,1e-05,133,8.0,8,12435,93.49624060150376
grid,1,0.1871673749992624,0.8606192448463701,0.8635477582846004,133,8.0,10,2,sqrt,0.0,133,8.0,8,12869,96.7593984962406
grid,1,0.1877972500078613,0.8606192448463701,0.8635477582846004,133,8.0,10,5,sqrt,0.0,133,8.0,8,12869,96.7593984962406
grid,1,0.186701250000624,0.8606192448463701,0.8635477582846004,133,8.0,10,7,sqrt,0.0,133,8.0,8,12869,96.7593984962406
grid,1,0.18883041699882597,0.8606192448463701,0.8635477582846004,133,8.0,10,10,sqrt,0.0,133,8.0,8,12869,96.7593984962406
grid,1,0.19050512499234173,0.8604049684581806,0.8635477582846004,133,8.0,10,2,sqrt,0.001,133,8.0,8,9743,73.25563909774436
grid,1,0.1906444580090465,0.8604049684581806,0.8635477582846004,133,8.0,10,5,sqrt,0.001,133,8.0,8,9743,73.25563909774436
grid,1,0.19209387499722652,0.8604049684581806,0.8635477582846004,133,8.0,10,7,sqrt,0.001,133,8.0,8,9743,73.25563909774436
grid,1,0.1858553330093855,0.8604049684581806,0.8635477582846004,133,8.0,10,10,sqrt,0.001,133,8.0,8,9743,73.25563909774436
grid,1,0.5752741250034887,0.8602434431246012,0.8654970760233918,133,12.0,1,2,0.5,0.001,133,12.0,12,15847,119.15037593984962
grid,1,0.3102259159932146,0.8602304932130506,0.8635477582846004,217,8.0,10,2,sqrt,0.001,217,8.0,8,15795,72.78801843317973
grid,1,0.3159226249990752,0.8602304932130506,0.8635477582846004,217,8.0,10,5,sqrt,0.001,217,8.0,8,15795,72.78801843317973
grid,1,0.31029408299946226,0.8602304932130506,0.8635477582846004,217,8.0,10,7,sqrt,0.001,217,8.0,8,15795,72.78801843317973
grid,1,0.3061842919996707,0.8602304932130506,0.8635477582846004,217,8.0,10,10,sqrt,0.001,217,8.0,8,15795,72.78801843317973
grid,1,0.245975833007833,0.8598514988734592,0.8635477582846004,50,20.0,10,2,0.5,0.0001,50,19.88,20,6696,133.92
grid,1,0.24188383300497662,0.8598514988734592,0.8635477582846004,50,20.0,10,5,0.5,0.0001,50,19.88,20,6696,133.92
grid,1,0.26695362500322517,0.8598514988734592,0.8635477582846004,50,20.0,10,7,0.5,0.0001,50,19.88,20,6696,133.92
grid,1,0.24753395799780264,0.8598514988734592,0.8635477582846004,50,20.0,10,10,0.5,0.0001,50,19.88,20,6696,133.92
grid,1,0.590676457999507,0.8597239178984172,0.8635477582846004,133,,10,2,0.5,0.0001,133,22.345864661654137,27,18703,140.62406015037595
grid,1,0.6290022500033956,0.8597239178984172,0.8635477582846004,133,,10,5,0.5,0.0001,133,22.345864661654137,27,18703,140.62406015037595
grid,1,0.5969899999909103,0.8597239178984172,0.8635477582846004,133,,10,7,0.5,0.0001,133,22.345864661654137,27,18703,140.62406015037595
grid,1,0.5929503340012161,0.8597239178984172,0.8635477582846004,133,,10,10,0.5,0.0001,133,22.345864661654137,27,18703,140.62406015037595
grid,1,0.59194004200981,0.8597239178984172,0.8635477582846004,133,,10,2,0.5,1e-05,133,22.39097744360902,27,20243,152.203007518797
grid,1,0.6107759169972269,0.8597239178984172,0.8635477582846004,133,,10,5,0.5,1e-05,133,22.39097744360902,27,20243,152.203007518797
grid,1,0.6016617499990389,0.8597239178984172,0.8635477582846004,133,,10,7,0.5,1e-05,133,22.39097744360902,27,20243,152.203007518797
grid,1,0.591660750011215,0.8597239178984172,0.8635477582846004,133,,10,10,0.5,1e-05,133,22.39097744360902,27,20243,152.203007518797
grid,1,0.5896265410119668,0.8597239178984172,0.8635477582846004,133,,10,2,0.5,0.0,133,22.398496240601503,27,21627,162.60902255639098
grid,1,0.5851781669916818,0.8597239178984172,0.8635477582846004,133,,10,5,0.5,0.0,133,22.398496240601503,27,21627,162.60902255639098
grid,1,0.5958150829974329,0.8597239178984172,0.8635477582846004,133,,10,7,0.5,0.0,133,22.398496240601503,27,21627,162.60902255639098
grid,1,0.5868036660103826,0.8597239178984172,0.8635477582846004,133,,10,10,0.5,0.0,133,22.398496240601503,27,21627,162.60902255639098
grid,1,0.8916137909982353,0.8595138555708797,0.8635477582846004,217,12.0,4,2,0.5,0.001,217,12.0,12,20979,96.6774193548387
grid,1,0.9885714580013882,0.8595138555708797,0.8635477582846004,217,12.0,4,5,0.5,0.001,217,12.0,12,20979,96.6774193548387
grid,1,0.88820274999307,0.8595138555708797,0.8635477582846004,217,12.0,4,7,0.5,0.001,217,12.0,12,20979,96.6774193548387
grid,1,0.09268766701279674,0.8595047584831491,0.8615984405458089,50,8.0,7,2,sqrt,0.001,50,8.0,8,3996,79.92
grid,1,0.08258204199955799,0.8595047584831491,0.8615984405458089,50,8.0,7,5,sqrt,0.001,50,8.0,8,3996,79.92
grid,1,0.09287495799071621,0.8595047584831491,0.8615984405458089,50,8.0,7,7,sqrt,0.001,50,8.0,8,3996,79.92
grid,1,0.08150045899674296,0.8595047584831491,0.8615984405458089,50,8.0,7,10,sqrt,0.001,50,8.0,8,3996,79.92
grid,1,0.08121350000146776,0.8595047584831491,0.8615984405458089,50,8.0,7,2,sqrt,0.0001,50,8.0,8,4794,95.88
grid,1,0.08227445901138708,0.8595047584831491,0.8615984405458089,50,8.0,7,5,sqrt,0.0001,50,8.0,8,4794,95.88
grid,1,0.08274070899642538,0.8595047584831491,0.8615984405458089,50,8.0,7,7,sqrt,0.0001,50,8.0,8,4794,95.88
grid,1,0.09114341701206286,0.8595047584831491,0.8615984405458089,50,8.0,7,10,sqrt,0.0001,50,8.0,8,4794,95.88
grid,1,0.07995041699905414,0.8595047584831491,0.8615984405458089,50,8.0,7,2,sqrt,1e-05,50,8.0,8,5068,101.36
grid,1,0.09394683400751092,0.8595047584831491,0.8615984405458089,50,8.0,7,5,sqrt,1e-05,50,8.0,8,5068,101.36
grid,1,0.09592875000089407,0.8595047584831491,0.8615984405458089,50,8.0,7,7,sqrt,1e-05,50,8.0,8,5068,101.36
grid,1,0.09430629100825172,0.8595047584831491,0.8615984405458089,50,8.0,7,10,sqrt,1e-05,50,8.0,8,5068,101.36
grid,1,0.09404999999969732,0.8595047584831491,0.8615984405458089,50,8.0,7,2,sqrt,0.0,50,8.0,8,5250,105.0
grid,1,0.08214320900151506,0.8595047584831491,0.8615984405458089,50,8.0,7,5,sqrt,0.0,50,8.0,8,5250,105.0
grid,1,0.11095195899542887,0.8595047584831491,0.8615984405458089,50,8.0,7,7,sqrt,0.0,50,8.0,8,5250,105.0
grid,1,0.09202079099486582,0.8595047584831491,0.8615984405458089,50,8.0,7,10,sqrt,0.0,50,8.0,8,5250,105.0
grid,1,0.5900394999916898,0.8591617614272837,0.8635477582846004,133,,10,2,0.5,0.001,133,21.8796992481203,26,15165,114.02255639097744
grid,1,0.5909547089977423,0.8591617614272837,0.8635477582846004,133,,10,5,0.5,0.001,133,21.8796992481203,26,15165,114.02255639097744
grid,1,0.5924948750034673,0.8591617614272837,0.8635477582846004,133,,10,7,0.5,0.001,133,21.8796992481203,26,15165,114.02255639097744
grid,1,0.5822783329931553,0.8591617614272837,0.8635477582846004,133,,10,10,0.5,0.001,133,21.8796992481203,26,15165,114.02255639097744
grid,1,0.09156249999068677,0.859098230609236,0.8615984405458089,50,8.0,4,2,sqrt,0.001,50,8.0,8,4556,91.12
grid,1,0.09482441599539015,0.859098230609236,0.8615984405458089,50,8.0,4,5,sqrt,0.001,50,8.0,8,4556,91.12
grid,1,0.08462637499906123,0.859098230609236,0.8615984405458089,50,8.0,4,7,sqrt,0.001,50,8.0,8,4556,91.12
grid,1,0.09165962498809677,0.85880577557018,0.8615984405458089,50,8.0,4,2,sqrt,1e-05,50,8.0,8,5726,114.52
grid,1,0.09419845799857285,0.85880577557018,0.8615984405458089,50,8.0,4,5,sqrt,1e-05,50,8.0,8,5726,114.52
grid,1,0.0931791670009261,0.85880577557018,0.8615984405458089,50,8.0,4,7,sqrt,1e-05,50,8.0,8,5726,114.52
grid,1,0.11110075000033248,0.85880577557018,0.8615984405458089,50,8.0,4,2,sqrt,0.0,50,8.0,8,5880,117.6
grid,1,0.0924806660041213,0.85880577557018,0.8615984405458089,50,8.0,4,5,sqrt,0.0,50,8.0,8,5880,117.6
grid,1,0.09191433399973903,0.85880577557018,0.8615984405458089,50,8.0,4,7,sqrt,0.0,50,8.0,8,5880,117.6
grid,1,0.19146862499474082,0.8587776504021853,0.8615984405458089,133,8.0,4,2,sqrt,0.001,133,8.0,8,12445,93.57142857142857
grid,1,0.1877716250019148,0.8587776504021853,0.8615984405458089,133,8.0,4,5,sqrt,0.001,133,8.0,8,12445,93.57142857142857
grid,1,0.1929045829892857,0.8587776504021853,0.8615984405458089,133,8.0,4,7,sqrt,0.001,133,8.0,8,12445,93.57142857142857
grid,1,0.17912849999265745,0.858557574877595,0.8615984405458089,133,8.0,1,10,log2,0.001,133,8.0,8,15337,115.3157894736842
grid,1,0.09025395900243893,0.8585142454737476,0.8615984405458089,50,12.0,7,2,log2,0.001,50,12.0,12,7160,143.2
grid,1,0.08398483399651013,0.8585142454737476,0.8615984405458089,50,12.0,7,5,log2,0.001,50,12.0,12,7160,143.2
grid,1,0.08331862499471754,0.8585142454737476,0.8615984405458089,50,12.0,7,7,log2,0.001,50,12.0,12,7160,143.2
grid,1,0.0806319999974221,0.8585142454737476,0.8615984405458089,50,12.0,7,10,log2,0.001,50,12.0,12,7160,143.2
grid,1,0.3033961250039283,0.8583311771816481,0.8615984405458089,217,8.0,10,2,sqrt,0.0001,217,8.0,8,19055,87.8110599078341
grid,1,0.32121587501023896,0.8583311771816481,0.8615984405458089,217,8.0,10,5,sqrt,0.0001,217,8.0,8,19055,87.8110599078341
grid,1,0.315022124996176,0.8583311771816481,0.8615984405458089,217,8.0,10,7,sqrt,0.0001,217,8.0,8,19055,87.8110599078341
grid,1,0.3064507090020925,0.8583311771816481,0.8615984405458089,217,8.0,10,10,sqrt,0.0001,217,8.0,8,19055,87.8110599078341
grid,1,0.31246050000481773,0.8583311771816481,0.8615984405458089,217,8.0,10,2,sqrt,1e-05,217,8.0,8,20189,93.036866359447
grid,1,0.30395862500881776,0.8583311771816481,0.8615984405458089,217,8.0,10,5,sqrt,1e-05,217,8.0,8,20189,93.036866359447
grid,1,0.30039799999212846,0.8583311771816481,0.8615984405458089,217,8.0,10,7,sqrt,1e-05,217,8.0,8,20189,93.036866359447
grid,1,0.3071627500030445,0.8583311771816481,0.8615984405458089,217,8.0,10,10,sqrt,1e-05,217,8.0,8,20189,93.036866359447
grid,1,0.2969936669978779,0.8583311771816481,0.8615984405458089,217,8.0,10,2,sqrt,0.0,217,8.0,8,20879,96.21658986175115
grid,1,0.30405970799620263,0.8583311771816481,0.8615984405458089,217,8.0,10,5,sqrt,0.0,217,8.0,8,20879,96.21658986175115
grid,1,0.3149187079980038,0.8583311771816481,0.8615984405458089,217,8.0,10,7,sqrt,0.0,217,8.0,8,20879,96.21658986175115
grid,1,0.30711175000760704,0.8583311771816481,0.8615984405458089,217,8.0,10,10,sqrt,0.0,217,8.0,8,20879,96.21658986175115
grid,1,0.2671934170066379,0.8582294123050848,0.8615984405458089,50,20.0,10,2,0.5,1e-05,50,19.88,20,7254,145.08
grid,1,0.24733241699868813,0.8582294123050848,0.8615984405458089,50,20.0,10,5,0.5,1e-05,50,19.88,20,7254,145.08
grid,1,0.2591739579947898,0.8582294123050848,0.8615984405458089,50,20.0,10,7,0.5,1e-05,50,19.88,20,7254,145.08
grid,1,0.24277429199719336,0.8582294123050848,0.8615984405458089,50,20.0,10,10,0.5,1e-05,50,19.88,20,7254,145.08
grid,1,0.2697610409959452,0.8582294123050848,0.8615984405458089,50,20.0,10,2,0.5,0.0,50,19.88,20,7760,155.2
grid,1,0.24033349999808706,0.8582294123050848,0.8615984405458089,50,20.0,10,5,0.5,0.0,50,19.88,20,7760,155.2
grid,1,0.24285124999005347,0.8582294123050848,0.8615984405458089,50,20.0,10,7,0.5,0.0,50,19.88,20,7760,155.2
grid,1,0.25364129099762067,0.8582294123050848,0.8615984405458089,50,20.0,10,10,0.5,0.0,50,19.88,20,7760,155.2
grid,1,0.2909672500099987,0.8581921720987589,0.8615984405458089,217,8.0,7,2,log2,0.001,217,8.0,8,19313,89.0
grid,1,0.2813098339975113,0.8581921720987589,0.8615984405458089,217,8.0,7,5,log2,0.001,217,8.0,8,19313,89.0
grid,1,0.2869916670024395,0.8581921720987589,0.8615984405458089,217,8.0,7,7,log2,0.001,217,8.0,8,19313,89.0
grid,1,0.287343250005506,0.8581921720987589,0.8615984405458089,217,8.0,7,10,log2,0.001,217,8.0,8,19313,89.0
grid,1,0.09715795899683144,0.8580714838447075,0.8615984405458089,50,12.0,10,2,sqrt,0.001,50,12.0,12,5566,111.32
grid,1,0.08356104099948425,0.8580714838447075,0.8615984405458089,50,12.0,10,5,sqrt,0.001,50,12.0,12,5566,111.32
grid,1,0.09548112499760464,0.8580714838447075,0.8615984405458089,50,12.0,10,7,sqrt,0.001,50,12.0,12,5566,111.32
grid,1,0.09590966699761339,0.8580714838447075,0.8615984405458089,50,12.0,10,10,sqrt,0.001,50,12.0,12,5566,111.32
grid,1,0.08700166600465309,0.8576159941523752,0.8596491228070176,50,8.0,1,2,sqrt,0.001,50,8.0,8,5512,110.24
grid,1,0.890182792005362,0.8575460318390854,0.8615984405458089,217,12.0,4,10,0.5,0.001,217,12.0,12,20263,93.3778801843318
grid,1,0.2473295420059003,0.8574227908826804,0.8615984405458089,50,,10,2,0.5,0.0001,50,22.02,25,6988,139.76
grid,1,0.25297541699546855,0.8574227908826804,0.8615984405458089,50,,10,5,0.5,0.0001,50,22.02,25,6988,139.76
grid,1,0.2386747499986086,0.8574227908826804,0.8615984405458089,50,,10,7,0.5,0.0001,50,22.02,25,6988,139.76
grid,1,0.24163683399092406,0.8574227908826804,0.8615984405458089,50,,10,10,0.5,0.0001,50,22.02,25,6988,139.76
grid,1,0.25041004200465977,0.8574227908826804,0.8615984405458089,50,,10,2,0.5,1e-05,50,22.1,25,7566,151.32
grid,1,0.23747516599541996,0.8574227908826804,0.8615984405458089,50,,10,5,0.5,1e-05,50,22.1,25,7566,151.32
grid,1,0.24409775000822265,0.8574227908826804,0.8615984405458089,50,,10,7,0.5,1e-05,50,22.1,25,7566,151.32
grid,1,0.24716966599225998,0.8574227908826804,0.8615984405458089,50,,10,10,0.5,1e-05,50,22.1,25,7566,151.32
grid,1,0.23943729099119082,0.8574227908826804,0.8615984405458089,50,,10,2,0.5,0.0,50,22.12,25,8100,162.0
grid,1,0.2463482080056565,0.8574227908826804,0.8615984405458089,50,,10,5,0.5,0.0,50,22.12,25,8100,162.0
grid,1,0.2408965829963563,0.8574227908826804,0.8615984405458089,50,,10,7,0.5,0.0,50,22.12,25,8100,162.0
grid,1,0.24799462500959635,0.8574227908826804,0.8615984405458089,50,,10,10,0.5,0.0,50,22.12,25,8100,162.0
grid,1,0.2406991250027204,0.8572170731140211,0.8615984405458089,50,12.0,4,2,0.5,0.0001,50,12.0,12,6098,121.96
grid,1,0.23091954199480824,0.8572170731140211,0.8615984405458089,50,12.0,4,5,0.5,0.0001,50,12.0,12,6098,121.96
grid,1,0.2425710419920506,0.8572170731140211,0.8615984405458089,50,12.0,4,7,0.5,0.0001,50,12.0,12,6098,121.96
grid,1,0.24397691700141877,0.8572170731140211,0.8615984405458089,50,12.0,4,2,0.5,1e-05,50,12.0,12,6116,122.32
grid,1,0.24462979100644588,0.8572170731140211,0.8615984405458089,50,12.0,4,5,0.5,1e-05,50,12.0,12,6116,122.32
grid,1,0.23584829200990498,0.8572170731140211,0.8615984405458089,50,12.0,4,7,0.5,1e-05,50,12.0,12,6116,122.32
grid,1,0.233005083995522,0.8572170731140211,0.8615984405458089,50,12.0,4,2,0.5,0.0,50,12.0,12,6460,129.2
grid,1,0.23232916700362694,0.8572170731140211,0.8615984405458089,50,12.0,4,5,0.5,0.0,50,12.0,12,6460,129.2
grid,1,0.2389528329949826,0.8572170731140211,0.8615984405458089,50,12.0,4,7,0.5,0.0,50,12.0,12,6460,129.2
grid,1,0.579052082990529,0.8570053748047477,0.8615984405458089,133,20.0,10,2,0.5,0.001,133,19.796992481203006,20,14453,108.66917293233082
grid,1,0.6152311670011841,0.8570053748047477,0.8615984405458089,133,20.0,10,5,0.5,0.001,133,19.796992481203006,20,14453,108.66917293233082
grid,1,0.5807942089886637,0.8570053748047477,0.8615984405458089,133,20.0,10,7,0.5,0.001,133,19.796992481203006,20,14453,108.66917293233082
grid,1,0.5857808330038097,0.8570053748047477,0.8615984405458089,133,20.0,10,10,0.5,0.001,133,19.796992481203006,20,14453,108.66917293233082
grid,1,0.5549145410041092,0.8565336996293863,0.8596491228070176,133,12.0,4,2,0.5,0.0001,133,12.0,12,16207,121.85714285714286
grid,1,0.5539410420024069,0.8565336996293863,0.8596491228070176,133,12.0,4,5,0.5,0.0001,133,12.0,12,16207,121.85714285714286
grid,1,0.5468946670007426,0.8565336996293863,0.8596491228070176,133,12.0,4,7,0.5,0.0001,133,12.0,12,16207,121.85714285714286
grid,1,0.546274332999019,0.8565336996293863,0.8596491228070176,133,12.0,4,2,0.5,1e-05,133,12.0,12,16239,122.09774436090225
grid,1,0.5522720839944668,0.8565336996293863,0.8596491228070176,133,12.0,4,5,0.5,1e-05,133,12.0,12,16239,122.09774436090225
grid,1,0.5545016249961918,0.8565336996293863,0.8596491228070176,133,12.0,4,7,0.5,1e-05,133,12.0,12,16239,122.09774436090225
grid,1,0.5402682499989169,0.8565336996293863,0.8596491228070176,133,12.0,4,2,0.5,0.0,133,12.0,12,17151,128.95488721804512
grid,1,0.5570575419988018,0.8565336996293863,0.8596491228070176,133,12.0,4,5,0.5,0.0,133,12.0,12,17151,128.95488721804512
grid,1,0.5406426249974174,0.8565336996293863,0.8596491228070176,133,12.0,4,7,0.5,0.0,133,12.0,12,17151,128.95488721804512
grid,1,0.23562762499204837,0.8553335938287199,0.8576998050682261,50,16.0,10,2,0.5,0.0001,50,16.0,16,5856,117.12
grid,1,0.23714724999445025,0.8553335938287199,0.8576998050682261,50,16.0,10,5,0.5,0.0001,50,16.0,16,5856,117.12
grid,1,0.2386882080027135,0.8553335938287199,0.8576998050682261,50,16.0,10,7,0.5,0.0001,50,16.0,16,5856,117.12
grid,1,0.2359540829929756,0.8553335938287199,0.8576998050682261,50,16.0,10,10,0.5,0.0001,50,16.0,16,5856,117.12
grid,1,0.231067125001573,0.8553335938287199,0.8576998050682261,50,16.0,10,2,0.5,1e-05,50,16.0,16,6364,127.28
grid,1,0.23589579100371338,0.8553335938287199,0.8576998050682261,50,16.0,10,5,0.5,1e-05,50,16.0,16,6364,127.28
grid,1,0.23675012499734294,0.8553335938287199,0.8576998050682261,50,16.0,10,7,0.5,1e-05,50,16.0,16,6364,127.28
grid,1,0.24516483300249092,0.8553335938287199,0.8576998050682261,50,16.0,10,10,0.5,1e-05,50,16.0,16,6364,127.28
grid,1,0.23972599999979138,0.8553335938287199,0.8576998050682261,50,16.0,10,2,0.5,0.0,50,16.0,16,6844,136.88
grid,1,0.2384580000070855,0.8553335938287199,0.8576998050682261,50,16.0,10,5,0.5,0.0,50,16.0,16,6844,136.88
grid,1,0.23859374999301508,0.8553335938287199,0.8576998050682261,50,16.0,10,7,0.5,0.0,50,16.0,16,6844,136.88
grid,1,0.245216082999832,0.8553335938287199,0.8576998050682261,50,16.0,10,10,0.5,0.0,50,16.0,16,6844,136.88
grid,1,0.9345238329988206,0.855148265655524,0.8596491228070176,217,16.0,10,2,0.5,0.001,217,15.990783410138249,16,20531,94.61290322580645
grid,1,0.9164431669923943,0.855148265655524,0.8596491228070176,217,16.0,10,5,0.5,0.001,217,15.990783410138249,16,20531,94.61290322580645
grid,1,0.24857483299274463,0.854924849229404,0.8596491228070176,50,12.0,4,2,0.5,0.001,50,12.0,12,4806,96.12
grid,1,0.2312054999929387,0.854924849229404,0.8596491228070176,50,12.0,4,5,0.5,0.001,50,12.0,12,4806,96.12
grid,1,0.23756033300014678,0.854924849229404,0.8596491228070176,50,12.0,4,7,0.5,0.001,50,12.0,12,4806,96.12
grid,1,0.5819895420136163,0.8538967111570245,0.8596491228070176,133,12.0,4,2,0.5,0.001,133,12.0,12,12789,96.15789473684211
grid,1,0.5443843329994706,0.8538967111570245,0.8596491228070176,133,12.0,4,5,0.5,0.001,133,12.0,12,12789,96.15789473684211
grid,1,0.5471895829978166,0.8538967111570245,0.8596491228070176,133,12.0,4,7,0.5,0.001,133,12.0,12,12789,96.15789473684211
grid,1,0.8607478750054725,0.8538102571186373,0.8596491228070176,217,12.0,7,2,0.5,0.001,217,12.0,12,17847,82.2442396313364
grid,1,0.8651055840018671,0.8538102571186373,0.8596491228070176,217,12.0,7,5,0.5,0.001,217,12.0,12,17847,82.2442396313364
grid,1,0.9720467500010272,0.8538102571186373,0.8596491228070176,217,12.0,7,7,0.5,0.001,217,12.0,12,17847,82.2442396313364
grid,1,0.9443542919907486,0.8538102571186373,0.8596491228070176,217,12.0,7,10,0.5,0.001,217,12.0,12,17847,82.2442396313364
grid,1,0.25236012499954086,0.8537359563381054,0.8576998050682261,50,20.0,10,2,0.5,0.001,50,19.78,20,5496,109.92
grid,1,0.2475258749909699,0.8537359563381054,0.8576998050682261,50,20.0,10,5,0.5,0.001,50,19.78,20,5496,109.92
grid,1,0.2502275419974467,0.8537359563381054,0.8576998050682261,50,20.0,10,7,0.5,0.001,50,19.78,20,5496,109.92
grid,1,0.24270195899589453,0.8537359563381054,0.8576998050682261,50,20.0,10,10,0.5,0.001,50,19.78,20,5496,109.92
grid,1,0.5637966250069439,0.8534027387531707,0.8557504873294347,133,16.0,10,2,0.5,0.0001,133,15.992481203007518,16,15429,116.00751879699249
grid,1,0.5737115829979302,0.8534027387531707,0.8557504873294347,133,16.0,10,5,0.5,0.0001,133,15.992481203007518,16,15429,116.00751879699249
grid,1,0.6073243749997346,0.8534027387531707,0.8557504873294347,133,16.0,10,7,0.5,0.0001,133,15.992481203007518,16,15429,116.00751879699249
grid,1,0.5790190410043579,0.8534027387531707,0.8557504873294347,133,16.0,10,10,0.5,0.0001,133,15.992481203007518,16,15429,116.00751879699249
grid,1,0.5761521669919603,0.8534027387531707,0.8557504873294347,133,16.0,10,2,0.5,1e-05,133,15.992481203007518,16,16787,126.21804511278195
grid,1,0.5685118330002297,0.8534027387531707,0.8557504873294347,133,16.0,10,5,0.5,1e-05,133,15.992481203007518,16,16787,126.21804511278195
grid,1,0.5713098330015782,0.8534027387531707,0.8557504873294347,133,16.0,10,7,0.5,1e-05,133,15.992481203007518,16,16787,126.21804511278195
grid,1,0.5746622079896042,0.8534027387531707,0.8557504873294347,133,16.0,10,10,0.5,1e-05,133,15.992481203007518,16,16787,126.21804511278195
grid,1,0.5697188749909401,0.8534027387531707,0.8557504873294347,133,16.0,10,2,0.5,0.0,133,15.992481203007518,16,18041,135.64661654135338
grid,1,0.5903820829989854,0.8534027387531707,0.8557504873294347,133,16.0,10,5,0.5,0.0,133,15.992481203007518,16,18041,135.64661654135338
grid,1,0.567706082991208,0.8534027387531707,0.8557504873294347,133,16.0,10,7,0.5,0.0,133,15.992481203007518,16,18041,135.64661654135338
grid,1,0.5689625419909135,0.8534027387531707,0.8557504873294347,133,16.0,10,10,0.5,0.0,133,15.992481203007518,16,18041,135.64661654135338
grid,1,0.2723885000013979,0.8529771216744525,0.8557504873294347,217,8.0,10,2,log2,0.001,217,8.0,8,17103,78.81566820276498
grid,1,0.2821173330012243,0.8529771216744525,0.8557504873294347,217,8.0,10,5,log2,0.001,217,8.0,8,17103,78.81566820276498
grid,1,0.28800583399424795,0.8529771216744525,0.8557504873294347,217,8.0,10,7,log2,0.001,217,8.0,8,17103,78.81566820276498
grid,1,0.2792924170062179,0.8529771216744525,0.8557504873294347,217,8.0,10,10,log2,0.001,217,8.0,8,17103,78.81566820276498
grid,1,0.25399716600077227,0.852931659058417,0.8576998050682261,50,,10,2,0.5,0.001,50,21.5,25,5714,114.28
grid,1,0.2474787910032319,0.852931659058417,0.8576998050682261,50,,10,5,0.5,0.001,50,21.5,25,5714,114.28
grid,1,0.2520742080087075,0.852931659058417,0.8576998050682261,50,,10,7,0.5,0.001,50,21.5,25,5714,114.28
grid,1,0.25233491699327715,0.852931659058417,0.8576998050682261,50,,10,10,0.5,0.001,50,21.5,25,5714,114.28
grid,1,0.2739229580038227,0.8529292578819927,0.8557504873294347,217,8.0,10,2,log2,0.0001,217,8.0,8,20687,95.33179723502305
grid,1,0.27654579099908005,0.8529292578819927,0.8557504873294347,217,8.0,10,5,log2,0.0001,217,8.0,8,20687,95.33179723502305
grid,1,0.2757600829936564,0.8529292578819927,0.8557504873294347,217,8.0,10,7,log2,0.0001,217,8.0,8,20687,95.33179723502305
grid,1,0.31646887501119636,0.8529292578819927,0.8557504873294347,217,8.0,10,10,log2,0.0001,217,8.0,8,20687,95.33179723502305
grid,1,0.17295345800812356,0.852906717833596,0.8557504873294347,133,8.0,10,2,log2,0.001,133,8.0,8,10385,78.0827067669173
grid,1,0.17571612501342315,0.852906717833596,0.8557504873294347,133,8.0,10,5,log2,0.001,133,8.0,8,10385,78.0827067669173
grid,1,0.1698919580085203,0.852906717833596,0.8557504873294347,133,8.0,10,7,log2,0.001,133,8.0,8,10385,78.0827067669173
grid,1,0.17761191599129234,0.852906717833596,0.8557504873294347,133,8.0,10,10,log2,0.001,133,8.0,8,10385,78.0827067669173
grid,1,0.8835902499995427,0.8521036401434892,0.8576998050682261,217,12.0,7,2,0.5,0.0001,217,12.0,12,22157,102.10599078341014
grid,1,0.8720748750056373,0.8521036401434892,0.8576998050682261,217,12.0,7,5,0.5,0.0001,217,12.0,12,22157,102.10599078341014
grid,1,0.9602697910013376,0.8521036401434892,0.8576998050682261,217,12.0,7,7,0.5,0.0001,217,12.0,12,22157,102.10599078341014
grid,1,0.9517183749994729,0.8521036401434892,0.8576998050682261,217,12.0,7,10,0.5,0.0001,217,12.0,12,22157,102.10599078341014
grid,1,0.8717863750061952,0.8521036401434892,0.8576998050682261,217,12.0,7,2,0.5,1e-05,217,12.0,12,23413,107.89400921658986
grid,1,0.871311249997234,0.8521036401434892,0.8576998050682261,217,12.0,7,5,0.5,1e-05,217,12.0,12,23413,107.89400921658986
grid,1,0.9462269590003416,0.8521036401434892,0.8576998050682261,217,12.0,7,7,0.5,1e-05,217,12.0,12,23413,107.89400921658986
grid,1,0.9374363329989137,0.8521036401434892,0.8576998050682261,217,12.0,7,10,0.5,1e-05,217,12.0,12,23413,107.89400921658986
grid,1,0.8658796669915318,0.8521036401434892,0.8576998050682261,217,12.0,7,2,0.5,0.0,217,12.0,12,24969,115.06451612903226
grid,1,0.8666527500026859,0.8521036401434892,0.8576998050682261,217,12.0,7,5,0.5,0.0,217,12.0,12,24969,115.06451612903226
grid,1,0.9489373329997761,0.8521036401434892,0.8576998050682261,217,12.0,7,7,0.5,0.0,217,12.0,12,24969,115.06451612903226
grid,1,0.9489411670074333,0.8521036401434892,0.8576998050682261,217,12.0,7,10,0.5,0.0,217,12.0,12,24969,115.06451612903226
grid,1,0.30910329200560227,0.8509656833115236,0.8538011695906432,217,8.0,10,2,log2,1e-05,217,8.0,8,21881,100.83410138248848
grid,1,0.3143814169889083,0.8509656833115236,0.8538011695906432,217,8.0,10,5,log2,1e-05,217,8.0,8,21881,100.83410138248848
grid,1,0.29228187500848435,0.8509656833115236,0.8538011695906432,217,8.0,10,7,log2,1e-05,217,8.0,8,21881,100.83410138248848
grid,1,0.2790998330019647,0.8509656833115236,0.8538011695906432,217,8.0,10,10,log2,1e-05,217,8.0,8,21881,100.83410138248848
grid,1,0.2734417079918785,0.8509656833115236,0.8538011695906432,217,8.0,10,2,log2,0.0,217,8.0,8,22451,103.46082949308756
grid,1,0.2737432499998249,0.8509656833115236,0.8538011695906432,217,8.0,10,5,log2,0.0,217,8.0,8,22451,103.46082949308756
grid,1,0.28018333300133236,0.8509656833115236,0.8538011695906432,217,8.0,10,7,log2,0.0,217,8.0,8,22451,103.46082949308756
grid,1,0.27227545900677796,0.8509656833115236,0.8538011695906432,217,8.0,10,10,log2,0.0,217,8.0,8,22451,103.46082949308756
grid,1,0.09880762500688434,0.8498225370592764,0.8557504873294347,50,20.0,1,2,sqrt,0.01,50,12.32,16,2586,51.72
grid,1,0.5795265000051586,0.8495908972081093,0.8518518518518519,133,12.0,4,10,0.5,0.0001,133,12.0,12,15523,116.71428571428571
grid,1,0.5646374159987317,0.8495908972081093,0.8518518518518519,133,12.0,4,10,0.5,1e-05,133,12.0,12,15543,116.86466165413533
grid,1,0.5766965420043562,0.8495908972081093,0.8518518518518519,133,12.0,4,10,0.5,0.0,133,12.0,12,16395,123.27067669172932
grid,1,0.5690807500068331,0.8489276254280693,0.8518518518518519,133,16.0,10,2,0.5,0.001,133,15.992481203007518,16,12541,94.29323308270676
grid,1,0.5988524580025114,0.8489276254280693,0.8518518518518519,133,16.0,10,5,0.5,0.001,133,15.992481203007518,16,12541,94.29323308270676
grid,1,0.5757127090037102,0.8489276254280693,0.8518518518518519,133,16.0,10,7,0.5,0.001,133,15.992481203007518,16,12541,94.29323308270676
grid,1,0.5681336659908993,0.8489276254280693,0.8518518518518519,133,16.0,10,10,0.5,0.001,133,15.992481203007518,16,12541,94.29323308270676
grid,1,0.08510758299962617,0.8478894186581629,0.8518518518518519,50,8.0,10,2,sqrt,0.0001,50,8.0,8,4304,86.08
grid,1,0.08086899999761954,0.8478894186581629,0.8518518518518519,50,8.0,10,5,sqrt,0.0001,50,8.0,8,4304,86.08
grid,1,0.08989487499638926,0.8478894186581629,0.8518518518518519,50,8.0,10,7,sqrt,0.0001,50,8.0,8,4304,86.08
grid,1,0.09575912500440609,0.8478894186581629,0.8518518518518519,50,8.0,10,10,sqrt,0.0001,50,8.0,8,4304,86.08
grid,1,0.0827320829994278,0.8478894186581629,0.8518518518518519,50,8.0,10,2,sqrt,1e-05,50,8.0,8,4582,91.64
grid,1,0.08332408400019631,0.8478894186581629,0.8518518518518519,50,8.0,10,5,sqrt,1e-05,50,8.0,8,4582,91.64
grid,1,0.08323870800086297,0.8478894186581629,0.8518518518518519,50,8.0,10,7,sqrt,1e-05,50,8.0,8,4582,91.64
grid,1,0.08209766600339208,0.8478894186581629,0.8518518518518519,50,8.0,10,10,sqrt,1e-05,50,8.0,8,4582,91.64
grid,1,0.08480183299980126,0.8478894186581629,0.8518518518518519,50,8.0,10,2,sqrt,0.0,50,8.0,8,4746,94.92
grid,1,0.09131820799666457,0.8478894186581629,0.8518518518518519,50,8.0,10,5,sqrt,0.0,50,8.0,8,4746,94.92
grid,1,0.09209354099584743,0.8478894186581629,0.8518518518518519,50,8.0,10,7,sqrt,0.0,50,8.0,8,4746,94.92
grid,1,0.08419245800178032,0.8478894186581629,0.8518518518518519,50,8.0,10,10,sqrt,0.0,50,8.0,8,4746,94.92
grid,1,0.24674720800248906,0.8471552050027723,0.8499025341130604,50,16.0,10,2,0.5,0.001,50,16.0,16,4782,95.64
grid,1,0.23934374999953434,0.8471552050027723,0.8499025341130604,50,16.0,10,5,0.5,0.001,50,16.0,16,4782,95.64
grid,1,0.2435646249941783,0.8471552050027723,0.8499025341130604,50,16.0,10,7,0.5,0.001,50,16.0,16,4782,95.64
grid,1,0.23834954100311734,0.8471552050027723,0.8499025341130604,50,16.0,10,10,0.5,0.001,50,16.0,16,4782,95.64
grid,1,0.09052529200562276,0.8460281394163002,0.8499025341130604,50,8.0,10,2,sqrt,0.001,50,8.0,8,3564,71.28
grid,1,0.08384954099892639,0.8460281394163002,0.8499025341130604,50,8.0,10,5,sqrt,0.001,50,8.0,8,3564,71.28
grid,1,0.0819428329996299,0.8460281394163002,0.8499025341130604,50,8.0,10,7,sqrt,0.001,50,8.0,8,3564,71.28
grid,1,0.08488758400199004,0.8460281394163002,0.8499025341130604,50,8.0,10,10,sqrt,0.001,50,8.0,8,3564,71.28
grid,1,0.5534059170022374,0.8458571812196829,0.8499025341130604,133,12.0,4,10,0.5,0.001,133,12.0,12,12265,92.21804511278195
grid,1,0.0780326249951031,0.8453761990077119,0.847953216374269,50,8.0,10,2,log2,0.001,50,8.0,8,3788,75.76
grid,1,0.08308462500281166,0.8453761990077119,0.847953216374269,50,8.0,10,5,log2,0.001,50,8.0,8,3788,75.76
grid,1,0.08201687499240506,0.8453761990077119,0.847953216374269,50,8.0,10,7,log2,0.001,50,8.0,8,3788,75.76
grid,1,0.07702658300695475,0.8453761990077119,0.847953216374269,50,8.0,10,10,log2,0.001,50,8.0,8,3788,75.76
grid,1,0.23713833300280385,0.844949321086257,0.8499025341130604,50,12.0,4,10,0.5,0.0001,50,12.0,12,5812,116.24
grid,1,0.23020862499834038,0.844949321086257,0.8499025341130604,50,12.0,4,10,0.5,1e-05,50,12.0,12,5824,116.48
grid,1,0.23554333399806637,0.844949321086257,0.8499025341130604,50,12.0,4,10,0.5,0.0,50,12.0,12,6126,122.52
grid,1,0.17349108299822547,0.8448731569095853,0.847953216374269,133,8.0,10,2,log2,0.0001,133,8.0,8,12597,94.71428571428571
grid,1,0.17635125000379048,0.8448731569095853,0.847953216374269,133,8.0,10,5,log2,0.0001,133,8.0,8,12597,94.71428571428571
grid,1,0.17589058401063085,0.8448731569095853,0.847953216374269,133,8.0,10,7,log2,0.0001,133,8.0,8,12597,94.71428571428571
grid,1,0.17580470800749026,0.8448731569095853,0.847953216374269,133,8.0,10,10,log2,0.0001,133,8.0,8,12597,94.71428571428571
grid,1,0.17606737501046155,0.8448731569095853,0.847953216374269,133,8.0,10,2,log2,1e-05,133,8.0,8,13327,100.203007518797
grid,1,0.17561595900042448,0.8448731569095853,0.847953216374269,133,8.0,10,5,log2,1e-05,133,8.0,8,13327,100.203007518797
grid,1,0.16306795801210683,0.8448731569095853,0.847953216374269,133,8.0,10,7,log2,1e-05,133,8.0,8,13327,100.203007518797
grid,1,0.1782759579946287,0.8448731569095853,0.847953216374269,133,8.0,10,10,log2,1e-05,133,8.0,8,13327,100.203007518797
grid,1,0.16639891600061674,0.8448731569095853,0.847953216374269,133,8.0,10,2,log2,0.0,133,8.0,8,13673,102.80451127819549
grid,1,0.16087020900158677,0.8448731569095853,0.847953216374269,133,8.0,10,5,log2,0.0,133,8.0,8,13673,102.80451127819549
grid,1,0.17419941700063646,0.8448731569095853,0.847953216374269,133,8.0,10,7,log2,0.0,133,8.0,8,13673,102.80451127819549
grid,1,0.1658124579989817,0.8448731569095853,0.847953216374269,133,8.0,10,10,log2,0.0,133,8.0,8,13673,102.80451127819549
grid,1,0.5381622080021771,0.8448629576863562,0.8518518518518519,133,12.0,7,2,0.5,0.0001,133,12.0,12,13625,102.44360902255639
grid,1,0.5406526669976301,0.8448629576863562,0.8518518518518519,133,12.0,7,5,0.5,0.0001,133,12.0,12,13625,102.44360902255639
grid,1,0.540545124997152,0.8448629576863562,0.8518518518518519,133,12.0,7,7,0.5,0.0001,133,12.0,12,13625,102.44360902255639
grid,1,0.5442890000122134,0.8448629576863562,0.8518518518518519,133,12.0,7,10,0.5,0.0001,133,12.0,12,13625,102.44360902255639
grid,1,0.526801207990502,0.8448629576863562,0.8518518518518519,133,12.0,7,2,0.5,1e-05,133,12.0,12,14413,108.36842105263158
grid,1,0.5387612500053365,0.8448629576863562,0.8518518518518519,133,12.0,7,5,0.5,1e-05,133,12.0,12,14413,108.36842105263158
grid,1,0.5339794999890728,0.8448629576863562,0.8518518518518519,133,12.0,7,7,0.5,1e-05,133,12.0,12,14413,108.36842105263158
grid,1,0.535267291998025,0.8448629576863562,0.8518518518518519,133,12.0,7,10,0.5,1e-05,133,12.0,12,14413,108.36842105263158
grid,1,0.5497659160027979,0.8448629576863562,0.8518518518518519,133,12.0,7,2,0.5,0.0,133,12.0,12,15347,115.39097744360902
grid,1,0.5389849170023808,0.8448629576863562,0.8518518518518519,133,12.0,7,5,0.5,0.0,133,12.0,12,15347,115.39097744360902
grid,1,0.5382968329940923,0.8448629576863562,0.8518518518518519,133,12.0,7,7,0.5,0.0,133,12.0,12,15347,115.39097744360902
grid,1,0.5500108749984065,0.8448629576863562,0.8518518518518519,133,12.0,7,10,0.5,0.0,133,12.0,12,15347,115.39097744360902
grid,1,0.2345376250013942,0.844722860179745,0.8499025341130604,50,12.0,4,10,0.5,0.001,50,12.0,12,4590,91.8
grid,1,0.7775463330035564,0.8440261123291852,0.8499025341130604,217,8.0,1,10,0.5,1e-05,217,8.0,8,14125,65.09216589861751
grid,1,0.7580663330008974,0.8440261123291852,0.8499025341130604,217,8.0,1,10,0.5,0.0001,217,8.0,8,14125,65.09216589861751
grid,1,0.741813541011652,0.8440261123291852,0.8499025341130604,217,8.0,1,10,0.5,0.0,217,8.0,8,14865,68.50230414746544
grid,1,0.21668187499744818,0.8439325930011429,0.847953216374269,133,16.0,1,10,sqrt,0.01,133,12.105263157894736,16,6721,50.53383458646616
grid,1,0.08094283301034011,0.8437387549366342,0.8460038986354775,50,8.0,10,2,log2,0.0001,50,8.0,8,4584,91.68
grid,1,0.08130137500120327,0.8437387549366342,0.8460038986354775,50,8.0,10,5,log2,0.0001,50,8.0,8,4584,91.68
grid,1,0.08031829200626817,0.8437387549366342,0.8460038986354775,50,8.0,10,7,log2,0.0001,50,8.0,8,4584,91.68
grid,1,0.08115962499869056,0.8437387549366342,0.8460038986354775,50,8.0,10,10,log2,0.0001,50,8.0,8,4584,91.68
grid,1,0.08175924999522977,0.8437387549366342,0.8460038986354775,50,8.0,10,2,log2,1e-05,50,8.0,8,4850,97.0
grid,1,0.08154420800565276,0.8437387549366342,0.8460038986354775,50,8.0,10,5,log2,1e-05,50,8.0,8,4850,97.0
grid,1,0.08326337499602232,0.8437387549366342,0.8460038986354775,50,8.0,10,7,log2,1e-05,50,8.0,8,4850,97.0
grid,1,0.08164458398823626,0.8437387549366342,0.8460038986354775,50,8.0,10,10,log2,1e-05,50,8.0,8,4850,97.0
grid,1,0.07947008300106972,0.8437387549366342,0.8460038986354775,50,8.0,10,2,log2,0.0,50,8.0,8,4974,99.48
grid,1,0.0813183339923853,0.8437387549366342,0.8460038986354775,50,8.0,10,5,log2,0.0,50,8.0,8,4974,99.48
grid,1,0.08274983300361782,0.8437387549366342,0.8460038986354775,50,8.0,10,7,log2,0.0,50,8.0,8,4974,99.48
grid,1,0.08211741599370725,0.8437387549366342,0.8460038986354775,50,8.0,10,10,log2,0.0,50,8.0,8,4974,99.48
grid,1,0.35797650000313297,0.843380582506697,0.8499025341130604,217,12.0,10,2,sqrt,0.01,217,11.165898617511521,12,10585,48.77880184331797
grid,1,0.3447416250128299,0.843380582506697,0.8499025341130604,217,12.0,10,5,sqrt,0.01,217,11.165898617511521,12,10585,48.77880184331797
grid,1,0.32147225001244806,0.843380582506697,0.8499025341130604,217,12.0,10,7,sqrt,0.01,217,11.165898617511521,12,10585,48.77880184331797
grid,1,0.32289483401109464,0.843380582506697,0.8499025341130604,217,12.0,10,10,sqrt,0.01,217,11.165898617511521,12,10585,48.77880184331797
grid,1,0.5590991670032963,0.8433061805093492,0.8518518518518519,133,12.0,7,2,0.5,0.001,133,12.0,12,10921,82.11278195488721
grid,1,0.5530465000047116,0.8433061805093492,0.8518518518518519,133,12.0,7,5,0.5,0.001,133,12.0,12,10921,82.11278195488721
grid,1,0.5350239999970654,0.8433061805093492,0.8518518518518519,133,12.0,7,7,0.5,0.001,133,12.0,12,10921,82.11278195488721
grid,1,0.5608346660010284,0.8433061805093492,0.8518518518518519,133,12.0,7,10,0.5,0.001,133,12.0,12,10921,82.11278195488721
grid,1,0.741079625004204,0.8431573679316158,0.8518518518518519,217,8.0,1,7,0.5,1e-05,217,8.0,8,14573,67.15668202764977
grid,1,0.7398424580023857,0.8431573679316158,0.8518518518518519,217,8.0,1,7,0.5,0.0001,217,8.0,8,14573,67.15668202764977
grid,1,0.7400025420065504,0.8431573679316158,0.8518518518518519,217,8.0,1,7,0.5,0.0,217,8.0,8,15333,70.6589861751152
grid,1,0.09215691599820275,0.8429269196177865,0.8499025341130604,50,12.0,7,2,sqrt,0.01,50,11.14,12,2440,48.8
grid,1,0.09146045800298452,0.8429269196177865,0.8499025341130604,50,12.0,7,5,sqrt,0.01,50,11.14,12,2440,48.8
grid,1,0.0927804999955697,0.8429269196177865,0.8499025341130604,50,12.0,7,7,sqrt,0.01,50,11.14,12,2440,48.8
grid,1,0.09466670900292229,0.8429269196177865,0.8499025341130604,50,12.0,7,10,sqrt,0.01,50,11.14,12,2440,48.8
grid,1,0.17713266701321118,0.8428435507757583,0.8499025341130604,133,16.0,4,10,log2,0.01,133,11.323308270676693,16,6339,47.661654135338345
grid,1,0.09674862500105519,0.8424783968708479,0.8499025341130604,50,,1,2,sqrt,0.01,50,12.24,15,2576,51.52
grid,1,0.3261635410017334,0.8418338299961625,0.847953216374269,217,16.0,4,10,sqrt,0.01,217,11.972350230414747,16,10925,50.345622119815665
grid,1,0.7485045000066748,0.8416383952536752,0.8499025341130604,217,8.0,1,10,0.5,0.001,217,8.0,8,12569,57.92165898617512
grid,1,0.17805687501095235,0.8411780770095902,0.847953216374269,133,20.0,4,10,log2,0.01,133,11.263157894736842,16,6307,47.421052631578945
grid,1,0.20124500000383705,0.8410134520726885,0.8460038986354775,133,12.0,4,2,sqrt,0.01,133,11.06766917293233,12,6485,48.7593984962406
grid,1,0.19941220800683368,0.8410134520726885,0.8460038986354775,133,12.0,4,5,sqrt,0.01,133,11.06766917293233,12,6485,48.7593984962406
grid,1,0.2007185000111349,0.8410134520726885,0.8460038986354775,133,12.0,4,7,sqrt,0.01,133,11.06766917293233,12,6485,48.7593984962406
grid,1,0.34455679199891165,0.8409200123469276,0.847953216374269,217,16.0,10,2,sqrt,0.01,217,11.990783410138249,16,10971,50.55760368663594
grid,1,0.32158837499446236,0.8409200123469276,0.847953216374269,217,16.0,10,5,sqrt,0.01,217,11.990783410138249,16,10971,50.55760368663594
grid,1,0.3290046659967629,0.8409200123469276,0.847953216374269,217,16.0,10,7,sqrt,0.01,217,11.990783410138249,16,10971,50.55760368663594
grid,1,0.1993995829980122,0.8396013935236084,0.8460038986354775,133,12.0,10,2,sqrt,0.01,133,11.225563909774436,12,6531,49.10526315789474
grid,1,0.20132145800744183,0.8396013935236084,0.8460038986354775,133,12.0,10,5,sqrt,0.01,133,11.225563909774436,12,6531,49.10526315789474
grid,1,0.19225945899961516,0.8396013935236084,0.8460038986354775,133,12.0,10,7,sqrt,0.01,133,11.225563909774436,12,6531,49.10526315789474
grid,1,0.200303208999685,0.8396013935236084,0.8460038986354775,133,12.0,10,10,sqrt,0.01,133,11.225563909774436,12,6531,49.10526315789474
grid,1,0.26355162500112783,0.8392916903814976,0.8499025341130604,50,12.0,7,2,0.5,0.001,50,12.0,12,4088,81.76
grid,1,0.22639437500038184,0.8392916903814976,0.8499025341130604,50,12.0,7,5,0.5,0.001,50,12.0,12,4088,81.76
grid,1,0.23393616599787492,0.8392916903814976,0.8499025341130604,50,12.0,7,7,0.5,0.001,50,12.0,12,4088,81.76
grid,1,0.22880179199273698,0.8392916903814976,0.8499025341130604,50,12.0,7,10,0.5,0.001,50,12.0,12,4088,81.76
grid,1,0.2682457089977106,0.8376992296941638,0.847953216374269,50,12.0,7,2,0.5,0.0001,50,12.0,12,5094,101.88
grid,1,0.2287164580047829,0.8376992296941638,0.847953216374269,50,12.0,7,5,0.5,0.0001,50,12.0,12,5094,101.88
grid,1,0.2311817500012694,0.8376992296941638,0.847953216374269,50,12.0,7,7,0.5,0.0001,50,12.0,12,5094,101.88
grid,1,0.2249950420082314,0.8376992296941638,0.847953216374269,50,12.0,7,10,0.5,0.0001,50,12.0,12,5094,101.88
grid,1,0.7551263750065118,0.8376377312712526,0.847953216374269,217,8.0,1,7,0.5,0.001,217,8.0,8,12873,59.32258064516129
grid,1,0.29595558300206903,0.8372732664949758,0.8440545808966862,217,16.0,4,10,log2,0.01,217,11.170506912442397,16,10255,47.25806451612903
grid,1,0.07795474999875296,0.8371359027977225,0.8421052631578947,50,12.0,1,5,log2,0.01,50,10.92,12,2322,46.44
grid,1,0.09355166599561926,0.8364774551759321,0.8440545808966862,50,16.0,1,2,sqrt,0.01,50,12.1,16,2588,51.76
grid,1,0.0950006249913713,0.8363416831828429,0.8440545808966862,50,20.0,4,2,sqrt,0.01,50,12.46,17,2578,51.56
grid,1,0.0969008750107605,0.8363416831828429,0.8440545808966862,50,20.0,4,5,sqrt,0.01,50,12.46,17,2578,51.56
grid,1,0.09496025000407826,0.8363416831828429,0.8440545808966862,50,20.0,4,7,sqrt,0.01,50,12.46,17,2578,51.56
grid,1,0.23575691701262258,0.8361195555709935,0.8460038986354775,50,12.0,7,2,0.5,1e-05,50,12.0,12,5396,107.92
grid,1,0.22875412499706727,0.8361195555709935,0.8460038986354775,50,12.0,7,5,0.5,1e-05,50,12.0,12,5396,107.92
grid,1,0.2353948749951087,0.8361195555709935,0.8460038986354775,50,12.0,7,7,0.5,1e-05,50,12.0,12,5396,107.92
grid,1,0.2405639170028735,0.8361195555709935,0.8460038986354775,50,12.0,7,10,0.5,1e-05,50,12.0,12,5396,107.92
grid,1,0.22958849999122322,0.8361195555709935,0.8460038986354775,50,12.0,7,2,0.5,0.0,50,12.0,12,5728,114.56
grid,1,0.22877362500003073,0.8361195555709935,0.8460038986354775,50,12.0,7,5,0.5,0.0,50,12.0,12,5728,114.56
grid,1,0.22226316601154394,0.8361195555709935,0.8460038986354775,50,12.0,7,7,0.5,0.0,50,12.0,12,5728,114.56
grid,1,0.22585008300666232,0.8361195555709935,0.8460038986354775,50,12.0,7,10,0.5,0.0,50,12.0,12,5728,114.56
grid,1,0.28532595800061245,0.836042581412665,0.8421052631578947,217,16.0,7,2,log2,0.01,217,11.170506912442397,16,10141,46.73271889400922
grid,1,0.2952389169950038,0.836042581412665,0.8421052631578947,217,16.0,7,5,log2,0.01,217,11.170506912442397,16,10141,46.73271889400922
grid,1,0.283559667004738,0.836042581412665,0.8421052631578947,217,16.0,7,7,log2,0.01,217,11.170506912442397,16,10141,46.73271889400922
grid,1,0.2979930000001332,0.836042581412665,0.8421052631578947,217,16.0,7,10,log2,0.01,217,11.170506912442397,16,10141,46.73271889400922
grid,1,0.37229416699847206,0.8357196039230843,0.8421052631578947,217,16.0,1,10,sqrt,0.01,217,12.165898617511521,16,11047,50.90783410138249
grid,1,0.50325879099546,0.8357089975413952,0.8440545808966862,133,8.0,1,7,0.5,1e-05,133,8.0,8,8825,66.35338345864662
grid,1,0.47627149999607354,0.8357089975413952,0.8440545808966862,133,8.0,1,7,0.5,0.0001,133,8.0,8,8825,66.35338345864662
grid,1,0.4726690409879666,0.8357089975413952,0.8440545808966862,133,8.0,1,7,0.5,0.0,133,8.0,8,9269,69.69172932330827
grid,1,0.09488729199802037,0.8355489495406859,0.8421052631578947,50,20.0,7,2,sqrt,0.01,50,11.96,17,2540,50.8
grid,1,0.09766308299731463,0.8355489495406859,0.8421052631578947,50,20.0,7,5,sqrt,0.01,50,11.96,17,2540,50.8
grid,1,0.09717812499729916,0.8355489495406859,0.8421052631578947,50,20.0,7,7,sqrt,0.01,50,11.96,17,2540,50.8
grid,1,0.09229416699963622,0.8355489495406859,0.8421052631578947,50,20.0,7,10,sqrt,0.01,50,11.96,17,2540,50.8
grid,1,0.21217041699856054,0.8351751239931214,0.8401559454191033,133,20.0,1,10,sqrt,0.01,133,12.165413533834586,18,6723,50.54887218045113
grid,1,0.21226737499819137,0.8350871505022539,0.8421052631578947,133,20.0,1,2,sqrt,0.01,133,12.105263157894736,17,6743,50.69924812030075
grid,1,0.18736925000848714,0.8349144854893839,0.8421052631578947,133,,4,10,log2,0.01,133,11.278195488721805,16,6325,47.556390977443606
grid,1,0.7421007920056581,0.8348889008093731,0.8460038986354775,217,8.0,1,5,0.5,1e-05,217,8.0,8,15407,71.0
grid,1,0.7697476250032196,0.8348889008093731,0.8460038986354775,217,8.0,1,5,0.5,0.0001,217,8.0,8,15407,71.0
grid,1,0.7730109580006683,0.8348889008093731,0.8460038986354775,217,8.0,1,5,0.5,0.0,217,8.0,8,16161,74.47465437788019
grid,1,0.21472308300144505,0.8348249519447302,0.8421052631578947,133,20.0,4,10,sqrt,0.01,133,11.962406015037594,16,6695,50.338345864661655
grid,1,0.21386287499626633,0.8344828858081144,0.8401559454191033,133,20.0,1,5,sqrt,0.01,133,11.827067669172932,15,6683,50.24812030075188
grid,1,0.2152952080068644,0.8344644667150457,0.8421052631578947,133,12.0,1,2,sqrt,0.01,133,11.263157894736842,12,6465,48.609022556390975
grid,1,0.3556708329997491,0.834395429396413,0.8401559454191033,217,16.0,4,2,sqrt,0.01,217,12.23041474654378,16,10963,50.52073732718894
grid,1,0.3308100000140257,0.834395429396413,0.8401559454191033,217,16.0,4,5,sqrt,0.01,217,12.23041474654378,16,10963,50.52073732718894
grid,1,0.3333616250019986,0.834395429396413,0.8401559454191033,217,16.0,4,7,sqrt,0.01,217,12.23041474654378,16,10963,50.52073732718894
grid,1,0.34072824999748264,0.8338656275459682,0.8421052631578947,217,12.0,1,2,sqrt,0.01,217,11.23963133640553,12,10595,48.824884792626726
grid,1,0.29960345799918287,0.8337369567181557,0.8421052631578947,217,16.0,1,7,log2,0.01,217,11.308755760368664,16,10227,47.12903225806452
grid,1,0.22051600000122562,0.833468288363546,0.8382066276803118,133,16.0,4,2,sqrt,0.01,133,12.1203007518797,16,6693,50.32330827067669
grid,1,0.20972758300194982,0.833468288363546,0.8382066276803118,133,16.0,4,5,sqrt,0.01,133,12.1203007518797,16,6693,50.32330827067669
grid,1,0.20544200000585988,0.833468288363546,0.8382066276803118,133,16.0,4,7,sqrt,0.01,133,12.1203007518797,16,6693,50.32330827067669
grid,1,0.20171845900767948,0.8333858293562899,0.8401559454191033,133,20.0,10,2,sqrt,0.01,133,12.12781954887218,20,6753,50.774436090225564
grid,1,0.2053182499948889,0.8333858293562899,0.8401559454191033,133,20.0,10,5,sqrt,0.01,133,12.12781954887218,20,6753,50.774436090225564
grid,1,0.20452937499794643,0.8333858293562899,0.8401559454191033,133,20.0,10,7,sqrt,0.01,133,12.12781954887218,20,6753,50.774436090225564
grid,1,0.2162207500077784,0.8333858293562899,0.8401559454191033,133,20.0,10,10,sqrt,0.01,133,12.12781954887218,20,6753,50.774436090225564
grid,1,0.20854258300096262,0.8333858293562899,0.8401559454191033,133,,10,2,sqrt,0.01,133,12.142857142857142,20,6757,50.80451127819549
grid,1,0.2058675409934949,0.8333858293562899,0.8401559454191033,133,,10,5,sqrt,0.01,133,12.142857142857142,20,6757,50.80451127819549
grid,1,0.20362608300638385,0.8333858293562899,0.8401559454191033,133,,10,7,sqrt,0.01,133,12.142857142857142,20,6757,50.80451127819549
grid,1,0.20856891700532287,0.8333858293562899,0.8401559454191033,133,,10,10,sqrt,0.01,133,12.142857142857142,20,6757,50.80451127819549
grid,1,0.09110325000074226,0.8333362315230651,0.8401559454191033,50,12.0,4,2,log2,0.01,50,10.76,12,2280,45.6
grid,1,0.07943375001195818,0.8333362315230651,0.8401559454191033,50,12.0,4,5,log2,0.01,50,10.76,12,2280,45.6
grid,1,0.08337770799698774,0.8333362315230651,0.8401559454191033,50,12.0,4,7,log2,0.01,50,10.76,12,2280,45.6
grid,1,0.09580070899392013,0.8333129856739515,0.8421052631578947,50,,1,5,sqrt,0.01,50,12.18,16,2540,50.8
grid,1,0.21999979199608788,0.833169615768998,0.8401559454191033,133,16.0,1,2,sqrt,0.01,133,11.977443609022556,16,6737,50.65413533834587
grid,1,0.22034662499208935,0.8331575036846294,0.8401559454191033,133,,1,2,sqrt,0.01,133,12.015037593984962,16,6679,50.21804511278196
grid,1,0.7687591669964604,0.8329554231901188,0.8421052631578947,217,8.0,1,2,0.5,1e-05,217,8.0,8,18241,84.05990783410138
grid,1,0.7631717089971062,0.8329554231901188,0.8421052631578947,217,8.0,1,2,0.5,0.0001,217,8.0,8,18241,84.05990783410138
grid,1,0.755458625004394,0.8329554231901188,0.8421052631578947,217,8.0,1,2,0.5,0.0,217,8.0,8,19269,88.79723502304148
grid,1,0.08417462499346584,0.8328734411746905,0.8421052631578947,50,16.0,4,2,log2,0.01,50,11.3,14,2360,47.2
grid,1,0.08040687500033528,0.8328734411746905,0.8421052631578947,50,16.0,4,5,log2,0.01,50,11.3,14,2360,47.2
grid,1,0.0804650829959428,0.8328734411746905,0.8421052631578947,50,16.0,4,7,log2,0.01,50,11.3,14,2360,47.2
grid,1,0.20614729198860005,0.8328130167358639,0.8401559454191033,133,,4,10,sqrt,0.01,133,11.977443609022556,16,6683,50.24812030075188
grid,1,0.20938154100440443,0.8323483570802886,0.8362573099415205,133,20.0,4,2,sqrt,0.01,133,12.19548872180451,18,6773,50.92481203007519
grid,1,0.21609645900025498,0.8323483570802886,0.8362573099415205,133,20.0,4,5,sqrt,0.01,133,12.19548872180451,18,6773,50.92481203007519
grid,1,0.20765237500017975,0.8323483570802886,0.8362573099415205,133,20.0,4,7,sqrt,0.01,133,12.19548872180451,18,6773,50.92481203007519
grid,1,0.2210507499985397,0.8323041041388967,0.8362573099415205,133,,4,2,sqrt,0.01,133,12.18796992481203,18,6799,51.1203007518797
grid,1,0.21274904200981837,0.8323041041388967,0.8362573099415205,133,,4,5,sqrt,0.01,133,12.18796992481203,18,6799,51.1203007518797
grid,1,0.21699591699871235,0.8323041041388967,0.8362573099415205,133,,4,7,sqrt,0.01,133,12.18796992481203,18,6799,51.1203007518797
grid,1,0.19520304098841734,0.8319163428747597,0.8401559454191033,50,8.0,1,10,0.5,1e-05,50,8.0,8,3202,64.04
grid,1,0.19058979199326131,0.8319163428747597,0.8401559454191033,50,8.0,1,10,0.5,0.0001,50,8.0,8,3202,64.04
grid,1,0.19823641699622385,0.8319163428747597,0.8401559454191033,50,8.0,1,10,0.5,0.0,50,8.0,8,3366,67.32
grid,1,0.19904483399295714,0.8313295114846647,0.8401559454191033,50,8.0,1,7,0.5,1e-05,50,8.0,8,3298,65.96
grid,1,0.21237137500429526,0.8313295114846647,0.8401559454191033,50,8.0,1,7,0.5,0.0001,50,8.0,8,3298,65.96
grid,1,0.1948187920061173,0.8313295114846647,0.8401559454191033,50,8.0,1,7,0.5,0.0,50,8.0,8,3474,69.48
grid,1,0.09276825000415556,0.8312679289531402,0.8401559454191033,50,20.0,1,5,sqrt,0.01,50,12.1,15,2512,50.24
grid,1,0.2252895410056226,0.8311335442607091,0.8401559454191033,133,,7,2,sqrt,0.01,133,11.819548872180452,17,6669,50.142857142857146
grid,1,0.20388450000609737,0.8311335442607091,0.8401559454191033,133,,7,5,sqrt,0.01,133,11.819548872180452,17,6669,50.142857142857146
grid,1,0.20712300000013784,0.8311335442607091,0.8401559454191033,133,,7,7,sqrt,0.01,133,11.819548872180452,17,6669,50.142857142857146
grid,1,0.20393433299614117,0.8311335442607091,0.8401559454191033,133,,7,10,sqrt,0.01,133,11.819548872180452,17,6669,50.142857142857146
grid,1,0.7739305829891236,0.831023134170819,0.8401559454191033,217,8.0,1,2,0.5,0.001,217,8.0,8,13655,62.92626728110599
grid,1,0.09470291600155178,0.8308313675162907,0.8382066276803118,50,16.0,4,2,sqrt,0.01,50,12.32,16,2530,50.6
grid,1,0.0936533330095699,0.8308313675162907,0.8382066276803118,50,16.0,4,5,sqrt,0.01,50,12.32,16,2530,50.6
grid,1,0.09856650000438094,0.8308313675162907,0.8382066276803118,50,16.0,4,7,sqrt,0.01,50,12.32,16,2530,50.6
grid,1,0.174656707997201,0.8306822124580273,0.8382066276803118,133,,7,2,log2,0.01,133,11.360902255639099,16,6317,47.49624060150376
grid,1,0.18231333400763106,0.8306822124580273,0.8382066276803118,133,,7,5,log2,0.01,133,11.360902255639099,16,6317,47.49624060150376
grid,1,0.18978975000209175,0.8306822124580273,0.8382066276803118,133,,7,7,log2,0.01,133,11.360902255639099,16,6317,47.49624060150376
grid,1,0.18373658299969975,0.8306822124580273,0.8382066276803118,133,,7,10,log2,0.01,133,11.360902255639099,16,6317,47.49624060150376
grid,1,0.2960827920032898,0.8304643487056527,0.8382066276803118,217,16.0,10,2,log2,0.01,217,11.119815668202765,16,10255,47.25806451612903
grid,1,0.28134220899664797,0.8304643487056527,0.8382066276803118,217,16.0,10,5,log2,0.01,217,11.119815668202765,16,10255,47.25806451612903
grid,1,0.2840490829985356,0.8304643487056527,0.8382066276803118,217,16.0,10,7,log2,0.01,217,11.119815668202765,16,10255,47.25806451612903
grid,1,0.19979533400328364,0.8304170875613436,0.8382066276803118,133,16.0,10,2,sqrt,0.01,133,12.105263157894736,16,6729,50.59398496240601
grid,1,0.20576929199160077,0.8304170875613436,0.8382066276803118,133,16.0,10,5,sqrt,0.01,133,12.105263157894736,16,6729,50.59398496240601
grid,1,0.1999159170081839,0.8304170875613436,0.8382066276803118,133,16.0,10,7,sqrt,0.01,133,12.105263157894736,16,6729,50.59398496240601
grid,1,0.20376712500001304,0.8304170875613436,0.8382066276803118,133,16.0,10,10,sqrt,0.01,133,12.105263157894736,16,6729,50.59398496240601
grid,1,0.20138312500785105,0.8302564393097076,0.8382066276803118,133,16.0,7,2,sqrt,0.01,133,11.81203007518797,16,6639,49.91729323308271
grid,1,0.2019878749997588,0.8302564393097076,0.8382066276803118,133,16.0,7,5,sqrt,0.01,133,11.81203007518797,16,6639,49.91729323308271
grid,1,0.2012948750052601,0.8302564393097076,0.8382066276803118,133,16.0,7,7,sqrt,0.01,133,11.81203007518797,16,6639,49.91729323308271
grid,1,0.2036271660035709,0.8302564393097076,0.8382066276803118,133,16.0,7,10,sqrt,0.01,133,11.81203007518797,16,6639,49.91729323308271
grid,1,0.09796100000676233,0.8302339162462918,0.8362573099415205,50,16.0,7,2,sqrt,0.01,50,11.96,16,2534,50.68
grid,1,0.09743700000399258,0.8302339162462918,0.8362573099415205,50,16.0,7,5,sqrt,0.01,50,11.96,16,2534,50.68
grid,1,0.09567920801055152,0.8302339162462918,0.8362573099415205,50,16.0,7,7,sqrt,0.01,50,11.96,16,2534,50.68
grid,1,0.09656991699011996,0.8302339162462918,0.8362573099415205,50,16.0,7,10,sqrt,0.01,50,11.96,16,2534,50.68
grid,1,0.3463334589905571,0.8299542488422779,0.8382066276803118,217,16.0,1,2,sqrt,0.01,217,12.12442396313364,16,11069,51.00921658986175
grid,1,0.2954373749962542,0.8299094112878102,0.8362573099415205,217,12.0,7,2,log2,0.01,217,10.709677419354838,12,10039,46.26267281105991
grid,1,0.293720708010369,0.8299094112878102,0.8362573099415205,217,12.0,7,5,log2,0.01,217,10.709677419354838,12,10039,46.26267281105991
grid,1,0.3115571250091307,0.8299094112878102,0.8362573099415205,217,12.0,7,7,log2,0.01,217,10.709677419354838,12,10039,46.26267281105991
grid,1,0.29676633299095556,0.8299094112878102,0.8362573099415205,217,12.0,7,10,log2,0.01,217,10.709677419354838,12,10039,46.26267281105991
grid,1,0.2170825000066543,0.8297792948279319,0.8362573099415205,133,,1,5,sqrt,0.01,133,11.857142857142858,16,6689,50.29323308270677
grid,1,0.33159291600168217,0.8296169315896099,0.8362573099415205,217,12.0,1,10,sqrt,0.01,217,11.221198156682028,12,10679,49.21198156682028
grid,1,0.3440724579995731,0.8295946571433597,0.8362573099415205,217,12.0,1,7,sqrt,0.01,217,11.23041474654378,12,10639,49.02764976958525
grid,1,0.323982582995086,0.8295880665648935,0.8362573099415205,217,16.0,7,2,sqrt,0.01,217,11.806451612903226,16,10885,50.16129032258065
grid,1,0.33612549999088515,0.8295880665648935,0.8362573099415205,217,16.0,7,5,sqrt,0.01,217,11.806451612903226,16,10885,50.16129032258065
grid,1,0.332810874999268,0.8295880665648935,0.8362573099415205,217,16.0,7,7,sqrt,0.01,217,11.806451612903226,16,10885,50.16129032258065
grid,1,0.33357116699335165,0.8295880665648935,0.8362573099415205,217,16.0,7,10,sqrt,0.01,217,11.806451612903226,16,10885,50.16129032258065
grid,1,0.1958927919913549,0.8295792922980124,0.8401559454191033,50,8.0,1,7,0.5,0.001,50,8.0,8,2904,58.08
grid,1,0.7636219169944525,0.8295606199021801,0.8440545808966862,217,8.0,1,5,0.5,0.001,217,8.0,8,13335,61.45161290322581
grid,1,0.22212229200522415,0.829334263452991,0.834307992202729,133,,1,10,sqrt,0.01,133,12.18796992481203,18,6735,50.6390977443609
grid,1,0.20807233300001826,0.8291274411458562,0.8382066276803118,133,20.0,7,2,sqrt,0.01,133,11.864661654135338,17,6681,50.233082706766915
grid,1,0.2073380000074394,0.8291274411458562,0.8382066276803118,133,20.0,7,5,sqrt,0.01,133,11.864661654135338,17,6681,50.233082706766915
grid,1,0.21545354099362157,0.8291274411458562,0.8382066276803118,133,20.0,7,7,sqrt,0.01,133,11.864661654135338,17,6681,50.233082706766915
grid,1,0.21281737500976305,0.8291274411458562,0.8382066276803118,133,20.0,7,10,sqrt,0.01,133,11.864661654135338,17,6681,50.233082706766915
grid,1,0.17825549999543,0.8289568056841748,0.8362573099415205,133,16.0,7,2,log2,0.01,133,11.308270676691729,16,6245,46.954887218045116
grid,1,0.17513654199137818,0.8289568056841748,0.8362573099415205,133,16.0,7,5,log2,0.01,133,11.308270676691729,16,6245,46.954887218045116
grid,1,0.18988595801056363,0.8289568056841748,0.8362573099415205,133,16.0,7,7,log2,0.01,133,11.308270676691729,16,6245,46.954887218045116
grid,1,0.18608566701004747,0.8289568056841748,0.8362573099415205,133,16.0,7,10,log2,0.01,133,11.308270676691729,16,6245,46.954887218045116
grid,1,0.08123658300610259,0.8289540714069273,0.8382066276803118,50,20.0,7,2,log2,0.01,50,11.42,16,2406,48.12
grid,1,0.085109082996496,0.8289540714069273,0.8382066276803118,50,20.0,7,5,log2,0.01,50,11.42,16,2406,48.12
grid,1,0.08096929101157002,0.8289540714069273,0.8382066276803118,50,20.0,7,7,log2,0.01,50,11.42,16,2406,48.12
grid,1,0.0789862079982413,0.8289540714069273,0.8382066276803118,50,20.0,7,10,log2,0.01,50,11.42,16,2406,48.12
grid,1,0.2073896250076359,0.8289407972658691,0.8362573099415205,133,20.0,7,2,log2,0.01,133,11.360902255639099,16,6287,47.27067669172932
grid,1,0.19003045800491236,0.8289407972658691,0.8362573099415205,133,20.0,7,5,log2,0.01,133,11.360902255639099,16,6287,47.27067669172932
grid,1,0.18444629100849852,0.8289407972658691,0.8362573099415205,133,20.0,7,7,log2,0.01,133,11.360902255639099,16,6287,47.27067669172932
grid,1,0.18458412500331178,0.8289407972658691,0.8362573099415205,133,20.0,7,10,log2,0.01,133,11.360902255639099,16,6287,47.27067669172932
grid,1,0.20457491600245703,0.8289262367706842,0.8362573099415205,133,16.0,4,10,sqrt,0.01,133,11.909774436090226,16,6707,50.42857142857143
grid,1,0.21081774999038316,0.8289035361538664,0.834307992202729,133,12.0,1,10,sqrt,0.01,133,11.172932330827068,12,6551,49.255639097744364
grid,1,0.09463412500917912,0.8289032724950143,0.8382066276803118,50,12.0,1,2,sqrt,0.01,50,11.58,12,2442,48.84
grid,1,0.17472783400444314,0.8287596867559597,0.834307992202729,133,8.0,10,2,log2,0.01,133,7.977443609022556,8,4867,36.59398496240601
grid,1,0.1968165419966681,0.8287596867559597,0.834307992202729,133,8.0,10,5,log2,0.01,133,7.977443609022556,8,4867,36.59398496240601
grid,1,0.1768263330013724,0.8287596867559597,0.834307992202729,133,8.0,10,7,log2,0.01,133,7.977443609022556,8,4867,36.59398496240601
grid,1,0.16505179200612474,0.8287596867559597,0.834307992202729,133,8.0,10,10,log2,0.01,133,7.977443609022556,8,4867,36.59398496240601
grid,1,0.09784204199968372,0.828737074062696,0.8382066276803118,50,,4,2,sqrt,0.01,50,12.46,17,2586,51.72
grid,1,0.09663904100307263,0.828737074062696,0.8382066276803118,50,,4,5,sqrt,0.01,50,12.46,17,2586,51.72
grid,1,0.09670533299504314,0.828737074062696,0.8382066276803118,50,,4,7,sqrt,0.01,50,12.46,17,2586,51.72
grid,1,0.09582083398709074,0.8284581296985106,0.8362573099415205,50,12.0,1,5,sqrt,0.01,50,11.5,12,2430,48.6
grid,1,0.47029299999121577,0.828100356003425,0.8382066276803118,133,8.0,1,7,0.5,0.001,133,8.0,8,7783,58.5187969924812
grid,1,0.9293865000072401,0.8280088075328613,0.8362573099415205,217,12.0,10,2,0.5,0.0001,217,12.0,12,20137,92.79723502304148
grid,1,0.8726810419902904,0.8280088075328613,0.8362573099415205,217,12.0,10,5,0.5,0.0001,217,12.0,12,20137,92.79723502304148
grid,1,0.8761529170005815,0.8280088075328613,0.8362573099415205,217,12.0,10,7,0.5,0.0001,217,12.0,12,20137,92.79723502304148
grid,1,0.870183958002599,0.8280088075328613,0.8362573099415205,217,12.0,10,10,0.5,0.0001,217,12.0,12,20137,92.79723502304148
grid,1,0.9351703749998705,0.8280088075328613,0.8362573099415205,217,12.0,10,2,0.5,1e-05,217,12.0,12,21837,100.63133640552995
grid,1,0.8704381249990547,0.8280088075328613,0.8362573099415205,217,12.0,10,5,0.5,1e-05,217,12.0,12,21837,100.63133640552995
grid,1,0.8752476249937899,0.8280088075328613,0.8362573099415205,217,12.0,10,7,0.5,1e-05,217,12.0,12,21837,100.63133640552995
grid,1,0.8570233339996776,0.8280088075328613,0.8362573099415205,217,12.0,10,10,0.5,1e-05,217,12.0,12,21837,100.63133640552995
grid,1,0.9455947910028044,0.8280088075328613,0.8362573099415205,217,12.0,10,2,0.5,0.0,217,12.0,12,23437,108.00460829493088
grid,1,0.8712102500139736,0.8280088075328613,0.8362573099415205,217,12.0,10,5,0.5,0.0,217,12.0,12,23437,108.00460829493088
grid,1,0.8559433339978568,0.8280088075328613,0.8362573099415205,217,12.0,10,7,0.5,0.0,217,12.0,12,23437,108.00460829493088
grid,1,0.8624914999963949,0.8280088075328613,0.8362573099415205,217,12.0,10,10,0.5,0.0,217,12.0,12,23437,108.00460829493088
grid,1,0.27745324998977594,0.8279978194887114,0.8362573099415205,217,8.0,1,7,log2,0.01,217,7.967741935483871,8,8073,37.20276497695853
grid,1,0.09618920799402986,0.8278880047830268,0.8382066276803118,50,16.0,1,5,sqrt,0.01,50,12.3,16,2550,51.0
grid,1,0.2730850839870982,0.8277153466112084,0.834307992202729,217,8.0,10,2,log2,0.01,217,7.976958525345622,8,8061,37.14746543778802
grid,1,0.2877035419951426,0.8277153466112084,0.834307992202729,217,8.0,10,5,log2,0.01,217,7.976958525345622,8,8061,37.14746543778802
grid,1,0.2794758750096662,0.8277153466112084,0.834307992202729,217,8.0,10,7,log2,0.01,217,7.976958525345622,8,8061,37.14746543778802
grid,1,0.2811061660031555,0.8277153466112084,0.834307992202729,217,8.0,10,10,log2,0.01,217,7.976958525345622,8,8061,37.14746543778802
grid,1,0.17726916700485162,0.8276539368197862,0.8362573099415205,133,12.0,4,2,log2,0.01,133,10.661654135338345,12,6097,45.8421052631579
grid,1,0.17399724999268074,0.8276539368197862,0.8362573099415205,133,12.0,4,5,log2,0.01,133,10.661654135338345,12,6097,45.8421052631579
grid,1,0.17707416600023862,0.8276539368197862,0.8362573099415205,133,12.0,4,7,log2,0.01,133,10.661654135338345,12,6097,45.8421052631579
grid,1,0.09445066699117888,0.8275857919431895,0.834307992202729,50,,7,2,sqrt,0.01,50,11.96,17,2538,50.76
grid,1,0.0940416249941336,0.8275857919431895,0.834307992202729,50,,7,5,sqrt,0.01,50,11.96,17,2538,50.76
grid,1,0.09053312499599997,0.8275857919431895,0.834307992202729,50,,7,7,sqrt,0.01,50,11.96,17,2538,50.76
grid,1,0.09347783400153276,0.8275857919431895,0.834307992202729,50,,7,10,sqrt,0.01,50,11.96,17,2538,50.76
grid,1,0.47828729200409725,0.8275514229708228,0.8382066276803118,133,8.0,1,5,0.5,1e-05,133,8.0,8,9333,70.17293233082707
grid,1,0.4701800839975476,0.8275514229708228,0.8382066276803118,133,8.0,1,5,0.5,0.0001,133,8.0,8,9333,70.17293233082707
grid,1,0.46982495799602475,0.8275514229708228,0.8382066276803118,133,8.0,1,5,0.5,0.0,133,8.0,8,9751,73.3157894736842
grid,1,0.20526533300289884,0.8274860001347546,0.8362573099415205,133,12.0,1,7,sqrt,0.01,133,11.31578947368421,12,6517,49.0
grid,1,0.4759962089883629,0.8273163222169304,0.8362573099415205,133,8.0,1,10,0.5,1e-05,133,8.0,8,8441,63.46616541353384
grid,1,0.498490291996859,0.8273163222169304,0.8362573099415205,133,8.0,1,10,0.5,0.0001,133,8.0,8,8441,63.46616541353384
grid,1,0.4652344169880962,0.8273163222169304,0.8362573099415205,133,8.0,1,10,0.5,0.0,133,8.0,8,8857,66.59398496240601
grid,1,0.34358629200141877,0.8273045595748537,0.834307992202729,217,12.0,4,2,sqrt,0.01,217,11.211981566820276,12,10541,48.576036866359445
grid,1,0.35663437499897555,0.8273045595748537,0.834307992202729,217,12.0,4,5,sqrt,0.01,217,11.211981566820276,12,10541,48.576036866359445
grid,1,0.32618883399118204,0.8273045595748537,0.834307992202729,217,12.0,4,7,sqrt,0.01,217,11.211981566820276,12,10541,48.576036866359445
grid,1,0.3429470830014907,0.8272839287201244,0.834307992202729,217,16.0,1,7,sqrt,0.01,217,11.981566820276498,16,10977,50.585253456221196
grid,1,0.08225395799672697,0.8270679372544035,0.8362573099415205,50,,7,2,log2,0.01,50,11.42,16,2416,48.32
grid,1,0.0936064580018865,0.8270679372544035,0.8362573099415205,50,,7,5,log2,0.01,50,11.42,16,2416,48.32
grid,1,0.07875012498698197,0.8270679372544035,0.8362573099415205,50,,7,7,log2,0.01,50,11.42,16,2416,48.32
grid,1,0.07844462498906069,0.8270679372544035,0.8362573099415205,50,,7,10,log2,0.01,50,11.42,16,2416,48.32
grid,1,0.1998528330004774,0.8269185037557049,0.8382066276803118,50,8.0,1,10,0.5,0.001,50,8.0,8,2842,56.84
grid,1,0.3382607499952428,0.8268103926050349,0.8362573099415205,217,12.0,1,5,sqrt,0.01,217,11.271889400921658,12,10667,49.15668202764977
grid,1,0.0833867079927586,0.8267235209548257,0.8362573099415205,50,16.0,7,2,log2,0.01,50,11.56,16,2426,48.52
grid,1,0.0802582910109777,0.8267235209548257,0.8362573099415205,50,16.0,7,5,log2,0.01,50,11.56,16,2426,48.52
grid,1,0.07995195800322108,0.8267235209548257,0.8362573099415205,50,16.0,7,7,log2,0.01,50,11.56,16,2426,48.52
grid,1,0.08134437499393243,0.8267235209548257,0.8362573099415205,50,16.0,7,10,log2,0.01,50,11.56,16,2426,48.52
grid,1,0.09708770799625199,0.8267117505396817,0.8362573099415205,50,16.0,10,2,sqrt,0.01,50,12.14,16,2544,50.88
grid,1,0.09304404200520366,0.8267117505396817,0.8362573099415205,50,16.0,10,5,sqrt,0.01,50,12.14,16,2544,50.88
grid,1,0.0961832909961231,0.8267117505396817,0.8362573099415205,50,16.0,10,7,sqrt,0.01,50,12.14,16,2544,50.88
grid,1,0.09505083299882244,0.8267117505396817,0.8362573099415205,50,16.0,10,10,sqrt,0.01,50,12.14,16,2544,50.88
grid,1,0.08139933299389668,0.8266954285667851,0.834307992202729,50,,1,2,log2,0.01,50,12.0,17,2390,47.8
grid,1,0.7432323749962961,0.8265723573741062,0.8362573099415205,217,8.0,4,2,0.5,1e-05,217,8.0,8,13993,64.48387096774194
grid,1,0.739842499999213,0.8265723573741062,0.8362573099415205,217,8.0,4,5,0.5,1e-05,217,8.0,8,13993,64.48387096774194
grid,1,0.7518944169860333,0.8265723573741062,0.8362573099415205,217,8.0,4,7,0.5,1e-05,217,8.0,8,13993,64.48387096774194
grid,1,0.7447817919892259,0.8265723573741062,0.8362573099415205,217,8.0,4,2,0.5,0.0,217,8.0,8,14751,67.97695852534562
grid,1,0.7547665000020061,0.8265723573741062,0.8362573099415205,217,8.0,4,5,0.5,0.0,217,8.0,8,14751,67.97695852534562
grid,1,0.7454001669975696,0.8265723573741062,0.8362573099415205,217,8.0,4,7,0.5,0.0,217,8.0,8,14751,67.97695852534562
grid,1,0.4825525830092374,0.8264793744704108,0.8382066276803118,133,8.0,1,10,0.5,0.001,133,8.0,8,7509,56.45864661654135
grid,1,0.47410195900010876,0.8263878341226665,0.8401559454191033,133,8.0,4,2,0.5,0.0001,133,8.0,8,8461,63.61654135338346
grid,1,0.46924233398749493,0.8263878341226665,0.8401559454191033,133,8.0,4,5,0.5,0.0001,133,8.0,8,8461,63.61654135338346
grid,1,0.46694524999475107,0.8263878341226665,0.8401559454191033,133,8.0,4,7,0.5,0.0001,133,8.0,8,8461,63.61654135338346
grid,1,0.7544417080061976,0.8263678299913924,0.8362573099415205,217,8.0,4,2,0.5,0.0001,217,8.0,8,13979,64.41935483870968
grid,1,0.7494746250013122,0.8263678299913924,0.8362573099415205,217,8.0,4,5,0.5,0.0001,217,8.0,8,13979,64.41935483870968
grid,1,0.7421557079942431,0.8263678299913924,0.8362573099415205,217,8.0,4,7,0.5,0.0001,217,8.0,8,13979,64.41935483870968
grid,1,0.9202653340034885,0.826150607204444,0.8362573099415205,217,12.0,10,2,0.5,0.001,217,12.0,12,16249,74.88018433179724
grid,1,0.8598251669900492,0.826150607204444,0.8362573099415205,217,12.0,10,5,0.5,0.001,217,12.0,12,16249,74.88018433179724
grid,1,0.8758066250011325,0.826150607204444,0.8362573099415205,217,12.0,10,7,0.5,0.001,217,12.0,12,16249,74.88018433179724
grid,1,0.8574993749934947,0.826150607204444,0.8362573099415205,217,12.0,10,10,0.5,0.001,217,12.0,12,16249,74.88018433179724
grid,1,0.28708495799219236,0.8260682622052518,0.834307992202729,217,16.0,4,2,log2,0.01,217,11.193548387096774,16,10163,46.83410138248848
grid,1,0.29673999999067746,0.8260682622052518,0.834307992202729,217,16.0,4,5,log2,0.01,217,11.193548387096774,16,10163,46.83410138248848
grid,1,0.3005769580049673,0.8260682622052518,0.834307992202729,217,16.0,4,7,log2,0.01,217,11.193548387096774,16,10163,46.83410138248848
grid,1,0.2282212080026511,0.8259948313276345,0.8323586744639376,50,12.0,10,2,0.5,0.0001,50,12.0,12,4690,93.8
grid,1,0.22953925000911113,0.8259948313276345,0.8323586744639376,50,12.0,10,5,0.5,0.0001,50,12.0,12,4690,93.8
grid,1,0.2199196250003297,0.8259948313276345,0.8323586744639376,50,12.0,10,7,0.5,0.0001,50,12.0,12,4690,93.8
grid,1,0.226243416997022,0.8259948313276345,0.8323586744639376,50,12.0,10,10,0.5,0.0001,50,12.0,12,4690,93.8
grid,1,0.22787516700918786,0.8259948313276345,0.8323586744639376,50,12.0,10,2,0.5,1e-05,50,12.0,12,5066,101.32
grid,1,0.21754179100389592,0.8259948313276345,0.8323586744639376,50,12.0,10,5,0.5,1e-05,50,12.0,12,5066,101.32
grid,1,0.22864179199677892,0.8259948313276345,0.8323586744639376,50,12.0,10,7,0.5,1e-05,50,12.0,12,5066,101.32
grid,1,0.23123366599611472,0.8259948313276345,0.8323586744639376,50,12.0,10,10,0.5,1e-05,50,12.0,12,5066,101.32
grid,1,0.22664516599616036,0.8259948313276345,0.8323586744639376,50,12.0,10,2,0.5,0.0,50,12.0,12,5448,108.96
grid,1,0.21986333299719263,0.8259948313276345,0.8323586744639376,50,12.0,10,5,0.5,0.0,50,12.0,12,5448,108.96
grid,1,0.21925258400733583,0.8259948313276345,0.8323586744639376,50,12.0,10,7,0.5,0.0,50,12.0,12,5448,108.96
grid,1,0.22763879199919757,0.8259948313276345,0.8323586744639376,50,12.0,10,10,0.5,0.0,50,12.0,12,5448,108.96
grid,1,0.187790916999802,0.8259650197156809,0.8323586744639376,133,12.0,1,5,log2,0.01,133,10.87218045112782,12,6087,45.766917293233085
grid,1,0.2865802910091588,0.8258077430057907,0.834307992202729,217,12.0,1,2,log2,0.01,217,10.737327188940093,12,10073,46.41935483870968
grid,1,0.20179933299368713,0.8256378871507617,0.834307992202729,50,8.0,1,5,0.5,1e-05,50,8.0,8,3438,68.76
grid,1,0.20047691601212136,0.8256378871507617,0.834307992202729,50,8.0,1,5,0.5,0.0001,50,8.0,8,3438,68.76
grid,1,0.21190370799740776,0.8256378871507617,0.834307992202729,50,8.0,1,5,0.5,0.0,50,8.0,8,3602,72.04
grid,1,0.19297679199371487,0.825220095902343,0.8323586744639376,133,16.0,10,2,log2,0.01,133,11.165413533834586,15,6285,47.255639097744364
grid,1,0.17836741599603556,0.825220095902343,0.8323586744639376,133,16.0,10,5,log2,0.01,133,11.165413533834586,15,6285,47.255639097744364
grid,1,0.1797953339992091,0.825220095902343,0.8323586744639376,133,16.0,10,7,log2,0.01,133,11.165413533834586,15,6285,47.255639097744364
grid,1,0.1738080000068294,0.825220095902343,0.8323586744639376,133,16.0,10,10,log2,0.01,133,11.165413533834586,15,6285,47.255639097744364
grid,1,0.17797862499719486,0.8251265689420978,0.8323586744639376,133,12.0,7,2,log2,0.01,133,10.781954887218046,12,6187,46.5187969924812
grid,1,0.1769317080033943,0.8251265689420978,0.8323586744639376,133,12.0,7,5,log2,0.01,133,10.781954887218046,12,6187,46.5187969924812
grid,1,0.17682833300204948,0.8251265689420978,0.8323586744639376,133,12.0,7,7,log2,0.01,133,10.781954887218046,12,6187,46.5187969924812
grid,1,0.168647874990711,0.8251265689420978,0.8323586744639376,133,12.0,7,10,log2,0.01,133,10.781954887218046,12,6187,46.5187969924812
grid,1,0.08105729200178757,0.8249670060176328,0.8323586744639376,50,8.0,10,2,log2,0.01,50,7.98,8,1838,36.76
grid,1,0.08193037500313949,0.8249670060176328,0.8323586744639376,50,8.0,10,5,log2,0.01,50,7.98,8,1838,36.76
grid,1,0.08350154099753127,0.8249670060176328,0.8323586744639376,50,8.0,10,7,log2,0.01,50,7.98,8,1838,36.76
grid,1,0.07968966699263547,0.8249670060176328,0.8323586744639376,50,8.0,10,10,log2,0.01,50,7.98,8,1838,36.76
grid,1,0.47880366700701416,0.824840729258126,0.8382066276803118,133,8.0,4,2,0.5,1e-05,133,8.0,8,8469,63.67669172932331
grid,1,0.4699720419885125,0.824840729258126,0.8382066276803118,133,8.0,4,5,0.5,1e-05,133,8.0,8,8469,63.67669172932331
grid,1,0.46805591600423213,0.824840729258126,0.8382066276803118,133,8.0,4,7,0.5,1e-05,133,8.0,8,8469,63.67669172932331
grid,1,0.468602416003705,0.824840729258126,0.8382066276803118,133,8.0,4,2,0.5,0.0,133,8.0,8,8903,66.93984962406014
grid,1,0.46189604100072756,0.824840729258126,0.8382066276803118,133,8.0,4,5,0.5,0.0,133,8.0,8,8903,66.93984962406014
grid,1,0.4652159999968717,0.824840729258126,0.8382066276803118,133,8.0,4,7,0.5,0.0,133,8.0,8,8903,66.93984962406014
grid,1,0.47418241600098554,0.8247987596157224,0.8362573099415205,133,8.0,1,5,0.5,0.001,133,8.0,8,8063,60.62406015037594
grid,1,0.2046582080074586,0.8246834194799887,0.834307992202729,133,12.0,1,5,sqrt,0.01,133,11.180451127819548,12,6527,49.07518796992481
grid,1,0.3435602499957895,0.8246168254797988,0.8323586744639376,217,16.0,1,5,sqrt,0.01,217,12.027649769585253,16,10959,50.50230414746544
grid,1,0.29507100000046194,0.8246082071628824,0.8323586744639376,217,12.0,1,5,log2,0.01,217,10.84331797235023,12,10053,46.327188940092164
grid,1,0.19957741600228474,0.8245974690457484,0.834307992202729,50,8.0,4,10,0.5,0.001,50,8.0,8,2588,51.76
grid,1,0.179419041989604,0.8245004673139474,0.8323586744639376,133,12.0,1,2,log2,0.01,133,10.796992481203008,12,6181,46.473684210526315
grid,1,0.4761728339944966,0.8244843598174494,0.8382066276803118,133,8.0,4,2,0.5,0.001,133,8.0,8,7063,53.10526315789474
grid,1,0.4709077500010608,0.8244843598174494,0.8382066276803118,133,8.0,4,5,0.5,0.001,133,8.0,8,7063,53.10526315789474
grid,1,0.47539533299277537,0.8244843598174494,0.8382066276803118,133,8.0,4,7,0.5,0.001,133,8.0,8,7063,53.10526315789474
grid,1,0.2740287910128245,0.8242501706839445,0.8304093567251462,217,8.0,4,2,log2,0.01,217,7.95852534562212,8,8147,37.54377880184332
grid,1,0.2769129999942379,0.8242501706839445,0.8304093567251462,217,8.0,4,5,log2,0.01,217,7.95852534562212,8,8147,37.54377880184332
grid,1,0.28059599999687634,0.8242501706839445,0.8304093567251462,217,8.0,4,7,log2,0.01,217,7.95852534562212,8,8147,37.54377880184332
grid,1,0.3203570839978056,0.8241985123638896,0.8304093567251462,217,8.0,4,2,sqrt,0.01,217,7.986175115207374,8,8205,37.8110599078341
grid,1,0.30600395798683167,0.8241985123638896,0.8304093567251462,217,8.0,4,5,sqrt,0.01,217,7.986175115207374,8,8205,37.8110599078341
grid,1,0.33229299999948125,0.8241985123638896,0.8304093567251462,217,8.0,4,7,sqrt,0.01,217,7.986175115207374,8,8205,37.8110599078341
grid,1,0.19889329200668726,0.824171529913904,0.8323586744639376,50,8.0,4,10,0.5,1e-05,50,8.0,8,3100,62.0
grid,1,0.1981218339933548,0.824171529913904,0.8323586744639376,50,8.0,4,10,0.5,0.0001,50,8.0,8,3100,62.0
grid,1,0.19712383300065994,0.824171529913904,0.8323586744639376,50,8.0,4,10,0.5,0.0,50,8.0,8,3260,65.2
grid,1,0.08978308299265336,0.8241333410849653,0.8323586744639376,50,20.0,1,10,log2,0.01,50,10.96,14,2330,46.6
grid,1,0.2183600410062354,0.8238304027384735,0.8304093567251462,133,16.0,1,5,sqrt,0.01,133,11.887218045112782,16,6685,50.26315789473684
grid,1,0.31148029200267047,0.8234402973476108,0.8304093567251462,217,8.0,7,2,sqrt,0.01,217,7.990783410138249,8,8245,37.995391705069125
grid,1,0.30944675000500865,0.8234402973476108,0.8304093567251462,217,8.0,7,5,sqrt,0.01,217,7.990783410138249,8,8245,37.995391705069125
grid,1,0.3188692919939058,0.8234402973476108,0.8304093567251462,217,8.0,7,7,sqrt,0.01,217,7.990783410138249,8,8245,37.995391705069125
grid,1,0.3137541659962153,0.8234402973476108,0.8304093567251462,217,8.0,7,10,sqrt,0.01,217,7.990783410138249,8,8245,37.995391705069125
grid,1,0.08320295900921337,0.8234182337763717,0.8304093567251462,50,20.0,4,10,log2,0.01,50,11.48,16,2368,47.36
grid,1,0.083183958005975,0.8234182337763717,0.8304093567251462,50,,4,10,log2,0.01,50,11.48,16,2376,47.52
grid,1,0.30691287499212194,0.8234130530461073,0.834307992202729,217,12.0,1,10,log2,0.01,217,10.603686635944701,12,9933,45.774193548387096
grid,1,0.18607379199238494,0.8233775924743546,0.8304093567251462,133,8.0,1,7,sqrt,0.01,133,8.0,8,5117,38.473684210526315
grid,1,0.09344174999569077,0.8232666686755955,0.8323586744639376,50,,1,10,sqrt,0.01,50,12.5,18,2544,50.88
grid,1,0.3412334159947932,0.823232699609908,0.8304093567251462,217,12.0,7,2,sqrt,0.01,217,11.046082949308756,12,10529,48.52073732718894
grid,1,0.3234063749987399,0.823232699609908,0.8304093567251462,217,12.0,7,5,sqrt,0.01,217,11.046082949308756,12,10529,48.52073732718894
grid,1,0.36136429199541453,0.823232699609908,0.8304093567251462,217,12.0,7,7,sqrt,0.01,217,11.046082949308756,12,10529,48.52073732718894
grid,1,0.3583587089960929,0.823232699609908,0.8304093567251462,217,12.0,7,10,sqrt,0.01,217,11.046082949308756,12,10529,48.52073732718894
grid,1,0.5443903749983292,0.8231627171495846,0.8284600389863548,133,12.0,10,2,0.5,0.0001,133,12.0,12,12311,92.56390977443608
grid,1,0.529515292000724,0.8231627171495846,0.8284600389863548,133,12.0,10,5,0.5,0.0001,133,12.0,12,12311,92.56390977443608
grid,1,0.5455685839988291,0.8231627171495846,0.8284600389863548,133,12.0,10,7,0.5,0.0001,133,12.0,12,12311,92.56390977443608
grid,1,0.529063291993225,0.8231627171495846,0.8284600389863548,133,12.0,10,10,0.5,0.0001,133,12.0,12,12311,92.56390977443608
grid,1,0.5406160839920631,0.8231627171495846,0.8284600389863548,133,12.0,10,2,0.5,1e-05,133,12.0,12,13365,100.48872180451127
grid,1,0.5340988329990068,0.8231627171495846,0.8284600389863548,133,12.0,10,5,0.5,1e-05,133,12.0,12,13365,100.48872180451127
grid,1,0.5387807079969207,0.8231627171495846,0.8284600389863548,133,12.0,10,7,0.5,1e-05,133,12.0,12,13365,100.48872180451127
grid,1,0.5350927919935202,0.8231627171495846,0.8284600389863548,133,12.0,10,10,0.5,1e-05,133,12.0,12,13365,100.48872180451127
grid,1,0.5321463750005933,0.8231627171495846,0.8284600389863548,133,12.0,10,2,0.5,0.0,133,12.0,12,14327,107.7218045112782
grid,1,0.5300121659965953,0.8231627171495846,0.8284600389863548,133,12.0,10,5,0.5,0.0,133,12.0,12,14327,107.7218045112782
grid,1,0.5259574579977198,0.8231627171495846,0.8284600389863548,133,12.0,10,7,0.5,0.0,133,12.0,12,14327,107.7218045112782
grid,1,0.5302866249985527,0.8231627171495846,0.8284600389863548,133,12.0,10,10,0.5,0.0,133,12.0,12,14327,107.7218045112782
grid,1,0.7689349580032285,0.8230965131880837,0.834307992202729,217,8.0,4,2,0.5,0.001,217,8.0,8,11729,54.05069124423963
grid,1,0.7376380420027999,0.8230965131880837,0.834307992202729,217,8.0,4,5,0.5,0.001,217,8.0,8,11729,54.05069124423963
grid,1,0.7521373329946073,0.8230965131880837,0.834307992202729,217,8.0,4,7,0.5,0.001,217,8.0,8,11729,54.05069124423963
grid,1,0.20503920900227968,0.8229421974239699,0.8323586744639376,133,12.0,7,2,sqrt,0.01,133,11.015037593984962,12,6401,48.12781954887218
grid,1,0.2057065419940045,0.8229421974239699,0.8323586744639376,133,12.0,7,5,sqrt,0.01,133,11.015037593984962,12,6401,48.12781954887218
grid,1,0.19958595900970977,0.8229421974239699,0.8323586744639376,133,12.0,7,7,sqrt,0.01,133,11.015037593984962,12,6401,48.12781954887218
grid,1,0.19822083300095983,0.8229421974239699,0.8323586744639376,133,12.0,7,10,sqrt,0.01,133,11.015037593984962,12,6401,48.12781954887218
grid,1,0.3173627499927534,0.8229407703596131,0.8304093567251462,217,8.0,1,2,sqrt,0.01,217,7.986175115207374,8,8329,38.382488479262676
grid,1,0.08006333401135635,0.8226446105320467,0.8323586744639376,50,12.0,1,2,log2,0.01,50,10.98,12,2360,47.2
grid,1,0.7537784169981023,0.8224951941035866,0.834307992202729,217,8.0,4,10,0.5,0.0001,217,8.0,8,13581,62.585253456221196
grid,1,0.7389649160031695,0.8224951941035866,0.834307992202729,217,8.0,4,10,0.5,1e-05,217,8.0,8,13583,62.59447004608295
grid,1,0.7455084159882972,0.8224951941035866,0.834307992202729,217,8.0,4,10,0.5,0.0,217,8.0,8,14359,66.17050691244239
grid,1,0.09416570898611099,0.8224116582984098,0.8304093567251462,50,20.0,1,10,sqrt,0.01,50,12.46,18,2544,50.88
grid,1,0.333935582995764,0.8223953023398045,0.8284600389863548,217,8.0,4,10,sqrt,0.01,217,7.986175115207374,8,8225,37.903225806451616
grid,1,0.7536305839894339,0.8223199788819319,0.834307992202729,217,8.0,4,10,0.5,0.001,217,8.0,8,11385,52.465437788018434
grid,1,0.09545449999859557,0.8222952548788495,0.8323586744639376,50,,4,10,sqrt,0.01,50,12.48,15,2500,50.0
grid,1,0.09684645799279679,0.8222952548788495,0.8323586744639376,50,20.0,4,10,sqrt,0.01,50,12.48,15,2510,50.2
grid,1,0.21329083399905358,0.8222619942563045,0.8304093567251462,133,20.0,1,7,sqrt,0.01,133,11.984962406015038,18,6699,50.36842105263158
grid,1,0.09748399999807589,0.8221780282579387,0.8304093567251462,50,12.0,10,2,sqrt,0.01,50,11.22,12,2476,49.52
grid,1,0.09412187500856817,0.8221780282579387,0.8304093567251462,50,12.0,10,5,sqrt,0.01,50,11.22,12,2476,49.52
grid,1,0.09396741699310951,0.8221780282579387,0.8304093567251462,50,12.0,10,7,sqrt,0.01,50,11.22,12,2476,49.52
grid,1,0.09426470800826792,0.8221780282579387,0.8304093567251462,50,12.0,10,10,sqrt,0.01,50,11.22,12,2476,49.52
grid,1,0.17689004199928604,0.8221207272333182,0.8323586744639376,133,16.0,4,2,log2,0.01,133,11.19548872180451,16,6227,46.81954887218045
grid,1,0.18517533299745992,0.8221207272333182,0.8323586744639376,133,16.0,4,5,log2,0.01,133,11.19548872180451,16,6227,46.81954887218045
grid,1,0.1861539579986129,0.8221207272333182,0.8323586744639376,133,16.0,4,7,log2,0.01,133,11.19548872180451,16,6227,46.81954887218045
grid,1,0.2276585409999825,0.8219993717778469,0.8284600389863548,50,12.0,10,2,0.5,0.001,50,12.0,12,3782,75.64
grid,1,0.2282814999925904,0.8219993717778469,0.8284600389863548,50,12.0,10,5,0.5,0.001,50,12.0,12,3782,75.64
grid,1,0.21969812498718966,0.8219993717778469,0.8284600389863548,50,12.0,10,7,0.5,0.001,50,12.0,12,3782,75.64
grid,1,0.2427463330095634,0.8219993717778469,0.8284600389863548,50,12.0,10,10,0.5,0.001,50,12.0,12,3782,75.64
grid,1,0.3101602499955334,0.821855624828211,0.8304093567251462,217,16.0,1,2,log2,0.01,217,11.2073732718894,16,10245,47.21198156682028
grid,1,0.09306754100543913,0.8217820187657969,0.8304093567251462,50,12.0,4,10,log2,0.01,50,11.02,12,2318,46.36
grid,1,0.09022712499427143,0.821777064663822,0.8304093567251462,50,,10,2,sqrt,0.01,50,12.12,20,2540,50.8
grid,1,0.09473291700123809,0.821777064663822,0.8304093567251462,50,,10,5,sqrt,0.01,50,12.12,20,2540,50.8
grid,1,0.0962487910001073,0.821777064663822,0.8304093567251462,50,,10,7,sqrt,0.01,50,12.12,20,2540,50.8
grid,1,0.09661249999771826,0.821777064663822,0.8304093567251462,50,,10,10,sqrt,0.01,50,12.12,20,2540,50.8
grid,1,0.330708916997537,0.821772034488335,0.8304093567251462,217,8.0,1,7,sqrt,0.01,217,7.9953917050691246,8,8383,38.63133640552996
grid,1,0.08151287499640603,0.8217472854674905,0.8265107212475633,50,16.0,4,10,log2,0.01,50,11.56,16,2400,48.0
grid,1,0.0821833750087535,0.821566818393516,0.8304093567251462,50,,1,10,log2,0.01,50,10.94,14,2308,46.16
grid,1,0.20322345799650066,0.8213570206217469,0.8323586744639376,50,8.0,1,5,0.5,0.001,50,8.0,8,2970,59.4
grid,1,0.17199608299415559,0.8213353515823595,0.8304093567251462,133,12.0,4,10,log2,0.01,133,10.736842105263158,12,6109,45.932330827067666
grid,1,0.09332825000456069,0.8212291402428066,0.8304093567251462,50,20.0,10,2,sqrt,0.01,50,12.08,20,2532,50.64
grid,1,0.09699045799789019,0.8212291402428066,0.8304093567251462,50,20.0,10,5,sqrt,0.01,50,12.08,20,2532,50.64
grid,1,0.09659904200816527,0.8212291402428066,0.8304093567251462,50,20.0,10,7,sqrt,0.01,50,12.08,20,2532,50.64
grid,1,0.09665716699964833,0.8212291402428066,0.8304093567251462,50,20.0,10,10,sqrt,0.01,50,12.08,20,2532,50.64
grid,1,0.31178979099786375,0.821159113579221,0.8304093567251462,217,12.0,1,7,log2,0.01,217,10.76958525345622,12,10073,46.41935483870968
grid,1,0.2590620840055635,0.8209292672617443,0.8304093567251462,50,20.0,4,2,0.5,0.01,50,15.46,19,2640,52.8
grid,1,0.26480383300804533,0.8209292672617443,0.8304093567251462,50,20.0,4,5,0.5,0.01,50,15.46,19,2640,52.8
grid,1,0.2621945830032928,0.8209292672617443,0.8304093567251462,50,20.0,4,7,0.5,0.01,50,15.46,19,2640,52.8
grid,1,0.09540449999622069,0.8208807340839624,0.8265107212475633,50,16.0,1,10,sqrt,0.01,50,12.44,16,2540,50.8
grid,1,0.08282133299508132,0.8205204631206503,0.8304093567251462,50,20.0,1,5,log2,0.01,50,11.78,15,2376,47.52
grid,1,0.2818735419859877,0.8204303542835183,0.8265107212475633,217,8.0,1,2,log2,0.01,217,7.953917050691245,8,8217,37.866359447004605
grid,1,0.30926375000854023,0.8203739656985533,0.8284600389863548,217,12.0,10,2,log2,0.01,217,10.682027649769585,12,10039,46.26267281105991
grid,1,0.28481150000880007,0.8203739656985533,0.8284600389863548,217,12.0,10,5,log2,0.01,217,10.682027649769585,12,10039,46.26267281105991
grid,1,0.28687058300420176,0.8203739656985533,0.8284600389863548,217,12.0,10,7,log2,0.01,217,10.682027649769585,12,10039,46.26267281105991
grid,1,0.28168508398812264,0.8203739656985533,0.8284600389863548,217,12.0,10,10,log2,0.01,217,10.682027649769585,12,10039,46.26267281105991
grid,1,0.332251041996642,0.8203161201001644,0.8284600389863548,217,12.0,4,10,sqrt,0.01,217,11.225806451612904,12,10435,48.08755760368663
grid,1,0.0932212080078898,0.8202280240172966,0.8304093567251462,50,16.0,4,10,sqrt,0.01,50,12.48,16,2506,50.12
grid,1,0.1981715829897439,0.8200789482905916,0.8284600389863548,133,20.0,1,2,log2,0.01,133,11.330827067669173,17,6309,47.43609022556391
grid,1,0.25716229098907206,0.8198227929988047,0.8304093567251462,50,16.0,1,5,0.5,0.01,50,14.82,16,2560,51.2
grid,1,0.5401862089929637,0.8195507423332349,0.8265107212475633,133,12.0,10,2,0.5,0.001,133,12.0,12,9955,74.84962406015038
grid,1,0.5349065829941537,0.8195507423332349,0.8265107212475633,133,12.0,10,5,0.5,0.001,133,12.0,12,9955,74.84962406015038
grid,1,0.5578502089920221,0.8195507423332349,0.8265107212475633,133,12.0,10,7,0.5,0.001,133,12.0,12,9955,74.84962406015038
grid,1,0.5407110839878442,0.8195507423332349,0.8265107212475633,133,12.0,10,10,0.5,0.001,133,12.0,12,9955,74.84962406015038
grid,1,0.08341904099506792,0.819506748073395,0.8265107212475633,50,20.0,1,2,log2,0.01,50,11.8,15,2402,48.04
grid,1,0.28684095801145304,0.8194252126873135,0.8284600389863548,217,8.0,1,10,log2,0.01,217,7.967741935483871,8,8331,38.39170506912443
grid,1,0.2068802499998128,0.8194233099024557,0.8265107212475633,133,16.0,1,7,sqrt,0.01,133,12.06015037593985,16,6713,50.473684210526315
grid,1,0.18671754100068938,0.8194107567206567,0.8284600389863548,133,16.0,1,10,log2,0.01,133,11.007518796992482,16,6285,47.255639097744364
grid,1,0.08343229099409655,0.8194045218657433,0.8284600389863548,50,,4,2,log2,0.01,50,11.28,15,2342,46.84
grid,1,0.07994366700586397,0.8194045218657433,0.8284600389863548,50,,4,5,log2,0.01,50,11.28,15,2342,46.84
grid,1,0.08212229199125431,0.8194045218657433,0.8284600389863548,50,,4,7,log2,0.01,50,11.28,15,2342,46.84
grid,1,0.255374957996537,0.8193459524538974,0.8284600389863548,50,20.0,1,5,0.5,0.01,50,15.04,18,2584,51.68
grid,1,0.2665042499866104,0.8189404569708323,0.8284600389863548,50,,4,2,0.5,0.01,50,15.36,19,2626,52.52
grid,1,0.26218433400208596,0.8189404569708323,0.8284600389863548,50,,4,5,0.5,0.01,50,15.36,19,2626,52.52
grid,1,0.2710957499948563,0.8189404569708323,0.8284600389863548,50,,4,7,0.5,0.01,50,15.36,19,2626,52.52
grid,1,0.18993404200591613,0.8188055406557424,0.8284600389863548,133,20.0,1,10,log2,0.01,133,10.864661654135338,16,6255,47.03007518796993
grid,1,0.18805516700376756,0.8187892856996137,0.8304093567251462,133,,4,2,log2,0.01,133,11.165413533834586,18,6187,46.5187969924812
grid,1,0.19040249999670777,0.8187892856996137,0.8304093567251462,133,,4,5,log2,0.01,133,11.165413533834586,18,6187,46.5187969924812
grid,1,0.18878362500981893,0.8187892856996137,0.8304093567251462,133,,4,7,log2,0.01,133,11.165413533834586,18,6187,46.5187969924812
grid,1,0.19074987500789575,0.8187561098062159,0.8284600389863548,133,,1,10,log2,0.01,133,10.864661654135338,16,6197,46.59398496240601
grid,1,0.08450799999991432,0.8187474554003065,0.8284600389863548,50,,1,5,log2,0.01,50,11.8,16,2366,47.32
grid,1,0.18561237498943228,0.8183570442922884,0.8265107212475633,133,,1,5,log2,0.01,133,11.398496240601503,17,6243,46.93984962406015
grid,1,0.09670358400035184,0.8181706809079442,0.8284600389863548,50,12.0,4,10,sqrt,0.01,50,11.28,12,2390,47.8
grid,1,0.6169857079948997,0.8181461540989069,0.8284600389863548,133,20.0,4,2,0.5,0.01,133,15.293233082706767,19,6925,52.067669172932334
grid,1,0.6214593750046333,0.8181461540989069,0.8284600389863548,133,20.0,4,5,0.5,0.01,133,15.293233082706767,19,6925,52.067669172932334
grid,1,0.6174788329954026,0.8181461540989069,0.8284600389863548,133,20.0,4,7,0.5,0.01,133,15.293233082706767,19,6925,52.067669172932334
grid,1,0.23898762500903104,0.8180945266570256,0.8265107212475633,133,12.0,4,10,sqrt,0.01,133,11.210526315789474,12,6435,48.38345864661654
grid,1,0.28002354101045057,0.8179695731220449,0.8265107212475633,217,8.0,1,5,log2,0.01,217,7.9631336405529956,8,8197,37.774193548387096
grid,1,0.2938948750088457,0.8178181236637333,0.8265107212475633,217,12.0,4,10,log2,0.01,217,10.732718894009217,12,9967,45.93087557603687
grid,1,0.17826050000439864,0.8178038679950963,0.8245614035087719,133,8.0,1,2,log2,0.01,133,7.969924812030075,8,5049,37.962406015037594
grid,1,0.1822839579981519,0.8176627427310074,0.8265107212475633,133,20.0,10,2,log2,0.01,133,11.142857142857142,17,6291,47.30075187969925
grid,1,0.17408841699943878,0.8176627427310074,0.8265107212475633,133,20.0,10,5,log2,0.01,133,11.142857142857142,17,6291,47.30075187969925
grid,1,0.1908293330052402,0.8176627427310074,0.8265107212475633,133,20.0,10,7,log2,0.01,133,11.142857142857142,17,6291,47.30075187969925
grid,1,0.20357137500832323,0.8176627427310074,0.8265107212475633,133,20.0,10,10,log2,0.01,133,11.142857142857142,17,6291,47.30075187969925
grid,1,0.19054245900770184,0.8176627427310074,0.8265107212475633,133,,10,2,log2,0.01,133,11.142857142857142,17,6299,47.3609022556391
grid,1,0.1820855840051081,0.8176627427310074,0.8265107212475633,133,,10,5,log2,0.01,133,11.142857142857142,17,6299,47.3609022556391
grid,1,0.18103658400650602,0.8176627427310074,0.8265107212475633,133,,10,7,log2,0.01,133,11.142857142857142,17,6299,47.3609022556391
grid,1,0.21144666700274684,0.8176627427310074,0.8265107212475633,133,,10,10,log2,0.01,133,11.142857142857142,17,6299,47.3609022556391
grid,1,0.3238503329921514,0.8174976071303477,0.8265107212475633,217,8.0,1,10,sqrt,0.01,217,7.990783410138249,8,8247,38.004608294930875
grid,1,0.19775133300572634,0.8171977987859589,0.8265107212475633,133,,1,2,log2,0.01,133,11.398496240601503,17,6259,47.06015037593985
grid,1,0.29936458299926016,0.8171337726643894,0.8245614035087719,217,12.0,4,2,log2,0.01,217,10.67741935483871,12,9907,45.654377880184335
grid,1,0.2859480000042822,0.8171337726643894,0.8245614035087719,217,12.0,4,5,log2,0.01,217,10.67741935483871,12,9907,45.654377880184335
grid,1,0.2799773339938838,0.8171337726643894,0.8245614035087719,217,12.0,4,7,log2,0.01,217,10.67741935483871,12,9907,45.654377880184335
grid,1,0.657058708005934,0.8171085094910583,0.8284600389863548,133,,1,10,0.5,0.01,133,15.488721804511279,19,6957,52.30827067669173
grid,1,0.9677024999982677,0.8170676703158929,0.8284600389863548,217,16.0,4,2,0.5,0.01,217,14.926267281105991,16,11143,51.35023041474654
grid,1,0.9675271250016522,0.8170676703158929,0.8284600389863548,217,16.0,4,5,0.5,0.01,217,14.926267281105991,16,11143,51.35023041474654
grid,1,0.9662739589984994,0.8170676703158929,0.8284600389863548,217,16.0,4,7,0.5,0.01,217,14.926267281105991,16,11143,51.35023041474654
grid,1,0.08224424999207258,0.8169456222021374,0.8245614035087719,50,16.0,10,2,log2,0.01,50,11.38,15,2378,47.56
grid,1,0.08416137499443721,0.8169456222021374,0.8245614035087719,50,16.0,10,5,log2,0.01,50,11.38,15,2378,47.56
grid,1,0.09109333300148137,0.8169456222021374,0.8245614035087719,50,16.0,10,7,log2,0.01,50,11.38,15,2378,47.56
grid,1,0.07874316700326744,0.8169456222021374,0.8245614035087719,50,16.0,10,10,log2,0.01,50,11.38,15,2378,47.56
grid,1,0.07909237500280142,0.8169377673510643,0.8265107212475633,50,8.0,1,2,log2,0.01,50,8.0,8,1882,37.64
grid,1,0.22249400000146125,0.8168452724950303,0.8265107212475633,133,,1,7,sqrt,0.01,133,11.917293233082706,15,6663,50.097744360902254
grid,1,0.6447909170092316,0.8168065892418833,0.8284600389863548,133,20.0,1,10,0.5,0.01,133,15.503759398496241,19,6957,52.30827067669173
grid,1,0.17423187500389758,0.8164527263987245,0.8265107212475633,133,12.0,1,7,log2,0.01,133,10.781954887218046,12,6157,46.29323308270677
grid,1,0.2675505830120528,0.8164133229734507,0.8265107212475633,50,,1,5,0.5,0.01,50,15.06,18,2586,51.72
grid,1,0.1923875000065891,0.8163751203373221,0.8245614035087719,133,20.0,1,5,log2,0.01,133,11.323308270676693,17,6231,46.849624060150376
grid,1,0.6269278330000816,0.8163734700432504,0.8265107212475633,133,,4,2,0.5,0.01,133,15.25563909774436,19,6919,52.02255639097744
grid,1,0.625188584002899,0.8163734700432504,0.8265107212475633,133,,4,5,0.5,0.01,133,15.25563909774436,19,6919,52.02255639097744
grid,1,0.6350547500042012,0.8163734700432504,0.8265107212475633,133,,4,7,0.5,0.01,133,15.25563909774436,19,6919,52.02255639097744
grid,1,0.08455387499998324,0.8162127675096457,0.8245614035087719,50,16.0,1,7,log2,0.01,50,11.54,15,2372,47.44
grid,1,0.27839279199542943,0.8161919592891329,0.8245614035087719,217,8.0,4,10,log2,0.01,217,7.9631336405529956,8,8159,37.59907834101382
grid,1,0.1898125839943532,0.816174170041308,0.8245614035087719,133,8.0,1,10,sqrt,0.01,133,7.992481203007519,8,5081,38.203007518796994
grid,1,0.1858649579953635,0.815846091568634,0.8245614035087719,50,20.0,10,2,log2,0.01,50,11.38,15,2372,47.44
grid,1,0.08285237499512732,0.815846091568634,0.8245614035087719,50,20.0,10,5,log2,0.01,50,11.38,15,2372,47.44
grid,1,0.08334987499983981,0.815846091568634,0.8245614035087719,50,20.0,10,7,log2,0.01,50,11.38,15,2372,47.44
grid,1,0.08341666599153541,0.815846091568634,0.8245614035087719,50,20.0,10,10,log2,0.01,50,11.38,15,2372,47.44
grid,1,0.20151712499500718,0.8156573477976864,0.8265107212475633,133,20.0,4,2,log2,0.01,133,11.172932330827068,16,6187,46.5187969924812
grid,1,0.17817025000113063,0.8156573477976864,0.8265107212475633,133,20.0,4,5,log2,0.01,133,11.172932330827068,16,6187,46.5187969924812
grid,1,0.1752814999927068,0.8156573477976864,0.8265107212475633,133,20.0,4,7,log2,0.01,133,11.172932330827068,16,6187,46.5187969924812
grid,1,0.09542145801242441,0.81554121997245,0.8245614035087719,50,12.0,4,2,sqrt,0.01,50,11.26,12,2462,49.24
grid,1,0.12889233299938496,0.81554121997245,0.8245614035087719,50,12.0,4,5,sqrt,0.01,50,11.26,12,2462,49.24
grid,1,0.097039667001809,0.81554121997245,0.8245614035087719,50,12.0,4,7,sqrt,0.01,50,11.26,12,2462,49.24
grid,1,1.017406667000614,0.8153872732358481,0.8265107212475633,217,16.0,1,5,0.5,0.01,217,14.96774193548387,16,11165,51.45161290322581
grid,1,0.9883600410103099,0.8153416172295237,0.8265107212475633,217,16.0,1,7,0.5,0.01,217,15.018433179723502,16,11211,51.663594470046085
grid,1,0.1891252499917755,0.8152396813704853,0.8226120857699805,133,16.0,1,2,log2,0.01,133,11.112781954887218,16,6255,47.03007518796993
grid,1,0.17809666699031368,0.8151567715206199,0.8226120857699805,133,12.0,10,2,log2,0.01,133,10.676691729323307,12,6137,46.142857142857146
grid,1,0.17871570799616165,0.8151567715206199,0.8226120857699805,133,12.0,10,5,log2,0.01,133,10.676691729323307,12,6137,46.142857142857146
grid,1,0.1771891670068726,0.8151567715206199,0.8226120857699805,133,12.0,10,7,log2,0.01,133,10.676691729323307,12,6137,46.142857142857146
grid,1,0.1758522079908289,0.8151567715206199,0.8226120857699805,133,12.0,10,10,log2,0.01,133,10.676691729323307,12,6137,46.142857142857146
grid,1,0.09770108299562708,0.8151520242114947,0.8265107212475633,50,,1,7,sqrt,0.01,50,12.24,15,2496,49.92
grid,1,0.19865274999756366,0.8149376799513072,0.8265107212475633,133,,1,7,log2,0.01,133,11.38345864661654,16,6233,46.86466165413534
grid,1,0.32128533300419804,0.8146940201682888,0.8245614035087719,217,16.0,1,10,log2,0.01,217,11.170506912442397,16,10303,47.47926267281106
grid,1,0.2808201250009006,0.8146642121694203,0.8245614035087719,50,,1,7,0.5,0.01,50,15.28,17,2586,51.72
grid,1,0.16579354199348018,0.8146415096061079,0.8226120857699805,133,8.0,4,10,log2,0.01,133,7.969924812030075,8,4901,36.849624060150376
grid,1,0.2727963329962222,0.8145718496446998,0.8245614035087719,50,20.0,1,7,0.5,0.01,50,15.28,18,2590,51.8
grid,1,0.09283366698946338,0.8144784696311386,0.8245614035087719,50,16.0,1,2,log2,0.01,50,11.44,16,2380,47.6
grid,1,0.09035450000374112,0.8144594573405012,0.8245614035087719,50,12.0,1,7,sqrt,0.01,50,11.42,12,2432,48.64
grid,1,0.2482875420100754,0.8143990816295096,0.8245614035087719,50,16.0,4,10,0.5,0.01,50,15.34,16,2584,51.68
grid,1,0.25667162500030827,0.8143694071902271,0.8245614035087719,50,16.0,4,2,0.5,0.01,50,15.0,16,2592,51.84
grid,1,0.2713699580053799,0.8143694071902271,0.8245614035087719,50,16.0,4,5,0.5,0.01,50,15.0,16,2592,51.84
grid,1,0.25246162500116043,0.8143694071902271,0.8245614035087719,50,16.0,4,7,0.5,0.01,50,15.0,16,2592,51.84
grid,1,0.19361033299355768,0.8142988571241837,0.8226120857699805,133,8.0,1,5,sqrt,0.01,133,7.977443609022556,8,5079,38.18796992481203
grid,1,0.18631787500635255,0.8142769626981985,0.8245614035087719,133,16.0,1,7,log2,0.01,133,11.451127819548873,16,6269,47.13533834586466
grid,1,0.1748085830040509,0.8142420235540778,0.8245614035087719,133,8.0,1,7,log2,0.01,133,7.969924812030075,8,4963,37.31578947368421
grid,1,0.46917708399996627,0.8142051060991761,0.8284600389863548,133,8.0,4,10,0.5,0.001,133,8.0,8,6891,51.81203007518797
grid,1,0.7505389160069171,0.8142046591328914,0.8304093567251462,217,8.0,7,2,0.5,0.001,217,8.0,8,10339,47.645161290322584
grid,1,0.7394435000023805,0.8142046591328914,0.8304093567251462,217,8.0,7,5,0.5,0.001,217,8.0,8,10339,47.645161290322584
grid,1,0.7383939169958467,0.8142046591328914,0.8304093567251462,217,8.0,7,7,0.5,0.001,217,8.0,8,10339,47.645161290322584
grid,1,0.7478377500083297,0.8142046591328914,0.8304093567251462,217,8.0,7,10,0.5,0.001,217,8.0,8,10339,47.645161290322584
grid,1,0.7391227079933742,0.8142046591328914,0.8304093567251462,217,8.0,7,2,0.5,0.0001,217,8.0,8,12381,57.055299539170505
grid,1,0.7488326669990784,0.8142046591328914,0.8304093567251462,217,8.0,7,5,0.5,0.0001,217,8.0,8,12381,57.055299539170505
grid,1,0.73391733400058,0.8142046591328914,0.8304093567251462,217,8.0,7,7,0.5,0.0001,217,8.0,8,12381,57.055299539170505
grid,1,0.7335619160003262,0.8142046591328914,0.8304093567251462,217,8.0,7,10,0.5,0.0001,217,8.0,8,12381,57.055299539170505
grid,1,0.7436135000025388,0.8142046591328914,0.8304093567251462,217,8.0,7,2,0.5,1e-05,217,8.0,8,12869,59.30414746543779
grid,1,0.7268037500034552,0.8142046591328914,0.8304093567251462,217,8.0,7,5,0.5,1e-05,217,8.0,8,12869,59.30414746543779
grid,1,0.7414695000043139,0.8142046591328914,0.8304093567251462,217,8.0,7,7,0.5,1e-05,217,8.0,8,12869,59.30414746543779
grid,1,0.7430954169976758,0.8142046591328914,0.8304093567251462,217,8.0,7,10,0.5,1e-05,217,8.0,8,12869,59.30414746543779
grid,1,0.7355815409973729,0.8142046591328914,0.8304093567251462,217,8.0,7,2,0.5,0.0,217,8.0,8,13643,62.87096774193548
grid,1,0.7330762909987243,0.8142046591328914,0.8304093567251462,217,8.0,7,5,0.5,0.0,217,8.0,8,13643,62.87096774193548
grid,1,0.7461871250125114,0.8142046591328914,0.8304093567251462,217,8.0,7,7,0.5,0.0,217,8.0,8,13643,62.87096774193548
grid,1,0.7381784999888623,0.8142046591328914,0.8304093567251462,217,8.0,7,10,0.5,0.0,217,8.0,8,13643,62.87096774193548
grid,1,0.23113504199136514,0.8142043199816956,0.8245614035087719,50,8.0,4,2,0.5,0.001,50,8.0,8,2684,53.68
grid,1,0.188065958005609,0.8142043199816956,0.8245614035087719,50,8.0,4,5,0.5,0.001,50,8.0,8,2684,53.68
grid,1,0.19408629200188443,0.8142043199816956,0.8245614035087719,50,8.0,4,7,0.5,0.001,50,8.0,8,2684,53.68
grid,1,0.21151404100237414,0.8140967687991857,0.8245614035087719,133,12.0,1,10,log2,0.01,133,10.556390977443609,12,6005,45.150375939849624
grid,1,0.2704475420032395,0.8138821953312122,0.8245614035087719,50,,4,10,0.5,0.01,50,15.74,18,2628,52.56
grid,1,0.315863707990502,0.8137594505116326,0.8226120857699805,217,8.0,1,5,sqrt,0.01,217,7.976958525345622,8,8311,38.29953917050691
grid,1,0.6100279160018545,0.813642282354481,0.8265107212475633,133,16.0,1,10,0.5,0.01,133,15.052631578947368,16,6825,51.31578947368421
grid,1,0.6761192919948371,0.8135004780379856,0.8245614035087719,133,,1,7,0.5,0.01,133,15.308270676691729,18,6941,52.18796992481203
grid,1,0.1899883750011213,0.8133511562631125,0.8245614035087719,133,20.0,1,7,log2,0.01,133,11.37593984962406,17,6311,47.45112781954887
grid,1,0.19136362499557436,0.8132131337362212,0.8206627680311891,133,8.0,7,2,sqrt,0.01,133,7.992481203007519,8,5061,38.05263157894737
grid,1,0.19025404199783225,0.8132131337362212,0.8206627680311891,133,8.0,7,5,sqrt,0.01,133,7.992481203007519,8,5061,38.05263157894737
grid,1,0.18882941600168124,0.8132131337362212,0.8206627680311891,133,8.0,7,7,sqrt,0.01,133,7.992481203007519,8,5061,38.05263157894737
grid,1,0.21677787500084378,0.8132131337362212,0.8206627680311891,133,8.0,7,10,sqrt,0.01,133,7.992481203007519,8,5061,38.05263157894737
grid,1,0.17141720799554605,0.813036522310101,0.8226120857699805,133,8.0,7,2,log2,0.01,133,7.93984962406015,8,4919,36.984962406015036
grid,1,0.1738170829921728,0.813036522310101,0.8226120857699805,133,8.0,7,5,log2,0.01,133,7.93984962406015,8,4919,36.984962406015036
grid,1,0.1756618749932386,0.813036522310101,0.8226120857699805,133,8.0,7,7,log2,0.01,133,7.93984962406015,8,4919,36.984962406015036
grid,1,0.17104233299323823,0.813036522310101,0.8226120857699805,133,8.0,7,10,log2,0.01,133,7.93984962406015,8,4919,36.984962406015036
grid,1,0.08111720900342334,0.8129409935492962,0.8226120857699805,50,,10,2,log2,0.01,50,11.38,15,2376,47.52
grid,1,0.08420054199814331,0.8129409935492962,0.8226120857699805,50,,10,5,log2,0.01,50,11.38,15,2376,47.52
grid,1,0.08091391698690131,0.8129409935492962,0.8226120857699805,50,,10,7,log2,0.01,50,11.38,15,2376,47.52
grid,1,0.07481141600874253,0.8129409935492962,0.8226120857699805,50,,10,10,log2,0.01,50,11.38,15,2376,47.52
grid,1,0.5973245000059251,0.8129365872236058,0.8226120857699805,133,,10,2,0.5,0.01,133,15.270676691729323,19,6905,51.91729323308271
grid,1,0.5998252499994123,0.8129365872236058,0.8226120857699805,133,,10,5,0.5,0.01,133,15.270676691729323,19,6905,51.91729323308271
grid,1,0.6203177910065278,0.8129365872236058,0.8226120857699805,133,,10,7,0.5,0.01,133,15.270676691729323,19,6905,51.91729323308271
grid,1,0.5908420420018956,0.8129365872236058,0.8226120857699805,133,,10,10,0.5,0.01,133,15.270676691729323,19,6905,51.91729323308271
grid,1,0.5857149160001427,0.8129365872236058,0.8226120857699805,133,20.0,10,2,0.5,0.01,133,15.25563909774436,20,6915,51.99248120300752
grid,1,0.5858789580088342,0.8129365872236058,0.8226120857699805,133,20.0,10,5,0.5,0.01,133,15.25563909774436,20,6915,51.99248120300752
grid,1,0.6046289169898955,0.8129365872236058,0.8226120857699805,133,20.0,10,7,0.5,0.01,133,15.25563909774436,20,6915,51.99248120300752
grid,1,0.5907864589971723,0.8129365872236058,0.8226120857699805,133,20.0,10,10,0.5,0.01,133,15.25563909774436,20,6915,51.99248120300752
grid,1,0.08423708401096519,0.8128995645814266,0.8226120857699805,50,20.0,4,2,log2,0.01,50,11.28,15,2356,47.12
grid,1,0.08165900000312831,0.8128995645814266,0.8226120857699805,50,20.0,4,5,log2,0.01,50,11.28,15,2356,47.12
grid,1,0.08155841700499877,0.8128995645814266,0.8226120857699805,50,20.0,4,7,log2,0.01,50,11.28,15,2356,47.12
grid,1,0.25443995800742414,0.8125331956576868,0.8245614035087719,50,16.0,1,7,0.5,0.01,50,15.04,16,2564,51.28
grid,1,0.46283012500498444,0.8123165625439658,0.8265107212475633,133,8.0,4,10,0.5,1e-05,133,8.0,8,8259,62.097744360902254
grid,1,0.46523370800423436,0.8123165625439658,0.8265107212475633,133,8.0,4,10,0.5,0.0001,133,8.0,8,8259,62.097744360902254
grid,1,0.46387845899153035,0.8123165625439658,0.8265107212475633,133,8.0,4,10,0.5,0.0,133,8.0,8,8705,65.45112781954887
grid,1,0.08144991600420326,0.8122956986752956,0.8206627680311891,50,8.0,4,10,log2,0.01,50,7.98,8,1774,35.48
grid,1,0.2614576250052778,0.8121089072174744,0.8226120857699805,50,20.0,4,10,0.5,0.01,50,15.66,18,2620,52.4
grid,1,0.9983534170023631,0.812048324982175,0.8245614035087719,217,16.0,1,2,0.5,0.01,217,15.027649769585253,16,11127,51.276497695852534
grid,1,0.08949500000744592,0.811884828200003,0.8226120857699805,50,8.0,1,5,sqrt,0.01,50,7.98,8,1900,38.0
grid,1,0.6038337080099154,0.8118192598065964,0.8226120857699805,133,16.0,4,2,0.5,0.01,133,14.947368421052632,16,6835,51.390977443609025
grid,1,0.600858750010957,0.8118192598065964,0.8226120857699805,133,16.0,4,5,0.5,0.01,133,14.947368421052632,16,6835,51.390977443609025
grid,1,0.6451799999922514,0.8118192598065964,0.8226120857699805,133,16.0,4,7,0.5,0.01,133,14.947368421052632,16,6835,51.390977443609025
grid,1,0.18577295799332205,0.8118029406681396,0.8206627680311891,133,16.0,1,5,log2,0.01,133,11.360902255639099,16,6241,46.92481203007519
grid,1,0.6440822089934954,0.8117792570358399,0.8206627680311891,133,20.0,1,5,0.5,0.01,133,15.06766917293233,18,6885,51.766917293233085
grid,1,0.9702673749998212,0.8117674073690033,0.8245614035087719,217,16.0,4,10,0.5,0.01,217,15.055299539170507,16,11173,51.48847926267281
grid,1,0.6404842500051018,0.8117124294852313,0.8226120857699805,133,20.0,1,7,0.5,0.01,133,15.31578947368421,18,6941,52.18796992481203
grid,1,0.0822789579979144,0.8114711029047503,0.8245614035087719,50,8.0,1,7,sqrt,0.01,50,8.0,8,1908,38.16
grid,1,0.5767144999990705,0.811305596228395,0.8206627680311891,133,16.0,10,2,0.5,0.01,133,14.954887218045112,16,6813,51.225563909774436
grid,1,0.5847616249957355,0.811305596228395,0.8206627680311891,133,16.0,10,5,0.5,0.01,133,14.954887218045112,16,6813,51.225563909774436
grid,1,0.5803595000033965,0.811305596228395,0.8206627680311891,133,16.0,10,7,0.5,0.01,133,14.954887218045112,16,6813,51.225563909774436
grid,1,0.5677526669896906,0.811305596228395,0.8206627680311891,133,16.0,10,10,0.5,0.01,133,14.954887218045112,16,6813,51.225563909774436
grid,1,0.9477634159993613,0.8112570733541756,0.8226120857699805,217,16.0,7,2,0.5,0.01,217,14.944700460829493,16,11161,51.433179723502306
grid,1,0.9720168330095476,0.8112570733541756,0.8226120857699805,217,16.0,7,5,0.5,0.01,217,14.944700460829493,16,11161,51.433179723502306
grid,1,0.9823224169958849,0.8112570733541756,0.8226120857699805,217,16.0,7,7,0.5,0.01,217,14.944700460829493,16,11161,51.433179723502306
grid,1,0.9518345419928664,0.8112570733541756,0.8226120857699805,217,16.0,7,10,0.5,0.01,217,14.944700460829493,16,11161,51.433179723502306
grid,1,0.19543687500117812,0.8110763392962929,0.8226120857699805,50,8.0,4,2,0.5,0.0001,50,8.0,8,3216,64.32
grid,1,0.19985883400659077,0.8110763392962929,0.8226120857699805,50,8.0,4,5,0.5,0.0001,50,8.0,8,3216,64.32
grid,1,0.20355062499584164,0.8110763392962929,0.8226120857699805,50,8.0,4,7,0.5,0.0001,50,8.0,8,3216,64.32
grid,1,0.1986872499983292,0.8110763392962929,0.8226120857699805,50,8.0,4,2,0.5,1e-05,50,8.0,8,3218,64.36
grid,1,0.19886083400342613,0.8110763392962929,0.8226120857699805,50,8.0,4,5,0.5,1e-05,50,8.0,8,3218,64.36
grid,1,0.20984458400926087,0.8110763392962929,0.8226120857699805,50,8.0,4,7,0.5,1e-05,50,8.0,8,3218,64.36
grid,1,0.2328704589890549,0.8110763392962929,0.8226120857699805,50,8.0,4,2,0.5,0.0,50,8.0,8,3384,67.68
grid,1,0.2027703339990694,0.8110763392962929,0.8226120857699805,50,8.0,4,5,0.5,0.0,50,8.0,8,3384,67.68
grid,1,0.19331854100164492,0.8110763392962929,0.8226120857699805,50,8.0,4,7,0.5,0.0,50,8.0,8,3384,67.68
grid,1,0.9150760829943465,0.8107085771995172,0.8226120857699805,217,16.0,10,2,0.5,0.01,217,14.949308755760368,16,11155,51.40552995391705
grid,1,0.9413549579912797,0.8107085771995172,0.8226120857699805,217,16.0,10,5,0.5,0.01,217,14.949308755760368,16,11155,51.40552995391705
grid,1,0.11931879099574871,0.8106050624593458,0.8206627680311891,50,12.0,1,10,sqrt,0.01,50,11.5,12,2486,49.72
grid,1,0.9951362499996321,0.8103402453504861,0.8226120857699805,217,16.0,1,10,0.5,0.01,217,15.004608294930875,16,11179,51.516129032258064
grid,1,0.07963766698958352,0.8097453787057839,0.8187134502923976,50,12.0,7,2,log2,0.01,50,10.66,12,2344,46.88
grid,1,0.0820511250058189,0.8097453787057839,0.8187134502923976,50,12.0,7,5,log2,0.01,50,10.66,12,2344,46.88
grid,1,0.08255012500740122,0.8097453787057839,0.8187134502923976,50,12.0,7,7,log2,0.01,50,10.66,12,2344,46.88
grid,1,0.0832091659976868,0.8097453787057839,0.8187134502923976,50,12.0,7,10,log2,0.01,50,10.66,12,2344,46.88
grid,1,0.5697949169989442,0.8096976339134473,0.8265107212475633,133,12.0,1,7,0.5,0.01,133,11.992481203007518,12,5889,44.278195488721806
grid,1,0.09300879199872725,0.8096507914944567,0.8187134502923976,50,16.0,1,7,sqrt,0.01,50,12.54,16,2536,50.72
grid,1,0.6471248750021914,0.8096481905901686,0.8206627680311891,133,20.0,4,10,0.5,0.01,133,15.451127819548873,19,6935,52.142857142857146
grid,1,0.19280341699777637,0.8094532097438673,0.8187134502923976,133,8.0,4,2,sqrt,0.01,133,7.984962406015038,8,5059,38.037593984962406
grid,1,0.18624037499830592,0.8094532097438673,0.8187134502923976,133,8.0,4,5,sqrt,0.01,133,7.984962406015038,8,5059,38.037593984962406
grid,1,0.18999854200228583,0.8094532097438673,0.8187134502923976,133,8.0,4,7,sqrt,0.01,133,7.984962406015038,8,5059,38.037593984962406
grid,1,0.6366249999991851,0.8093131998243756,0.8206627680311891,133,,4,10,0.5,0.01,133,15.488721804511279,19,6947,52.233082706766915
grid,1,0.24480158399092034,0.8092318769995553,0.8187134502923976,50,,10,2,0.5,0.01,50,15.1,18,2596,51.92
grid,1,0.2573947499913629,0.8092318769995553,0.8187134502923976,50,,10,5,0.5,0.01,50,15.1,18,2596,51.92
grid,1,0.2356989169929875,0.8092318769995553,0.8187134502923976,50,,10,7,0.5,0.01,50,15.1,18,2596,51.92
grid,1,0.2357707499904791,0.8092318769995553,0.8187134502923976,50,,10,10,0.5,0.01,50,15.1,18,2596,51.92
grid,1,0.2559697499964386,0.8092057232474799,0.8187134502923976,50,20.0,10,2,0.5,0.01,50,15.06,18,2596,51.92
grid,1,0.255602083998383,0.8092057232474799,0.8187134502923976,50,20.0,10,5,0.5,0.01,50,15.06,18,2596,51.92
grid,1,0.24189179099630564,0.8092057232474799,0.8187134502923976,50,20.0,10,7,0.5,0.01,50,15.06,18,2596,51.92
grid,1,0.24955041699286085,0.8092057232474799,0.8187134502923976,50,20.0,10,10,0.5,0.01,50,15.06,18,2596,51.92
grid,1,0.1926592499949038,0.8090001197287681,0.8226120857699805,50,8.0,7,2,0.5,0.001,50,8.0,8,2340,46.8
grid,1,0.194868291990133,0.8090001197287681,0.8226120857699805,50,8.0,7,5,0.5,0.001,50,8.0,8,2340,46.8
grid,1,0.19321041701186914,0.8090001197287681,0.8226120857699805,50,8.0,7,7,0.5,0.001,50,8.0,8,2340,46.8
grid,1,0.19503099999565165,0.8090001197287681,0.8226120857699805,50,8.0,7,10,0.5,0.001,50,8.0,8,2340,46.8
grid,1,0.62747366601252,0.8087045243263694,0.8206627680311891,133,16.0,1,7,0.5,0.01,133,14.992481203007518,16,6859,51.57142857142857
grid,1,0.25826366600813344,0.8085609298874293,0.8187134502923976,50,20.0,7,2,0.5,0.01,50,15.18,17,2584,51.68
grid,1,0.24883258299087174,0.8085609298874293,0.8187134502923976,50,20.0,7,5,0.5,0.01,50,15.18,17,2584,51.68
grid,1,0.24884391699742991,0.8085609298874293,0.8187134502923976,50,20.0,7,7,0.5,0.01,50,15.18,17,2584,51.68
grid,1,0.26362583400623407,0.8085609298874293,0.8187134502923976,50,20.0,7,10,0.5,0.01,50,15.18,17,2584,51.68
grid,1,0.2408750000031432,0.8085039873440628,0.8206627680311891,50,16.0,7,2,0.5,0.01,50,15.0,16,2560,51.2
grid,1,0.2366039170010481,0.8085039873440628,0.8206627680311891,50,16.0,7,5,0.5,0.01,50,15.0,16,2560,51.2
grid,1,0.2521680830104742,0.8085039873440628,0.8206627680311891,50,16.0,7,7,0.5,0.01,50,15.0,16,2560,51.2
grid,1,0.24116516701178625,0.8085039873440628,0.8206627680311891,50,16.0,7,10,0.5,0.01,50,15.0,16,2560,51.2
grid,1,0.19335375000082422,0.8083710665855239,0.8187134502923976,133,8.0,4,10,sqrt,0.01,133,7.984962406015038,8,5021,37.75187969924812
grid,1,0.9088588749873452,0.8082297917266619,0.8245614035087719,217,12.0,1,10,0.5,0.01,217,11.995391705069125,12,9697,44.68663594470046
grid,1,0.7415195000066888,0.8078600467056675,0.8265107212475633,217,8.0,10,2,0.5,0.001,217,8.0,8,9713,44.76036866359447
grid,1,0.7165166250051698,0.8078600467056675,0.8265107212475633,217,8.0,10,5,0.5,0.001,217,8.0,8,9713,44.76036866359447
grid,1,0.7285737920028623,0.8078600467056675,0.8265107212475633,217,8.0,10,7,0.5,0.001,217,8.0,8,9713,44.76036866359447
grid,1,0.7333970829931786,0.8078600467056675,0.8265107212475633,217,8.0,10,10,0.5,0.001,217,8.0,8,9713,44.76036866359447
grid,1,0.7329297500109533,0.8078600467056675,0.8265107212475633,217,8.0,10,2,0.5,0.0001,217,8.0,8,11497,52.9815668202765
grid,1,0.7368846669996856,0.8078600467056675,0.8265107212475633,217,8.0,10,5,0.5,0.0001,217,8.0,8,11497,52.9815668202765
grid,1,0.7254986249899957,0.8078600467056675,0.8265107212475633,217,8.0,10,7,0.5,0.0001,217,8.0,8,11497,52.9815668202765
grid,1,0.7303476249944651,0.8078600467056675,0.8265107212475633,217,8.0,10,10,0.5,0.0001,217,8.0,8,11497,52.9815668202765
grid,1,0.7429552909889026,0.8078600467056675,0.8265107212475633,217,8.0,10,2,0.5,1e-05,217,8.0,8,12315,56.75115207373272
grid,1,0.7257912080094684,0.8078600467056675,0.8265107212475633,217,8.0,10,5,0.5,1e-05,217,8.0,8,12315,56.75115207373272
grid,1,0.7395192500116536,0.8078600467056675,0.8265107212475633,217,8.0,10,7,0.5,1e-05,217,8.0,8,12315,56.75115207373272
grid,1,0.7413042920088628,0.8078600467056675,0.8265107212475633,217,8.0,10,10,0.5,1e-05,217,8.0,8,12315,56.75115207373272
grid,1,0.7277192499896046,0.8078600467056675,0.8265107212475633,217,8.0,10,2,0.5,0.0,217,8.0,8,13167,60.67741935483871
grid,1,0.7248322910018032,0.8078600467056675,0.8265107212475633,217,8.0,10,5,0.5,0.0,217,8.0,8,13167,60.67741935483871
grid,1,0.7254817089997232,0.8078600467056675,0.8265107212475633,217,8.0,10,7,0.5,0.0,217,8.0,8,13167,60.67741935483871
grid,1,0.718334709003102,0.8078600467056675,0.8265107212475633,217,8.0,10,10,0.5,0.0,217,8.0,8,13167,60.67741935483871
grid,1,0.6637916250037961,0.8078047557087289,0.8187134502923976,133,,1,5,0.5,0.01,133,15.090225563909774,18,6885,51.766917293233085
grid,1,0.6188762079982553,0.8076003146482722,0.8187134502923976,133,16.0,1,5,0.5,0.01,133,14.842105263157896,16,6819,51.27067669172932
grid,1,0.6070128330029547,0.807596273268264,0.8167641325536062,133,20.0,7,2,0.5,0.01,133,15.240601503759398,19,6883,51.75187969924812
grid,1,0.6077843329985626,0.807596273268264,0.8167641325536062,133,20.0,7,5,0.5,0.01,133,15.240601503759398,19,6883,51.75187969924812
grid,1,0.5964987500046846,0.807596273268264,0.8167641325536062,133,20.0,7,7,0.5,0.01,133,15.240601503759398,19,6883,51.75187969924812
grid,1,0.5935252499912167,0.807596273268264,0.8167641325536062,133,20.0,7,10,0.5,0.01,133,15.240601503759398,19,6883,51.75187969924812
grid,1,0.2554958330001682,0.8075849407870449,0.8265107212475633,50,12.0,1,7,0.5,0.01,50,12.0,12,2214,44.28
grid,1,0.09025804199336562,0.8073504369114819,0.8167641325536062,50,16.0,1,10,log2,0.01,50,10.88,16,2346,46.92
grid,1,0.6067191250040196,0.8071565036529524,0.8187134502923976,133,16.0,4,10,0.5,0.01,133,15.157894736842104,16,6853,51.526315789473685
grid,1,0.2821717080078088,0.806925913869169,0.8167641325536062,217,8.0,7,2,log2,0.01,217,7.9308755760368665,8,8137,37.49769585253456
grid,1,0.27910174999851733,0.806925913869169,0.8167641325536062,217,8.0,7,5,log2,0.01,217,7.9308755760368665,8,8137,37.49769585253456
grid,1,0.28077591701003257,0.806925913869169,0.8167641325536062,217,8.0,7,7,log2,0.01,217,7.9308755760368665,8,8137,37.49769585253456
grid,1,0.28473416600900237,0.806925913869169,0.8167641325536062,217,8.0,7,10,log2,0.01,217,7.9308755760368665,8,8137,37.49769585253456
grid,1,0.1956080829986604,0.8068517433170875,0.8206627680311891,50,8.0,10,2,0.5,0.001,50,8.0,8,2296,45.92
grid,1,0.18832408300659154,0.8068517433170875,0.8206627680311891,50,8.0,10,5,0.5,0.001,50,8.0,8,2296,45.92
grid,1,0.19626700000662822,0.8068517433170875,0.8206627680311891,50,8.0,10,7,0.5,0.001,50,8.0,8,2296,45.92
grid,1,0.18671962500957306,0.8068517433170875,0.8206627680311891,50,8.0,10,10,0.5,0.001,50,8.0,8,2296,45.92
grid,1,0.19687487499322742,0.8068426838591609,0.8206627680311891,50,8.0,10,2,0.5,0.0001,50,8.0,8,2696,53.92
grid,1,0.19192529199062847,0.8068426838591609,0.8206627680311891,50,8.0,10,5,0.5,0.0001,50,8.0,8,2696,53.92
grid,1,0.19665008300216869,0.8068426838591609,0.8206627680311891,50,8.0,10,7,0.5,0.0001,50,8.0,8,2696,53.92
grid,1,0.21183012500114273,0.8068426838591609,0.8206627680311891,50,8.0,10,10,0.5,0.0001,50,8.0,8,2696,53.92
grid,1,0.2052433749922784,0.8068426838591609,0.8206627680311891,50,8.0,10,2,0.5,1e-05,50,8.0,8,2892,57.84
grid,1,0.19970783300232142,0.8068426838591609,0.8206627680311891,50,8.0,10,5,0.5,1e-05,50,8.0,8,2892,57.84
grid,1,0.19774587500432972,0.8068426838591609,0.8206627680311891,50,8.0,10,7,0.5,1e-05,50,8.0,8,2892,57.84
grid,1,0.2140638749988284,0.8068426838591609,0.8206627680311891,50,8.0,10,10,0.5,1e-05,50,8.0,8,2892,57.84
grid,1,0.18625474999134894,0.8068426838591609,0.8206627680311891,50,8.0,10,2,0.5,0.0,50,8.0,8,3120,62.4
grid,1,0.19601133299875073,0.8068426838591609,0.8206627680311891,50,8.0,10,5,0.5,0.0,50,8.0,8,3120,62.4
grid,1,0.19597387500107288,0.8068426838591609,0.8206627680311891,50,8.0,10,7,0.5,0.0,50,8.0,8,3120,62.4
grid,1,0.1865790830051992,0.8068426838591609,0.8206627680311891,50,8.0,10,10,0.5,0.0,50,8.0,8,3120,62.4
grid,1,0.3005506250046892,0.806796553465008,0.8167641325536062,217,16.0,1,5,log2,0.01,217,11.442396313364055,16,10315,47.534562211981566
grid,1,0.176532582991058,0.8066915604763789,0.8167641325536062,133,8.0,4,2,log2,0.01,133,7.984962406015038,8,4935,37.10526315789474
grid,1,0.16642204200616106,0.8066915604763789,0.8167641325536062,133,8.0,4,5,log2,0.01,133,7.984962406015038,8,4935,37.10526315789474
grid,1,0.17417908299830742,0.8066915604763789,0.8167641325536062,133,8.0,4,7,log2,0.01,133,7.984962406015038,8,4935,37.10526315789474
grid,1,0.09733295899059158,0.8066379694257009,0.8187134502923976,50,20.0,1,7,sqrt,0.01,50,12.2,15,2494,49.88
grid,1,0.09241270799248014,0.8060987505762548,0.8148148148148148,50,12.0,1,10,log2,0.01,50,10.76,12,2248,44.96
grid,1,0.3108067909925012,0.8059950589433621,0.8187134502923976,217,8.0,10,2,sqrt,0.01,217,7.990783410138249,8,8267,38.096774193548384
grid,1,0.31331066600978374,0.8059950589433621,0.8187134502923976,217,8.0,10,5,sqrt,0.01,217,7.990783410138249,8,8267,38.096774193548384
grid,1,0.3029289159894688,0.8059950589433621,0.8187134502923976,217,8.0,10,7,sqrt,0.01,217,7.990783410138249,8,8267,38.096774193548384
grid,1,0.31070716699468903,0.8059950589433621,0.8187134502923976,217,8.0,10,10,sqrt,0.01,217,7.990783410138249,8,8267,38.096774193548384
grid,1,0.6492907499923604,0.8058143763264363,0.8167641325536062,133,20.0,1,2,0.5,0.01,133,15.473684210526315,19,6931,52.11278195488722
grid,1,0.2532588750036666,0.8055120502868256,0.8167641325536062,50,,7,2,0.5,0.01,50,15.18,17,2582,51.64
grid,1,0.2551927080057794,0.8055120502868256,0.8167641325536062,50,,7,5,0.5,0.01,50,15.18,17,2582,51.64
grid,1,0.2529758330056211,0.8055120502868256,0.8167641325536062,50,,7,7,0.5,0.01,50,15.18,17,2582,51.64
grid,1,0.26591108400316443,0.8055120502868256,0.8167641325536062,50,,7,10,0.5,0.01,50,15.18,17,2582,51.64
grid,1,0.21496050000132527,0.8054836362122846,0.8206627680311891,50,8.0,7,2,0.5,0.0001,50,8.0,8,2822,56.44
grid,1,0.19795962500211317,0.8054836362122846,0.8206627680311891,50,8.0,7,5,0.5,0.0001,50,8.0,8,2822,56.44
grid,1,0.207509084008052,0.8054836362122846,0.8206627680311891,50,8.0,7,7,0.5,0.0001,50,8.0,8,2822,56.44
grid,1,0.1998562920052791,0.8054836362122846,0.8206627680311891,50,8.0,7,10,0.5,0.0001,50,8.0,8,2822,56.44
grid,1,0.19814120799128432,0.8054836362122846,0.8206627680311891,50,8.0,7,2,0.5,1e-05,50,8.0,8,2928,58.56
grid,1,0.19205762499768753,0.8054836362122846,0.8206627680311891,50,8.0,7,5,0.5,1e-05,50,8.0,8,2928,58.56
grid,1,0.19575462500506546,0.8054836362122846,0.8206627680311891,50,8.0,7,7,0.5,1e-05,50,8.0,8,2928,58.56
grid,1,0.20227170799626037,0.8054836362122846,0.8206627680311891,50,8.0,7,10,0.5,1e-05,50,8.0,8,2928,58.56
grid,1,0.1960468749894062,0.8054836362122846,0.8206627680311891,50,8.0,7,2,0.5,0.0,50,8.0,8,3114,62.28
grid,1,0.19576254099956714,0.8054836362122846,0.8206627680311891,50,8.0,7,5,0.5,0.0,50,8.0,8,3114,62.28
grid,1,0.2055570839875145,0.8054836362122846,0.8206627680311891,50,8.0,7,7,0.5,0.0,50,8.0,8,3114,62.28
grid,1,0.19206212500284892,0.8054836362122846,0.8206627680311891,50,8.0,7,10,0.5,0.0,50,8.0,8,3114,62.28
grid,1,0.07927383300557267,0.8053077279428915,0.8167641325536062,50,,1,7,log2,0.01,50,11.56,15,2362,47.24
grid,1,0.23653554198972415,0.8048784551953159,0.8167641325536062,50,12.0,1,5,0.5,0.01,50,12.0,12,2234,44.68
grid,1,0.2657803750043968,0.8047524717384636,0.8128654970760234,50,20.0,1,2,0.5,0.01,50,15.32,19,2612,52.24
grid,1,0.261008875007974,0.8047377167341341,0.8148148148148148,50,20.0,1,10,0.5,0.01,50,15.34,19,2616,52.32
grid,1,0.6177576670015696,0.8047017527228099,0.8148148148148148,133,,7,2,0.5,0.01,133,15.24812030075188,19,6897,51.857142857142854
grid,1,0.629224707998219,0.8047017527228099,0.8148148148148148,133,,7,5,0.5,0.01,133,15.24812030075188,19,6897,51.857142857142854
grid,1,0.6373153340100544,0.8047017527228099,0.8148148148148148,133,,7,7,0.5,0.01,133,15.24812030075188,19,6897,51.857142857142854
grid,1,0.6150080829975195,0.8047017527228099,0.8148148148148148,133,,7,10,0.5,0.01,133,15.24812030075188,19,6897,51.857142857142854
grid,1,0.09493541698611807,0.8046677642555501,0.8167641325536062,50,20.0,1,7,log2,0.01,50,11.6,15,2406,48.12
grid,1,0.0947329580085352,0.8043653242216949,0.8148148148148148,50,12.0,10,2,log2,0.01,50,10.88,12,2342,46.84
grid,1,0.08050920799723826,0.8043653242216949,0.8148148148148148,50,12.0,10,5,log2,0.01,50,10.88,12,2342,46.84
grid,1,0.08113837499695364,0.8043653242216949,0.8148148148148148,50,12.0,10,7,log2,0.01,50,10.88,12,2342,46.84
grid,1,0.08148741700279061,0.8043653242216949,0.8148148148148148,50,12.0,10,10,log2,0.01,50,10.88,12,2342,46.84
grid,1,0.6587447909987532,0.8042933554320139,0.8148148148148148,133,,1,2,0.5,0.01,133,15.473684210526315,20,6925,52.067669172932334
grid,1,0.17533204199571628,0.8042620233196052,0.8148148148148148,133,8.0,1,10,log2,0.01,133,7.954887218045113,8,5083,38.21804511278196
grid,1,0.5947021669999231,0.8039059650394652,0.8148148148148148,133,16.0,7,2,0.5,0.01,133,14.924812030075188,16,6797,51.10526315789474
grid,1,0.5769085000065388,0.8039059650394652,0.8148148148148148,133,16.0,7,5,0.5,0.01,133,14.924812030075188,16,6797,51.10526315789474
grid,1,0.591557208012091,0.8039059650394652,0.8148148148148148,133,16.0,7,7,0.5,0.01,133,14.924812030075188,16,6797,51.10526315789474
grid,1,0.5899825829983456,0.8039059650394652,0.8148148148148148,133,16.0,7,10,0.5,0.01,133,14.924812030075188,16,6797,51.10526315789474
grid,1,0.08080925000831485,0.8037758558143157,0.8148148148148148,50,8.0,7,2,log2,0.01,50,7.96,8,1852,37.04
grid,1,0.08056783299252857,0.8037758558143157,0.8148148148148148,50,8.0,7,5,log2,0.01,50,7.96,8,1852,37.04
grid,1,0.08296824998978991,0.8037758558143157,0.8148148148148148,50,8.0,7,7,log2,0.01,50,7.96,8,1852,37.04
grid,1,0.08095450000837445,0.8037758558143157,0.8148148148148148,50,8.0,7,10,log2,0.01,50,7.96,8,1852,37.04
grid,1,0.45120162499370053,0.8034772929913235,0.8245614035087719,133,8.0,10,2,0.5,0.001,133,8.0,8,5927,44.56390977443609
grid,1,0.4590444170025876,0.8034772929913235,0.8245614035087719,133,8.0,10,5,0.5,0.001,133,8.0,8,5927,44.56390977443609
grid,1,0.4627310420037247,0.8034772929913235,0.8245614035087719,133,8.0,10,7,0.5,0.001,133,8.0,8,5927,44.56390977443609
grid,1,0.45200254100200254,0.8034772929913235,0.8245614035087719,133,8.0,10,10,0.5,0.001,133,8.0,8,5927,44.56390977443609
grid,1,0.2595772089989623,0.80345951772057,0.8128654970760234,50,,1,10,0.5,0.01,50,15.36,19,2622,52.44
grid,1,0.24130691699974705,0.8033305370916755,0.8128654970760234,50,16.0,10,2,0.5,0.01,50,14.8,16,2560,51.2
grid,1,0.24322179199953098,0.8033305370916755,0.8128654970760234,50,16.0,10,5,0.5,0.01,50,14.8,16,2560,51.2
grid,1,0.24294491700129583,0.8033305370916755,0.8128654970760234,50,16.0,10,7,0.5,0.01,50,14.8,16,2560,51.2
grid,1,0.24538237499655224,0.8033305370916755,0.8128654970760234,50,16.0,10,10,0.5,0.01,50,14.8,16,2560,51.2
grid,1,0.25918583299790043,0.8029758948175879,0.8128654970760234,50,16.0,1,10,0.5,0.01,50,14.94,16,2580,51.6
grid,1,0.27695595800469164,0.8028843072308688,0.8109161793372319,50,,1,2,0.5,0.01,50,15.32,19,2614,52.28
grid,1,0.621197917003883,0.8023486794572305,0.8148148148148148,133,16.0,1,2,0.5,0.01,133,15.06015037593985,16,6807,51.18045112781955
grid,1,0.19035433400131296,0.8022905109772308,0.8148148148148148,133,8.0,10,2,sqrt,0.01,133,7.984962406015038,8,5077,38.17293233082707
grid,1,0.19268591699074022,0.8022905109772308,0.8148148148148148,133,8.0,10,5,sqrt,0.01,133,7.984962406015038,8,5077,38.17293233082707
grid,1,0.19234491599490866,0.8022905109772308,0.8148148148148148,133,8.0,10,7,sqrt,0.01,133,7.984962406015038,8,5077,38.17293233082707
grid,1,0.19098800000210758,0.8022905109772308,0.8148148148148148,133,8.0,10,10,sqrt,0.01,133,7.984962406015038,8,5077,38.17293233082707
grid,1,0.9406587090052199,0.8018484744767458,0.8187134502923976,217,12.0,1,7,0.5,0.01,217,11.995391705069125,12,9601,44.244239631336406
grid,1,0.45175883400952443,0.8016204551459354,0.8187134502923976,133,8.0,7,2,0.5,0.001,133,8.0,8,6269,47.13533834586466
grid,1,0.459227416999056,0.8016204551459354,0.8187134502923976,133,8.0,7,5,0.5,0.001,133,8.0,8,6269,47.13533834586466
grid,1,0.44644762499956414,0.8016204551459354,0.8187134502923976,133,8.0,7,7,0.5,0.001,133,8.0,8,6269,47.13533834586466
grid,1,0.4783103750087321,0.8016204551459354,0.8187134502923976,133,8.0,7,10,0.5,0.001,133,8.0,8,6269,47.13533834586466
grid,1,0.45752475000335835,0.8016204551459354,0.8187134502923976,133,8.0,7,2,0.5,0.0001,133,8.0,8,7541,56.69924812030075
grid,1,0.4522191670112079,0.8016204551459354,0.8187134502923976,133,8.0,7,5,0.5,0.0001,133,8.0,8,7541,56.69924812030075
grid,1,0.4640810419950867,0.8016204551459354,0.8187134502923976,133,8.0,7,7,0.5,0.0001,133,8.0,8,7541,56.69924812030075
grid,1,0.4628369999991264,0.8016204551459354,0.8187134502923976,133,8.0,7,10,0.5,0.0001,133,8.0,8,7541,56.69924812030075
grid,1,0.45937337500799913,0.8016204551459354,0.8187134502923976,133,8.0,7,2,0.5,1e-05,133,8.0,8,7843,58.96992481203007
grid,1,0.45526612499088515,0.8016204551459354,0.8187134502923976,133,8.0,7,5,0.5,1e-05,133,8.0,8,7843,58.96992481203007
grid,1,0.4550842909957282,0.8016204551459354,0.8187134502923976,133,8.0,7,7,0.5,1e-05,133,8.0,8,7843,58.96992481203007
grid,1,0.4554925410047872,0.8016204551459354,0.8187134502923976,133,8.0,7,10,0.5,1e-05,133,8.0,8,7843,58.96992481203007
grid,1,0.4850627089908812,0.8016204551459354,0.8187134502923976,133,8.0,7,2,0.5,0.0,133,8.0,8,8321,62.56390977443609
grid,1,0.46537658300076146,0.8016204551459354,0.8187134502923976,133,8.0,7,5,0.5,0.0,133,8.0,8,8321,62.56390977443609
grid,1,0.44631174999813084,0.8016204551459354,0.8187134502923976,133,8.0,7,7,0.5,0.0,133,8.0,8,8321,62.56390977443609
grid,1,0.45849295900552534,0.8016204551459354,0.8187134502923976,133,8.0,7,10,0.5,0.0,133,8.0,8,8321,62.56390977443609
grid,1,0.4533042909897631,0.8016141824195823,0.8226120857699805,133,8.0,10,2,0.5,0.0001,133,8.0,8,7005,52.669172932330824
grid,1,0.4495036249863915,0.8016141824195823,0.8226120857699805,133,8.0,10,5,0.5,0.0001,133,8.0,8,7005,52.669172932330824
grid,1,0.4526377090078313,0.8016141824195823,0.8226120857699805,133,8.0,10,7,0.5,0.0001,133,8.0,8,7005,52.669172932330824
grid,1,0.4521463330020197,0.8016141824195823,0.8226120857699805,133,8.0,10,10,0.5,0.0001,133,8.0,8,7005,52.669172932330824
grid,1,0.44873899999947753,0.8016141824195823,0.8226120857699805,133,8.0,10,2,0.5,1e-05,133,8.0,8,7501,56.3984962406015
grid,1,0.44801333399664145,0.8016141824195823,0.8226120857699805,133,8.0,10,5,0.5,1e-05,133,8.0,8,7501,56.3984962406015
grid,1,0.44511795799189713,0.8016141824195823,0.8226120857699805,133,8.0,10,7,0.5,1e-05,133,8.0,8,7501,56.3984962406015
grid,1,0.4461597920017084,0.8016141824195823,0.8226120857699805,133,8.0,10,10,0.5,1e-05,133,8.0,8,7501,56.3984962406015
grid,1,0.4611549580004066,0.8016141824195823,0.8226120857699805,133,8.0,10,2,0.5,0.0,133,8.0,8,8027,60.35338345864662
grid,1,0.4561503329896368,0.8016141824195823,0.8226120857699805,133,8.0,10,5,0.5,0.0,133,8.0,8,8027,60.35338345864662
grid,1,0.4563853329891572,0.8016141824195823,0.8226120857699805,133,8.0,10,7,0.5,0.0,133,8.0,8,8027,60.35338345864662
grid,1,0.4822329580056248,0.8016141824195823,0.8226120857699805,133,8.0,10,10,0.5,0.0,133,8.0,8,8027,60.35338345864662
grid,1,0.4941200830071466,0.801520222293369,0.8089668615984406,133,8.0,1,2,0.5,1e-05,133,8.0,8,11077,83.28571428571429
grid,1,0.5014660410088254,0.801520222293369,0.8089668615984406,133,8.0,1,2,0.5,0.0001,133,8.0,8,11077,83.28571428571429
grid,1,0.46810695799649693,0.801520222293369,0.8089668615984406,133,8.0,1,2,0.5,0.0,133,8.0,8,11661,87.67669172932331
grid,1,0.08113883300393354,0.8010458204586028,0.8128654970760234,50,8.0,1,10,log2,0.01,50,8.0,8,1876,37.52
grid,1,0.20021075000113342,0.8007759518366601,0.8089668615984406,133,8.0,1,2,sqrt,0.01,133,7.984962406015038,8,5053,37.99248120300752
grid,1,0.8945966250030324,0.8003389054203589,0.8167641325536062,217,12.0,4,2,0.5,0.01,217,11.986175115207374,12,9713,44.76036866359447
grid,1,0.883282708004117,0.8003389054203589,0.8167641325536062,217,12.0,4,5,0.5,0.01,217,11.986175115207374,12,9713,44.76036866359447
grid,1,0.8884127920027822,0.8003389054203589,0.8167641325536062,217,12.0,4,7,0.5,0.01,217,11.986175115207374,12,9713,44.76036866359447
grid,1,0.9088229580083862,0.8002849033183292,0.8167641325536062,217,12.0,1,5,0.5,0.01,217,12.0,12,9707,44.73271889400922
grid,1,0.08306358399568126,0.8002549070179474,0.8109161793372319,50,8.0,1,5,log2,0.01,50,8.0,8,1872,37.44
grid,1,0.09309216700785328,0.7996493990646951,0.8109161793372319,50,8.0,7,2,sqrt,0.01,50,7.98,8,1900,38.0
grid,1,0.08141266599704977,0.7996493990646951,0.8109161793372319,50,8.0,7,5,sqrt,0.01,50,7.98,8,1900,38.0
grid,1,0.09062891600478906,0.7996493990646951,0.8109161793372319,50,8.0,7,7,sqrt,0.01,50,7.98,8,1900,38.0
grid,1,0.0811273339932086,0.7996493990646951,0.8109161793372319,50,8.0,7,10,sqrt,0.01,50,7.98,8,1900,38.0
grid,1,0.09428054200543556,0.7994925816837316,0.8089668615984406,50,12.0,1,7,log2,0.01,50,10.92,12,2346,46.92
grid,1,0.5802877499954775,0.7990164353921784,0.8206627680311891,133,12.0,1,10,0.5,0.01,133,12.0,12,5909,44.42857142857143
grid,1,0.24482254199392628,0.7987693174356184,0.8148148148148148,50,12.0,4,2,0.5,0.01,50,12.0,12,2244,44.88
grid,1,0.26024287499603815,0.7987693174356184,0.8148148148148148,50,12.0,4,5,0.5,0.01,50,12.0,12,2244,44.88
grid,1,0.2603629160003038,0.7987693174356184,0.8148148148148148,50,12.0,4,7,0.5,0.01,50,12.0,12,2244,44.88
grid,1,0.8725395840010606,0.7968482610350134,0.8167641325536062,217,12.0,7,2,0.5,0.01,217,11.990783410138249,12,9719,44.78801843317972
grid,1,0.8827114169980632,0.7968482610350134,0.8167641325536062,217,12.0,7,5,0.5,0.01,217,11.990783410138249,12,9719,44.78801843317972
grid,1,0.9576317909959471,0.7968482610350134,0.8167641325536062,217,12.0,7,7,0.5,0.01,217,11.990783410138249,12,9719,44.78801843317972
grid,1,0.9494397920061601,0.7968482610350134,0.8167641325536062,217,12.0,7,10,0.5,0.01,217,11.990783410138249,12,9719,44.78801843317972
grid,1,0.25490324999555014,0.7967200987750294,0.8070175438596491,50,16.0,1,2,0.5,0.01,50,14.84,16,2550,51.0
grid,1,0.20143137499690056,0.7960287124168339,0.8167641325536062,50,8.0,4,10,0.5,0.01,50,8.0,8,1614,32.28
grid,1,0.2351157079974655,0.7956118192415158,0.8187134502923976,50,12.0,7,2,0.5,0.01,50,12.0,12,2224,44.48
grid,1,0.22376087500015274,0.7956118192415158,0.8187134502923976,50,12.0,7,5,0.5,0.01,50,12.0,12,2224,44.48
grid,1,0.23593954200623557,0.7956118192415158,0.8187134502923976,50,12.0,7,7,0.5,0.01,50,12.0,12,2224,44.48
grid,1,0.2287270829983754,0.7956118192415158,0.8187134502923976,50,12.0,7,10,0.5,0.01,50,12.0,12,2224,44.48
grid,1,0.5529189579974627,0.7952057843780265,0.8128654970760234,133,12.0,4,2,0.5,0.01,133,11.984962406015038,12,5955,44.774436090225564
grid,1,0.5528897920012241,0.7952057843780265,0.8128654970760234,133,12.0,4,5,0.5,0.01,133,11.984962406015038,12,5955,44.774436090225564
grid,1,0.5516167499881703,0.7952057843780265,0.8128654970760234,133,12.0,4,7,0.5,0.01,133,11.984962406015038,12,5955,44.774436090225564
grid,1,0.5304382080066716,0.7951966547726464,0.8148148148148148,133,12.0,7,2,0.5,0.01,133,11.992481203007518,12,5935,44.62406015037594
grid,1,0.5459127079957398,0.7951966547726464,0.8148148148148148,133,12.0,7,5,0.5,0.01,133,11.992481203007518,12,5935,44.62406015037594
grid,1,0.5480037079978501,0.7951966547726464,0.8148148148148148,133,12.0,7,7,0.5,0.01,133,11.992481203007518,12,5935,44.62406015037594
grid,1,0.5418022499943618,0.7951966547726464,0.8148148148148148,133,12.0,7,10,0.5,0.01,133,11.992481203007518,12,5935,44.62406015037594
grid,1,0.7555070410016924,0.7938414498521641,0.8167641325536062,217,8.0,1,10,0.5,0.01,217,8.0,8,7005,32.28110599078341
grid,1,0.5936526249861345,0.7925796741670049,0.8109161793372319,133,12.0,1,5,0.5,0.01,133,12.0,12,5949,44.72932330827068
grid,1,0.2032770000078017,0.7925174050877136,0.8128654970760234,50,8.0,4,2,0.5,0.01,50,8.0,8,1642,32.84
grid,1,0.20327891698980238,0.7925174050877136,0.8128654970760234,50,8.0,4,5,0.5,0.01,50,8.0,8,1642,32.84
grid,1,0.20663645799504593,0.7925174050877136,0.8128654970760234,50,8.0,4,7,0.5,0.01,50,8.0,8,1642,32.84
grid,1,0.09130270799505524,0.7924520109756265,0.8070175438596491,50,8.0,4,10,sqrt,0.01,50,7.98,8,1876,37.52
grid,1,0.08163854099984746,0.7923549059985769,0.8031189083820662,50,16.0,1,5,log2,0.01,50,11.82,15,2354,47.08
grid,1,0.545187417010311,0.792150188393952,0.8070175438596491,133,12.0,10,2,0.5,0.01,133,11.992481203007518,12,5897,44.338345864661655
grid,1,0.5323645409953315,0.792150188393952,0.8070175438596491,133,12.0,10,5,0.5,0.01,133,11.992481203007518,12,5897,44.338345864661655
grid,1,0.554469082999276,0.792150188393952,0.8070175438596491,133,12.0,10,7,0.5,0.01,133,11.992481203007518,12,5897,44.338345864661655
grid,1,0.528590333997272,0.792150188393952,0.8070175438596491,133,12.0,10,10,0.5,0.01,133,11.992481203007518,12,5897,44.338345864661655
grid,1,0.9363111669954378,0.7920479697511743,0.8109161793372319,217,12.0,10,2,0.5,0.01,217,11.995391705069125,12,9665,44.53917050691244
grid,1,0.8582178340002429,0.7920479697511743,0.8109161793372319,217,12.0,10,5,0.5,0.01,217,11.995391705069125,12,9665,44.53917050691244
grid,1,0.8582618329965044,0.7920479697511743,0.8109161793372319,217,12.0,10,7,0.5,0.01,217,11.995391705069125,12,9665,44.53917050691244
grid,1,0.8596129169891356,0.7920479697511743,0.8109161793372319,217,12.0,10,10,0.5,0.01,217,11.995391705069125,12,9665,44.53917050691244
grid,1,0.16665641698637046,0.7916791555452038,0.8031189083820662,133,8.0,1,5,log2,0.01,133,7.962406015037594,8,4979,37.43609022556391
grid,1,0.08138829199015163,0.7913569977259811,0.8031189083820662,50,8.0,4,2,sqrt,0.01,50,8.0,8,1886,37.72
grid,1,0.0910662499954924,0.7913569977259811,0.8031189083820662,50,8.0,4,5,sqrt,0.01,50,8.0,8,1886,37.72
grid,1,0.08139587499317713,0.7913569977259811,0.8031189083820662,50,8.0,4,7,sqrt,0.01,50,8.0,8,1886,37.72
grid,1,0.48490008398948703,0.791299641103017,0.8011695906432749,133,8.0,1,2,0.5,0.001,133,8.0,8,8309,62.473684210526315
grid,1,0.2456981249997625,0.7909464047573531,0.8109161793372319,50,12.0,1,10,0.5,0.01,50,12.0,12,2226,44.52
grid,1,0.5743977089878172,0.7908474915540763,0.8167641325536062,133,12.0,1,2,0.5,0.01,133,11.992481203007518,12,5901,44.36842105263158
grid,1,0.0936375000019325,0.7906412251059561,0.8050682261208577,50,8.0,1,10,sqrt,0.01,50,8.0,8,1938,38.76
grid,1,0.2275233330001356,0.7900711101835507,0.8128654970760234,50,12.0,4,10,0.5,0.01,50,12.0,12,2202,44.04
grid,1,0.7554937920067459,0.7894095585854349,0.8128654970760234,217,8.0,1,5,0.5,0.01,217,8.0,8,6979,32.16129032258065
grid,1,0.8842630830040434,0.789388105592414,0.8128654970760234,217,12.0,4,10,0.5,0.01,217,11.990783410138249,12,9689,44.64976958525346
grid,1,0.21389879198977724,0.7891492985017973,0.8128654970760234,50,8.0,7,2,0.5,0.01,50,8.0,8,1592,31.84
grid,1,0.20524645799014252,0.7891492985017973,0.8128654970760234,50,8.0,7,5,0.5,0.01,50,8.0,8,1592,31.84
grid,1,0.19042270800855476,0.7891492985017973,0.8128654970760234,50,8.0,7,7,0.5,0.01,50,8.0,8,1592,31.84
grid,1,0.20407133300614078,0.7891492985017973,0.8128654970760234,50,8.0,7,10,0.5,0.01,50,8.0,8,1592,31.84
grid,1,0.7490112079976825,0.7889809670682116,0.8148148148148148,217,8.0,1,7,0.5,0.01,217,8.0,8,6981,32.1705069124424
grid,1,0.09388895900337957,0.7884377094341529,0.7992202729044834,50,8.0,1,2,sqrt,0.01,50,8.0,8,1832,36.64
grid,1,0.4545298750017537,0.7883985130702025,0.8148148148148148,133,8.0,10,2,0.5,0.01,133,8.0,8,4283,32.203007518796994
grid,1,0.4615226250025444,0.7883985130702025,0.8148148148148148,133,8.0,10,5,0.5,0.01,133,8.0,8,4283,32.203007518796994
grid,1,0.45632595900679007,0.7883985130702025,0.8148148148148148,133,8.0,10,7,0.5,0.01,133,8.0,8,4283,32.203007518796994
grid,1,0.44049041699327063,0.7883985130702025,0.8148148148148148,133,8.0,10,10,0.5,0.01,133,8.0,8,4283,32.203007518796994
grid,1,0.23194504200364463,0.7883130962073662,0.8148148148148148,50,12.0,1,2,0.5,0.01,50,12.0,12,2250,45.0
grid,1,0.4768962090020068,0.7881609795398524,0.8148148148148148,133,8.0,1,7,0.5,0.01,133,8.0,8,4271,32.11278195488722
grid,1,0.08200820800266229,0.787812792365222,0.8031189083820662,50,8.0,10,2,sqrt,0.01,50,7.98,8,1912,38.24
grid,1,0.09011325000028592,0.787812792365222,0.8031189083820662,50,8.0,10,5,sqrt,0.01,50,7.98,8,1912,38.24
grid,1,0.08269845800532494,0.787812792365222,0.8031189083820662,50,8.0,10,7,sqrt,0.01,50,7.98,8,1912,38.24
grid,1,0.08138395800779108,0.787812792365222,0.8031189083820662,50,8.0,10,10,sqrt,0.01,50,7.98,8,1912,38.24
grid,1,0.19404637500701938,0.7876089148664592,0.8128654970760234,50,8.0,10,2,0.5,0.01,50,8.0,8,1630,32.6
grid,1,0.1996086250001099,0.7876089148664592,0.8128654970760234,50,8.0,10,5,0.5,0.01,50,8.0,8,1630,32.6
grid,1,0.19855979099520482,0.7876089148664592,0.8128654970760234,50,8.0,10,7,0.5,0.01,50,8.0,8,1630,32.6
grid,1,0.19684070799848996,0.7876089148664592,0.8128654970760234,50,8.0,10,10,0.5,0.01,50,8.0,8,1630,32.6
grid,1,0.084956291000708,0.7874902843862852,0.8031189083820662,50,8.0,4,2,log2,0.01,50,7.98,8,1796,35.92
grid,1,0.07803595799487084,0.7874902843862852,0.8031189083820662,50,8.0,4,5,log2,0.01,50,7.98,8,1796,35.92
grid,1,0.07952612500230316,0.7874902843862852,0.8031189083820662,50,8.0,4,7,log2,0.01,50,7.98,8,1796,35.92
grid,1,0.543245292006759,0.787225485507762,0.8089668615984406,133,12.0,4,10,0.5,0.01,133,11.984962406015038,12,5915,44.473684210526315
grid,1,0.7485305840091314,0.7864787580159027,0.8128654970760234,217,8.0,4,2,0.5,0.01,217,8.0,8,7055,32.51152073732719
grid,1,0.760683375003282,0.7864787580159027,0.8128654970760234,217,8.0,4,5,0.5,0.01,217,8.0,8,7055,32.51152073732719
grid,1,0.7405183329974534,0.7864787580159027,0.8128654970760234,217,8.0,4,7,0.5,0.01,217,8.0,8,7055,32.51152073732719
grid,1,0.4772933749918593,0.7859879442911306,0.8089668615984406,133,8.0,1,5,0.5,0.01,133,8.0,8,4263,32.05263157894737
grid,1,0.193951332999859,0.7858722464077599,0.8089668615984406,50,8.0,1,5,0.5,0.01,50,8.0,8,1592,31.84
grid,1,0.733949459012365,0.7857796697778494,0.8128654970760234,217,8.0,7,2,0.5,0.01,217,8.0,8,6961,32.07834101382488
grid,1,0.7328839580004569,0.7857796697778494,0.8128654970760234,217,8.0,7,5,0.5,0.01,217,8.0,8,6961,32.07834101382488
grid,1,0.7281858749920502,0.7857796697778494,0.8128654970760234,217,8.0,7,7,0.5,0.01,217,8.0,8,6961,32.07834101382488
grid,1,0.7416755000012927,0.7857796697778494,0.8128654970760234,217,8.0,7,10,0.5,0.01,217,8.0,8,6961,32.07834101382488
grid,1,0.912913916996331,0.7857354525614978,0.8128654970760234,217,12.0,1,2,0.5,0.01,217,11.995391705069125,12,9659,44.51152073732719
grid,1,0.22560499999963213,0.7854604853777931,0.8031189083820662,50,12.0,10,2,0.5,0.01,50,12.0,12,2238,44.76
grid,1,0.24164616700727493,0.7854604853777931,0.8031189083820662,50,12.0,10,5,0.5,0.01,50,12.0,12,2238,44.76
grid,1,0.22035012500418816,0.7854604853777931,0.8031189083820662,50,12.0,10,7,0.5,0.01,50,12.0,12,2238,44.76
grid,1,0.22185629200248513,0.7854604853777931,0.8031189083820662,50,12.0,10,10,0.5,0.01,50,12.0,12,2238,44.76
grid,1,0.20150037499843165,0.7854239567812679,0.8109161793372319,50,8.0,1,10,0.5,0.01,50,8.0,8,1606,32.12
grid,1,0.48372166699846275,0.7851222807065751,0.8109161793372319,133,8.0,1,10,0.5,0.01,133,8.0,8,4251,31.962406015037594
grid,1,0.7255217920028372,0.7841986629394768,0.8109161793372319,217,8.0,10,2,0.5,0.01,217,8.0,8,6989,32.2073732718894
grid,1,0.7175162499916041,0.7841986629394768,0.8109161793372319,217,8.0,10,5,0.5,0.01,217,8.0,8,6989,32.2073732718894
grid,1,0.7353984999936074,0.7841986629394768,0.8109161793372319,217,8.0,10,7,0.5,0.01,217,8.0,8,6989,32.2073732718894
grid,1,0.7424319580022711,0.7841986629394768,0.8109161793372319,217,8.0,10,10,0.5,0.01,217,8.0,8,6989,32.2073732718894
grid,1,0.4626901250012452,0.7836795836729213,0.8109161793372319,133,8.0,4,2,0.5,0.01,133,8.0,8,4295,32.29323308270677
grid,1,0.4753323329932755,0.7836795836729213,0.8109161793372319,133,8.0,4,5,0.5,0.01,133,8.0,8,4295,32.29323308270677
grid,1,0.5047012919967528,0.7836795836729213,0.8109161793372319,133,8.0,4,7,0.5,0.01,133,8.0,8,4295,32.29323308270677
grid,1,0.7454756249935599,0.7833206795530168,0.8089668615984406,217,8.0,4,10,0.5,0.01,217,8.0,8,7009,32.29953917050691
grid,1,0.07985199999529868,0.7832525241356908,0.7953216374269005,50,8.0,1,7,log2,0.01,50,7.96,8,1822,36.44
grid,1,0.19952045800164342,0.7831928275939071,0.8089668615984406,50,8.0,1,7,0.5,0.01,50,8.0,8,1604,32.08
grid,1,0.7877752499916824,0.779794808552672,0.8070175438596491,217,8.0,1,2,0.5,0.01,217,8.0,8,6921,31.89400921658986
grid,1,0.4722377080033766,0.7786356994526642,0.8050682261208577,133,8.0,4,10,0.5,0.01,133,8.0,8,4263,32.05263157894737
grid,1,0.20494541700463742,0.7786265461284502,0.7894736842105263,50,8.0,1,2,0.5,1e-05,50,8.0,8,4196,83.92
grid,1,0.2043164579954464,0.7786265461284502,0.7894736842105263,50,8.0,1,2,0.5,0.0001,50,8.0,8,4196,83.92
grid,1,0.19308825000189245,0.7786265461284502,0.7894736842105263,50,8.0,1,2,0.5,0.0,50,8.0,8,4426,88.52
grid,1,0.4647775830089813,0.7745116677110627,0.7992202729044834,133,8.0,7,2,0.5,0.01,133,8.0,8,4243,31.902255639097746
grid,1,0.4668062089913292,0.7745116677110627,0.7992202729044834,133,8.0,7,5,0.5,0.01,133,8.0,8,4243,31.902255639097746
grid,1,0.46683895800379105,0.7745116677110627,0.7992202729044834,133,8.0,7,7,0.5,0.01,133,8.0,8,4243,31.902255639097746
grid,1,0.4617138750036247,0.7745116677110627,0.7992202729044834,133,8.0,7,10,0.5,0.01,133,8.0,8,4243,31.902255639097746
grid,1,0.20207695799763314,0.7663356575939554,0.7816764132553606,50,8.0,1,2,0.5,0.001,50,8.0,8,3174,63.48
grid,1,0.47773458299343474,0.7545846253768868,0.7777777777777778,133,8.0,1,2,0.5,0.01,133,8.0,8,4229,31.796992481203006
grid,1,0.204190042000846,0.7410201816684733,0.7680311890838206,50,8.0,1,2,0.5,0.01,50,8.0,8,1610,32.2
