method,round,elapsed_seconds,val_macro_f1,val_accuracy,n_estimators,max_depth,min_samples_leaf,min_samples_split,max_features,ccp_alpha,tree_count,avg_tree_depth,max_tree_depth,total_nodes,avg_nodes
successive,2,0.22053445799974725,0.9291953115952188,0.9298245614035088,133,,1,2,sqrt,1e-05,133,25.593984962406015,40,73329,551.3458646616541
successive,2,0.22078774998954032,0.9291953115952188,0.9298245614035088,133,,1,2,sqrt,0.0001,133,25.593984962406015,40,73329,551.3458646616541
successive,2,0.21419354200770613,0.9291953115952188,0.9298245614035088,133,,1,2,sqrt,0.0,133,25.67669172932331,40,78093,587.1654135338346
successive,2,0.21827020798809826,0.9289839109973446,0.9298245614035088,133,20.0,1,2,sqrt,0.0001,133,19.954887218045112,20,68505,515.0751879699249
successive,2,0.24118916600127704,0.9289839109973446,0.9298245614035088,133,20.0,1,2,sqrt,1e-05,133,19.954887218045112,20,68509,515.1052631578947
successive,2,0.220244249998359,0.9289839109973446,0.9298245614035088,133,20.0,1,2,sqrt,0.0,133,19.954887218045112,20,73041,549.1804511278195
successive,3,0.3558645410084864,0.9272498049174056,0.9278752436647173,217,20.0,1,2,sqrt,0.0001,217,19.953917050691246,20,110985,511.4516129032258
successive,3,0.3465143329958664,0.9272498049174056,0.9278752436647173,217,20.0,1,2,sqrt,1e-05,217,19.953917050691246,20,110993,511.4884792626728
successive,3,0.35243058399646543,0.9272498049174056,0.9278752436647173,217,20.0,1,2,sqrt,0.0,217,19.953917050691246,20,118217,544.778801843318
successive,4,0.4639785000035772,0.9269691124231233,0.9278752436647173,300,,1,5,sqrt,0.0001,300,24.24,37,123314,411.0466666666667
successive,4,0.4722642499982612,0.9269691124231233,0.9278752436647173,300,,1,5,sqrt,1e-05,300,24.25,37,123534,411.78
successive,4,0.46279341699846555,0.9269691124231233,0.9278752436647173,300,,1,5,sqrt,0.0,300,24.286666666666665,37,128442,428.14
successive,1,0.09771366600762121,0.9269234522554731,0.9278752436647173,50,,1,2,sqrt,1e-05,50,25.32,32,27020,540.4
successive,1,0.09383779199561104,0.9269234522554731,0.9278752436647173,50,,1,2,sqrt,0.0001,50,25.32,32,27020,540.4
successive,1,0.09476304201234598,0.9269234522554731,0.9278752436647173,50,,1,2,sqrt,0.0,50,25.38,32,28772,575.44
successive,1,0.09303887499845587,0.9253500059848675,0.9259259259259259,50,12.0,1,2,sqrt,0.0001,50,12.0,12,15928,318.56
successive,1,0.09424845900502987,0.9253500059848675,0.9259259259259259,50,12.0,1,2,sqrt,1e-05,50,12.0,12,15940,318.8
successive,1,0.09250574999896344,0.9253500059848675,0.9259259259259259,50,12.0,1,2,sqrt,0.0,50,12.0,12,16788,335.76
successive,4,0.4704732919926755,0.9251691808212836,0.9259259259259259,300,20.0,1,2,sqrt,0.0001,300,19.956666666666667,20,152978,509.9266666666667
successive,4,0.4817701669962844,0.9251691808212836,0.9259259259259259,300,20.0,1,2,sqrt,1e-05,300,19.956666666666667,20,152988,509.96
successive,4,0.46716008298972156,0.9251691808212836,0.9259259259259259,300,20.0,1,2,sqrt,0.0,300,19.956666666666667,20,162888,542.96
successive,3,0.3639334589970531,0.9251687319799987,0.9259259259259259,217,,1,2,sqrt,1e-05,217,25.53917050691244,40,119145,549.0552995391705
successive,3,0.36232795799151063,0.9251687319799987,0.9259259259259259,217,,1,2,sqrt,0.0001,217,25.53917050691244,40,119145,549.0552995391705
successive,3,0.34421033300168347,0.9251687319799987,0.9259259259259259,217,,1,2,sqrt,0.0,217,25.62672811059908,40,126807,584.3640552995391
successive,2,0.21495762499398552,0.9250629011163175,0.9259259259259259,133,,1,5,sqrt,0.0001,133,24.030075187969924,37,54815,412.14285714285717
successive,2,0.2182200829993235,0.9250629011163175,0.9259259259259259,133,,1,5,sqrt,1e-05,133,24.05263157894737,37,54913,412.8796992481203
successive,2,0.2313322919944767,0.9250629011163175,0.9259259259259259,133,,1,5,sqrt,0.0,133,24.06015037593985,37,57101,429.3308270676692
successive,3,0.3481978330091806,0.9232900053550775,0.9239766081871345,217,16.0,1,2,sqrt,0.0001,217,16.0,16,96471,444.5668202764977
successive,3,0.3424036670039641,0.9232900053550775,0.9239766081871345,217,16.0,1,2,sqrt,1e-05,217,16.0,16,96537,444.8709677419355
successive,3,0.34198404199560173,0.9232900053550775,0.9239766081871345,217,16.0,1,2,sqrt,0.0,217,16.0,16,102441,472.0783410138249
successive,4,0.4708851670002332,0.9232900053550775,0.9239766081871345,300,16.0,1,2,sqrt,0.0001,300,16.0,16,132478,441.5933333333333
successive,4,0.4627790829981677,0.9232900053550775,0.9239766081871345,300,16.0,1,2,sqrt,1e-05,300,16.0,16,132552,441.84
successive,4,0.46362400001089554,0.9232900053550775,0.9239766081871345,300,16.0,1,2,sqrt,0.0,300,16.0,16,140762,469.20666666666665
successive,4,0.4858284160000039,0.92298848959609,0.9239766081871345,300,20.0,1,5,sqrt,0.0001,300,19.89666666666667,20,117920,393.06666666666666
successive,4,0.4632462919980753,0.92298848959609,0.9239766081871345,300,20.0,1,5,sqrt,1e-05,300,19.9,20,118126,393.75333333333333
successive,4,0.4664646669989452,0.92298848959609,0.9239766081871345,300,20.0,1,5,sqrt,0.0,300,19.903333333333332,20,122930,409.76666666666665
successive,4,1.485595791004016,0.9225478377396537,0.9239766081871345,300,,1,2,0.5,1e-05,300,31.343333333333334,42,109590,365.3
successive,4,1.4627560000080848,0.9225478377396537,0.9239766081871345,300,,1,2,0.5,0.0001,300,31.343333333333334,42,109590,365.3
successive,4,1.4571012499945937,0.9225478377396537,0.9239766081871345,300,,1,2,0.5,0.0,300,31.413333333333334,43,117320,391.06666666666666
successive,4,0.48218433299916796,0.9212456847999811,0.9220272904483431,300,,1,2,sqrt,1e-05,300,25.54,40,164414,548.0466666666666
successive,4,0.48193254199577495,0.9212456847999811,0.9220272904483431,300,,1,2,sqrt,0.0001,300,25.54,40,164414,548.0466666666666
successive,4,0.4655324159975862,0.9212456847999811,0.9220272904483431,300,,1,2,sqrt,0.0,300,25.626666666666665,40,175062,583.54
successive,1,0.08188004199473653,0.9211839163466892,0.9220272904483431,50,20.0,1,2,log2,0.0001,50,19.94,20,30258,605.16
successive,1,0.09195533300226089,0.9211839163466892,0.9220272904483431,50,20.0,1,2,log2,1e-05,50,19.94,20,30268,605.36
successive,1,0.07903500000247732,0.9211839163466892,0.9220272904483431,50,20.0,1,2,log2,0.0,50,19.94,20,32094,641.88
successive,2,0.21384495799429715,0.9210759332410693,0.9220272904483431,133,16.0,1,5,sqrt,0.0001,133,16.0,16,46583,350.2481203007519
successive,2,0.21303258299303707,0.9210759332410693,0.9220272904483431,133,16.0,1,5,sqrt,1e-05,133,16.0,16,46665,350.8646616541353
successive,2,0.2034176250017481,0.9210759332410693,0.9220272904483431,133,16.0,1,5,sqrt,0.0,133,16.0,16,48545,365.0
successive,4,0.4075108340039151,0.920948019784637,0.9220272904483431,300,,1,2,log2,1e-05,300,24.5,33,192240,640.8
successive,4,0.40738504100590944,0.920948019784637,0.9220272904483431,300,,1,2,log2,0.0001,300,24.5,33,192240,640.8
successive,4,0.39572716600378044,0.920948019784637,0.9220272904483431,300,,1,2,log2,0.0,300,24.56,33,204334,681.1133333333333
successive,3,1.070960750002996,0.9207815585952549,0.9220272904483431,217,,1,2,0.5,1e-05,217,31.28110599078341,41,79349,365.66359447004606
successive,3,1.0669843330106232,0.9207815585952549,0.9220272904483431,217,,1,2,0.5,0.0001,217,31.28110599078341,41,79349,365.66359447004606
successive,3,1.0884023329999764,0.9207815585952549,0.9220272904483431,217,,1,2,0.5,0.0,217,31.341013824884794,41,84921,391.3410138248848
successive,4,1.4426197920111008,0.9206560820368231,0.9220272904483431,300,,1,5,0.5,0.0001,300,29.983333333333334,40,83390,277.96666666666664
successive,4,1.4473061250027968,0.9206560820368231,0.9220272904483431,300,,1,5,0.5,1e-05,300,29.996666666666666,40,83412,278.04
successive,4,1.4279812080058036,0.9206560820368231,0.9220272904483431,300,,1,5,0.5,0.0,300,30.05,40,87490,291.6333333333333
successive,1,0.09390204100054689,0.9196779568787312,0.9200779727095516,50,16.0,1,2,sqrt,0.0001,50,16.0,16,22036,440.72
successive,1,0.09496454100008123,0.9196779568787312,0.9200779727095516,50,16.0,1,2,sqrt,1e-05,50,16.0,16,22046,440.92
successive,1,0.0974308330041822,0.9196779568787312,0.9200779727095516,50,16.0,1,2,sqrt,0.0,50,16.0,16,23428,468.56
successive,2,0.1879760419978993,0.9196260481572587,0.9200779727095516,133,,1,2,log2,1e-05,133,24.458646616541355,32,84985,638.984962406015
successive,2,0.1872482499893522,0.9196260481572587,0.9200779727095516,133,,1,2,log2,0.0001,133,24.458646616541355,32,84985,638.984962406015
successive,2,0.18239612500474323,0.9196260481572587,0.9200779727095516,133,,1,2,log2,0.0,133,24.51127819548872,32,90365,679.4360902255639
successive,3,0.30868958300561644,0.919604761900424,0.9200779727095516,217,20.0,1,2,log2,0.0001,217,19.912442396313363,20,132271,609.5437788018434
successive,3,0.30531016700842883,0.919604761900424,0.9200779727095516,217,20.0,1,2,log2,1e-05,217,19.912442396313363,20,132307,609.7096774193549
successive,3,0.3056242089951411,0.919604761900424,0.9200779727095516,217,20.0,1,2,log2,0.0,217,19.91705069124424,20,140539,647.6451612903226
successive,1,0.28854212499572895,0.9196013302747519,0.9200779727095516,50,,1,2,0.5,1e-05,50,31.64,38,18226,364.52
successive,1,0.28208941699995194,0.9196013302747519,0.9200779727095516,50,,1,2,0.5,0.0001,50,31.64,38,18226,364.52
successive,1,0.2781315000029281,0.9196013302747519,0.9200779727095516,50,,1,2,0.5,0.0,50,31.74,38,19456,389.12
successive,4,0.46536108299915213,0.9194297973311254,0.9200779727095516,300,16.0,1,5,sqrt,0.0001,300,16.0,16,104940,349.8
successive,4,0.4703648750000866,0.9194297973311254,0.9200779727095516,300,16.0,1,5,sqrt,1e-05,300,16.0,16,105146,350.4866666666667
successive,4,0.460807332987315,0.9194297973311254,0.9200779727095516,300,16.0,1,5,sqrt,0.0,300,16.0,16,109354,364.5133333333333
successive,3,0.31374920898815617,0.9193955204848281,0.9200779727095516,217,,1,2,log2,1e-05,217,24.465437788018434,32,138785,639.5622119815669
successive,3,0.30597229198610876,0.9193955204848281,0.9200779727095516,217,,1,2,log2,0.0001,217,24.465437788018434,32,138785,639.5622119815669
successive,3,0.2993370829935884,0.9193955204848281,0.9200779727095516,217,,1,2,log2,0.0,217,24.52073732718894,32,147587,680.1244239631336
successive,2,0.1906801250006538,0.9193860375756596,0.9200779727095516,133,20.0,1,2,log2,0.0001,133,19.887218045112782,20,80959,608.7142857142857
successive,2,0.19007891599903814,0.9193860375756596,0.9200779727095516,133,20.0,1,2,log2,1e-05,133,19.887218045112782,20,80981,608.8796992481203
successive,2,0.1851312499929918,0.9193860375756596,0.9200779727095516,133,20.0,1,2,log2,0.0,133,19.894736842105264,20,85965,646.3533834586466
successive,1,0.09257770801195875,0.9193400057361739,0.9200779727095516,50,16.0,1,5,sqrt,0.0001,50,16.0,16,16840,336.8
successive,1,0.09583829100301955,0.9193400057361739,0.9200779727095516,50,16.0,1,5,sqrt,1e-05,50,16.0,16,16876,337.52
successive,1,0.09325654100393876,0.9193400057361739,0.9200779727095516,50,16.0,1,5,sqrt,0.0,50,16.0,16,17526,350.52
successive,4,0.4076040420040954,0.9192180515899557,0.9200779727095516,300,16.0,1,2,log2,0.0001,300,16.0,16,162612,542.04
successive,4,0.40542420800193213,0.9192180515899557,0.9200779727095516,300,16.0,1,2,log2,1e-05,300,16.0,16,162758,542.5266666666666
successive,4,0.3932631250063423,0.9192180515899557,0.9200779727095516,300,16.0,1,2,log2,0.0,300,16.0,16,172470,574.9
successive,2,0.2173332499951357,0.919185175966731,0.9200779727095516,133,16.0,1,2,sqrt,0.0001,133,16.0,16,59835,449.8872180451128
successive,2,0.21593329100869596,0.919185175966731,0.9200779727095516,133,16.0,1,2,sqrt,1e-05,133,16.0,16,59869,450.14285714285717
successive,2,0.20762770899455063,0.919185175966731,0.9200779727095516,133,16.0,1,2,sqrt,0.0,133,16.0,16,63573,477.9924812030075
successive,1,0.09724279199144803,0.9191691151483682,0.9200779727095516,50,20.0,1,2,sqrt,0.0001,50,19.96,20,25446,508.92
successive,1,0.0993271250044927,0.9191691151483682,0.9200779727095516,50,20.0,1,2,sqrt,1e-05,50,19.96,20,25448,508.96
successive,1,0.09535850000975188,0.9191691151483682,0.9200779727095516,50,20.0,1,2,sqrt,0.0,50,19.96,20,27102,542.04
successive,2,0.6701577909989282,0.9189758562038137,0.9200779727095516,133,,1,2,0.5,1e-05,133,31.60902255639098,40,48533,364.90977443609023
successive,2,0.6774702910042834,0.9189758562038137,0.9200779727095516,133,,1,2,0.5,0.0001,133,31.60902255639098,40,48533,364.90977443609023
successive,2,0.678148124992731,0.9189758562038137,0.9200779727095516,133,,1,2,0.5,0.0,133,31.68421052631579,40,51845,389.812030075188
successive,4,0.4100210420001531,0.9188349560748156,0.9200779727095516,300,20.0,1,5,log2,0.0001,300,19.846666666666668,20,135528,451.76
successive,4,0.42896383300831076,0.9188349560748156,0.9200779727095516,300,20.0,1,5,log2,1e-05,300,19.85,20,136036,453.4533333333333
successive,4,0.38878850000037346,0.9188349560748156,0.9200779727095516,300,20.0,1,5,log2,0.0,300,19.85333333333333,20,141308,471.02666666666664
successive,3,0.3581513340031961,0.9188286478393689,0.9200779727095516,217,20.0,1,5,sqrt,0.0001,217,19.898617511520737,20,85433,393.70046082949307
successive,3,0.3570052499999292,0.9188286478393689,0.9200779727095516,217,20.0,1,5,sqrt,1e-05,217,19.903225806451612,20,85571,394.33640552995394
successive,3,0.3514987079979619,0.9188286478393689,0.9200779727095516,217,20.0,1,5,sqrt,0.0,217,19.907834101382488,20,89037,410.3087557603687
successive,2,0.21404208299645688,0.9188193324112859,0.9200779727095516,133,,1,7,sqrt,0.0001,133,23.360902255639097,34,47641,358.203007518797
successive,2,0.21425074999569915,0.9188193324112859,0.9200779727095516,133,,1,7,sqrt,1e-05,133,23.36842105263158,34,47871,359.9323308270677
successive,2,0.21376283300924115,0.9188193324112859,0.9200779727095516,133,,1,7,sqrt,0.0,133,23.383458646616543,34,49479,372.02255639097746
successive,3,0.37118291700608097,0.9188167227794898,0.9200779727095516,217,,1,5,sqrt,0.0001,217,24.304147465437786,37,89465,412.28110599078343
successive,3,0.35788741600117646,0.9188167227794898,0.9200779727095516,217,,1,5,sqrt,1e-05,217,24.317972350230416,37,89617,412.9815668202765
successive,3,0.3672498329979135,0.9188167227794898,0.9200779727095516,217,,1,5,sqrt,0.0,217,24.336405529953918,37,93151,429.2672811059908
successive,2,0.21468445799837355,0.9187367302105148,0.9200779727095516,133,20.0,1,2,sqrt,0.001,133,19.55639097744361,20,39661,298.203007518797
successive,1,0.27393654199840967,0.917961452531211,0.9181286549707602,50,20.0,1,2,0.5,1e-05,50,20.0,20,14636,292.72
successive,1,0.28073145799862687,0.917961452531211,0.9181286549707602,50,20.0,1,2,0.5,0.0001,50,20.0,20,14636,292.72
successive,1,0.25881404099345673,0.917961452531211,0.9181286549707602,50,20.0,1,2,0.5,0.0,50,20.0,20,15646,312.92
successive,1,0.26286908400652464,0.9178190417696375,0.9181286549707602,50,20.0,1,5,0.5,0.0001,50,20.0,20,11820,236.4
successive,1,0.26144212498911656,0.9178190417696375,0.9181286549707602,50,20.0,1,5,0.5,1e-05,50,20.0,20,11822,236.44
successive,1,0.2652940830012085,0.9178190417696375,0.9181286549707602,50,20.0,1,5,0.5,0.0,50,20.0,20,12428,248.56
successive,1,0.27814808300172444,0.9176605633027619,0.9181286549707602,50,,1,7,0.5,0.0001,50,30.06,36,12480,249.6
successive,1,0.2634716250031488,0.9176605633027619,0.9181286549707602,50,,1,7,0.5,1e-05,50,30.08,36,12484,249.68
successive,1,0.26901729199744295,0.9176605633027619,0.9181286549707602,50,,1,7,0.5,0.0,50,30.14,36,13074,261.48
successive,3,1.0463737920072163,0.9174675949121595,0.9181286549707602,217,20.0,1,2,0.5,0.0001,217,20.0,20,63173,291.11981566820276
successive,3,1.042536332999589,0.9174675949121595,0.9181286549707602,217,20.0,1,2,0.5,1e-05,217,20.0,20,63177,291.13824884792626
successive,3,1.0387602920091012,0.9174675949121595,0.9181286549707602,217,20.0,1,2,0.5,0.0,217,20.0,20,67661,311.8018433179723
successive,4,1.4096297079959186,0.9173254319155533,0.9181286549707602,300,20.0,1,2,0.5,0.0001,300,20.0,20,87126,290.42
successive,4,1.4386874589981744,0.9173254319155533,0.9181286549707602,300,20.0,1,2,0.5,1e-05,300,20.0,20,87130,290.43333333333334
successive,4,1.4449405840132385,0.9173254319155533,0.9181286549707602,300,20.0,1,2,0.5,0.0,300,20.0,20,93308,311.02666666666664
successive,4,0.4563517500064336,0.9169862746603376,0.9181286549707602,300,12.0,1,2,sqrt,0.0001,300,12.0,12,95530,318.43333333333334
successive,4,0.4676696669921512,0.9169862746603376,0.9181286549707602,300,12.0,1,2,sqrt,1e-05,300,12.0,12,95634,318.78
successive,4,0.4411272080033086,0.9169862746603376,0.9181286549707602,300,12.0,1,2,sqrt,0.0,300,12.0,12,100856,336.18666666666667
successive,3,1.0885497920098715,0.9169218191853762,0.9181286549707602,217,,1,5,0.5,0.0001,217,29.89400921658986,40,60169,277.2764976958525
successive,3,1.0587016670033336,0.9169218191853762,0.9181286549707602,217,,1,5,0.5,1e-05,217,29.907834101382488,40,60183,277.3410138248848
successive,3,1.0705844170006458,0.9169218191853762,0.9181286549707602,217,,1,5,0.5,0.0,217,29.963133640552996,40,63133,290.93548387096774
successive,4,0.4148588749958435,0.9167768249348023,0.9181286549707602,300,,1,5,log2,0.0001,300,23.393333333333334,34,140122,467.0733333333333
successive,4,0.40992862499842886,0.9167768249348023,0.9181286549707602,300,,1,5,log2,1e-05,300,23.39666666666667,34,140608,468.6933333333333
successive,4,0.39809158400748856,0.9167768249348023,0.9181286549707602,300,,1,5,log2,0.0,300,23.436666666666667,34,146122,487.0733333333333
successive,2,0.2125605839974014,0.9167654786639411,0.9181286549707602,133,20.0,1,5,sqrt,0.0001,133,19.909774436090224,20,52567,395.2406015037594
successive,2,0.21678845900169108,0.9167654786639411,0.9181286549707602,133,20.0,1,5,sqrt,1e-05,133,19.917293233082706,20,52645,395.82706766917295
successive,2,0.2045120830007363,0.9167654786639411,0.9181286549707602,133,20.0,1,5,sqrt,0.0,133,19.917293233082706,20,54771,411.812030075188
successive,2,0.6607600410061423,0.9155212922430214,0.9161793372319688,133,20.0,1,2,0.5,1e-05,133,20.0,20,38535,289.7368421052632
successive,2,0.6653530829935335,0.9155212922430214,0.9161793372319688,133,20.0,1,2,0.5,0.0001,133,20.0,20,38535,289.7368421052632
successive,2,0.6630574589944445,0.9155212922430214,0.9161793372319688,133,20.0,1,2,0.5,0.0,133,20.0,20,41147,309.37593984962405
successive,1,0.08087941599660553,0.9153475987754001,0.9161793372319688,50,,1,7,log2,1e-05,50,22.9,29,20328,406.56
successive,1,0.09380733300349675,0.9153475987754001,0.9161793372319688,50,,1,7,log2,0.0,50,23.0,29,21018,420.36
successive,4,0.40393937499902677,0.9153054669643647,0.9161793372319688,300,16.0,1,7,log2,0.0001,300,15.993333333333334,16,108070,360.23333333333335
successive,4,0.40774516700184904,0.9153054669643647,0.9161793372319688,300,16.0,1,7,log2,1e-05,300,15.993333333333334,16,108910,363.03333333333336
successive,4,0.3998352500057081,0.9153054669643647,0.9161793372319688,300,16.0,1,7,log2,0.0,300,15.993333333333334,16,112362,374.54
successive,2,0.22123283399560023,0.9152824962302424,0.9161793372319688,133,,1,2,sqrt,0.001,133,21.827067669172934,32,40913,307.61654135338347
successive,3,0.3774762079992797,0.9152243266108446,0.9161793372319688,217,16.0,1,5,sqrt,0.0001,217,16.0,16,76105,350.7142857142857
successive,3,0.35165145801147446,0.9152243266108446,0.9161793372319688,217,16.0,1,5,sqrt,1e-05,217,16.0,16,76257,351.4147465437788
successive,3,0.33409191700047813,0.9152243266108446,0.9161793372319688,217,16.0,1,5,sqrt,0.0,217,16.0,16,79335,365.5990783410138
successive,4,0.47193654099828564,0.9151414473503824,0.9161793372319688,300,,1,2,sqrt,0.001,300,21.91,32,91784,305.94666666666666
successive,4,0.4570252499979688,0.9150119785015881,0.9161793372319688,300,20.0,1,7,sqrt,0.0001,300,19.81,20,103574,345.24666666666667
successive,4,0.46541787500609644,0.9150119785015881,0.9161793372319688,300,20.0,1,7,sqrt,1e-05,300,19.81,20,104076,346.92
successive,4,0.465483125008177,0.9150119785015881,0.9161793372319688,300,20.0,1,7,sqrt,0.0,300,19.816666666666666,20,107848,359.49333333333334
successive,1,0.26420412500738166,0.9149508856663886,0.9161793372319688,50,,1,5,0.5,0.0001,50,29.62,39,13826,276.52
successive,1,0.2618089999887161,0.9149508856663886,0.9161793372319688,50,,1,5,0.5,1e-05,50,29.64,39,13830,276.6
successive,1,0.2731711669912329,0.9149508856663886,0.9161793372319688,50,,1,5,0.5,0.0,50,29.68,39,14500,290.0
successive,2,0.6765006249916041,0.9149263875312698,0.9161793372319688,133,,1,7,0.5,0.0001,133,29.30827067669173,39,33077,248.69924812030075
successive,2,0.6963906659948407,0.9149263875312698,0.9161793372319688,133,,1,7,0.5,1e-05,133,29.31578947368421,39,33101,248.8796992481203
successive,2,0.6641426249989308,0.9149263875312698,0.9161793372319688,133,,1,7,0.5,0.0,133,29.360902255639097,39,34649,260.5187969924812
successive,3,0.3467618750000838,0.9148933433078166,0.9161793372319688,217,12.0,1,2,sqrt,0.0001,217,12.0,12,69975,322.46543778801845
successive,3,0.3656780000019353,0.9148933433078166,0.9161793372319688,217,12.0,1,2,sqrt,1e-05,217,12.0,12,70045,322.78801843317973
successive,3,0.3312409999925876,0.9148933433078166,0.9161793372319688,217,12.0,1,2,sqrt,0.0,217,12.0,12,73923,340.6589861751152
successive,4,0.5054253749985946,0.9148818060319125,0.9161793372319688,300,,1,7,sqrt,0.0001,300,23.67,38,107314,357.7133333333333
successive,4,0.46354212499863934,0.9148818060319125,0.9161793372319688,300,,1,7,sqrt,1e-05,300,23.686666666666667,38,107838,359.46
successive,4,0.44374375000188593,0.9148818060319125,0.9161793372319688,300,,1,7,sqrt,0.0,300,23.72,38,111668,372.2266666666667
successive,3,0.35026391700375825,0.914855041322325,0.9161793372319688,217,20.0,1,10,sqrt,0.0001,217,19.682027649769584,20,64851,298.852534562212
successive,1,0.09735208300116938,0.9147654990427353,0.9161793372319688,50,20.0,1,5,sqrt,0.0001,50,19.84,20,19382,387.64
successive,1,0.09592716699989978,0.9147654990427353,0.9161793372319688,50,20.0,1,5,sqrt,1e-05,50,19.86,20,19406,388.12
successive,1,0.0941171669983305,0.9147654990427353,0.9161793372319688,50,20.0,1,5,sqrt,0.0,50,19.86,20,20184,403.68
successive,3,0.35346362501149997,0.9147472625736892,0.9161793372319688,217,20.0,1,2,sqrt,0.001,217,19.5852534562212,20,64423,296.88018433179724
successive,2,0.6695417079899926,0.9146922458656127,0.9161793372319688,133,,1,10,0.5,0.0001,133,28.55639097744361,36,30091,226.24812030075188
successive,2,0.6658911249978701,0.9146922458656127,0.9161793372319688,133,,1,10,0.5,1e-05,133,28.586466165413533,36,30139,226.60902255639098
successive,2,0.6734592910070205,0.9146922458656127,0.9161793372319688,133,,1,10,0.5,0.0,133,28.616541353383457,36,31439,236.38345864661653
successive,3,0.37510383399785496,0.9146656189096858,0.9161793372319688,217,,1,2,sqrt,0.001,217,21.912442396313363,32,66547,306.66820276497697
successive,1,0.09684399999969173,0.9145647810976698,0.9161793372319688,50,,1,5,sqrt,0.0001,50,24.14,32,20340,406.8
successive,1,0.09482354100327939,0.9145647810976698,0.9161793372319688,50,,1,5,sqrt,1e-05,50,24.18,32,20370,407.4
successive,1,0.09783683299610857,0.9145647810976698,0.9161793372319688,50,,1,5,sqrt,0.0,50,24.18,32,21172,423.44
successive,1,0.2682799580070423,0.9141972118423604,0.9142300194931774,50,20.0,1,7,0.5,0.0001,50,19.96,20,10698,213.96
successive,1,0.2654624999995576,0.9141972118423604,0.9142300194931774,50,20.0,1,7,0.5,1e-05,50,19.96,20,10702,214.04
successive,1,0.2691904999956023,0.9141972118423604,0.9142300194931774,50,20.0,1,7,0.5,0.0,50,19.96,20,11252,225.04
successive,4,1.4348833749972982,0.9135506853151285,0.9142300194931774,300,20.0,1,7,0.5,0.0001,300,19.976666666666667,20,64084,213.61333333333334
successive,4,1.4036713340028655,0.9135506853151285,0.9142300194931774,300,20.0,1,7,0.5,1e-05,300,19.976666666666667,20,64130,213.76666666666668
successive,4,1.399432500009425,0.9135506853151285,0.9142300194931774,300,20.0,1,7,0.5,0.0,300,19.976666666666667,20,67260,224.2
successive,2,0.21610779099864885,0.9135252590533294,0.9142300194931774,133,12.0,1,2,sqrt,0.0001,133,12.0,12,43389,326.23308270676694
successive,2,0.2112104999978328,0.9135252590533294,0.9142300194931774,133,12.0,1,2,sqrt,1e-05,133,12.0,12,43429,326.5338345864662
successive,2,0.2010964579967549,0.9135252590533294,0.9142300194931774,133,12.0,1,2,sqrt,0.0,133,12.0,12,45813,344.45864661654133
successive,1,0.0927821670047706,0.9134634422247352,0.9142300194931774,50,20.0,1,7,log2,0.0001,50,19.76,20,19640,392.8
successive,1,0.08319083300011698,0.9134634422247352,0.9142300194931774,50,20.0,1,7,log2,1e-05,50,19.76,20,19790,395.8
successive,1,0.08286854199832305,0.9134634422247352,0.9142300194931774,50,20.0,1,7,log2,0.0,50,19.76,20,20442,408.84
successive,3,0.35129266600415576,0.9134504567988063,0.9142300194931774,217,16.0,1,2,sqrt,0.001,217,15.990783410138249,16,58263,268.4930875576037
successive,4,0.47353345800365787,0.9134389214838331,0.9142300194931774,300,16.0,1,2,sqrt,0.001,300,15.993333333333334,16,80082,266.94
successive,3,1.0510117090016138,0.9134191532615821,0.9142300194931774,217,20.0,1,5,0.5,0.0001,217,20.0,20,50691,233.59907834101384
successive,3,1.040150500004529,0.9134191532615821,0.9142300194931774,217,20.0,1,5,0.5,1e-05,217,20.0,20,50695,233.61751152073734
successive,3,1.0503900839976268,0.9134191532615821,0.9142300194931774,217,20.0,1,5,0.5,0.0,217,20.0,20,53365,245.92165898617512
successive,4,0.4042848750104895,0.9134018676751289,0.9142300194931774,300,20.0,1,2,log2,0.0001,300,19.906666666666666,20,183220,610.7333333333333
successive,4,0.43304774998978246,0.9134018676751289,0.9142300194931774,300,20.0,1,2,log2,1e-05,300,19.906666666666666,20,183274,610.9133333333333
successive,4,0.4015323749918025,0.9134018676751289,0.9142300194931774,300,20.0,1,2,log2,0.0,300,19.913333333333334,20,194566,648.5533333333333
successive,2,0.21883008399163373,0.9133560673878194,0.9142300194931774,133,16.0,1,2,sqrt,0.001,133,15.984962406015038,16,36075,271.2406015037594
successive,1,0.08230549999279901,0.9133086686378327,0.9142300194931774,50,,1,7,log2,0.0001,50,22.88,29,20190,403.8
successive,2,0.6568902500002878,0.9132185039724086,0.9142300194931774,133,20.0,1,7,0.5,0.0001,133,19.94736842105263,20,28539,214.57894736842104
successive,2,0.6513302920066053,0.9132185039724086,0.9142300194931774,133,20.0,1,7,0.5,1e-05,133,19.94736842105263,20,28559,214.72932330827066
successive,2,0.6828962919971673,0.9132185039724086,0.9142300194931774,133,20.0,1,7,0.5,0.0,133,19.94736842105263,20,29981,225.42105263157896
successive,4,0.4107917919900501,0.9131897127805494,0.9142300194931774,300,,1,7,log2,0.0001,300,22.23,31,121466,404.88666666666666
successive,4,0.4077660000039032,0.9131897127805494,0.9142300194931774,300,,1,7,log2,1e-05,300,22.27,31,122528,408.4266666666667
successive,4,0.41151308300322853,0.9131897127805494,0.9142300194931774,300,,1,7,log2,0.0,300,22.31,31,126544,421.81333333333333
successive,1,0.09704012499423698,0.9131383179380556,0.9142300194931774,50,16.0,1,7,sqrt,1e-05,50,16.0,16,15190,303.8
successive,1,0.09396187499805819,0.9131383179380556,0.9142300194931774,50,16.0,1,7,sqrt,0.0,50,16.0,16,15690,313.8
successive,2,0.1888524999958463,0.9131140934883967,0.9142300194931774,133,,1,7,log2,0.0001,133,22.23308270676692,30,54179,407.3609022556391
successive,2,0.1877182919997722,0.9131140934883967,0.9142300194931774,133,,1,7,log2,1e-05,133,22.25563909774436,30,54597,410.50375939849624
successive,2,0.1784251250064699,0.9131140934883967,0.9142300194931774,133,,1,7,log2,0.0,133,22.30827067669173,30,56391,423.9924812030075
successive,2,0.6642232080048416,0.913065135022791,0.9142300194931774,133,20.0,1,10,0.5,0.0001,133,20.0,20,26027,195.69172932330827
successive,2,0.6519186660007108,0.913065135022791,0.9142300194931774,133,20.0,1,10,0.5,1e-05,133,20.0,20,26055,195.90225563909775
successive,2,0.6517012499971315,0.913065135022791,0.9142300194931774,133,20.0,1,10,0.5,0.0,133,20.0,20,27315,205.37593984962405
successive,3,1.063807665996137,0.9130279856124943,0.9142300194931774,217,,1,7,0.5,0.0001,217,29.442396313364057,39,54125,249.42396313364054
successive,3,1.079490457996144,0.9130279856124943,0.9142300194931774,217,,1,7,0.5,1e-05,217,29.46082949308756,39,54175,249.65437788018434
successive,3,1.0578735409944784,0.9130279856124943,0.9142300194931774,217,,1,7,0.5,0.0,217,29.493087557603687,39,56717,261.36866359447004
successive,4,1.435776791011449,0.9130279856124943,0.9142300194931774,300,,1,7,0.5,0.0001,300,29.623333333333335,39,74992,249.97333333333333
successive,4,1.450668208010029,0.9130279856124943,0.9142300194931774,300,,1,7,0.5,1e-05,300,29.64,39,75060,250.2
successive,4,1.4581271250062855,0.9130279856124943,0.9142300194931774,300,,1,7,0.5,0.0,300,29.673333333333332,39,78538,261.79333333333335
successive,3,0.3427772499999264,0.9128169832054999,0.9142300194931774,217,20.0,1,10,sqrt,1e-05,217,19.695852534562214,20,65383,301.3041474654378
successive,3,0.33880295799463056,0.9128169832054999,0.9142300194931774,217,20.0,1,10,sqrt,0.0,217,19.705069124423964,20,67605,311.5437788018433
successive,3,0.4141498329991009,0.9127502137859607,0.9142300194931774,217,20.0,1,7,sqrt,1e-05,217,19.80184331797235,20,75565,348.2258064516129
successive,3,0.3543339589959942,0.9127502137859607,0.9142300194931774,217,20.0,1,7,sqrt,0.0,217,19.806451612903224,20,78301,360.8341013824885
successive,2,0.2117253750038799,0.9127170665519174,0.9142300194931774,133,20.0,1,7,sqrt,0.0001,133,19.81203007518797,20,46115,346.7293233082707
successive,1,0.09501187500427477,0.9126895942700358,0.9142300194931774,50,,1,5,sqrt,0.001,50,21.62,32,14574,291.48
successive,2,0.20789979200344533,0.9126289272617321,0.9142300194931774,133,20.0,1,7,sqrt,1e-05,133,19.81203007518797,20,46353,348.5187969924812
successive,2,0.20411362500453833,0.9126289272617321,0.9142300194931774,133,20.0,1,7,sqrt,0.0,133,19.81203007518797,20,47941,360.45864661654133
successive,4,0.47717549999651965,0.9125974181060295,0.9142300194931774,300,20.0,1,2,sqrt,0.001,300,19.593333333333334,20,88824,296.08
successive,1,0.07861820900870953,0.9122491331157222,0.9122807017543859,50,12.0,1,5,log2,0.0001,50,12.0,12,14638,292.76
successive,1,0.07914729201002046,0.9122491331157222,0.9122807017543859,50,12.0,1,5,log2,1e-05,50,12.0,12,14696,293.92
successive,1,0.07896145799895748,0.9122491331157222,0.9122807017543859,50,12.0,1,5,log2,0.0,50,12.0,12,15166,303.32
successive,1,0.09369637499912642,0.9117010853405066,0.9122807017543859,50,,1,10,sqrt,0.0001,50,23.04,30,15336,306.72
successive,1,0.09740662500553299,0.9117010853405066,0.9122807017543859,50,,1,10,sqrt,1e-05,50,23.08,30,15456,309.12
successive,1,0.09644295800535474,0.9117010853405066,0.9122807017543859,50,,1,10,sqrt,0.0,50,23.12,30,16026,320.52
successive,2,0.21509279099700507,0.9115331792261476,0.9122807017543859,133,,1,10,sqrt,0.0001,133,22.86466165413534,33,40957,307.94736842105266
successive,2,0.2199918330006767,0.9115331792261476,0.9122807017543859,133,,1,10,sqrt,1e-05,133,22.917293233082706,33,41325,310.7142857142857
successive,2,0.21810929199273232,0.9115331792261476,0.9122807017543859,133,,1,10,sqrt,0.0,133,22.977443609022558,33,42799,321.796992481203
successive,2,0.18963379100023303,0.9114746034852247,0.9122807017543859,133,16.0,1,2,log2,0.0001,133,16.0,16,72051,541.7368421052631
successive,2,0.18375124999147374,0.9114746034852247,0.9122807017543859,133,16.0,1,2,log2,1e-05,133,16.0,16,72121,542.2631578947369
successive,2,0.1768028329970548,0.9114746034852247,0.9122807017543859,133,16.0,1,2,log2,0.0,133,16.0,16,76441,574.7443609022556
successive,4,0.41571904098964296,0.9114206052909624,0.9122807017543859,300,20.0,1,7,log2,0.0001,300,19.673333333333332,20,118582,395.2733333333333
successive,4,0.4049933329952182,0.9114206052909624,0.9122807017543859,300,20.0,1,7,log2,1e-05,300,19.683333333333334,20,119620,398.73333333333335
successive,4,0.37986245899810456,0.9114206052909624,0.9122807017543859,300,20.0,1,7,log2,0.0,300,19.69,20,123566,411.88666666666666
successive,3,1.0222567500022706,0.9114167021706067,0.9122807017543859,217,20.0,1,7,0.5,0.0001,217,19.967741935483872,20,46409,213.8663594470046
successive,3,1.0335776669962797,0.9114167021706067,0.9122807017543859,217,20.0,1,7,0.5,1e-05,217,19.967741935483872,20,46443,214.02304147465438
successive,3,1.0462247090035817,0.9114167021706067,0.9122807017543859,217,20.0,1,7,0.5,0.0,217,19.967741935483872,20,48769,224.74193548387098
successive,2,0.1874683749920223,0.9114132410872943,0.9122807017543859,133,20.0,1,7,log2,0.0001,133,19.646616541353385,20,52877,397.57142857142856
successive,2,0.19804158300394192,0.9114132410872943,0.9122807017543859,133,20.0,1,7,log2,1e-05,133,19.646616541353385,20,53311,400.83458646616543
successive,2,0.1745038749941159,0.9114132410872943,0.9122807017543859,133,20.0,1,7,log2,0.0,133,19.646616541353385,20,55059,413.97744360902254
successive,4,1.4122090000018943,0.9113784654820147,0.9122807017543859,300,20.0,1,5,0.5,0.0001,300,20.0,20,69990,233.3
successive,4,1.4121295000077225,0.9113784654820147,0.9122807017543859,300,20.0,1,5,0.5,1e-05,300,20.0,20,70002,233.34
successive,4,1.4559093749994645,0.9113784654820147,0.9122807017543859,300,20.0,1,5,0.5,0.0,300,20.0,20,73688,245.62666666666667
successive,3,0.30026129199541174,0.911331172678272,0.9122807017543859,217,16.0,1,7,log2,0.0001,217,15.990783410138249,16,78507,361.7834101382488
successive,3,0.2890148330043303,0.911331172678272,0.9122807017543859,217,16.0,1,7,log2,1e-05,217,15.990783410138249,16,79105,364.53917050691246
successive,3,0.29475229200033937,0.911331172678272,0.9122807017543859,217,16.0,1,7,log2,0.0,217,15.990783410138249,16,81557,375.83870967741933
successive,1,0.09342275001108646,0.9112129682771951,0.9122807017543859,50,,1,2,log2,1e-05,50,24.48,31,31512,630.24
successive,1,0.08284750000166241,0.9112129682771951,0.9122807017543859,50,,1,2,log2,0.0001,50,24.48,31,31512,630.24
successive,1,0.08270545900450088,0.9112129682771951,0.9122807017543859,50,,1,2,log2,0.0,50,24.54,31,33528,670.56
successive,1,0.09430791699560359,0.9111528246276013,0.9122807017543859,50,16.0,1,7,sqrt,0.0001,50,16.0,16,15100,302.0
successive,3,0.3451973750052275,0.9110566280302198,0.9122807017543859,217,16.0,1,10,sqrt,0.0001,217,15.990783410138249,16,59467,274.0414746543779
successive,3,0.3438667919981526,0.9110566280302198,0.9122807017543859,217,16.0,1,10,sqrt,1e-05,217,15.995391705069125,16,59923,276.14285714285717
successive,3,0.3415911670017522,0.9110566280302198,0.9122807017543859,217,16.0,1,10,sqrt,0.0,217,15.995391705069125,16,61999,285.7096774193548
successive,3,0.3499682080000639,0.9109145475222784,0.9122807017543859,217,20.0,1,5,sqrt,0.001,217,19.502304147465438,20,62229,286.7695852534562
successive,3,0.3130103329895064,0.9108775421824004,0.9122807017543859,217,16.0,1,2,log2,0.0001,217,16.0,16,117783,542.778801843318
successive,3,0.30989908300398383,0.9108775421824004,0.9122807017543859,217,16.0,1,2,log2,1e-05,217,16.0,16,117893,543.2857142857143
successive,3,0.30266983300680295,0.9108775421824004,0.9122807017543859,217,16.0,1,2,log2,0.0,217,16.0,16,125019,576.1244239631336
successive,1,0.1067181249964051,0.910864080875332,0.9122807017543859,50,,1,7,sqrt,0.0001,50,23.98,32,17756,355.12
successive,1,0.0955836659995839,0.910864080875332,0.9122807017543859,50,,1,7,sqrt,1e-05,50,24.0,32,17846,356.92
successive,1,0.09806920799019281,0.910864080875332,0.9122807017543859,50,,1,7,sqrt,0.0,50,24.02,32,18432,368.64
successive,1,0.10848324999096803,0.9108249025131819,0.9122807017543859,50,16.0,1,10,sqrt,0.0001,50,16.0,16,13432,268.64
successive,1,0.09712241700617597,0.9108249025131819,0.9122807017543859,50,16.0,1,10,sqrt,1e-05,50,16.0,16,13534,270.68
successive,1,0.09547124999517109,0.9108249025131819,0.9122807017543859,50,16.0,1,10,sqrt,0.0,50,16.0,16,14038,280.76
successive,4,0.46396387500863057,0.910772164808597,0.9122807017543859,300,16.0,1,7,sqrt,0.0001,300,16.0,16,93150,310.5
successive,4,0.47404720800113864,0.910772164808597,0.9122807017543859,300,16.0,1,7,sqrt,1e-05,300,16.0,16,93624,312.08
successive,4,0.46490095800254494,0.910772164808597,0.9122807017543859,300,16.0,1,7,sqrt,0.0,300,16.0,16,96960,323.2
successive,3,0.45787479101272766,0.9106944068269279,0.9122807017543859,217,20.0,1,7,sqrt,0.0001,217,19.80184331797235,20,75211,346.59447004608296
successive,3,0.34527470800094306,0.9106839190551186,0.9122807017543859,217,16.0,1,7,sqrt,0.0001,217,16.0,16,67755,312.2350230414747
successive,3,0.35506708300090395,0.9106839190551186,0.9122807017543859,217,16.0,1,7,sqrt,1e-05,217,16.0,16,68105,313.8479262672811
successive,3,0.35253554199880455,0.9106839190551186,0.9122807017543859,217,16.0,1,7,sqrt,0.0,217,16.0,16,70545,325.0921658986175
successive,4,1.4336525410035392,0.9106686688260869,0.9122807017543859,300,,1,7,0.5,0.001,300,27.30666666666667,37,60388,201.29333333333332
successive,2,0.21419712499482557,0.910468154427759,0.9122807017543859,133,16.0,1,7,sqrt,0.0001,133,16.0,16,41449,311.6466165413534
successive,2,0.2062151249992894,0.910468154427759,0.9122807017543859,133,16.0,1,7,sqrt,1e-05,133,16.0,16,41671,313.3157894736842
successive,2,0.2099974589946214,0.910468154427759,0.9122807017543859,133,16.0,1,7,sqrt,0.0,133,16.0,16,43107,324.1127819548872
successive,1,0.2644337920064572,0.9099048470624922,0.9103313840155945,50,20.0,1,10,0.5,0.0001,50,20.0,20,9862,197.24
successive,1,0.2729195410065586,0.9099048470624922,0.9103313840155945,50,20.0,1,10,0.5,1e-05,50,20.0,20,9874,197.48
successive,1,0.26548416599689517,0.9099048470624922,0.9103313840155945,50,20.0,1,10,0.5,0.0,50,20.0,20,10336,206.72
successive,4,0.4517565839923918,0.9094845608252983,0.9103313840155945,300,12.0,1,5,sqrt,0.0001,300,12.0,12,77668,258.8933333333333
successive,4,0.47455120900121983,0.9094845608252983,0.9103313840155945,300,12.0,1,5,sqrt,1e-05,300,12.0,12,77832,259.44
successive,4,0.44781495799543336,0.9094845608252983,0.9103313840155945,300,12.0,1,5,sqrt,0.0,300,12.0,12,80686,268.9533333333333
successive,3,1.0478707080037566,0.909445129922155,0.9103313840155945,217,20.0,1,10,0.5,0.0001,217,20.0,20,42783,197.15668202764977
successive,3,1.3541575420094887,0.909445129922155,0.9103313840155945,217,20.0,1,10,0.5,1e-05,217,20.0,20,42825,197.35023041474653
successive,3,1.2130592909961706,0.909445129922155,0.9103313840155945,217,20.0,1,10,0.5,0.0,217,20.0,20,44861,206.73271889400922
successive,1,0.2754177500028163,0.9093051010630103,0.9103313840155945,50,,1,10,0.5,0.0001,50,28.48,36,11330,226.6
successive,1,0.2682621249987278,0.9093051010630103,0.9103313840155945,50,,1,10,0.5,1e-05,50,28.52,36,11350,227.0
successive,1,0.27391391700075474,0.9093051010630103,0.9103313840155945,50,,1,10,0.5,0.0,50,28.54,36,11828,236.56
successive,1,0.09254283299378585,0.9092364190265273,0.9103313840155945,50,16.0,1,2,log2,0.0001,50,16.0,16,26368,527.36
successive,1,0.09057820799353067,0.9092364190265273,0.9103313840155945,50,16.0,1,2,log2,1e-05,50,16.0,16,26400,528.0
successive,1,0.08358299999963492,0.9092364190265273,0.9103313840155945,50,16.0,1,2,log2,0.0,50,16.0,16,27946,558.92
successive,4,0.467274875001749,0.9091947331130652,0.9103313840155945,300,20.0,1,10,sqrt,0.0001,300,19.713333333333335,20,89756,299.18666666666667
successive,4,0.46908845800498966,0.9091947331130652,0.9103313840155945,300,20.0,1,10,sqrt,1e-05,300,19.723333333333333,20,90462,301.54
successive,4,0.4552717079932336,0.9091947331130652,0.9103313840155945,300,20.0,1,10,sqrt,0.0,300,19.73,20,93490,311.6333333333333
successive,3,1.0668080409959657,0.909165147179381,0.9103313840155945,217,,1,10,0.5,0.0001,217,28.557603686635943,40,49297,227.17511520737327
successive,3,1.0398914170073112,0.909165147179381,0.9103313840155945,217,,1,10,0.5,1e-05,217,28.59447004608295,40,49381,227.56221198156683
successive,3,1.0759842499974184,0.909165147179381,0.9103313840155945,217,,1,10,0.5,0.0,217,28.63594470046083,40,51497,237.31336405529953
successive,3,0.350855666998541,0.9091290957567499,0.9103313840155945,217,,1,10,sqrt,0.0001,217,22.8110599078341,33,66865,308.1336405529954
successive,3,0.3464304999943124,0.9091290957567499,0.9103313840155945,217,,1,10,sqrt,1e-05,217,22.861751152073733,33,67413,310.6589861751152
successive,3,0.3477070829976583,0.9091290957567499,0.9103313840155945,217,,1,10,sqrt,0.0,217,22.91705069124424,33,69733,321.35023041474653
successive,4,0.3944255829992471,0.9090363472040954,0.9103313840155945,300,16.0,1,5,log2,0.0001,300,16.0,16,122138,407.12666666666667
successive,4,0.40613904199562967,0.9090363472040954,0.9103313840155945,300,16.0,1,5,log2,1e-05,300,16.0,16,122660,408.8666666666667
successive,4,0.3942478340031812,0.9090363472040954,0.9103313840155945,300,16.0,1,5,log2,0.0,300,16.0,16,127188,423.96
successive,2,0.6273454159963876,0.9089756156717527,0.9083820662768031,133,16.0,1,2,0.5,0.0001,133,16.0,16,30507,229.37593984962405
successive,2,0.6176403749996098,0.9089756156717527,0.9083820662768031,133,16.0,1,2,0.5,1e-05,133,16.0,16,30509,229.39097744360902
successive,2,0.6278519580082502,0.9089756156717527,0.9083820662768031,133,16.0,1,2,0.5,0.0,133,16.0,16,32649,245.4812030075188
successive,3,0.34748712500731926,0.9089044208328906,0.9103313840155945,217,,1,7,sqrt,0.0001,217,23.483870967741936,34,77725,358.17972350230417
successive,3,0.35462204199575353,0.9089044208328906,0.9103313840155945,217,,1,7,sqrt,1e-05,217,23.497695852534562,34,78085,359.83870967741933
successive,3,0.3472451249981532,0.9089044208328906,0.9103313840155945,217,,1,7,sqrt,0.0,217,23.525345622119815,34,80847,372.5668202764977
successive,1,0.09499662500456907,0.9087150879181942,0.9103313840155945,50,20.0,1,5,sqrt,0.001,50,19.42,20,14246,284.92
successive,2,0.20990562500082888,0.9086730229379792,0.9103313840155945,133,20.0,1,5,sqrt,0.001,133,19.55639097744361,20,38159,286.90977443609023
successive,2,0.21535420800501015,0.9086249429473591,0.9103313840155945,133,,1,5,sqrt,0.001,133,21.56390977443609,32,39137,294.2631578947368
successive,3,0.34911270800512284,0.90861156921012,0.9103313840155945,217,,1,5,sqrt,0.001,217,21.870967741935484,32,64035,295.0921658986175
successive,4,1.4645311670028605,0.9083523416453558,0.9103313840155945,300,,1,2,0.5,0.001,300,27.456666666666667,37,66902,223.00666666666666
successive,3,0.9986000420030905,0.9080570645229674,0.9083820662768031,217,16.0,1,2,0.5,0.0001,217,16.0,16,50187,231.27649769585253
successive,3,1.0038062499952503,0.9080570645229674,0.9083820662768031,217,16.0,1,2,0.5,1e-05,217,16.0,16,50191,231.29493087557603
successive,3,1.009207625000272,0.9080570645229674,0.9083820662768031,217,16.0,1,2,0.5,0.0,217,16.0,16,53805,247.94930875576037
successive,2,0.19260241599113215,0.907388187973597,0.9083820662768031,133,16.0,1,7,log2,0.0001,133,15.992481203007518,16,48201,362.4135338345865
successive,2,0.19083633300033398,0.907388187973597,0.9083820662768031,133,16.0,1,7,log2,1e-05,133,15.992481203007518,16,48575,365.22556390977445
successive,2,0.17291954199026804,0.907388187973597,0.9083820662768031,133,16.0,1,7,log2,0.0,133,15.992481203007518,16,50073,376.4887218045113
successive,4,0.4675087499927031,0.9073870833550265,0.9083820662768031,300,,1,10,sqrt,0.0001,300,22.71,33,92458,308.1933333333333
successive,4,0.4730366250005318,0.9073870833550265,0.9083820662768031,300,,1,10,sqrt,1e-05,300,22.746666666666666,33,93196,310.6533333333333
successive,4,0.46873662500001956,0.9073870833550265,0.9083820662768031,300,,1,10,sqrt,0.0,300,22.793333333333333,33,96320,321.06666666666666
successive,4,1.407132874999661,0.9073324401880531,0.9083820662768031,300,20.0,1,10,0.5,0.0001,300,19.983333333333334,20,59306,197.68666666666667
successive,4,1.4073377909953706,0.9073324401880531,0.9083820662768031,300,20.0,1,10,0.5,1e-05,300,19.983333333333334,20,59358,197.86
successive,4,1.4126069170015398,0.9073324401880531,0.9083820662768031,300,20.0,1,10,0.5,0.0,300,19.983333333333334,20,62154,207.18
successive,3,0.31376654100313317,0.907262795182448,0.9083820662768031,217,,1,7,log2,0.0001,217,22.16589861751152,30,88351,407.147465437788
successive,3,0.30779516699840315,0.907262795182448,0.9083820662768031,217,,1,7,log2,1e-05,217,22.202764976958527,30,89095,410.57603686635946
successive,3,0.305629875001614,0.907262795182448,0.9083820662768031,217,,1,7,log2,0.0,217,22.253456221198157,30,91983,423.8847926267281
successive,3,0.3485978340031579,0.9072467361622187,0.9083820662768031,217,16.0,1,5,sqrt,0.001,217,15.981566820276498,16,56777,261.64516129032256
successive,2,0.19087129100807942,0.9072048350115981,0.9083820662768031,133,20.0,1,5,log2,0.0001,133,19.902255639097746,20,60515,455.0
successive,2,0.19437299999117386,0.9072048350115981,0.9083820662768031,133,20.0,1,5,log2,1e-05,133,19.902255639097746,20,60755,456.8045112781955
successive,2,0.1812214160017902,0.9072048350115981,0.9083820662768031,133,20.0,1,5,log2,0.0,133,19.902255639097746,20,63141,474.74436090225566
successive,4,0.4656383330002427,0.9071243219116025,0.9083820662768031,300,16.0,1,10,sqrt,0.0001,300,15.993333333333334,16,81980,273.26666666666665
successive,4,0.46256112500850577,0.9071243219116025,0.9083820662768031,300,16.0,1,10,sqrt,1e-05,300,15.996666666666666,16,82592,275.3066666666667
successive,4,0.45483183399483096,0.9071243219116025,0.9083820662768031,300,16.0,1,10,sqrt,0.0,300,15.996666666666666,16,85352,284.50666666666666
successive,3,0.29778383299708366,0.9071194281820213,0.9083820662768031,217,20.0,1,7,log2,0.0001,217,19.640552995391705,20,86253,397.47926267281105
successive,3,0.3104646659921855,0.9071194281820213,0.9083820662768031,217,20.0,1,7,log2,1e-05,217,19.64516129032258,20,87003,400.93548387096774
successive,3,0.30793837500095833,0.9071194281820213,0.9083820662768031,217,20.0,1,7,log2,0.0,217,19.649769585253456,20,89845,414.03225806451616
successive,1,0.09276262499042787,0.9070211905663046,0.9083820662768031,50,12.0,1,5,sqrt,0.0001,50,12.0,12,12124,242.48
successive,1,0.09697170800063759,0.9070211905663046,0.9083820662768031,50,12.0,1,5,sqrt,1e-05,50,12.0,12,12156,243.12
successive,1,0.09431866700469982,0.9070211905663046,0.9083820662768031,50,12.0,1,5,sqrt,0.0,50,12.0,12,12610,252.2
successive,1,0.09121212500031106,0.9070066359941955,0.9083820662768031,50,16.0,1,7,log2,0.0001,50,16.0,16,17806,356.12
successive,1,0.08113541599595919,0.9070066359941955,0.9083820662768031,50,16.0,1,7,log2,1e-05,50,16.0,16,17934,358.68
successive,1,0.08371358300792053,0.9070066359941955,0.9083820662768031,50,16.0,1,7,log2,0.0,50,16.0,16,18488,369.76
successive,4,1.436451624991605,0.9069969735181791,0.9083820662768031,300,,1,10,0.5,0.0001,300,28.64,40,68248,227.49333333333334
successive,4,1.4479022909945343,0.9069969735181791,0.9083820662768031,300,,1,10,0.5,1e-05,300,28.673333333333332,40,68352,227.84
successive,4,1.4277359580009943,0.9069969735181791,0.9083820662768031,300,,1,10,0.5,0.0,300,28.71,40,71270,237.56666666666666
successive,1,0.09643062499526422,0.9068395140992276,0.9083820662768031,50,12.0,1,2,sqrt,0.001,50,12.0,12,10200,204.0
successive,4,0.4703452919929987,0.9066540657281396,0.9083820662768031,300,,1,5,sqrt,0.001,300,21.88,32,88576,295.25333333333333
successive,4,0.40630729201075155,0.906586241314105,0.9083820662768031,300,12.0,1,2,log2,0.0001,300,12.0,12,117356,391.18666666666667
successive,4,0.3958202500070911,0.906586241314105,0.9083820662768031,300,12.0,1,2,log2,1e-05,300,12.0,12,117548,391.82666666666665
successive,4,0.3777579580055317,0.906586241314105,0.9083820662768031,300,12.0,1,2,log2,0.0,300,12.0,12,123732,412.44
successive,2,0.6113265000021784,0.9065273026399971,0.9064327485380117,133,16.0,1,10,0.5,0.0001,133,16.0,16,21401,160.90977443609023
successive,2,0.6185600839962717,0.9065273026399971,0.9064327485380117,133,16.0,1,10,0.5,1e-05,133,16.0,16,21419,161.04511278195488
successive,2,0.6201415830000769,0.9065273026399971,0.9064327485380117,133,16.0,1,10,0.5,0.0,133,16.0,16,22481,169.0300751879699
successive,1,0.2766085409966763,0.9065073367292407,0.9083820662768031,50,,1,2,0.5,0.001,50,27.72,34,11166,223.32
successive,1,0.09672116600268055,0.9064368837421772,0.9083820662768031,50,,1,2,sqrt,0.001,50,21.58,29,15098,301.96
successive,1,0.09648349999042694,0.9063846238521184,0.9083820662768031,50,16.0,1,10,sqrt,0.001,50,15.98,16,10914,218.28
successive,3,1.0004197500093142,0.9059684659131583,0.9064327485380117,217,16.0,1,7,0.5,0.0001,217,16.0,16,38057,175.3778801843318
successive,3,1.0019667919987114,0.9059684659131583,0.9064327485380117,217,16.0,1,7,0.5,1e-05,217,16.0,16,38075,175.46082949308754
successive,3,0.9986925419943873,0.9059684659131583,0.9064327485380117,217,16.0,1,7,0.5,0.0,217,16.0,16,40039,184.5115207373272
successive,2,0.6581819589919178,0.9058019109284168,0.9083820662768031,133,,1,10,0.5,0.001,133,26.849624060150376,35,24577,184.78947368421052
successive,2,0.1769064160034759,0.9056707181685003,0.9064327485380117,133,12.0,1,5,log2,0.0001,133,12.0,12,39865,299.7368421052632
successive,2,0.17687662500247825,0.9056707181685003,0.9064327485380117,133,12.0,1,5,log2,1e-05,133,12.0,12,40011,300.83458646616543
successive,2,0.17213095899205655,0.9056707181685003,0.9064327485380117,133,12.0,1,5,log2,0.0,133,12.0,12,41303,310.54887218045116
successive,1,0.08486304199323058,0.9056012876785666,0.9064327485380117,50,16.0,1,5,log2,0.0001,50,16.0,16,20024,400.48
successive,1,0.09255024998856243,0.9056012876785666,0.9064327485380117,50,16.0,1,5,log2,1e-05,50,16.0,16,20124,402.48
successive,1,0.08205341700522695,0.9056012876785666,0.9064327485380117,50,16.0,1,5,log2,0.0,50,16.0,16,20862,417.24
successive,3,0.371808666997822,0.905585795601046,0.9064327485380117,217,12.0,1,5,sqrt,0.0001,217,12.0,12,56611,260.88018433179724
successive,3,0.33541729098942596,0.905585795601046,0.9064327485380117,217,12.0,1,5,sqrt,1e-05,217,12.0,12,56743,261.4884792626728
successive,3,0.33844891701301094,0.905585795601046,0.9064327485380117,217,12.0,1,5,sqrt,0.0,217,12.0,12,58831,271.110599078341
successive,2,0.2161319589940831,0.905554857119478,0.9064327485380117,133,20.0,1,10,sqrt,0.0001,133,19.669172932330827,20,39725,298.6842105263158
successive,2,0.21496929199201986,0.905554857119478,0.9064327485380117,133,20.0,1,10,sqrt,1e-05,133,19.69172932330827,20,40083,301.37593984962405
successive,2,0.21139150000817608,0.905554857119478,0.9064327485380117,133,20.0,1,10,sqrt,0.0,133,19.706766917293233,20,41489,311.94736842105266
successive,2,0.21657329199661035,0.9054390323091707,0.9064327485380117,133,16.0,1,10,sqrt,0.0001,133,15.984962406015038,16,36589,275.10526315789474
successive,2,0.21395325000048615,0.9054390323091707,0.9064327485380117,133,16.0,1,10,sqrt,1e-05,133,15.992481203007518,16,36901,277.45112781954884
successive,2,0.2146611659991322,0.9054390323091707,0.9064327485380117,133,16.0,1,10,sqrt,0.0,133,15.992481203007518,16,38195,287.18045112781954
successive,1,0.09308129199780524,0.9053787309131169,0.9064327485380117,50,20.0,1,7,log2,0.001,50,19.28,20,14690,293.8
successive,4,0.48225375000038184,0.9052337874317069,0.9064327485380117,300,16.0,1,5,sqrt,0.001,300,15.986666666666666,16,78434,261.44666666666666
successive,2,0.6763095000060275,0.9051969116630517,0.9064327485380117,133,,1,5,0.5,0.0001,133,29.729323308270676,40,36743,276.2631578947368
successive,2,0.6730277500028023,0.9051969116630517,0.9064327485380117,133,,1,5,0.5,1e-05,133,29.75187969924812,40,36753,276.3383458646617
successive,2,0.6696902499970747,0.9051969116630517,0.9064327485380117,133,,1,5,0.5,0.0,133,29.804511278195488,40,38531,289.70676691729324
successive,1,0.09638566599460319,0.9050390982170003,0.9064327485380117,50,20.0,1,10,sqrt,0.0001,50,19.72,20,14798,295.96
successive,1,0.09333625000726897,0.9050390982170003,0.9064327485380117,50,20.0,1,10,sqrt,1e-05,50,19.74,20,14920,298.4
successive,1,0.09806525000021793,0.9050390982170003,0.9064327485380117,50,20.0,1,10,sqrt,0.0,50,19.74,20,15452,309.04
successive,2,0.21685091599647421,0.9050343601133037,0.9064327485380117,133,16.0,1,5,sqrt,0.001,133,15.977443609022556,16,34797,261.63157894736844
successive,1,0.0964795409963699,0.9050316953224428,0.9064327485380117,50,16.0,1,5,sqrt,0.001,50,15.98,16,12686,253.72
successive,3,0.34232054199674167,0.9050228075696058,0.9064327485380117,217,20.0,1,5,log2,0.0001,217,19.861751152073733,20,98101,452.0783410138249
successive,3,0.331760959001258,0.9050228075696058,0.9064327485380117,217,20.0,1,5,log2,1e-05,217,19.86635944700461,20,98483,453.83870967741933
successive,3,0.30087183399882633,0.9050228075696058,0.9064327485380117,217,20.0,1,5,log2,0.0,217,19.870967741935484,20,102291,471.38709677419354
successive,1,0.09576283401111141,0.9049751025947139,0.9064327485380117,50,20.0,1,2,sqrt,0.001,50,19.48,20,14700,294.0
successive,4,0.44065433299692813,0.9049678872284166,0.9064327485380117,300,12.0,1,2,sqrt,0.001,300,12.0,12,61806,206.02
successive,4,0.5013623339909827,0.9049452790793444,0.9064327485380117,300,20.0,1,5,sqrt,0.001,300,19.543333333333333,20,86058,286.86
successive,3,0.3577947079902515,0.9048872284282405,0.9064327485380117,217,20.0,1,10,sqrt,0.001,217,19.31336405529954,20,52049,239.85714285714286
successive,1,0.09682150000298861,0.9046549266315776,0.9064327485380117,50,20.0,1,7,sqrt,0.001,50,19.62,20,13214,264.28
successive,4,1.445864832989173,0.904485726072996,0.9064327485380117,300,,1,10,0.5,0.001,300,26.973333333333333,38,55696,185.65333333333334
successive,2,0.6677725409972481,0.9044642402771069,0.9064327485380117,133,,1,2,0.5,0.001,133,27.736842105263158,36,29769,223.82706766917292
successive,3,0.3013759159948677,0.9043731433458392,0.9064327485380117,217,12.0,1,2,log2,0.0001,217,12.0,12,84633,390.01382488479265
successive,3,0.29335404200537596,0.9043731433458392,0.9064327485380117,217,12.0,1,2,log2,1e-05,217,12.0,12,84771,390.64976958525347
successive,3,0.3068074170005275,0.9043731433458392,0.9064327485380117,217,12.0,1,2,log2,0.0,217,12.0,12,89215,411.1290322580645
successive,3,1.0236208749993239,0.9042427227976334,0.9044834307992202,217,16.0,1,10,0.5,0.0001,217,16.0,16,35351,162.9078341013825
successive,3,1.0090894170134561,0.9042427227976334,0.9044834307992202,217,16.0,1,10,0.5,1e-05,217,16.0,16,35379,163.036866359447
successive,3,0.9926586660003522,0.9042427227976334,0.9044834307992202,217,16.0,1,10,0.5,0.0,217,16.0,16,37121,171.06451612903226
successive,4,1.4394659579993458,0.9041585195097224,0.9064327485380117,300,,1,5,0.5,0.001,300,27.31,38,64428,214.76
successive,4,1.3564773749967571,0.9036793915246039,0.9044834307992202,300,16.0,1,2,0.5,0.0001,300,16.0,16,69304,231.01333333333332
successive,4,1.3595707089989446,0.9036793915246039,0.9044834307992202,300,16.0,1,2,0.5,1e-05,300,16.0,16,69308,231.02666666666667
successive,4,1.3578574590064818,0.9036793915246039,0.9044834307992202,300,16.0,1,2,0.5,0.0,300,16.0,16,74330,247.76666666666668
successive,1,0.083236249993206,0.9036023380908844,0.9044834307992202,50,20.0,1,5,log2,0.0001,50,19.9,20,22546,450.92
successive,1,0.08347991699702106,0.9036023380908844,0.9044834307992202,50,20.0,1,5,log2,1e-05,50,19.9,20,22644,452.88
successive,1,0.080633667006623,0.9036023380908844,0.9044834307992202,50,20.0,1,5,log2,0.0,50,19.9,20,23514,470.28
successive,2,0.6612412079994101,0.9035087617667041,0.9044834307992202,133,20.0,1,5,0.5,0.0001,133,20.0,20,31051,233.46616541353384
successive,2,0.6692539170035161,0.9035087617667041,0.9044834307992202,133,20.0,1,5,0.5,1e-05,133,20.0,20,31053,233.4812030075188
successive,2,0.6554303330049152,0.9035087617667041,0.9044834307992202,133,20.0,1,5,0.5,0.0,133,20.0,20,32677,245.69172932330827
successive,1,0.25707074999809265,0.9034907581823017,0.9025341130604289,50,16.0,1,2,0.5,1e-05,50,16.0,16,11592,231.84
successive,1,0.26707049999095034,0.9034907581823017,0.9025341130604289,50,16.0,1,2,0.5,0.0001,50,16.0,16,11592,231.84
successive,1,0.25285258299845736,0.9034907581823017,0.9025341130604289,50,16.0,1,2,0.5,0.0,50,16.0,16,12394,247.88
successive,3,0.308637957990868,0.9033928516646612,0.9044834307992202,217,,1,5,log2,1e-05,217,23.350230414746544,34,101723,468.7695852534562
successive,3,0.2972480419994099,0.9033928516646612,0.9044834307992202,217,,1,5,log2,0.0,217,23.387096774193548,34,105703,487.110599078341
successive,1,0.2763442080031382,0.9032015172329729,0.9044834307992202,50,20.0,1,2,0.5,0.001,50,20.0,20,9672,193.44
successive,1,0.09241545799886808,0.9031993881579594,0.9044834307992202,50,20.0,4,2,sqrt,0.0001,50,19.68,20,14432,288.64
successive,1,0.09678708299179561,0.9031993881579594,0.9044834307992202,50,20.0,4,5,sqrt,0.0001,50,19.68,20,14432,288.64
successive,1,0.09333454199077096,0.9031993881579594,0.9044834307992202,50,20.0,4,7,sqrt,0.0001,50,19.68,20,14432,288.64
successive,1,0.09885295800631866,0.9031993881579594,0.9044834307992202,50,20.0,4,2,sqrt,1e-05,50,19.72,20,14688,293.76
successive,1,0.0950819580029929,0.9031993881579594,0.9044834307992202,50,20.0,4,5,sqrt,1e-05,50,19.72,20,14688,293.76
successive,1,0.09923791600158438,0.9031993881579594,0.9044834307992202,50,20.0,4,7,sqrt,1e-05,50,19.72,20,14688,293.76
successive,1,0.09618920800858177,0.9031993881579594,0.9044834307992202,50,20.0,4,2,sqrt,0.0,50,19.74,20,15302,306.04
successive,1,0.09925945800205227,0.9031993881579594,0.9044834307992202,50,20.0,4,5,sqrt,0.0,50,19.74,20,15302,306.04
successive,1,0.09867979100090452,0.9031993881579594,0.9044834307992202,50,20.0,4,7,sqrt,0.0,50,19.74,20,15302,306.04
successive,2,0.1842271250061458,0.9031827043249733,0.9044834307992202,133,16.0,1,2,log2,0.001,133,15.954887218045112,16,41351,310.90977443609023
successive,3,0.32084208299056627,0.9031809470079544,0.9044834307992202,217,16.0,1,5,log2,0.0001,217,16.0,16,88169,406.3087557603687
successive,3,0.31479729199782014,0.9031809470079544,0.9044834307992202,217,16.0,1,5,log2,1e-05,217,16.0,16,88555,408.08755760368666
successive,3,0.30083775000821333,0.9031809470079544,0.9044834307992202,217,16.0,1,5,log2,0.0,217,16.0,16,91843,423.2396313364055
successive,3,0.3490910420077853,0.9031753228136797,0.9044834307992202,217,,1,10,sqrt,0.001,217,21.285714285714285,33,53287,245.56221198156683
successive,1,0.09452854200208094,0.903138891138646,0.9044834307992202,50,20.0,1,7,sqrt,0.0001,50,19.92,20,17042,340.84
successive,1,0.09653183398768306,0.903138891138646,0.9044834307992202,50,20.0,1,7,sqrt,1e-05,50,19.92,20,17132,342.64
successive,1,0.0941967079997994,0.903138891138646,0.9044834307992202,50,20.0,1,7,sqrt,0.0,50,19.92,20,17720,354.4
successive,1,0.09242404099495616,0.9031061981915223,0.9044834307992202,50,,4,2,sqrt,0.0001,50,21.7,27,14836,296.72
successive,1,0.09437399999296758,0.9031061981915223,0.9044834307992202,50,,4,5,sqrt,0.0001,50,21.7,27,14836,296.72
successive,1,0.09682637499645352,0.9031061981915223,0.9044834307992202,50,,4,7,sqrt,0.0001,50,21.7,27,14836,296.72
successive,1,0.09211333301209379,0.9031061981915223,0.9044834307992202,50,,4,2,sqrt,1e-05,50,21.8,27,15116,302.32
successive,1,0.0968588340037968,0.9031061981915223,0.9044834307992202,50,,4,5,sqrt,1e-05,50,21.8,27,15116,302.32
successive,1,0.08948499998950865,0.9031061981915223,0.9044834307992202,50,,4,7,sqrt,1e-05,50,21.8,27,15116,302.32
successive,1,0.09598804199777078,0.9031061981915223,0.9044834307992202,50,,4,2,sqrt,0.0,50,21.86,27,15730,314.6
successive,1,0.08883308300573844,0.9031061981915223,0.9044834307992202,50,,4,5,sqrt,0.0,50,21.86,27,15730,314.6
successive,1,0.0927793339942582,0.9031061981915223,0.9044834307992202,50,,4,7,sqrt,0.0,50,21.86,27,15730,314.6
successive,2,0.18884087500919122,0.9030847353019085,0.9044834307992202,133,16.0,1,10,log2,0.0001,133,15.992481203007518,16,42035,316.05263157894734
successive,2,0.18447070800175425,0.9030847353019085,0.9044834307992202,133,16.0,1,10,log2,1e-05,133,15.992481203007518,16,42525,319.7368421052632
successive,2,0.1784967499988852,0.9030847353019085,0.9044834307992202,133,16.0,1,10,log2,0.0,133,15.992481203007518,16,43705,328.609022556391
successive,3,0.3355452089890605,0.903060935942155,0.9044834307992202,217,12.0,1,2,sqrt,0.001,217,12.0,12,45129,207.96774193548387
successive,4,1.396753582987003,0.9030523420959843,0.9044834307992202,300,20.0,1,10,0.5,0.001,300,19.97,20,49124,163.74666666666667
successive,2,0.19382825000502635,0.9030162513645404,0.9044834307992202,133,20.0,1,5,log2,0.001,133,19.31578947368421,20,42497,319.5263157894737
successive,3,0.34984412501216866,0.9029760667718801,0.9044834307992202,217,16.0,1,10,sqrt,0.001,217,15.96774193548387,16,48415,223.110599078341
successive,4,0.39908187500259373,0.9029510862030747,0.9044834307992202,300,16.0,1,7,log2,0.001,300,15.973333333333333,16,82500,275.0
successive,4,0.4614149999979418,0.9029386590676222,0.9044834307992202,300,20.0,1,10,sqrt,0.001,300,19.38,20,71998,239.99333333333334
successive,2,0.6682981670019217,0.9028877009721941,0.9044834307992202,133,20.0,1,2,0.5,0.001,133,19.992481203007518,20,25567,192.2330827067669
successive,1,0.09379591699689627,0.9028864400915684,0.9044834307992202,50,,1,7,sqrt,0.001,50,21.88,32,13596,271.92
successive,3,1.0386877919954713,0.9028107608459981,0.9044834307992202,217,20.0,1,10,0.5,0.001,217,19.995391705069125,20,35503,163.6082949308756
successive,1,0.09686774999136105,0.9026658402729216,0.9044834307992202,50,16.0,1,2,sqrt,0.001,50,15.98,16,13342,266.84
successive,2,0.21460866699635517,0.9025592099749661,0.9044834307992202,133,20.0,1,7,sqrt,0.001,133,19.43609022556391,20,35815,269.2857142857143
successive,2,0.21597812499385327,0.9025527528491022,0.9044834307992202,133,,1,7,sqrt,0.001,133,21.398496240601503,32,36593,275.1353383458647
successive,3,1.0111012920096982,0.9025040565273533,0.9044834307992202,217,,4,2,0.5,0.0001,217,26.612903225806452,34,47261,217.7926267281106
successive,3,1.0011752920108847,0.9025040565273533,0.9044834307992202,217,,4,5,0.5,0.0001,217,26.612903225806452,34,47261,217.7926267281106
successive,3,1.0226017920067534,0.9025040565273533,0.9044834307992202,217,,4,7,0.5,0.0001,217,26.612903225806452,34,47261,217.7926267281106
successive,3,1.0402853750128997,0.9025040565273533,0.9044834307992202,217,,4,2,0.5,1e-05,217,26.65437788018433,34,47477,218.78801843317973
successive,3,1.0103793750022305,0.9025040565273533,0.9044834307992202,217,,4,5,0.5,1e-05,217,26.65437788018433,34,47477,218.78801843317973
successive,3,1.0070111250097398,0.9025040565273533,0.9044834307992202,217,,4,7,0.5,1e-05,217,26.65437788018433,34,47477,218.78801843317973
successive,3,1.0216878329956671,0.9025040565273533,0.9044834307992202,217,,4,2,0.5,0.0,217,26.68663594470046,34,50001,230.41935483870967
successive,3,1.0169437500007916,0.9025040565273533,0.9044834307992202,217,,4,5,0.5,0.0,217,26.68663594470046,34,50001,230.41935483870967
successive,3,1.028025166990119,0.9025040565273533,0.9044834307992202,217,,4,7,0.5,0.0,217,26.68663594470046,34,50001,230.41935483870967
successive,3,1.059406250002212,0.9024228104673784,0.9044834307992202,217,,1,10,0.5,0.001,217,26.930875576036865,38,40281,185.6267281105991
successive,3,1.0439392919943202,0.9023826139161745,0.9044834307992202,217,20.0,1,5,0.5,0.001,217,19.99078341013825,20,40599,187.0921658986175
successive,4,1.4169599169981666,0.9023778562593204,0.9044834307992202,300,20.0,1,5,0.5,0.001,300,19.99,20,56016,186.72
successive,3,1.058817708006245,0.9023112257856284,0.9044834307992202,217,,1,7,0.5,0.001,217,27.16589861751152,37,43587,200.86175115207374
successive,1,0.2653089999948861,0.9022300683244686,0.9044834307992202,50,,1,5,0.5,0.001,50,26.2,35,10648,212.96
successive,1,0.25685141699796077,0.9021199951020381,0.9025341130604289,50,16.0,1,5,0.5,0.0001,50,16.0,16,9522,190.44
successive,1,0.25286341599712614,0.9021199951020381,0.9025341130604289,50,16.0,1,5,0.5,1e-05,50,16.0,16,9524,190.48
successive,1,0.2705125840002438,0.9021199951020381,0.9025341130604289,50,16.0,1,5,0.5,0.0,50,16.0,16,10016,200.32
successive,3,1.0733787909994135,0.9020662453788744,0.9044834307992202,217,,1,2,0.5,0.001,217,27.433179723502302,36,48581,223.87557603686636
successive,3,1.0609149580122903,0.9019871235489328,0.9044834307992202,217,,1,5,0.5,0.001,217,27.142857142857142,38,46529,214.41935483870967
successive,1,0.0949197500012815,0.9015954474459861,0.9025341130604289,50,20.0,1,2,log2,0.001,50,19.4,20,16694,333.88
successive,2,0.18962799999280833,0.9015698142463353,0.9025341130604289,133,,1,5,log2,1e-05,133,23.44360902255639,34,62699,471.42105263157896
successive,2,0.1846674999978859,0.9015698142463353,0.9025341130604289,133,,1,5,log2,0.0,133,23.481203007518797,34,65161,489.9323308270677
successive,2,0.20276270800968632,0.9014761631861014,0.9025341130604289,133,12.0,1,5,sqrt,0.0001,133,12.0,12,34677,260.7293233082707
successive,2,0.20613066700752825,0.9014761631861014,0.9025341130604289,133,12.0,1,5,sqrt,1e-05,133,12.0,12,34767,261.406015037594
successive,2,0.2080897499981802,0.9014761631861014,0.9025341130604289,133,12.0,1,5,sqrt,0.0,133,12.0,12,36011,270.7593984962406
successive,3,0.3011525000038091,0.9013619193871301,0.9025341130604289,217,16.0,1,7,log2,0.001,217,15.972350230414747,16,59869,275.89400921658984
successive,1,0.11320054199313745,0.9013204576637265,0.9025341130604289,50,12.0,4,2,sqrt,0.0001,50,12.0,12,10524,210.48
successive,1,0.09460683299403172,0.9013204576637265,0.9025341130604289,50,12.0,4,5,sqrt,0.0001,50,12.0,12,10524,210.48
successive,1,0.09769158400013112,0.9013204576637265,0.9025341130604289,50,12.0,4,7,sqrt,0.0001,50,12.0,12,10524,210.48
successive,2,0.20183683300274424,0.9013120292633835,0.9025341130604289,133,12.0,1,7,sqrt,0.0001,133,12.0,12,31487,236.74436090225564
successive,2,0.2050936670129886,0.9013120292633835,0.9025341130604289,133,12.0,1,7,sqrt,1e-05,133,12.0,12,31625,237.78195488721803
successive,2,0.20260604200302623,0.9013120292633835,0.9025341130604289,133,12.0,1,7,sqrt,0.0,133,12.0,12,32649,245.4812030075188
successive,3,0.29848304099868983,0.9012921374749603,0.9025341130604289,217,,1,5,log2,0.0001,217,23.34562211981567,34,101369,467.13824884792626
successive,1,0.26476783299585804,0.9012626824533021,0.9005847953216374,50,16.0,1,7,0.5,0.0001,50,16.0,16,8756,175.12
successive,1,0.25910808400658425,0.9012626824533021,0.9005847953216374,50,16.0,1,7,0.5,1e-05,50,16.0,16,8758,175.16
successive,1,0.2572234590043081,0.9012626824533021,0.9005847953216374,50,16.0,1,7,0.5,0.0,50,16.0,16,9220,184.4
successive,3,0.30545941699529067,0.9012541931095677,0.9025341130604289,217,12.0,1,5,log2,0.0001,217,12.0,12,64877,298.97235023041475
successive,3,0.29391570900043007,0.9012541931095677,0.9025341130604289,217,12.0,1,5,log2,1e-05,217,12.0,12,65129,300.1336405529954
successive,3,0.2881254579988308,0.9012541931095677,0.9025341130604289,217,12.0,1,5,log2,0.0,217,12.0,12,67321,310.2350230414747
successive,2,0.1897277919924818,0.9012174988671513,0.9025341130604289,133,16.0,1,5,log2,0.0001,133,16.0,16,54175,407.3308270676692
successive,2,0.19073087499418762,0.9012174988671513,0.9025341130604289,133,16.0,1,5,log2,1e-05,133,16.0,16,54419,409.16541353383457
successive,2,0.18963962500856724,0.9012174988671513,0.9025341130604289,133,16.0,1,5,log2,0.0,133,16.0,16,56467,424.56390977443607
successive,1,0.09296654199715704,0.9011998274061099,0.9025341130604289,50,12.0,4,2,sqrt,1e-05,50,12.0,12,10686,213.72
successive,1,0.09527670899115037,0.9011998274061099,0.9025341130604289,50,12.0,4,5,sqrt,1e-05,50,12.0,12,10686,213.72
successive,1,0.09740129199053627,0.9011998274061099,0.9025341130604289,50,12.0,4,7,sqrt,1e-05,50,12.0,12,10686,213.72
successive,1,0.0922371250053402,0.9011998274061099,0.9025341130604289,50,12.0,4,2,sqrt,0.0,50,12.0,12,11086,221.72
successive,1,0.09588125000300352,0.9011998274061099,0.9025341130604289,50,12.0,4,5,sqrt,0.0,50,12.0,12,11086,221.72
successive,1,0.09319654200226068,0.9011998274061099,0.9025341130604289,50,12.0,4,7,sqrt,0.0,50,12.0,12,11086,221.72
successive,1,0.2865467079973314,0.9011023105560461,0.9025341130604289,50,20.0,1,5,0.5,0.001,50,19.98,20,9468,189.36
successive,3,0.34027595800580457,0.9010737318183915,0.9025341130604289,217,20.0,4,2,sqrt,0.0001,217,19.497695852534562,20,63769,293.8663594470046
successive,3,0.3321221670048544,0.9010737318183915,0.9025341130604289,217,20.0,4,5,sqrt,0.0001,217,19.497695852534562,20,63769,293.8663594470046
successive,3,0.35044633399229497,0.9010737318183915,0.9025341130604289,217,20.0,4,7,sqrt,0.0001,217,19.497695852534562,20,63769,293.8663594470046
successive,3,0.3441445409989683,0.9010737318183915,0.9025341130604289,217,20.0,4,2,sqrt,1e-05,217,19.52995391705069,20,64971,299.40552995391704
successive,3,0.3425561670010211,0.9010737318183915,0.9025341130604289,217,20.0,4,5,sqrt,1e-05,217,19.52995391705069,20,64971,299.40552995391704
successive,3,0.33995716700155754,0.9010737318183915,0.9025341130604289,217,20.0,4,7,sqrt,1e-05,217,19.52995391705069,20,64971,299.40552995391704
successive,3,0.34940950000600424,0.9010737318183915,0.9025341130604289,217,20.0,4,2,sqrt,0.0,217,19.543778801843317,20,67561,311.3410138248848
successive,3,0.3473897079966264,0.9010737318183915,0.9025341130604289,217,20.0,4,5,sqrt,0.0,217,19.543778801843317,20,67561,311.3410138248848
successive,3,0.33289158399566077,0.9010737318183915,0.9025341130604289,217,20.0,4,7,sqrt,0.0,217,19.543778801843317,20,67561,311.3410138248848
successive,3,0.995938499996555,0.901035850801598,0.9025341130604289,217,20.0,4,2,0.5,0.0001,217,19.995391705069125,20,42033,193.7004608294931
successive,3,0.9909614589996636,0.901035850801598,0.9025341130604289,217,20.0,4,5,0.5,0.0001,217,19.995391705069125,20,42033,193.7004608294931
successive,3,0.9813587910030037,0.901035850801598,0.9025341130604289,217,20.0,4,7,0.5,0.0001,217,19.995391705069125,20,42033,193.7004608294931
successive,3,0.9954102919873549,0.901035850801598,0.9025341130604289,217,20.0,4,2,0.5,1e-05,217,19.995391705069125,20,42197,194.45622119815667
successive,3,0.9986117090011248,0.901035850801598,0.9025341130604289,217,20.0,4,5,0.5,1e-05,217,19.995391705069125,20,42197,194.45622119815667
successive,3,1.0188387079979293,0.901035850801598,0.9025341130604289,217,20.0,4,7,0.5,1e-05,217,19.995391705069125,20,42197,194.45622119815667
successive,3,0.9883984159969259,0.901035850801598,0.9025341130604289,217,20.0,4,2,0.5,0.0,217,19.995391705069125,20,44493,205.036866359447
successive,3,1.0220984169864096,0.901035850801598,0.9025341130604289,217,20.0,4,5,0.5,0.0,217,19.995391705069125,20,44493,205.036866359447
successive,3,0.994619666991639,0.901035850801598,0.9025341130604289,217,20.0,4,7,0.5,0.0,217,19.995391705069125,20,44493,205.036866359447
successive,4,0.4591920419916278,0.9010323437081376,0.9025341130604289,300,16.0,1,10,sqrt,0.001,300,15.976666666666667,16,66658,222.19333333333333
successive,4,1.3849794169946108,0.9009625648045213,0.9025341130604289,300,20.0,4,2,0.5,0.0001,300,19.993333333333332,20,58068,193.56
successive,4,1.389071249999688,0.9009625648045213,0.9025341130604289,300,20.0,4,5,0.5,0.0001,300,19.993333333333332,20,58068,193.56
successive,4,1.366848250007024,0.9009625648045213,0.9025341130604289,300,20.0,4,7,0.5,0.0001,300,19.993333333333332,20,58068,193.56
successive,4,1.3611743330111494,0.9009625648045213,0.9025341130604289,300,20.0,4,2,0.5,1e-05,300,19.993333333333332,20,58280,194.26666666666668
successive,4,1.3700883749988861,0.9009625648045213,0.9025341130604289,300,20.0,4,5,0.5,1e-05,300,19.993333333333332,20,58280,194.26666666666668
successive,4,1.3538355420023436,0.9009625648045213,0.9025341130604289,300,20.0,4,7,0.5,1e-05,300,19.993333333333332,20,58280,194.26666666666668
successive,4,1.3716972500114935,0.9009625648045213,0.9025341130604289,300,20.0,4,2,0.5,0.0,300,19.993333333333332,20,61438,204.79333333333332
successive,2,0.1887094999983674,0.9009542216988952,0.9025341130604289,133,,1,5,log2,0.001,133,20.94736842105263,30,43181,324.6691729323308
successive,2,0.2004605419933796,0.9008403990837741,0.9025341130604289,133,20.0,4,10,sqrt,0.0001,133,19.18796992481203,20,35973,270.4736842105263
successive,2,0.20969320899166632,0.9008403990837741,0.9025341130604289,133,20.0,4,10,sqrt,1e-05,133,19.218045112781954,20,36611,275.2706766917293
successive,2,0.20089145899692085,0.9008403990837741,0.9025341130604289,133,20.0,4,10,sqrt,0.0,133,19.23308270676692,20,37955,285.37593984962405
successive,3,0.31366758300282527,0.9008395586806508,0.9025341130604289,217,16.0,1,2,log2,0.001,217,15.963133640552995,16,67401,310.6036866359447
successive,3,0.35540374999982305,0.9007602320028221,0.9025341130604289,217,,1,7,sqrt,0.001,217,21.672811059907833,33,59945,276.2442396313364
successive,2,0.6571010000043316,0.900741643667524,0.9025341130604289,133,20.0,1,10,0.5,0.001,133,20.0,20,21629,162.62406015037595
successive,2,0.2031490420049522,0.900670359526073,0.9025341130604289,133,,4,10,sqrt,1e-05,133,20.458646616541355,28,37051,278.57894736842104
successive,2,0.2048306669894373,0.900670359526073,0.9025341130604289,133,,4,10,sqrt,0.0,133,20.49624060150376,28,38453,289.1203007518797
successive,2,0.20424558299419004,0.9006475272923703,0.9025341130604289,133,,4,2,sqrt,0.0001,133,21.36842105263158,29,39815,299.3609022556391
successive,2,0.21365112499915995,0.9006475272923703,0.9025341130604289,133,,4,5,sqrt,0.0001,133,21.36842105263158,29,39815,299.3609022556391
successive,2,0.2131544580042828,0.9006475272923703,0.9025341130604289,133,,4,7,sqrt,0.0001,133,21.36842105263158,29,39815,299.3609022556391
successive,2,0.21192154099117033,0.9006475272923703,0.9025341130604289,133,,4,2,sqrt,1e-05,133,21.49624060150376,29,40627,305.4661654135338
successive,2,0.2314376669964986,0.9006475272923703,0.9025341130604289,133,,4,5,sqrt,1e-05,133,21.49624060150376,29,40627,305.4661654135338
successive,2,0.2110141669982113,0.9006475272923703,0.9025341130604289,133,,4,7,sqrt,1e-05,133,21.49624060150376,29,40627,305.4661654135338
successive,2,0.21496566699352115,0.9006475272923703,0.9025341130604289,133,,4,2,sqrt,0.0,133,21.571428571428573,29,42239,317.5864661654135
successive,2,0.20237187499878928,0.9006475272923703,0.9025341130604289,133,,4,5,sqrt,0.0,133,21.571428571428573,29,42239,317.5864661654135
successive,2,0.2014166659937473,0.9006475272923703,0.9025341130604289,133,,4,7,sqrt,0.0,133,21.571428571428573,29,42239,317.5864661654135
successive,1,0.26390708299004473,0.9002589025365921,0.9025341130604289,50,,1,7,0.5,0.001,50,27.38,33,10050,201.0
successive,4,1.349116083001718,0.9002008307741564,0.9005847953216374,300,16.0,1,10,0.5,0.0001,300,16.0,16,49174,163.91333333333333
successive,4,1.3471212090080371,0.9002008307741564,0.9005847953216374,300,16.0,1,10,0.5,1e-05,300,16.0,16,49210,164.03333333333333
successive,4,1.3639621670008637,0.9002008307741564,0.9005847953216374,300,16.0,1,10,0.5,0.0,300,16.0,16,51630,172.1
successive,4,1.355049042002065,0.9002008307741564,0.9005847953216374,300,16.0,1,7,0.5,0.0001,300,16.0,16,52560,175.2
successive,4,1.349808374987333,0.9002008307741564,0.9005847953216374,300,16.0,1,7,0.5,1e-05,300,16.0,16,52586,175.28666666666666
successive,4,1.365016833995469,0.9002008307741564,0.9005847953216374,300,16.0,1,7,0.5,0.0,300,16.0,16,55266,184.22
successive,3,0.9944777919881744,0.9001917038943456,0.9005847953216374,217,16.0,1,5,0.5,0.0001,217,16.0,16,40783,187.94009216589862
successive,3,1.0123930830013705,0.9001917038943456,0.9005847953216374,217,16.0,1,5,0.5,1e-05,217,16.0,16,40789,187.96774193548387
successive,3,0.9868433329975232,0.9001917038943456,0.9005847953216374,217,16.0,1,5,0.5,0.0,217,16.0,16,43025,198.27188940092165
successive,3,1.0375418749899836,0.900128734747712,0.9025341130604289,217,20.0,1,2,0.5,0.001,217,19.99078341013825,20,41781,192.53917050691246
successive,2,0.6505807090143207,0.8999054165204645,0.9025341130604289,133,,1,7,0.5,0.001,133,27.045112781954888,37,26709,200.81954887218046
successive,2,0.19192350000957958,0.89963942543435,0.9005847953216374,133,,1,5,log2,0.0001,133,23.44360902255639,34,62489,469.8421052631579
successive,2,0.19150187500054017,0.899631340446513,0.9005847953216374,133,20.0,1,10,log2,0.0001,133,19.43609022556391,20,45371,341.1353383458647
successive,2,0.18213670799741521,0.899631340446513,0.9005847953216374,133,20.0,1,10,log2,1e-05,133,19.458646616541355,20,45883,344.98496240601503
successive,2,0.20915133399830665,0.899631340446513,0.9005847953216374,133,20.0,1,10,log2,0.0,133,19.48872180451128,20,47209,354.9548872180451
successive,1,0.08454058300412726,0.8995252854468828,0.9005847953216374,50,,1,2,log2,0.001,50,20.98,27,16972,339.44
successive,1,0.09199679199082311,0.8994905924285536,0.9005847953216374,50,16.0,1,2,log2,0.001,50,15.98,16,15244,304.88
successive,1,0.09471241700521205,0.8994629227163227,0.9005847953216374,50,20.0,4,10,sqrt,1e-05,50,19.34,20,13588,271.76
successive,1,0.08971112500876188,0.8994629227163227,0.9005847953216374,50,20.0,4,10,sqrt,0.0,50,19.36,20,14072,281.44
successive,3,0.29842983299749903,0.8994197886399059,0.9005847953216374,217,16.0,1,10,log2,0.0001,217,15.995391705069125,16,68223,314.39170506912444
successive,3,0.29637354200531263,0.8994197886399059,0.9005847953216374,217,16.0,1,10,log2,1e-05,217,15.995391705069125,16,69029,318.10599078341016
successive,3,0.2928926250024233,0.8994197886399059,0.9005847953216374,217,16.0,1,10,log2,0.0,217,15.995391705069125,16,71083,327.57142857142856
successive,1,0.09732795800664462,0.8993999455727584,0.9005847953216374,50,12.0,1,7,sqrt,0.0001,50,12.0,12,11300,226.0
successive,1,0.09505008399719372,0.8993999455727584,0.9005847953216374,50,12.0,1,7,sqrt,1e-05,50,12.0,12,11352,227.04
successive,1,0.09511695901164785,0.8993999455727584,0.9005847953216374,50,12.0,1,7,sqrt,0.0,50,12.0,12,11710,234.2
successive,3,0.3116655829944648,0.8993983001663742,0.9005847953216374,217,20.0,1,10,log2,0.0001,217,19.557603686635943,20,73609,339.21198156682027
successive,3,0.30978554200555664,0.8993983001663742,0.9005847953216374,217,20.0,1,10,log2,1e-05,217,19.571428571428573,20,74443,343.0552995391705
successive,3,0.29923512499954086,0.8993983001663742,0.9005847953216374,217,20.0,1,10,log2,0.0,217,19.589861751152075,20,76675,353.3410138248848
successive,3,0.3046610829915153,0.8993656610300118,0.9005847953216374,217,20.0,1,2,log2,0.001,217,19.225806451612904,20,72249,332.9447004608295
successive,4,0.464613542004372,0.8993508321397822,0.9005847953216374,300,,1,10,sqrt,0.001,300,21.3,33,73698,245.66
successive,1,0.2668628339888528,0.8993292475651955,0.9005847953216374,50,20.0,1,10,0.5,0.001,50,20.0,20,8186,163.72
successive,1,0.0959425829933025,0.8992746212155879,0.9005847953216374,50,16.0,4,2,sqrt,0.0001,50,16.0,16,13116,262.32
successive,1,0.09213308400649112,0.8992746212155879,0.9005847953216374,50,16.0,4,5,sqrt,0.0001,50,16.0,16,13116,262.32
successive,1,0.09315045899711549,0.8992746212155879,0.9005847953216374,50,16.0,4,7,sqrt,0.0001,50,16.0,16,13116,262.32
successive,1,0.09577358300157357,0.8992746212155879,0.9005847953216374,50,16.0,4,2,sqrt,1e-05,50,16.0,16,13350,267.0
successive,1,0.09611049998784438,0.8992746212155879,0.9005847953216374,50,16.0,4,5,sqrt,1e-05,50,16.0,16,13350,267.0
successive,1,0.09620195800380316,0.8992746212155879,0.9005847953216374,50,16.0,4,7,sqrt,1e-05,50,16.0,16,13350,267.0
successive,1,0.09563137500663288,0.8992746212155879,0.9005847953216374,50,16.0,4,2,sqrt,0.0,50,16.0,16,13904,278.08
successive,1,0.09266075000050478,0.8992746212155879,0.9005847953216374,50,16.0,4,5,sqrt,0.0,50,16.0,16,13904,278.08
successive,1,0.09453579199907836,0.8992746212155879,0.9005847953216374,50,16.0,4,7,sqrt,0.0,50,16.0,16,13904,278.08
successive,4,0.3997189579968108,0.8990762288802829,0.9005847953216374,300,12.0,1,5,log2,0.0001,300,12.0,12,90242,300.8066666666667
successive,4,0.39931741599866655,0.8990762288802829,0.9005847953216374,300,12.0,1,5,log2,1e-05,300,12.0,12,90612,302.04
successive,4,0.39922837499761954,0.8990762288802829,0.9005847953216374,300,12.0,1,5,log2,0.0,300,12.0,12,93724,312.41333333333336
successive,3,0.3483681660000002,0.8990223243103311,0.9005847953216374,217,12.0,1,7,sqrt,0.0001,217,12.0,12,51423,236.97235023041475
successive,3,0.33707025001058355,0.8990223243103311,0.9005847953216374,217,12.0,1,7,sqrt,1e-05,217,12.0,12,51643,237.98617511520737
successive,3,0.3293287089909427,0.8990223243103311,0.9005847953216374,217,12.0,1,7,sqrt,0.0,217,12.0,12,53311,245.67281105990784
successive,2,0.21525516700057779,0.8989310644097883,0.9005847953216374,133,16.0,1,10,sqrt,0.001,133,15.954887218045112,16,29753,223.70676691729324
successive,3,0.342905207988224,0.8989207202401492,0.9005847953216374,217,12.0,1,10,sqrt,0.0001,217,12.0,12,46315,213.4331797235023
successive,3,0.3292882079986157,0.8989207202401492,0.9005847953216374,217,12.0,1,10,sqrt,1e-05,217,12.0,12,46567,214.59447004608296
successive,3,0.3262043750000885,0.8989207202401492,0.9005847953216374,217,12.0,1,10,sqrt,0.0,217,12.0,12,47987,221.13824884792626
successive,3,0.30931891599902883,0.898871566887965,0.9005847953216374,217,20.0,1,7,log2,0.001,217,19.110599078341014,20,64615,297.7649769585253
successive,3,0.3027334999933373,0.8988432272468393,0.9005847953216374,217,,1,7,log2,0.001,217,20.46082949308756,30,65691,302.7235023041475
successive,1,0.0822310419898713,0.8987338653969384,0.9005847953216374,50,12.0,1,2,log2,0.0001,50,12.0,12,19218,384.36
successive,1,0.08220833301311359,0.8987338653969384,0.9005847953216374,50,12.0,1,2,log2,1e-05,50,12.0,12,19242,384.84
successive,1,0.08325049999984913,0.8987338653969384,0.9005847953216374,50,12.0,1,2,log2,0.0,50,12.0,12,20228,404.56
successive,3,1.0423063750058645,0.8987021276168111,0.9005847953216374,217,20.0,1,7,0.5,0.001,217,19.963133640552996,20,38193,176.00460829493088
successive,2,0.21165625000139698,0.8986859392265785,0.9005847953216374,133,,4,10,sqrt,0.0001,133,20.37593984962406,28,36405,273.7218045112782
successive,3,0.35141841699078213,0.8986703686063382,0.9005847953216374,217,20.0,1,7,sqrt,0.001,217,19.46082949308756,20,58617,270.12442396313367
successive,3,0.347781832999317,0.8985000638906102,0.9005847953216374,217,16.0,1,7,sqrt,0.001,217,15.986175115207374,16,53543,246.74193548387098
successive,2,0.6304269999964163,0.8983709593273885,0.9005847953216374,133,,4,2,0.5,0.0001,133,26.57894736842105,32,28853,216.93984962406014
successive,2,0.6497439999948256,0.8983709593273885,0.9005847953216374,133,,4,5,0.5,0.0001,133,26.57894736842105,32,28853,216.93984962406014
successive,2,0.6238371660001576,0.8983709593273885,0.9005847953216374,133,,4,7,0.5,0.0001,133,26.57894736842105,32,28853,216.93984962406014
successive,2,0.6237910840136465,0.8983709593273885,0.9005847953216374,133,,4,2,0.5,1e-05,133,26.616541353383457,32,28965,217.78195488721803
successive,2,0.6237313750025351,0.8983709593273885,0.9005847953216374,133,,4,5,0.5,1e-05,133,26.616541353383457,32,28965,217.78195488721803
successive,2,0.651309166001738,0.8983709593273885,0.9005847953216374,133,,4,7,0.5,1e-05,133,26.616541353383457,32,28965,217.78195488721803
successive,2,0.6207748330052709,0.8983709593273885,0.9005847953216374,133,,4,2,0.5,0.0,133,26.639097744360903,32,30505,229.3609022556391
successive,2,0.6367689589969814,0.8983709593273885,0.9005847953216374,133,,4,5,0.5,0.0,133,26.639097744360903,32,30505,229.3609022556391
successive,2,0.6279034999897704,0.8983709593273885,0.9005847953216374,133,,4,7,0.5,0.0,133,26.639097744360903,32,30505,229.3609022556391
successive,2,0.6488446250004927,0.8982447358417187,0.9005847953216374,133,,1,5,0.5,0.001,133,26.909774436090224,36,28407,213.58646616541353
successive,2,0.6387354170001345,0.8980257989971202,0.9005847953216374,133,20.0,1,7,0.5,0.001,133,19.94736842105263,20,23527,176.89473684210526
successive,2,0.6191233330027899,0.8978353574247332,0.898635477582846,133,16.0,1,7,0.5,0.0001,133,16.0,16,23297,175.1654135338346
successive,2,0.6183752920042025,0.8978353574247332,0.898635477582846,133,16.0,1,7,0.5,1e-05,133,16.0,16,23307,175.2406015037594
successive,2,0.6188726249965839,0.8978353574247332,0.898635477582846,133,16.0,1,7,0.5,0.0,133,16.0,16,24523,184.38345864661653
successive,3,0.30868020800699014,0.8974656005493153,0.898635477582846,217,,1,2,log2,0.001,217,20.829493087557605,27,73849,340.31797235023043
successive,2,0.21171658299863338,0.8973200422726871,0.898635477582846,133,16.0,4,2,sqrt,0.0001,133,15.992481203007518,16,35713,268.5187969924812
successive,2,0.21096541700535454,0.8973200422726871,0.898635477582846,133,16.0,4,5,sqrt,0.0001,133,15.992481203007518,16,35713,268.5187969924812
successive,2,0.20348583300074097,0.8973200422726871,0.898635477582846,133,16.0,4,7,sqrt,0.0001,133,15.992481203007518,16,35713,268.5187969924812
successive,2,0.20476449999841861,0.8973200422726871,0.898635477582846,133,16.0,4,2,sqrt,1e-05,133,15.992481203007518,16,36373,273.4812030075188
successive,2,0.20633029199962039,0.8973200422726871,0.898635477582846,133,16.0,4,5,sqrt,1e-05,133,15.992481203007518,16,36373,273.4812030075188
successive,2,0.21279074999620207,0.8973200422726871,0.898635477582846,133,16.0,4,7,sqrt,1e-05,133,15.992481203007518,16,36373,273.4812030075188
successive,2,0.20161775000451598,0.8973200422726871,0.898635477582846,133,16.0,4,2,sqrt,0.0,133,15.992481203007518,16,37789,284.1278195488722
successive,2,0.20787724999536294,0.8973200422726871,0.898635477582846,133,16.0,4,5,sqrt,0.0,133,15.992481203007518,16,37789,284.1278195488722
successive,2,0.1992899160104571,0.8973200422726871,0.898635477582846,133,16.0,4,7,sqrt,0.0,133,15.992481203007518,16,37789,284.1278195488722
successive,1,0.09163550000812393,0.8972902963694677,0.898635477582846,50,20.0,4,10,sqrt,0.0001,50,19.32,20,13350,267.0
successive,1,0.07746558300277684,0.8972525829115051,0.898635477582846,50,16.0,1,7,log2,0.001,50,15.98,16,13590,271.8
successive,2,0.21740525000495836,0.897251275981102,0.898635477582846,133,20.0,1,10,sqrt,0.001,133,19.30827067669173,20,31907,239.90225563909775
successive,2,0.1887903749884572,0.8970201510487801,0.898635477582846,133,,1,7,log2,0.001,133,20.56390977443609,30,40359,303.45112781954884
successive,1,0.0949332080053864,0.8969923428410632,0.898635477582846,50,16.0,1,7,sqrt,0.001,50,16.0,16,11832,236.64
successive,2,0.19115345799946226,0.8969874186219637,0.898635477582846,133,20.0,1,7,log2,0.001,133,19.1203007518797,20,39667,298.2481203007519
successive,2,0.608861209009774,0.8969323293597989,0.898635477582846,133,20.0,4,2,0.5,0.0001,133,19.992481203007518,20,25645,192.81954887218046
successive,2,0.6112646249966929,0.8969323293597989,0.898635477582846,133,20.0,4,5,0.5,0.0001,133,19.992481203007518,20,25645,192.81954887218046
successive,2,0.6163349999987986,0.8969323293597989,0.898635477582846,133,20.0,4,7,0.5,0.0001,133,19.992481203007518,20,25645,192.81954887218046
successive,2,0.6240805839915993,0.8969323293597989,0.898635477582846,133,20.0,4,2,0.5,1e-05,133,19.992481203007518,20,25731,193.46616541353384
successive,2,0.6146192919986788,0.8969323293597989,0.898635477582846,133,20.0,4,5,0.5,1e-05,133,19.992481203007518,20,25731,193.46616541353384
successive,2,0.6083694170083618,0.8969323293597989,0.898635477582846,133,20.0,4,7,0.5,1e-05,133,19.992481203007518,20,25731,193.46616541353384
successive,2,0.6263018749887124,0.8969323293597989,0.898635477582846,133,20.0,4,2,0.5,0.0,133,19.992481203007518,20,27125,203.94736842105263
successive,2,0.6072565419890452,0.8969323293597989,0.898635477582846,133,20.0,4,5,0.5,0.0,133,19.992481203007518,20,27125,203.94736842105263
successive,2,0.6128360000002431,0.8969323293597989,0.898635477582846,133,20.0,4,7,0.5,0.0,133,19.992481203007518,20,27125,203.94736842105263
successive,2,0.17815516699920408,0.896906803777999,0.898635477582846,133,12.0,1,2,log2,0.0001,133,12.0,12,51797,389.45112781954884
successive,2,0.1845497920003254,0.896906803777999,0.898635477582846,133,12.0,1,2,log2,1e-05,133,12.0,12,51889,390.14285714285717
successive,2,0.1812833750009304,0.896906803777999,0.898635477582846,133,12.0,1,2,log2,0.0,133,12.0,12,54619,410.6691729323308
successive,3,0.3411220420093741,0.8967937343586952,0.898635477582846,217,20.0,4,10,sqrt,0.0001,217,19.244239631336406,20,58697,270.4930875576037
successive,3,0.34744508400035556,0.8967937343586952,0.898635477582846,217,20.0,4,10,sqrt,1e-05,217,19.27188940092166,20,59701,275.11981566820276
successive,3,0.3368305829935707,0.8967937343586952,0.898635477582846,217,20.0,4,10,sqrt,0.0,217,19.285714285714285,20,61949,285.47926267281105
successive,2,0.17858458300179336,0.8967088562985933,0.898635477582846,133,16.0,1,7,log2,0.001,133,15.977443609022556,16,36697,275.9172932330827
successive,2,0.20609795801283326,0.8966950873395291,0.898635477582846,133,16.0,1,7,sqrt,0.001,133,15.992481203007518,16,32569,244.8796992481203
successive,4,0.45392120799806435,0.8966421394857682,0.898635477582846,300,20.0,4,2,sqrt,1e-05,300,19.503333333333334,20,89650,298.8333333333333
successive,4,0.48496687499573454,0.8966421394857682,0.898635477582846,300,20.0,4,5,sqrt,1e-05,300,19.503333333333334,20,89650,298.8333333333333
successive,4,0.4654432499955874,0.8966421394857682,0.898635477582846,300,20.0,4,7,sqrt,1e-05,300,19.503333333333334,20,89650,298.8333333333333
successive,4,0.4495445000065956,0.8966421394857682,0.898635477582846,300,20.0,4,2,sqrt,0.0,300,19.523333333333333,20,93256,310.85333333333335
successive,4,0.44176291600160766,0.8966421394857682,0.898635477582846,300,20.0,4,5,sqrt,0.0,300,19.523333333333333,20,93256,310.85333333333335
successive,4,0.4402390000032028,0.8966421394857682,0.898635477582846,300,20.0,4,7,sqrt,0.0,300,19.523333333333333,20,93256,310.85333333333335
successive,1,0.2889135000004899,0.8966262281303119,0.898635477582846,50,,4,2,0.5,0.0001,50,26.7,32,10794,215.88
successive,1,0.26666762500826735,0.8966262281303119,0.898635477582846,50,,4,5,0.5,0.0001,50,26.7,32,10794,215.88
successive,1,0.26329099999566097,0.8966262281303119,0.898635477582846,50,,4,7,0.5,0.0001,50,26.7,32,10794,215.88
successive,1,0.2661443329998292,0.8966262281303119,0.898635477582846,50,,4,2,0.5,1e-05,50,26.74,32,10840,216.8
successive,1,0.2769454590015812,0.8966262281303119,0.898635477582846,50,,4,5,0.5,1e-05,50,26.74,32,10840,216.8
successive,1,0.2579597909934819,0.8966262281303119,0.898635477582846,50,,4,7,0.5,1e-05,50,26.74,32,10840,216.8
successive,1,0.2621001250081463,0.8966262281303119,0.898635477582846,50,,4,2,0.5,0.0,50,26.74,32,11414,228.28
successive,1,0.2660095829924103,0.8966262281303119,0.898635477582846,50,,4,5,0.5,0.0,50,26.74,32,11414,228.28
successive,1,0.26867929099535104,0.8966262281303119,0.898635477582846,50,,4,7,0.5,0.0,50,26.74,32,11414,228.28
successive,4,1.383676249999553,0.8966200561119186,0.898635477582846,300,,4,2,0.5,0.0001,300,26.67,34,65420,218.06666666666666
successive,4,1.4038298750092508,0.8966200561119186,0.898635477582846,300,,4,5,0.5,0.0001,300,26.67,34,65420,218.06666666666666
successive,4,1.3664417500112904,0.8966200561119186,0.898635477582846,300,,4,7,0.5,0.0001,300,26.67,34,65420,218.06666666666666
successive,4,1.3713141250045737,0.8966200561119186,0.898635477582846,300,,4,2,0.5,1e-05,300,26.71,34,65702,219.00666666666666
successive,4,1.380474375007907,0.8966200561119186,0.898635477582846,300,,4,5,0.5,1e-05,300,26.71,34,65702,219.00666666666666
successive,4,1.4032075840077596,0.8966200561119186,0.898635477582846,300,,4,7,0.5,1e-05,300,26.71,34,65702,219.00666666666666
successive,4,1.4035386249888688,0.8966200561119186,0.898635477582846,300,,4,2,0.5,0.0,300,26.743333333333332,34,69170,230.56666666666666
successive,4,1.3685368329897756,0.8966200561119186,0.898635477582846,300,,4,5,0.5,0.0,300,26.743333333333332,34,69170,230.56666666666666
successive,4,1.373267749993829,0.8966200561119186,0.898635477582846,300,,4,7,0.5,0.0,300,26.743333333333332,34,69170,230.56666666666666
successive,1,0.10363583399157505,0.8966190740548341,0.898635477582846,50,,1,10,sqrt,0.001,50,21.36,28,12182,243.64
successive,1,0.0918442080001114,0.8965971648307283,0.898635477582846,50,,1,7,log2,0.001,50,20.9,27,14954,299.08
successive,1,0.2591398330114316,0.8964273500050002,0.898635477582846,50,20.0,4,2,0.5,0.0001,50,20.0,20,9568,191.36
successive,1,0.26534304198867176,0.8964273500050002,0.898635477582846,50,20.0,4,5,0.5,0.0001,50,20.0,20,9568,191.36
successive,1,0.2678722909913631,0.8964273500050002,0.898635477582846,50,20.0,4,7,0.5,0.0001,50,20.0,20,9568,191.36
successive,1,0.2613560419995338,0.8964273500050002,0.898635477582846,50,20.0,4,2,0.5,1e-05,50,20.0,20,9608,192.16
successive,1,0.26044358299986925,0.8964273500050002,0.898635477582846,50,20.0,4,5,0.5,1e-05,50,20.0,20,9608,192.16
successive,1,0.2634926250029821,0.8964273500050002,0.898635477582846,50,20.0,4,7,0.5,1e-05,50,20.0,20,9608,192.16
successive,1,0.29033824999351054,0.8964273500050002,0.898635477582846,50,20.0,4,2,0.5,0.0,50,20.0,20,10136,202.72
successive,1,0.2600229169911472,0.8964273500050002,0.898635477582846,50,20.0,4,5,0.5,0.0,50,20.0,20,10136,202.72
successive,1,0.2562865410000086,0.8964273500050002,0.898635477582846,50,20.0,4,7,0.5,0.0,50,20.0,20,10136,202.72
successive,3,0.3112190000101691,0.896326473708036,0.898635477582846,217,,1,5,log2,0.001,217,20.953917050691246,30,69913,322.17972350230417
successive,1,0.26513129100203514,0.8960979950982496,0.8947368421052632,50,16.0,1,10,0.5,0.0001,50,16.0,16,8128,162.56
successive,1,0.25340229099674616,0.8960979950982496,0.8947368421052632,50,16.0,1,10,0.5,1e-05,50,16.0,16,8138,162.76
successive,1,0.2614166249986738,0.8960979950982496,0.8947368421052632,50,16.0,1,10,0.5,0.0,50,16.0,16,8512,170.24
successive,2,0.6154654580022907,0.8959765974939157,0.8966861598440545,133,16.0,1,5,0.5,0.0001,133,16.0,16,24883,187.09022556390977
successive,2,0.6153938329953235,0.8959765974939157,0.8966861598440545,133,16.0,1,5,0.5,1e-05,133,16.0,16,24885,187.10526315789474
successive,2,0.6134352920053061,0.8959765974939157,0.8966861598440545,133,16.0,1,5,0.5,0.0,133,16.0,16,26221,197.15037593984962
successive,1,0.0835801660141442,0.895901369500291,0.8966861598440545,50,12.0,1,5,log2,0.001,50,12.0,12,11064,221.28
successive,1,0.08089024999935646,0.8957602269545863,0.8966861598440545,50,,1,5,log2,0.0001,50,23.72,34,23370,467.4
successive,1,0.0836624999938067,0.8957602269545863,0.8966861598440545,50,,1,5,log2,1e-05,50,23.72,34,23460,469.2
successive,1,0.09236745900125243,0.8957602269545863,0.8966861598440545,50,,1,5,log2,0.0,50,23.8,34,24358,487.16
successive,1,0.0807836669991957,0.8957239411198051,0.8966861598440545,50,16.0,1,10,log2,0.0001,50,15.98,16,15738,314.76
successive,1,0.08248058300523553,0.8956355535655084,0.8966861598440545,50,,1,10,log2,0.0001,50,21.4,27,17338,346.76
successive,3,0.9499026670091553,0.895596949997106,0.8966861598440545,217,16.0,4,2,0.5,0.0001,217,16.0,16,34789,160.3179723502304
successive,3,0.9644300840009237,0.895596949997106,0.8966861598440545,217,16.0,4,5,0.5,0.0001,217,16.0,16,34789,160.3179723502304
successive,3,0.9602390829968499,0.895596949997106,0.8966861598440545,217,16.0,4,7,0.5,0.0001,217,16.0,16,34789,160.3179723502304
successive,3,0.9441959169926122,0.895596949997106,0.8966861598440545,217,16.0,4,2,0.5,1e-05,217,16.0,16,34895,160.80645161290323
successive,3,0.9715963749913499,0.895596949997106,0.8966861598440545,217,16.0,4,5,0.5,1e-05,217,16.0,16,34895,160.80645161290323
successive,3,0.9622129580093315,0.895596949997106,0.8966861598440545,217,16.0,4,7,0.5,1e-05,217,16.0,16,34895,160.80645161290323
successive,3,0.9792923330096528,0.895596949997106,0.8966861598440545,217,16.0,4,2,0.5,0.0,217,16.0,16,36869,169.90322580645162
successive,3,0.9581861659971764,0.895596949997106,0.8966861598440545,217,16.0,4,5,0.5,0.0,217,16.0,16,36869,169.90322580645162
successive,3,0.9630336669943063,0.895596949997106,0.8966861598440545,217,16.0,4,7,0.5,0.0,217,16.0,16,36869,169.90322580645162
successive,2,0.21782695800357033,0.8953091728049487,0.8966861598440545,133,,1,10,sqrt,0.001,133,21.25563909774436,33,32591,245.04511278195488
successive,3,1.0320861670043087,0.8951391180482003,0.8966861598440545,217,16.0,1,10,0.5,0.001,217,16.0,16,29483,135.8663594470046
successive,3,0.34023204099503346,0.8951089024928798,0.8966861598440545,217,16.0,4,10,sqrt,0.0001,217,15.981566820276498,16,54405,250.71428571428572
successive,3,0.33350362500641495,0.8951089024928798,0.8966861598440545,217,16.0,4,10,sqrt,1e-05,217,15.981566820276498,16,55187,254.3179723502304
successive,3,0.3400665420049336,0.8951089024928798,0.8966861598440545,217,16.0,4,10,sqrt,0.0,217,15.986175115207374,16,57259,263.8663594470046
successive,2,0.22001200000522658,0.8950106292293725,0.8966861598440545,133,16.0,4,10,sqrt,0.0001,133,15.977443609022556,16,33347,250.72932330827066
successive,2,0.20401891699293628,0.8950106292293725,0.8966861598440545,133,16.0,4,10,sqrt,1e-05,133,15.977443609022556,16,33849,254.50375939849624
successive,2,0.20898258400848135,0.8950106292293725,0.8966861598440545,133,16.0,4,10,sqrt,0.0,133,15.984962406015038,16,35139,264.203007518797
successive,2,0.6595154160022503,0.8948560307678532,0.8966861598440545,133,20.0,1,5,0.5,0.001,133,19.992481203007518,20,24853,186.86466165413535
successive,3,0.3066113749955548,0.8948395020855567,0.8966861598440545,217,20.0,1,10,log2,0.001,217,19.0,20,57865,266.6589861751152
successive,2,0.2130498750047991,0.894809388285582,0.8966861598440545,133,12.0,1,2,sqrt,0.001,133,12.0,12,27871,209.5563909774436
successive,1,0.09351191700261552,0.8947827823552166,0.8966861598440545,50,20.0,1,10,sqrt,0.001,50,19.34,20,11848,236.96
successive,3,0.9947503750008764,0.894768475433845,0.8966861598440545,217,20.0,4,2,0.5,0.001,217,19.99078341013825,20,32817,151.23041474654377
successive,3,0.9988848329958273,0.894768475433845,0.8966861598440545,217,20.0,4,5,0.5,0.001,217,19.99078341013825,20,32817,151.23041474654377
successive,3,1.0500102920050267,0.894768475433845,0.8966861598440545,217,20.0,4,7,0.5,0.001,217,19.99078341013825,20,32817,151.23041474654377
successive,4,0.48754704200837296,0.8947553428306695,0.8966861598440545,300,20.0,4,2,sqrt,0.0001,300,19.466666666666665,20,87948,293.16
successive,4,0.45230225000705104,0.8947553428306695,0.8966861598440545,300,20.0,4,5,sqrt,0.0001,300,19.466666666666665,20,87948,293.16
successive,4,0.46278699999675155,0.8947553428306695,0.8966861598440545,300,20.0,4,7,sqrt,0.0001,300,19.466666666666665,20,87948,293.16
successive,2,0.20222558399836998,0.8946294065095126,0.8966861598440545,133,20.0,4,10,sqrt,0.001,133,18.639097744360903,20,27073,203.5563909774436
successive,1,0.2596279169956688,0.8943942909774683,0.8966861598440545,50,,4,2,0.5,0.001,50,25.42,31,8324,166.48
successive,1,0.2665527499921154,0.8943942909774683,0.8966861598440545,50,,4,5,0.5,0.001,50,25.42,31,8324,166.48
successive,1,0.28076133399736136,0.8943942909774683,0.8966861598440545,50,,4,7,0.5,0.001,50,25.42,31,8324,166.48
successive,1,0.27219370800594334,0.8943621481013404,0.8966861598440545,50,,1,10,0.5,0.001,50,26.74,34,9288,185.76
successive,1,0.09301891700306442,0.8943308479940514,0.8966861598440545,50,12.0,1,10,sqrt,0.0001,50,12.0,12,10300,206.0
successive,1,0.09060012499685399,0.8943308479940514,0.8966861598440545,50,12.0,1,10,sqrt,1e-05,50,12.0,12,10360,207.2
successive,1,0.0964325840031961,0.8943308479940514,0.8966861598440545,50,12.0,1,10,sqrt,0.0,50,12.0,12,10666,213.32
successive,3,0.9986820420017466,0.8941185271741533,0.8966861598440545,217,,4,2,0.5,0.001,217,25.40552995391705,33,36653,168.9078341013825
successive,3,1.007153250000556,0.8941185271741533,0.8966861598440545,217,,4,5,0.5,0.001,217,25.40552995391705,33,36653,168.9078341013825
successive,3,1.002979625001899,0.8941185271741533,0.8966861598440545,217,,4,7,0.5,0.001,217,25.40552995391705,33,36653,168.9078341013825
successive,2,0.18902437499491498,0.8938084132719036,0.8947368421052632,133,,1,2,log2,0.001,133,20.834586466165412,27,45219,339.9924812030075
successive,2,0.18973949999781325,0.8937472453688966,0.8947368421052632,133,,1,10,log2,0.0001,133,21.293233082706767,32,45945,345.45112781954884
successive,2,0.18913975000032224,0.8937472453688966,0.8947368421052632,133,,1,10,log2,1e-05,133,21.32330827067669,32,46489,349.54135338345867
successive,2,0.18585966700629797,0.8937472453688966,0.8947368421052632,133,,1,10,log2,0.0,133,21.413533834586467,32,47899,360.14285714285717
successive,1,0.08475616699433886,0.8936993996047065,0.8947368421052632,50,,1,10,log2,1e-05,50,21.42,27,17566,351.32
successive,1,0.08096674999978859,0.8936993996047065,0.8947368421052632,50,,1,10,log2,0.0,50,21.52,28,18086,361.72
successive,1,0.08179625000047963,0.8936732398096467,0.8947368421052632,50,16.0,1,10,log2,1e-05,50,15.98,16,15936,318.72
successive,1,0.08295883401297033,0.8936732398096467,0.8947368421052632,50,16.0,1,10,log2,0.0,50,15.98,16,16360,327.2
successive,3,0.30702537500474136,0.8935704468576839,0.8947368421052632,217,,1,10,log2,0.0001,217,21.52995391705069,32,74719,344.3271889400922
successive,3,0.30061158300668467,0.8935704468576839,0.8947368421052632,217,,1,10,log2,1e-05,217,21.57603686635945,32,75605,348.41013824884794
successive,3,0.2986240410100436,0.8935704468576839,0.8947368421052632,217,,1,10,log2,0.0,217,21.649769585253456,32,77919,359.073732718894
successive,2,0.628971875004936,0.8935187613075107,0.8947368421052632,133,16.0,1,10,0.5,0.001,133,16.0,16,17869,134.35338345864662
successive,2,0.2055564580077771,0.8934974715084084,0.8947368421052632,133,16.0,4,2,sqrt,0.001,133,15.962406015037594,16,26203,197.01503759398497
successive,2,0.23304170799383428,0.8934974715084084,0.8947368421052632,133,16.0,4,5,sqrt,0.001,133,15.962406015037594,16,26203,197.01503759398497
successive,2,0.21471379199647345,0.8934974715084084,0.8947368421052632,133,16.0,4,7,sqrt,0.001,133,15.962406015037594,16,26203,197.01503759398497
successive,1,0.08249833399895579,0.8934202311998931,0.8947368421052632,50,,1,10,log2,0.001,50,19.92,25,13474,269.48
successive,2,0.19066320799174719,0.8933379222237801,0.8947368421052632,133,16.0,4,10,log2,1e-05,133,15.984962406015038,16,38351,288.3533834586466
successive,2,0.17899887499515899,0.8933379222237801,0.8947368421052632,133,16.0,4,10,log2,0.0,133,15.984962406015038,16,39671,298.2781954887218
successive,3,0.9939113750006072,0.8932742357586292,0.8947368421052632,217,16.0,1,5,0.5,0.001,217,16.0,16,33095,152.5115207373272
successive,2,0.17580358299892396,0.8931601847692601,0.8947368421052632,133,20.0,4,10,log2,1e-05,133,18.849624060150376,20,40733,306.2631578947368
successive,2,0.17404833401087672,0.8931601847692601,0.8947368421052632,133,20.0,4,10,log2,0.0,133,18.86466165413534,20,42133,316.7894736842105
successive,1,0.09431775000120979,0.8931502806676584,0.8947368421052632,50,,4,10,sqrt,0.0001,50,20.58,28,13530,270.6
successive,1,0.09468479099450633,0.8931502806676584,0.8947368421052632,50,,4,10,sqrt,1e-05,50,20.64,28,13774,275.48
successive,1,0.09200000000419095,0.8931502806676584,0.8947368421052632,50,,4,10,sqrt,0.0,50,20.68,28,14270,285.4
successive,3,0.3421236249996582,0.893140208920381,0.8947368421052632,217,,4,10,sqrt,0.0001,217,20.617511520737327,28,59515,274.26267281105993
successive,3,0.34378383299917914,0.893140208920381,0.8947368421052632,217,,4,10,sqrt,1e-05,217,20.691244239631338,28,60537,278.97235023041475
successive,3,0.3448490830051014,0.893140208920381,0.8947368421052632,217,,4,10,sqrt,0.0,217,20.72811059907834,28,62833,289.55299539170505
successive,2,0.18984870800341014,0.893121979171763,0.8947368421052632,133,20.0,1,10,log2,0.001,133,18.8796992481203,20,35713,268.5187969924812
successive,3,0.29169279099733103,0.8930971276417886,0.8947368421052632,217,,1,10,log2,0.001,217,20.22119815668203,28,58615,270.1152073732719
successive,3,0.3405069580039708,0.8930320584090048,0.8947368421052632,217,20.0,4,10,sqrt,0.001,217,18.755760368663594,20,44307,204.17972350230414
successive,2,0.1894356659904588,0.8930034398401978,0.8947368421052632,133,20.0,4,10,log2,0.001,133,18.203007518796994,20,29549,222.17293233082708
successive,1,0.2537488329980988,0.8929951435703196,0.8947368421052632,50,16.0,1,5,0.5,0.001,50,16.0,16,7728,154.56
successive,3,0.31381691701244563,0.8929592004844431,0.8947368421052632,217,20.0,4,10,log2,0.001,217,18.092165898617512,20,48037,221.36866359447004
successive,2,0.20389070799865294,0.8929570977814848,0.8947368421052632,133,20.0,4,2,sqrt,0.001,133,18.954887218045112,20,28267,212.53383458646616
successive,2,0.20090416699531488,0.8929570977814848,0.8947368421052632,133,20.0,4,5,sqrt,0.001,133,18.954887218045112,20,28267,212.53383458646616
successive,2,0.20152579199930187,0.8929570977814848,0.8947368421052632,133,20.0,4,7,sqrt,0.001,133,18.954887218045112,20,28267,212.53383458646616
successive,3,0.3382411249913275,0.8929520147037093,0.8947368421052632,217,,4,2,sqrt,0.0001,217,21.341013824884794,29,65095,299.9769585253456
successive,3,0.33207808299630415,0.8929520147037093,0.8947368421052632,217,,4,5,sqrt,0.0001,217,21.341013824884794,29,65095,299.9769585253456
successive,3,0.3459328750032,0.8929520147037093,0.8947368421052632,217,,4,7,sqrt,0.0001,217,21.341013824884794,29,65095,299.9769585253456
successive,3,0.33885983300569933,0.8929520147037093,0.8947368421052632,217,,4,2,sqrt,1e-05,217,21.442396313364057,29,66389,305.9400921658986
successive,3,0.34800170800008345,0.8929520147037093,0.8947368421052632,217,,4,5,sqrt,1e-05,217,21.442396313364057,29,66389,305.9400921658986
successive,3,0.3508107499947073,0.8929520147037093,0.8947368421052632,217,,4,7,sqrt,1e-05,217,21.442396313364057,29,66389,305.9400921658986
successive,3,0.3410738329985179,0.8929520147037093,0.8947368421052632,217,,4,2,sqrt,0.0,217,21.497695852534562,29,68971,317.83870967741933
successive,3,0.33442674999241717,0.8929520147037093,0.8947368421052632,217,,4,5,sqrt,0.0,217,21.497695852534562,29,68971,317.83870967741933
successive,3,0.3590898330003256,0.8929520147037093,0.8947368421052632,217,,4,7,sqrt,0.0,217,21.497695852534562,29,68971,317.83870967741933
successive,2,0.1816886250016978,0.892940513073143,0.8947368421052632,133,,1,10,log2,0.001,133,19.954887218045112,28,36045,271.01503759398497
successive,2,0.211889041995164,0.8928921220705547,0.8947368421052632,133,20.0,4,2,sqrt,0.0001,133,19.43609022556391,20,39001,293.2406015037594
successive,2,0.20496420799463522,0.8928921220705547,0.8947368421052632,133,20.0,4,5,sqrt,0.0001,133,19.43609022556391,20,39001,293.2406015037594
successive,2,0.2101607079966925,0.8928921220705547,0.8947368421052632,133,20.0,4,7,sqrt,0.0001,133,19.43609022556391,20,39001,293.2406015037594
successive,2,0.20696966600371525,0.8928921220705547,0.8947368421052632,133,20.0,4,2,sqrt,1e-05,133,19.481203007518797,20,39733,298.74436090225566
successive,2,0.21479966600600164,0.8928921220705547,0.8947368421052632,133,20.0,4,5,sqrt,1e-05,133,19.481203007518797,20,39733,298.74436090225566
successive,2,0.21591324999462813,0.8928921220705547,0.8947368421052632,133,20.0,4,7,sqrt,1e-05,133,19.481203007518797,20,39733,298.74436090225566
successive,2,0.19941066698811483,0.8928921220705547,0.8947368421052632,133,20.0,4,2,sqrt,0.0,133,19.49624060150376,20,41337,310.8045112781955
successive,2,0.1995660829998087,0.8928921220705547,0.8947368421052632,133,20.0,4,5,sqrt,0.0,133,19.49624060150376,20,41337,310.8045112781955
successive,2,0.20402350000222214,0.8928921220705547,0.8947368421052632,133,20.0,4,7,sqrt,0.0,133,19.49624060150376,20,41337,310.8045112781955
successive,3,1.0051446670113364,0.8928619366755013,0.8947368421052632,217,16.0,1,2,0.5,0.001,217,16.0,16,34151,157.3778801843318
successive,2,0.20715529199515004,0.8928156872463614,0.8947368421052632,133,,4,2,sqrt,0.001,133,20.278195488721803,29,28749,216.1578947368421
successive,2,0.2009875829971861,0.8928156872463614,0.8947368421052632,133,,4,5,sqrt,0.001,133,20.278195488721803,29,28749,216.1578947368421
successive,2,0.20509362500160933,0.8928156872463614,0.8947368421052632,133,,4,7,sqrt,0.001,133,20.278195488721803,29,28749,216.1578947368421
successive,3,0.3238952910032822,0.8925982584426116,0.8947368421052632,217,,4,2,log2,1e-05,217,20.027649769585253,27,74991,345.5806451612903
successive,3,0.30943624999781605,0.8925982584426116,0.8947368421052632,217,,4,5,log2,1e-05,217,20.027649769585253,27,74991,345.5806451612903
successive,3,0.2988947910052957,0.8925982584426116,0.8947368421052632,217,,4,7,log2,1e-05,217,20.027649769585253,27,74991,345.5806451612903
successive,3,0.29170858299767133,0.8925982584426116,0.8947368421052632,217,,4,2,log2,0.0,217,20.06451612903226,27,77779,358.42857142857144
successive,3,0.29625791701255366,0.8925982584426116,0.8947368421052632,217,,4,5,log2,0.0,217,20.06451612903226,27,77779,358.42857142857144
successive,3,0.28827195799385663,0.8925982584426116,0.8947368421052632,217,,4,7,log2,0.0,217,20.06451612903226,27,77779,358.42857142857144
successive,1,0.08905370799766388,0.8925634527920289,0.8947368421052632,50,12.0,1,7,sqrt,0.001,50,12.0,12,9184,183.68
successive,1,0.26850679199560545,0.892199321289839,0.8947368421052632,50,20.0,1,7,0.5,0.001,50,19.96,20,8822,176.44
successive,1,0.25446195800032,0.8921312247729615,0.8927875243664717,50,16.0,1,2,0.5,0.001,50,16.0,16,7900,158.0
successive,1,0.2522060000046622,0.8920622297707081,0.8947368421052632,50,20.0,4,2,0.5,0.001,50,20.0,20,7448,148.96
successive,1,0.2682236659893533,0.8920622297707081,0.8947368421052632,50,20.0,4,5,0.5,0.001,50,20.0,20,7448,148.96
successive,1,0.2645695419923868,0.8920622297707081,0.8947368421052632,50,20.0,4,7,0.5,0.001,50,20.0,20,7448,148.96
successive,2,0.6248835829901509,0.8919021916944647,0.8927875243664717,133,16.0,1,2,0.5,0.001,133,16.0,16,20829,156.60902255639098
successive,2,0.6275998339988291,0.891840212444892,0.8947368421052632,133,,4,2,0.5,0.001,133,25.285714285714285,31,22347,168.02255639097746
successive,2,0.6234336659981636,0.891840212444892,0.8947368421052632,133,,4,5,0.5,0.001,133,25.285714285714285,31,22347,168.02255639097746
successive,2,0.6500341250066413,0.891840212444892,0.8947368421052632,133,,4,7,0.5,0.001,133,25.285714285714285,31,22347,168.02255639097746
successive,2,0.186985457999981,0.891814173657687,0.8927875243664717,133,20.0,1,2,log2,0.001,133,19.2406015037594,20,44269,332.8496240601504
successive,2,0.19148324998968747,0.8917384061058599,0.8927875243664717,133,8.0,1,7,sqrt,0.0001,133,8.0,8,16433,123.55639097744361
successive,2,0.19217016699258238,0.8917384061058599,0.8927875243664717,133,8.0,1,7,sqrt,1e-05,133,8.0,8,16477,123.88721804511279
successive,2,0.1963880829862319,0.8917384061058599,0.8927875243664717,133,8.0,1,7,sqrt,0.0,133,8.0,8,16885,126.95488721804512
successive,1,0.09436154100694694,0.8914702076667536,0.8927875243664717,50,20.0,1,5,log2,0.001,50,19.42,20,15862,317.24
successive,2,0.17908266601443756,0.8914595993273168,0.8927875243664717,133,12.0,1,7,log2,0.0001,133,12.0,12,36327,273.1353383458647
successive,2,0.17856262500572484,0.8914595993273168,0.8927875243664717,133,12.0,1,7,log2,1e-05,133,12.0,12,36577,275.01503759398497
successive,2,0.18124662499758415,0.8914595993273168,0.8927875243664717,133,12.0,1,7,log2,0.0,133,12.0,12,37549,282.3233082706767
successive,2,0.1872129999974277,0.8914295280499397,0.8927875243664717,133,16.0,4,10,log2,0.0001,133,15.977443609022556,16,37499,281.94736842105266
successive,2,0.18803520798974205,0.891385908297881,0.8927875243664717,133,,4,10,log2,0.0001,133,19.593984962406015,28,40111,301.5864661654135
successive,2,0.20823225000640377,0.891385908297881,0.8927875243664717,133,,4,10,log2,1e-05,133,19.68421052631579,28,41037,308.54887218045116
successive,2,0.1774604999955045,0.891385908297881,0.8927875243664717,133,,4,10,log2,0.0,133,19.714285714285715,28,42445,319.1353383458647
successive,1,0.08372554200468585,0.89138477689551,0.8927875243664717,50,16.0,4,10,log2,0.0001,50,15.98,16,13908,278.16
successive,1,0.08292733298731036,0.89138477689551,0.8927875243664717,50,16.0,4,10,log2,1e-05,50,15.98,16,14204,284.08
successive,1,0.08368974999757484,0.89138477689551,0.8927875243664717,50,16.0,4,10,log2,0.0,50,15.98,16,14668,293.36
successive,1,0.09351033299753908,0.8912470772164253,0.8927875243664717,50,20.0,4,10,sqrt,0.001,50,18.78,20,10052,201.04
successive,2,0.17599795800924767,0.8912362204959893,0.8927875243664717,133,,4,10,log2,0.001,133,18.62406015037594,27,29701,223.31578947368422
successive,2,0.20425412499753293,0.8911761978326133,0.8927875243664717,133,12.0,4,2,sqrt,0.0001,133,12.0,12,28379,213.37593984962405
successive,2,0.23049216700019315,0.8911761978326133,0.8927875243664717,133,12.0,4,5,sqrt,0.0001,133,12.0,12,28379,213.37593984962405
successive,2,0.20228820799093228,0.8911761978326133,0.8927875243664717,133,12.0,4,7,sqrt,0.0001,133,12.0,12,28379,213.37593984962405
successive,2,0.20101395800884347,0.8911761978326133,0.8927875243664717,133,12.0,4,2,sqrt,1e-05,133,12.0,12,28849,216.90977443609023
successive,2,0.20792841698857956,0.8911761978326133,0.8927875243664717,133,12.0,4,5,sqrt,1e-05,133,12.0,12,28849,216.90977443609023
successive,2,0.20712045799882617,0.8911761978326133,0.8927875243664717,133,12.0,4,7,sqrt,1e-05,133,12.0,12,28849,216.90977443609023
successive,2,0.2008772920089541,0.8911761978326133,0.8927875243664717,133,12.0,4,2,sqrt,0.0,133,12.0,12,29893,224.7593984962406
successive,2,0.1974583330011228,0.8911761978326133,0.8927875243664717,133,12.0,4,5,sqrt,0.0,133,12.0,12,29893,224.7593984962406
successive,2,0.20346525000059046,0.8911761978326133,0.8927875243664717,133,12.0,4,7,sqrt,0.0,133,12.0,12,29893,224.7593984962406
successive,2,0.17889399999694433,0.8911648179979413,0.8927875243664717,133,20.0,4,10,log2,0.0001,133,18.81203007518797,20,39825,299.43609022556393
successive,3,0.3620602080045501,0.8911420173673951,0.8927875243664717,217,,4,10,sqrt,0.001,217,19.5852534562212,27,44735,206.1520737327189
successive,1,0.08878504199674353,0.8911367933179443,0.8927875243664717,50,12.0,4,2,sqrt,0.001,50,12.0,12,7940,158.8
successive,1,0.08973154200066347,0.8911367933179443,0.8927875243664717,50,12.0,4,5,sqrt,0.001,50,12.0,12,7940,158.8
successive,1,0.0931581670010928,0.8911367933179443,0.8927875243664717,50,12.0,4,7,sqrt,0.001,50,12.0,12,7940,158.8
successive,2,0.18583333400601987,0.8911104713742388,0.8927875243664717,133,12.0,1,5,log2,0.001,133,12.0,12,30045,225.90225563909775
successive,3,0.3095957919867942,0.8910864969413798,0.8927875243664717,217,20.0,4,10,log2,0.0001,217,18.806451612903224,20,64813,298.6774193548387
successive,3,0.2962374579947209,0.8910864969413798,0.8927875243664717,217,20.0,4,10,log2,1e-05,217,18.870967741935484,20,66425,306.10599078341016
successive,3,0.2967004999954952,0.8910864969413798,0.8927875243664717,217,20.0,4,10,log2,0.0,217,18.889400921658986,20,68661,316.41013824884794
successive,3,1.0023580419947393,0.8910367798611076,0.8927875243664717,217,20.0,4,10,0.5,0.0001,217,19.967741935483872,20,39623,182.59447004608296
successive,3,0.982737582991831,0.8910367798611076,0.8927875243664717,217,20.0,4,10,0.5,1e-05,217,19.967741935483872,20,39713,183.00921658986175
successive,3,1.0055738749942975,0.8910367798611076,0.8927875243664717,217,20.0,4,10,0.5,0.0,217,19.967741935483872,20,41863,192.91705069124424
successive,3,0.350263582993648,0.8910211164441583,0.8927875243664717,217,20.0,4,2,sqrt,0.001,217,18.995391705069125,20,46417,213.90322580645162
successive,3,0.3341257499996573,0.8910211164441583,0.8927875243664717,217,20.0,4,5,sqrt,0.001,217,18.995391705069125,20,46417,213.90322580645162
successive,3,0.343959250007174,0.8910211164441583,0.8927875243664717,217,20.0,4,7,sqrt,0.001,217,18.995391705069125,20,46417,213.90322580645162
successive,3,0.3389860829920508,0.890973203736423,0.8927875243664717,217,16.0,4,2,sqrt,0.0001,217,15.990783410138249,16,58311,268.7142857142857
successive,3,0.3506002089998219,0.890973203736423,0.8927875243664717,217,16.0,4,5,sqrt,0.0001,217,15.990783410138249,16,58311,268.7142857142857
successive,3,0.34837358399818186,0.890973203736423,0.8927875243664717,217,16.0,4,7,sqrt,0.0001,217,15.990783410138249,16,58311,268.7142857142857
successive,2,0.20448541699443012,0.890854845307982,0.8927875243664717,133,12.0,1,7,sqrt,0.001,133,12.0,12,25695,193.1954887218045
successive,3,0.29529729099886026,0.89077518452024,0.8927875243664717,217,16.0,1,10,log2,0.001,217,15.972350230414747,16,54353,250.47465437788017
successive,3,0.998606707988074,0.8907687603389468,0.8927875243664717,217,16.0,1,7,0.5,0.001,217,16.0,16,31649,145.8479262672811
successive,3,0.34641120900050737,0.8906964758240515,0.8927875243664717,217,16.0,4,2,sqrt,0.001,217,15.972350230414747,16,43015,198.2258064516129
successive,3,0.341141458004131,0.8906964758240515,0.8927875243664717,217,16.0,4,5,sqrt,0.001,217,15.972350230414747,16,43015,198.2258064516129
successive,3,0.33873874999699183,0.8906964758240515,0.8927875243664717,217,16.0,4,7,sqrt,0.001,217,15.972350230414747,16,43015,198.2258064516129
successive,3,0.3105096249928465,0.8906814983666961,0.8927875243664717,217,16.0,1,5,log2,0.001,217,15.981566820276498,16,63317,291.7834101382488
successive,3,0.311507457998232,0.8906502704181566,0.8927875243664717,217,,4,2,log2,0.0001,217,19.94009216589862,27,72739,335.2027649769585
successive,3,0.321134792000521,0.8906502704181566,0.8927875243664717,217,,4,5,log2,0.0001,217,19.94009216589862,27,72739,335.2027649769585
successive,3,0.3098110420105513,0.8906502704181566,0.8927875243664717,217,,4,7,log2,0.0001,217,19.94009216589862,27,72739,335.2027649769585
successive,3,0.3173323339869967,0.8906348198316274,0.8927875243664717,217,20.0,1,5,log2,0.001,217,19.336405529953918,20,68685,316.52073732718895
successive,2,0.20658691599965096,0.8905717929744769,0.8927875243664717,133,,4,10,sqrt,0.001,133,19.383458646616543,27,27353,205.66165413533835
successive,2,0.6146776250097901,0.890466063156061,0.8927875243664717,133,20.0,4,10,0.5,0.0001,133,19.984962406015036,20,24143,181.52631578947367
successive,2,0.6116895830055,0.890466063156061,0.8927875243664717,133,20.0,4,10,0.5,1e-05,133,19.984962406015036,20,24191,181.88721804511277
successive,2,0.6173788329906529,0.890466063156061,0.8927875243664717,133,20.0,4,10,0.5,0.0,133,19.984962406015036,20,25483,191.6015037593985
successive,2,0.6406913340033498,0.8904054276964443,0.8927875243664717,133,20.0,4,10,0.5,0.001,133,19.977443609022558,20,19061,143.31578947368422
successive,2,0.19310629199026152,0.890363477104333,0.8927875243664717,133,16.0,1,5,log2,0.001,133,15.977443609022556,16,38943,292.8045112781955
successive,3,1.0057257909938926,0.8902625351511908,0.8927875243664717,217,,4,10,0.5,0.0001,217,26.52995391705069,33,44337,204.3179723502304
successive,3,1.00829079200048,0.8902625351511908,0.8927875243664717,217,,4,10,0.5,1e-05,217,26.571428571428573,33,44481,204.9815668202765
successive,3,1.0436844999931054,0.8902625351511908,0.8927875243664717,217,,4,10,0.5,0.0,217,26.59447004608295,33,46787,215.6082949308756
successive,2,0.6231054590025451,0.889851837912837,0.8927875243664717,133,20.0,4,2,0.5,0.001,133,19.984962406015036,20,20025,150.5639097744361
successive,2,0.6129084999993211,0.889851837912837,0.8927875243664717,133,20.0,4,5,0.5,0.001,133,19.984962406015036,20,20025,150.5639097744361
successive,2,0.6399006249994272,0.889851837912837,0.8927875243664717,133,20.0,4,7,0.5,0.001,133,19.984962406015036,20,20025,150.5639097744361
successive,1,0.0797859580052318,0.8897517656616528,0.8908382066276803,50,16.0,4,10,log2,0.001,50,15.9,16,10508,210.16
successive,1,0.09177462499064859,0.8896328280418453,0.8908382066276803,50,20.0,1,10,log2,0.001,50,19.0,20,13364,267.28
successive,1,0.09388762500020675,0.8895388599980149,0.8908382066276803,50,16.0,4,10,sqrt,0.0001,50,16.0,16,12242,244.84
successive,1,0.09637674999248702,0.8895388599980149,0.8908382066276803,50,16.0,4,10,sqrt,1e-05,50,16.0,16,12438,248.76
successive,1,0.09631129199988209,0.8895388599980149,0.8908382066276803,50,16.0,4,10,sqrt,0.0,50,16.0,16,12930,258.6
successive,3,0.2860435829934431,0.8895336200092533,0.8908382066276803,217,12.0,1,7,log2,0.0001,217,12.0,12,59361,273.55299539170505
successive,3,0.30040383400046267,0.8895336200092533,0.8908382066276803,217,12.0,1,7,log2,1e-05,217,12.0,12,59729,275.2488479262673
successive,3,0.29462433300795965,0.8895336200092533,0.8908382066276803,217,12.0,1,7,log2,0.0,217,12.0,12,61373,282.82488479262673
successive,2,0.6025489999883575,0.8895084791646605,0.8908382066276803,133,16.0,4,2,0.5,0.0001,133,16.0,16,21195,159.3609022556391
successive,2,0.591293040997698,0.8895084791646605,0.8908382066276803,133,16.0,4,5,0.5,0.0001,133,16.0,16,21195,159.3609022556391
successive,2,0.6035777500073891,0.8895084791646605,0.8908382066276803,133,16.0,4,7,0.5,0.0001,133,16.0,16,21195,159.3609022556391
successive,2,0.6262783749989467,0.8895084791646605,0.8908382066276803,133,16.0,4,2,0.5,1e-05,133,16.0,16,21249,159.7669172932331
successive,2,0.6071242920006625,0.8895084791646605,0.8908382066276803,133,16.0,4,5,0.5,1e-05,133,16.0,16,21249,159.7669172932331
successive,2,0.5877343329921132,0.8895084791646605,0.8908382066276803,133,16.0,4,7,0.5,1e-05,133,16.0,16,21249,159.7669172932331
successive,2,0.5824237079941668,0.8895084791646605,0.8908382066276803,133,16.0,4,2,0.5,0.0,133,16.0,16,22439,168.71428571428572
successive,2,0.6010600000008708,0.8895084791646605,0.8908382066276803,133,16.0,4,5,0.5,0.0,133,16.0,16,22439,168.71428571428572
successive,2,0.5961861669929931,0.8895084791646605,0.8908382066276803,133,16.0,4,7,0.5,0.0,133,16.0,16,22439,168.71428571428572
successive,1,0.08312620800279547,0.8894392548313618,0.8908382066276803,50,20.0,4,10,log2,0.0001,50,18.92,20,14844,296.88
successive,1,0.0810387920064386,0.8894392548313618,0.8908382066276803,50,20.0,4,10,log2,1e-05,50,18.92,20,15168,303.36
successive,1,0.07756604200403672,0.8894392548313618,0.8908382066276803,50,20.0,4,10,log2,0.0,50,18.96,20,15676,313.52
successive,1,0.09670799999730662,0.8893749622396037,0.8908382066276803,50,,4,10,sqrt,0.001,50,19.58,27,10172,203.44
successive,2,0.21173224999802187,0.8893634944485218,0.8908382066276803,133,12.0,1,10,sqrt,0.0001,133,12.0,12,28469,214.05263157894737
successive,2,0.20222129099420272,0.8893634944485218,0.8908382066276803,133,12.0,1,10,sqrt,1e-05,133,12.0,12,28643,215.3609022556391
successive,2,0.20136654199450277,0.8893634944485218,0.8908382066276803,133,12.0,1,10,sqrt,0.0,133,12.0,12,29511,221.88721804511277
successive,1,0.0936708330118563,0.8893502760213156,0.8908382066276803,50,20.0,4,10,log2,0.001,50,18.42,20,11052,221.04
successive,3,0.2971963329910068,0.8893245843226933,0.8908382066276803,217,16.0,4,10,log2,0.0001,217,15.981566820276498,16,61125,281.68202764976957
successive,3,0.29653749999124557,0.8893245843226933,0.8908382066276803,217,16.0,4,10,log2,1e-05,217,15.986175115207374,16,62555,288.2718894009217
successive,3,0.26732450000417884,0.8893245843226933,0.8908382066276803,217,16.0,4,10,log2,0.0,217,15.986175115207374,16,64725,298.2718894009217
successive,1,0.08602183300536126,0.8893059423122672,0.8908382066276803,50,16.0,1,5,log2,0.001,50,15.98,16,14458,289.16
successive,2,0.17723679199116305,0.8893020349525526,0.8908382066276803,133,16.0,4,10,log2,0.001,133,15.8796992481203,16,28129,211.49624060150376
successive,3,0.3085957919975044,0.8892597659303159,0.8908382066276803,217,,4,10,log2,0.0001,217,19.68663594470046,30,65307,300.95391705069125
successive,3,0.29906683300214354,0.8892597659303159,0.8908382066276803,217,,4,10,log2,1e-05,217,19.783410138248847,30,66927,308.4193548387097
successive,3,0.2903832500014687,0.8892597659303159,0.8908382066276803,217,,4,10,log2,0.0,217,19.820276497695854,30,69187,318.8341013824885
successive,1,0.08114433300215751,0.8892527613187698,0.8908382066276803,50,,4,10,log2,0.001,50,18.86,24,11110,222.2
successive,3,0.3213762919913279,0.8892144484989774,0.8908382066276803,217,,4,10,log2,0.001,217,18.5852534562212,30,48337,222.75115207373273
successive,3,0.2909897499921499,0.8892094424661445,0.8908382066276803,217,16.0,4,10,log2,0.001,217,15.847926267281107,16,45815,211.1290322580645
successive,3,0.3342450420022942,0.8891899654866922,0.8908382066276803,217,12.0,4,2,sqrt,0.0001,217,12.0,12,45949,211.74654377880185
successive,3,0.3303250410099281,0.8891899654866922,0.8908382066276803,217,12.0,4,5,sqrt,0.0001,217,12.0,12,45949,211.74654377880185
successive,3,0.33668945799581707,0.8891899654866922,0.8908382066276803,217,12.0,4,7,sqrt,0.0001,217,12.0,12,45949,211.74654377880185
successive,3,0.3291445000068052,0.8891899654866922,0.8908382066276803,217,12.0,4,2,sqrt,1e-05,217,12.0,12,46729,215.34101382488478
successive,3,0.3303449160011951,0.8891899654866922,0.8908382066276803,217,12.0,4,5,sqrt,1e-05,217,12.0,12,46729,215.34101382488478
successive,3,0.3288349579961505,0.8891899654866922,0.8908382066276803,217,12.0,4,7,sqrt,1e-05,217,12.0,12,46729,215.34101382488478
successive,3,0.3293616250011837,0.8891899654866922,0.8908382066276803,217,12.0,4,2,sqrt,0.0,217,12.0,12,48413,223.10138248847926
successive,3,0.32317016599699855,0.8891899654866922,0.8908382066276803,217,12.0,4,5,sqrt,0.0,217,12.0,12,48413,223.10138248847926
successive,3,0.32988416599982884,0.8891899654866922,0.8908382066276803,217,12.0,4,7,sqrt,0.0,217,12.0,12,48413,223.10138248847926
successive,1,0.08020041699637659,0.8890556578194199,0.8908382066276803,50,,4,2,log2,0.001,50,18.56,25,11740,234.8
successive,1,0.08785454199824017,0.8890556578194199,0.8908382066276803,50,,4,5,log2,0.001,50,18.56,25,11740,234.8
successive,1,0.08058245800202712,0.8890556578194199,0.8908382066276803,50,,4,7,log2,0.001,50,18.56,25,11740,234.8
successive,1,0.08215766699868254,0.8890353356458129,0.8908382066276803,50,12.0,1,7,log2,0.0001,50,12.0,12,13240,264.8
successive,1,0.08140045800246298,0.8890353356458129,0.8908382066276803,50,12.0,1,7,log2,1e-05,50,12.0,12,13330,266.6
successive,1,0.08218908299750183,0.8890353356458129,0.8908382066276803,50,12.0,1,7,log2,0.0,50,12.0,12,13680,273.6
successive,1,0.08234400000947062,0.8890288465677348,0.8908382066276803,50,20.0,4,2,log2,0.001,50,18.14,20,11674,233.48
successive,1,0.07976120899547823,0.8890288465677348,0.8908382066276803,50,20.0,4,5,log2,0.001,50,18.14,20,11674,233.48
successive,1,0.08320616600394715,0.8890288465677348,0.8908382066276803,50,20.0,4,7,log2,0.001,50,18.14,20,11674,233.48
successive,3,0.3597275409993017,0.889021213310582,0.8908382066276803,217,,4,2,sqrt,0.001,217,20.211981566820278,29,47213,217.57142857142858
successive,3,0.3358307500020601,0.889021213310582,0.8908382066276803,217,,4,5,sqrt,0.001,217,20.211981566820278,29,47213,217.57142857142858
successive,3,0.3454710000078194,0.889021213310582,0.8908382066276803,217,,4,7,sqrt,0.001,217,20.211981566820278,29,47213,217.57142857142858
successive,1,0.09501779099809937,0.8890171469459085,0.8908382066276803,50,12.0,1,5,sqrt,0.001,50,12.0,12,9484,189.68
successive,1,0.08193379099247977,0.8890027808898964,0.8908382066276803,50,16.0,1,10,log2,0.001,50,15.96,16,12498,249.96
successive,3,0.3480434579978464,0.8889992564292826,0.8908382066276803,217,16.0,4,2,sqrt,1e-05,217,15.990783410138249,16,59389,273.68202764976957
successive,3,0.3411026250105351,0.8889992564292826,0.8908382066276803,217,16.0,4,5,sqrt,1e-05,217,15.990783410138249,16,59389,273.68202764976957
successive,3,0.36979312500625383,0.8889992564292826,0.8908382066276803,217,16.0,4,7,sqrt,1e-05,217,15.990783410138249,16,59389,273.68202764976957
successive,3,0.330745166997076,0.8889992564292826,0.8908382066276803,217,16.0,4,2,sqrt,0.0,217,15.990783410138249,16,61699,284.3271889400922
successive,3,0.33807733398862183,0.8889992564292826,0.8908382066276803,217,16.0,4,5,sqrt,0.0,217,15.990783410138249,16,61699,284.3271889400922
successive,3,0.3586974579957314,0.8889992564292826,0.8908382066276803,217,16.0,4,7,sqrt,0.0,217,15.990783410138249,16,61699,284.3271889400922
successive,2,0.6216964999912307,0.8889119858096936,0.8908382066276803,133,,4,10,0.5,0.0001,133,26.48872180451128,32,27049,203.37593984962405
successive,2,0.6282108339946717,0.8889119858096936,0.8908382066276803,133,,4,10,0.5,1e-05,133,26.518796992481203,32,27135,204.02255639097746
successive,2,0.639361583002028,0.8889119858096936,0.8908382066276803,133,,4,10,0.5,0.0,133,26.533834586466167,32,28517,214.41353383458647
successive,3,0.29958037499454804,0.8887961625625983,0.8908382066276803,217,20.0,4,2,log2,0.0001,217,18.94009216589862,20,71745,330.6221198156682
successive,3,0.2949736659938935,0.8887961625625983,0.8908382066276803,217,20.0,4,5,log2,0.0001,217,18.94009216589862,20,71745,330.6221198156682
successive,3,0.3023345830006292,0.8887961625625983,0.8908382066276803,217,20.0,4,2,log2,1e-05,217,18.972350230414747,20,73913,340.61290322580646
successive,3,0.3046112500014715,0.8887961625625983,0.8908382066276803,217,20.0,4,5,log2,1e-05,217,18.972350230414747,20,73913,340.61290322580646
successive,3,0.2989318330073729,0.8887961625625983,0.8908382066276803,217,20.0,4,7,log2,1e-05,217,18.972350230414747,20,73913,340.61290322580646
successive,3,0.29895183398912195,0.8887961625625983,0.8908382066276803,217,20.0,4,2,log2,0.0,217,18.99078341013825,20,76653,353.2396313364055
successive,3,0.29242137500841636,0.8887961625625983,0.8908382066276803,217,20.0,4,5,log2,0.0,217,18.99078341013825,20,76653,353.2396313364055
successive,3,0.28198891700594686,0.8887961625625983,0.8908382066276803,217,20.0,4,7,log2,0.0,217,18.99078341013825,20,76653,353.2396313364055
successive,2,0.18769412499386817,0.8887263950038592,0.8908382066276803,133,16.0,1,10,log2,0.001,133,15.954887218045112,16,33401,251.13533834586465
successive,3,0.29515733299194835,0.8886166441514173,0.8908382066276803,217,12.0,1,5,log2,0.001,217,12.0,12,48961,225.6267281105991
successive,3,0.33734279200143646,0.8885968021722834,0.8908382066276803,217,12.0,1,7,sqrt,0.001,217,12.0,12,42021,193.6451612903226
successive,2,0.6388609999994515,0.8884199654675146,0.8908382066276803,133,16.0,1,7,0.5,0.001,133,16.0,16,19397,145.8421052631579
successive,1,0.08262370800366625,0.8878877888164206,0.8888888888888888,50,20.0,1,10,log2,0.0001,50,19.5,20,17032,340.64
successive,1,0.08085183300136123,0.8878877888164206,0.8888888888888888,50,20.0,1,10,log2,1e-05,50,19.5,20,17260,345.2
successive,1,0.07976975000929087,0.8878877888164206,0.8888888888888888,50,20.0,1,10,log2,0.0,50,19.54,20,17766,355.32
successive,1,0.09340120900014881,0.8874565995891422,0.8888888888888888,50,12.0,4,10,sqrt,0.0001,50,12.0,12,9548,190.96
successive,1,0.09738429199205711,0.8874565995891422,0.8888888888888888,50,12.0,4,10,sqrt,1e-05,50,12.0,12,9694,193.88
successive,1,0.09911608298716601,0.8874565995891422,0.8888888888888888,50,12.0,4,10,sqrt,0.0,50,12.0,12,10058,201.16
successive,3,0.34740666700236034,0.8872218468481706,0.8888888888888888,217,16.0,4,10,sqrt,0.001,217,15.940092165898617,16,41287,190.2626728110599
successive,1,0.08157375000882894,0.8871419720847957,0.8888888888888888,50,,1,5,log2,0.001,50,21.18,27,16224,324.48
successive,2,0.20410945799085312,0.8871327768548473,0.8888888888888888,133,12.0,4,2,sqrt,0.001,133,12.0,12,21413,161.0
successive,2,0.20468579199223313,0.8871327768548473,0.8888888888888888,133,12.0,4,5,sqrt,0.001,133,12.0,12,21413,161.0
successive,2,0.1998863749904558,0.8871327768548473,0.8888888888888888,133,12.0,4,7,sqrt,0.001,133,12.0,12,21413,161.0
successive,2,0.6390160829905653,0.8871268919631791,0.8888888888888888,133,16.0,1,5,0.5,0.001,133,16.0,16,20175,151.69172932330827
successive,2,0.18329895799979568,0.8871266409392196,0.8888888888888888,133,20.0,4,2,log2,1e-05,133,18.924812030075188,20,45649,343.22556390977445
successive,2,0.18615666699770372,0.8871266409392196,0.8888888888888888,133,20.0,4,5,log2,1e-05,133,18.924812030075188,20,45649,343.22556390977445
successive,2,0.19060437500593252,0.8871266409392196,0.8888888888888888,133,20.0,4,7,log2,1e-05,133,18.924812030075188,20,45649,343.22556390977445
successive,2,0.1902952499949606,0.8871266409392196,0.8888888888888888,133,20.0,4,2,log2,0.0,133,18.954887218045112,20,47277,355.4661654135338
successive,2,0.17595716699725017,0.8871266409392196,0.8888888888888888,133,20.0,4,5,log2,0.0,133,18.954887218045112,20,47277,355.4661654135338
successive,2,0.18457812498672865,0.8871266409392196,0.8888888888888888,133,20.0,4,7,log2,0.0,133,18.954887218045112,20,47277,355.4661654135338
successive,2,0.23186120900209062,0.8870097780962798,0.8888888888888888,133,16.0,4,10,sqrt,0.001,133,15.924812030075188,16,25265,189.9624060150376
successive,1,0.09729037500801496,0.8869771450237943,0.8888888888888888,50,16.0,4,2,sqrt,0.001,50,15.98,16,9674,193.48
successive,1,0.091744249992189,0.8869771450237943,0.8888888888888888,50,16.0,4,5,sqrt,0.001,50,15.98,16,9674,193.48
successive,1,0.0966024160006782,0.8869771450237943,0.8888888888888888,50,16.0,4,7,sqrt,0.001,50,15.98,16,9674,193.48
successive,1,0.09798829200735781,0.8867057403832314,0.8888888888888888,50,,4,2,sqrt,0.001,50,20.4,26,10738,214.76
successive,1,0.09836341699701734,0.8867057403832314,0.8888888888888888,50,,4,5,sqrt,0.001,50,20.4,26,10738,214.76
successive,1,0.09078837500419468,0.8867057403832314,0.8888888888888888,50,,4,7,sqrt,0.001,50,20.4,26,10738,214.76
successive,3,1.0106862079992425,0.8867037495005522,0.8888888888888888,217,20.0,4,10,0.5,0.001,217,19.963133640552996,20,31269,144.09677419354838
successive,1,0.09651220799423754,0.886679028120673,0.8888888888888888,50,12.0,7,2,sqrt,1e-05,50,12.0,12,8738,174.76
successive,1,0.09442108300572727,0.886679028120673,0.8888888888888888,50,12.0,7,5,sqrt,1e-05,50,12.0,12,8738,174.76
successive,1,0.09350212498975452,0.886679028120673,0.8888888888888888,50,12.0,7,7,sqrt,1e-05,50,12.0,12,8738,174.76
successive,1,0.09500750000006519,0.886679028120673,0.8888888888888888,50,12.0,7,10,sqrt,1e-05,50,12.0,12,8738,174.76
successive,1,0.09599933300341945,0.886679028120673,0.8888888888888888,50,12.0,7,2,sqrt,0.0,50,12.0,12,9096,181.92
successive,1,0.08644920898950659,0.886679028120673,0.8888888888888888,50,12.0,7,5,sqrt,0.0,50,12.0,12,9096,181.92
successive,1,0.09311683299893048,0.886679028120673,0.8888888888888888,50,12.0,7,7,sqrt,0.0,50,12.0,12,9096,181.92
successive,1,0.08381062500120606,0.886679028120673,0.8888888888888888,50,12.0,7,10,sqrt,0.0,50,12.0,12,9096,181.92
successive,1,0.09549920799327083,0.8866514178929426,0.8888888888888888,50,12.0,1,10,sqrt,0.001,50,12.0,12,8622,172.44
successive,1,0.08423441599006765,0.8864999257282382,0.8888888888888888,50,12.0,1,2,log2,0.001,50,12.0,12,11952,239.04
successive,1,0.0837450419930974,0.8863457326851861,0.8888888888888888,50,12.0,4,10,log2,0.001,50,12.0,12,8600,172.0
successive,1,0.09446004200435709,0.886265251664257,0.8888888888888888,50,,7,2,sqrt,0.001,50,18.62,24,8302,166.04
successive,1,0.09327645800658502,0.886265251664257,0.8888888888888888,50,,7,5,sqrt,0.001,50,18.62,24,8302,166.04
successive,1,0.09170737498789094,0.886265251664257,0.8888888888888888,50,,7,7,sqrt,0.001,50,18.62,24,8302,166.04
successive,1,0.09632566600339487,0.886265251664257,0.8888888888888888,50,,7,10,sqrt,0.001,50,18.62,24,8302,166.04
successive,1,0.0822723750025034,0.8858788425830314,0.8869395711500975,50,20.0,4,2,log2,0.0001,50,18.94,20,16592,331.84
successive,1,0.08146654198935721,0.8858788425830314,0.8869395711500975,50,20.0,4,5,log2,0.0001,50,18.94,20,16592,331.84
successive,1,0.08269624999957159,0.8858788425830314,0.8869395711500975,50,20.0,4,7,log2,0.0001,50,18.94,20,16592,331.84
successive,1,0.093350625000312,0.8854772110923477,0.8869395711500975,50,20.0,4,2,sqrt,0.001,50,19.0,20,10506,210.12
successive,1,0.09870062499248888,0.8854772110923477,0.8869395711500975,50,20.0,4,5,sqrt,0.001,50,19.0,20,10506,210.12
successive,1,0.09531229200365487,0.8854772110923477,0.8869395711500975,50,20.0,4,7,sqrt,0.001,50,19.0,20,10506,210.12
successive,3,0.3132257079996634,0.8854132289564899,0.8869395711500975,217,8.0,1,7,sqrt,0.0001,217,8.0,8,26889,123.91244239631337
successive,3,0.31536966700514313,0.8854132289564899,0.8869395711500975,217,8.0,1,7,sqrt,1e-05,217,8.0,8,26965,124.26267281105991
successive,3,0.33228541701100767,0.8854132289564899,0.8869395711500975,217,8.0,1,7,sqrt,0.0,217,8.0,8,27661,127.47004608294931
successive,1,0.09459900000365451,0.885383523246081,0.8869395711500975,50,12.0,4,10,sqrt,0.001,50,12.0,12,7392,147.84
successive,1,0.08310104200791102,0.8853226232055535,0.8869395711500975,50,12.0,4,2,log2,0.0001,50,12.0,12,11796,235.92
successive,1,0.08263733300555032,0.8853226232055535,0.8869395711500975,50,12.0,4,5,log2,0.0001,50,12.0,12,11796,235.92
successive,1,0.07867399998940527,0.8853226232055535,0.8869395711500975,50,12.0,4,7,log2,0.0001,50,12.0,12,11796,235.92
successive,1,0.08464924999861978,0.8853226232055535,0.8869395711500975,50,12.0,4,2,log2,1e-05,50,12.0,12,12138,242.76
successive,1,0.08281187499233056,0.8853226232055535,0.8869395711500975,50,12.0,4,5,log2,1e-05,50,12.0,12,12138,242.76
successive,1,0.08147258398821577,0.8853226232055535,0.8869395711500975,50,12.0,4,7,log2,1e-05,50,12.0,12,12138,242.76
successive,1,0.08632320800097659,0.8853226232055535,0.8869395711500975,50,12.0,4,2,log2,0.0,50,12.0,12,12516,250.32
successive,1,0.08386591699672863,0.8853226232055535,0.8869395711500975,50,12.0,4,5,log2,0.0,50,12.0,12,12516,250.32
successive,1,0.08298150000337046,0.8853226232055535,0.8869395711500975,50,12.0,4,7,log2,0.0,50,12.0,12,12516,250.32
successive,3,0.3406432919873623,0.885291184571459,0.8869395711500975,217,12.0,4,2,sqrt,0.001,217,12.0,12,34771,160.23502304147465
successive,3,0.3321067079959903,0.885291184571459,0.8869395711500975,217,12.0,4,5,sqrt,0.001,217,12.0,12,34771,160.23502304147465
successive,3,0.3262027919990942,0.885291184571459,0.8869395711500975,217,12.0,4,7,sqrt,0.001,217,12.0,12,34771,160.23502304147465
successive,1,0.08041579199198168,0.8852733966337155,0.8869395711500975,50,,4,10,log2,0.0001,50,19.84,28,14948,298.96
successive,1,0.08399233299132902,0.8852733966337155,0.8869395711500975,50,,4,10,log2,1e-05,50,19.88,28,15276,305.52
successive,1,0.08345895800448488,0.8852733966337155,0.8869395711500975,50,,4,10,log2,0.0,50,19.92,28,15782,315.64
successive,2,0.18744100000185426,0.8852378564152238,0.8869395711500975,133,,4,2,log2,0.0001,133,19.924812030075188,26,44969,338.1127819548872
successive,2,0.18375575001118705,0.8852378564152238,0.8869395711500975,133,,4,5,log2,0.0001,133,19.924812030075188,26,44969,338.1127819548872
successive,2,0.18182020899257623,0.8852378564152238,0.8869395711500975,133,,4,7,log2,0.0001,133,19.924812030075188,26,44969,338.1127819548872
successive,2,0.1901233329990646,0.8852378564152238,0.8869395711500975,133,,4,2,log2,1e-05,133,20.022556390977442,27,46361,348.57894736842104
successive,2,0.1910349160025362,0.8852378564152238,0.8869395711500975,133,,4,5,log2,1e-05,133,20.022556390977442,27,46361,348.57894736842104
successive,2,0.19178958400152624,0.8852378564152238,0.8869395711500975,133,,4,7,log2,1e-05,133,20.022556390977442,27,46361,348.57894736842104
successive,2,0.18579216599755455,0.8852378564152238,0.8869395711500975,133,,4,2,log2,0.0,133,20.06015037593985,27,48013,361.0
successive,2,0.1746503339963965,0.8852378564152238,0.8869395711500975,133,,4,5,log2,0.0,133,20.06015037593985,27,48013,361.0
successive,2,0.18547420800314285,0.8852378564152238,0.8869395711500975,133,,4,7,log2,0.0,133,20.06015037593985,27,48013,361.0
successive,2,0.18473629199434072,0.8852365998976098,0.8869395711500975,133,20.0,4,2,log2,0.0001,133,18.894736842105264,20,44325,333.2706766917293
successive,2,0.1937662080017617,0.8852365998976098,0.8869395711500975,133,20.0,4,5,log2,0.0001,133,18.894736842105264,20,44325,333.2706766917293
successive,2,0.1869447500066599,0.8852365998976098,0.8869395711500975,133,20.0,4,7,log2,0.0001,133,18.894736842105264,20,44325,333.2706766917293
successive,2,0.21176725000259466,0.885204601620352,0.8869395711500975,133,12.0,1,5,sqrt,0.001,133,12.0,12,27029,203.22556390977442
successive,2,0.18896574999962468,0.8851341604456496,0.8869395711500975,133,12.0,1,2,log2,0.001,133,12.0,12,32085,241.2406015037594
successive,2,0.17967137500818353,0.8851235744583847,0.8869395711500975,133,12.0,4,10,log2,0.0001,133,12.0,12,30149,226.68421052631578
successive,2,0.17460600000049453,0.8851235744583847,0.8869395711500975,133,12.0,4,10,log2,1e-05,133,12.0,12,30761,231.28571428571428
successive,2,0.17100829099945258,0.8851235744583847,0.8869395711500975,133,12.0,4,10,log2,0.0,133,12.0,12,31753,238.74436090225564
successive,2,0.18159904099593405,0.8850351594451557,0.8869395711500975,133,12.0,4,10,log2,0.001,133,12.0,12,23201,174.4436090225564
successive,2,0.20068049999827053,0.8850320225475731,0.8869395711500975,133,12.0,4,10,sqrt,0.0001,133,12.0,12,26505,199.28571428571428
successive,2,0.2135219999909168,0.8850320225475731,0.8869395711500975,133,12.0,4,10,sqrt,1e-05,133,12.0,12,26867,202.00751879699249
successive,2,0.20229216599545907,0.8850320225475731,0.8869395711500975,133,12.0,4,10,sqrt,0.0,133,12.0,12,27923,209.94736842105263
successive,2,0.2021817920031026,0.8849663109335842,0.8869395711500975,133,20.0,7,2,sqrt,0.0001,133,18.48872180451128,20,27961,210.2330827067669
successive,2,0.2153554589895066,0.8849663109335842,0.8869395711500975,133,20.0,7,5,sqrt,0.0001,133,18.48872180451128,20,27961,210.2330827067669
successive,2,0.2023562079994008,0.8849663109335842,0.8869395711500975,133,20.0,7,7,sqrt,0.0001,133,18.48872180451128,20,27961,210.2330827067669
successive,2,0.21029424999142066,0.8849663109335842,0.8869395711500975,133,20.0,7,10,sqrt,0.0001,133,18.48872180451128,20,27961,210.2330827067669
successive,2,0.21292320800421294,0.8849663109335842,0.8869395711500975,133,20.0,7,2,sqrt,1e-05,133,18.55639097744361,20,29951,225.1954887218045
successive,2,0.19929395800863858,0.8849663109335842,0.8869395711500975,133,20.0,7,5,sqrt,1e-05,133,18.55639097744361,20,29951,225.1954887218045
successive,2,0.21182537499407772,0.8849663109335842,0.8869395711500975,133,20.0,7,7,sqrt,1e-05,133,18.55639097744361,20,29951,225.1954887218045
successive,2,0.21320649998961017,0.8849663109335842,0.8869395711500975,133,20.0,7,10,sqrt,1e-05,133,18.55639097744361,20,29951,225.1954887218045
successive,2,0.20685137499822304,0.8849663109335842,0.8869395711500975,133,20.0,7,2,sqrt,0.0,133,18.57894736842105,20,31229,234.8045112781955
successive,2,0.2052971660014009,0.8849663109335842,0.8869395711500975,133,20.0,7,5,sqrt,0.0,133,18.57894736842105,20,31229,234.8045112781955
successive,2,0.20114216599904466,0.8849663109335842,0.8869395711500975,133,20.0,7,7,sqrt,0.0,133,18.57894736842105,20,31229,234.8045112781955
successive,2,0.20584466599393636,0.8849663109335842,0.8869395711500975,133,20.0,7,10,sqrt,0.0,133,18.57894736842105,20,31229,234.8045112781955
successive,2,0.19029112499265466,0.8848878629938127,0.8869395711500975,133,12.0,1,7,log2,0.001,133,12.0,12,28951,217.6766917293233
successive,1,0.2593750420055585,0.8848814072023884,0.8869395711500975,50,20.0,4,10,0.5,0.0001,50,20.0,20,9054,181.08
successive,1,0.2604391249915352,0.8848814072023884,0.8869395711500975,50,20.0,4,10,0.5,1e-05,50,20.0,20,9072,181.44
successive,1,0.2618921250104904,0.8848814072023884,0.8869395711500975,50,20.0,4,10,0.5,0.0,50,20.0,20,9538,190.76
successive,1,0.09013449998747092,0.8847788434166304,0.8869395711500975,50,12.0,7,2,sqrt,0.0001,50,12.0,12,8134,162.68
successive,1,0.09708216700528283,0.8847788434166304,0.8869395711500975,50,12.0,7,5,sqrt,0.0001,50,12.0,12,8134,162.68
successive,1,0.09536166700127069,0.8847788434166304,0.8869395711500975,50,12.0,7,7,sqrt,0.0001,50,12.0,12,8134,162.68
successive,1,0.09201062501233537,0.8847788434166304,0.8869395711500975,50,12.0,7,10,sqrt,0.0001,50,12.0,12,8134,162.68
successive,1,0.25284924999868963,0.8847554324085067,0.8869395711500975,50,16.0,4,2,0.5,0.0001,50,16.0,16,7838,156.76
successive,1,0.25542458301060833,0.8847554324085067,0.8869395711500975,50,16.0,4,5,0.5,0.0001,50,16.0,16,7838,156.76
successive,1,0.25725029199384153,0.8847554324085067,0.8869395711500975,50,16.0,4,7,0.5,0.0001,50,16.0,16,7838,156.76
successive,1,0.2456384589895606,0.8847554324085067,0.8869395711500975,50,16.0,4,2,0.5,1e-05,50,16.0,16,7868,157.36
successive,1,0.2723798329971032,0.8847554324085067,0.8869395711500975,50,16.0,4,5,0.5,1e-05,50,16.0,16,7868,157.36
successive,1,0.25037958299799357,0.8847554324085067,0.8869395711500975,50,16.0,4,7,0.5,1e-05,50,16.0,16,7868,157.36
successive,1,0.2548140830040211,0.8847554324085067,0.8869395711500975,50,16.0,4,2,0.5,0.0,50,16.0,16,8314,166.28
successive,1,0.2565983749955194,0.8847554324085067,0.8869395711500975,50,16.0,4,5,0.5,0.0,50,16.0,16,8314,166.28
successive,1,0.25738462498702575,0.8847554324085067,0.8869395711500975,50,16.0,4,7,0.5,0.0,50,16.0,16,8314,166.28
successive,2,0.6295944580051582,0.8846995503208174,0.8869395711500975,133,,4,10,0.5,0.001,133,25.406015037593985,32,21207,159.45112781954887
successive,2,0.18169954100449104,0.884633873433233,0.8869395711500975,133,12.0,1,10,log2,0.0001,133,12.0,12,32603,245.13533834586465
successive,2,0.1772947080025915,0.884633873433233,0.8869395711500975,133,12.0,1,10,log2,1e-05,133,12.0,12,32929,247.58646616541353
successive,2,0.17847016600717325,0.884633873433233,0.8869395711500975,133,12.0,1,10,log2,0.0,133,12.0,12,33797,254.11278195488723
successive,1,0.08312875000410713,0.8846293206849248,0.8869395711500975,50,12.0,4,10,log2,0.0001,50,12.0,12,11132,222.64
successive,1,0.0795242500025779,0.8846293206849248,0.8869395711500975,50,12.0,4,10,log2,1e-05,50,12.0,12,11342,226.84
successive,1,0.07949820900103077,0.8846293206849248,0.8869395711500975,50,12.0,4,10,log2,0.0,50,12.0,12,11670,233.4
successive,1,0.09396308299619704,0.8843743218376918,0.8869395711500975,50,,7,2,sqrt,0.0001,50,19.34,25,10574,211.48
successive,1,0.09586999999010004,0.8843743218376918,0.8869395711500975,50,,7,5,sqrt,0.0001,50,19.34,25,10574,211.48
successive,1,0.0912716669990914,0.8843743218376918,0.8869395711500975,50,,7,7,sqrt,0.0001,50,19.34,25,10574,211.48
successive,1,0.09059870800410863,0.8843743218376918,0.8869395711500975,50,,7,10,sqrt,0.0001,50,19.34,25,10574,211.48
successive,1,0.09615487500559539,0.8843743218376918,0.8869395711500975,50,,7,2,sqrt,1e-05,50,19.46,25,11372,227.44
successive,1,0.09488133298873436,0.8843743218376918,0.8869395711500975,50,,7,5,sqrt,1e-05,50,19.46,25,11372,227.44
successive,1,0.09656524998717941,0.8843743218376918,0.8869395711500975,50,,7,7,sqrt,1e-05,50,19.46,25,11372,227.44
successive,1,0.09338145900983363,0.8843743218376918,0.8869395711500975,50,,7,10,sqrt,1e-05,50,19.46,25,11372,227.44
successive,1,0.09888520800450351,0.8843743218376918,0.8869395711500975,50,,7,2,sqrt,0.0,50,19.52,25,11848,236.96
successive,1,0.0920475000020815,0.8843743218376918,0.8869395711500975,50,,7,5,sqrt,0.0,50,19.52,25,11848,236.96
successive,1,0.0935648340091575,0.8843743218376918,0.8869395711500975,50,,7,7,sqrt,0.0,50,19.52,25,11848,236.96
successive,1,0.09420158399734646,0.8843743218376918,0.8869395711500975,50,,7,10,sqrt,0.0,50,19.52,25,11848,236.96
successive,1,0.2563014579936862,0.8843063546819993,0.8869395711500975,50,16.0,1,7,0.5,0.001,50,16.0,16,7256,145.12
successive,2,0.22348375000001397,0.8842773511974469,0.8869395711500975,133,16.0,7,2,sqrt,0.0001,133,15.8796992481203,16,26333,197.99248120300751
successive,2,0.21440662498935126,0.8842773511974469,0.8869395711500975,133,16.0,7,5,sqrt,0.0001,133,15.8796992481203,16,26333,197.99248120300751
successive,2,0.2149580419936683,0.8842773511974469,0.8869395711500975,133,16.0,7,7,sqrt,0.0001,133,15.8796992481203,16,26333,197.99248120300751
successive,2,0.20259033299225848,0.8842773511974469,0.8869395711500975,133,16.0,7,10,sqrt,0.0001,133,15.8796992481203,16,26333,197.99248120300751
successive,2,0.21508866699878126,0.8842773511974469,0.8869395711500975,133,16.0,7,2,sqrt,1e-05,133,15.887218045112782,16,28237,212.30827067669173
successive,2,0.22316062499885447,0.8842773511974469,0.8869395711500975,133,16.0,7,5,sqrt,1e-05,133,15.887218045112782,16,28237,212.30827067669173
successive,2,0.21074416699411813,0.8842773511974469,0.8869395711500975,133,16.0,7,7,sqrt,1e-05,133,15.887218045112782,16,28237,212.30827067669173
successive,2,0.20050350000383332,0.8842773511974469,0.8869395711500975,133,16.0,7,10,sqrt,1e-05,133,15.887218045112782,16,28237,212.30827067669173
successive,2,0.19978479099518154,0.8842773511974469,0.8869395711500975,133,16.0,7,2,sqrt,0.0,133,15.894736842105264,16,29469,221.57142857142858
successive,2,0.19891429199196864,0.8842773511974469,0.8869395711500975,133,16.0,7,5,sqrt,0.0,133,15.894736842105264,16,29469,221.57142857142858
successive,2,0.20620916699408554,0.8842773511974469,0.8869395711500975,133,16.0,7,7,sqrt,0.0,133,15.894736842105264,16,29469,221.57142857142858
successive,2,0.2001929999969434,0.8842773511974469,0.8869395711500975,133,16.0,7,10,sqrt,0.0,133,15.894736842105264,16,29469,221.57142857142858
successive,1,0.0797695829969598,0.8839932599509097,0.884990253411306,50,,4,2,log2,0.0001,50,19.9,26,16762,335.24
successive,1,0.08080099998915102,0.8839932599509097,0.884990253411306,50,,4,5,log2,0.0001,50,19.9,26,16762,335.24
successive,1,0.08452787500573322,0.8839932599509097,0.884990253411306,50,,4,7,log2,0.0001,50,19.9,26,16762,335.24
successive,1,0.25088574999244884,0.8836289622418338,0.8869395711500975,50,,7,2,0.5,1e-05,50,23.72,29,8624,172.48
successive,1,0.2686719580087811,0.8836289622418338,0.8869395711500975,50,,7,5,0.5,1e-05,50,23.72,29,8624,172.48
successive,1,0.25440495798829943,0.8836289622418338,0.8869395711500975,50,,7,7,0.5,1e-05,50,23.72,29,8624,172.48
successive,1,0.26974979099759366,0.8836289622418338,0.8869395711500975,50,,7,10,0.5,1e-05,50,23.72,29,8624,172.48
successive,1,0.25881050000316463,0.8836289622418338,0.8869395711500975,50,,7,2,0.5,0.0,50,23.72,29,9144,182.88
successive,1,0.2656512089888565,0.8836289622418338,0.8869395711500975,50,,7,5,0.5,0.0,50,23.72,29,9144,182.88
successive,1,0.26744424999924377,0.8836289622418338,0.8869395711500975,50,,7,7,0.5,0.0,50,23.72,29,9144,182.88
successive,1,0.2631280420027906,0.8836289622418338,0.8869395711500975,50,,7,10,0.5,0.0,50,23.72,29,9144,182.88
successive,1,0.08168587500404101,0.883577713264245,0.884990253411306,50,,7,2,log2,0.0001,50,18.62,24,11506,230.12
successive,1,0.08072662500489969,0.883577713264245,0.884990253411306,50,,7,5,log2,0.0001,50,18.62,24,11506,230.12
successive,1,0.08001704199705273,0.883577713264245,0.884990253411306,50,,7,7,log2,0.0001,50,18.62,24,11506,230.12
successive,1,0.0809710419998737,0.883577713264245,0.884990253411306,50,,7,10,log2,0.0001,50,18.62,24,11506,230.12
successive,1,0.09201854199636728,0.8833726375866299,0.884990253411306,50,16.0,4,10,sqrt,0.001,50,15.96,16,9292,185.84
successive,2,0.1844144159986172,0.8832303020915344,0.884990253411306,133,16.0,4,2,log2,0.0001,133,15.984962406015038,16,41457,311.70676691729324
successive,2,0.18453379200946074,0.8832303020915344,0.884990253411306,133,16.0,4,5,log2,0.0001,133,15.984962406015038,16,41457,311.70676691729324
successive,2,0.1867611249908805,0.8832303020915344,0.884990253411306,133,16.0,4,7,log2,0.0001,133,15.984962406015038,16,41457,311.70676691729324
successive,2,0.18419050000375137,0.8832303020915344,0.884990253411306,133,16.0,4,2,log2,1e-05,133,15.984962406015038,16,42651,320.6842105263158
successive,2,0.18347387498943135,0.8832303020915344,0.884990253411306,133,16.0,4,5,log2,1e-05,133,15.984962406015038,16,42651,320.6842105263158
successive,2,0.18689158398774453,0.8832303020915344,0.884990253411306,133,16.0,4,7,log2,1e-05,133,15.984962406015038,16,42651,320.6842105263158
successive,2,0.1769497500063153,0.8832303020915344,0.884990253411306,133,16.0,4,2,log2,0.0,133,15.984962406015038,16,44179,332.17293233082705
successive,2,0.19083466699521523,0.8832303020915344,0.884990253411306,133,16.0,4,5,log2,0.0,133,15.984962406015038,16,44179,332.17293233082705
successive,2,0.1853015829983633,0.8832303020915344,0.884990253411306,133,16.0,4,7,log2,0.0,133,15.984962406015038,16,44179,332.17293233082705
successive,2,0.20968658399942797,0.8831336573400209,0.884990253411306,133,,7,2,sqrt,0.0001,133,18.984962406015036,25,28115,211.39097744360902
successive,2,0.2095752919994993,0.8831336573400209,0.884990253411306,133,,7,5,sqrt,0.0001,133,18.984962406015036,25,28115,211.39097744360902
successive,2,0.2056754590012133,0.8831336573400209,0.884990253411306,133,,7,7,sqrt,0.0001,133,18.984962406015036,25,28115,211.39097744360902
successive,2,0.20158799999626353,0.8831336573400209,0.884990253411306,133,,7,10,sqrt,0.0001,133,18.984962406015036,25,28115,211.39097744360902
successive,2,0.2030934999929741,0.8831336573400209,0.884990253411306,133,,7,2,sqrt,1e-05,133,19.112781954887218,25,30163,226.78947368421052
successive,2,0.20133666699985042,0.8831336573400209,0.884990253411306,133,,7,5,sqrt,1e-05,133,19.112781954887218,25,30163,226.78947368421052
successive,2,0.20161179100978188,0.8831336573400209,0.884990253411306,133,,7,7,sqrt,1e-05,133,19.112781954887218,25,30163,226.78947368421052
successive,2,0.20458812499418855,0.8831336573400209,0.884990253411306,133,,7,10,sqrt,1e-05,133,19.112781954887218,25,30163,226.78947368421052
successive,2,0.20696066699747462,0.8831336573400209,0.884990253411306,133,,7,2,sqrt,0.0,133,19.157894736842106,25,31451,236.47368421052633
successive,2,0.20139720798761118,0.8831336573400209,0.884990253411306,133,,7,5,sqrt,0.0,133,19.157894736842106,25,31451,236.47368421052633
successive,2,0.2013769159966614,0.8831336573400209,0.884990253411306,133,,7,7,sqrt,0.0,133,19.157894736842106,25,31451,236.47368421052633
successive,2,0.20239299999957439,0.8831336573400209,0.884990253411306,133,,7,10,sqrt,0.0,133,19.157894736842106,25,31451,236.47368421052633
successive,2,0.20101195901224855,0.8830476022480785,0.884990253411306,133,12.0,4,10,sqrt,0.001,133,12.0,12,20569,154.65413533834587
successive,1,0.26452079199953005,0.8829520497430945,0.884990253411306,50,,4,10,0.5,0.0001,50,26.78,32,10156,203.12
successive,1,0.2599122080137022,0.8829520497430945,0.884990253411306,50,,4,10,0.5,1e-05,50,26.82,32,10188,203.76
successive,1,0.2571212920011021,0.8829520497430945,0.884990253411306,50,,4,10,0.5,0.0,50,26.82,32,10668,213.36
successive,1,0.08286816600593738,0.8827825179274947,0.884990253411306,50,12.0,1,10,log2,0.0001,50,12.0,12,11862,237.24
successive,1,0.07960458300658502,0.8827825179274947,0.884990253411306,50,12.0,1,10,log2,1e-05,50,12.0,12,11982,239.64
successive,1,0.08244891700451262,0.8827825179274947,0.884990253411306,50,12.0,1,10,log2,0.0,50,12.0,12,12298,245.96
successive,1,0.0969730829965556,0.8826950919406499,0.884990253411306,50,16.0,10,2,sqrt,1e-05,50,15.72,16,8912,178.24
successive,1,0.09688637498766184,0.8826950919406499,0.884990253411306,50,16.0,10,5,sqrt,1e-05,50,15.72,16,8912,178.24
successive,1,0.09431583300465718,0.8826950919406499,0.884990253411306,50,16.0,10,7,sqrt,1e-05,50,15.72,16,8912,178.24
successive,1,0.09296695799275767,0.8826950919406499,0.884990253411306,50,16.0,10,10,sqrt,1e-05,50,15.72,16,8912,178.24
successive,1,0.09269366700027604,0.8826950919406499,0.884990253411306,50,16.0,10,2,sqrt,0.0,50,15.74,16,9300,186.0
successive,1,0.09458991700375918,0.8826950919406499,0.884990253411306,50,16.0,10,5,sqrt,0.0,50,15.74,16,9300,186.0
successive,1,0.09703575000457931,0.8826950919406499,0.884990253411306,50,16.0,10,7,sqrt,0.0,50,15.74,16,9300,186.0
successive,1,0.09707487499690615,0.8826950919406499,0.884990253411306,50,16.0,10,10,sqrt,0.0,50,15.74,16,9300,186.0
successive,1,0.2530378329975065,0.8826288770596171,0.884990253411306,50,16.0,4,2,0.5,0.001,50,16.0,16,6156,123.12
successive,1,0.2495847920072265,0.8826288770596171,0.884990253411306,50,16.0,4,5,0.5,0.001,50,16.0,16,6156,123.12
successive,1,0.25600929200300016,0.8826288770596171,0.884990253411306,50,16.0,4,7,0.5,0.001,50,16.0,16,6156,123.12
successive,2,0.20517316700716037,0.8825680066786105,0.884990253411306,133,12.0,7,2,sqrt,0.0001,133,12.0,12,21785,163.796992481203
successive,2,0.19799516700732056,0.8825680066786105,0.884990253411306,133,12.0,7,5,sqrt,0.0001,133,12.0,12,21785,163.796992481203
successive,2,0.19886545899498742,0.8825680066786105,0.884990253411306,133,12.0,7,7,sqrt,0.0001,133,12.0,12,21785,163.796992481203
successive,2,0.19889524999598507,0.8825680066786105,0.884990253411306,133,12.0,7,10,sqrt,0.0001,133,12.0,12,21785,163.796992481203
successive,2,0.2039751249976689,0.8825680066786105,0.884990253411306,133,12.0,7,2,sqrt,1e-05,133,12.0,12,23327,175.39097744360902
successive,2,0.20679099998960737,0.8825680066786105,0.884990253411306,133,12.0,7,5,sqrt,1e-05,133,12.0,12,23327,175.39097744360902
successive,2,0.20289062499068677,0.8825680066786105,0.884990253411306,133,12.0,7,7,sqrt,1e-05,133,12.0,12,23327,175.39097744360902
successive,2,0.19552354200277478,0.8825680066786105,0.884990253411306,133,12.0,7,10,sqrt,1e-05,133,12.0,12,23327,175.39097744360902
successive,2,0.2007727499876637,0.8825680066786105,0.884990253411306,133,12.0,7,2,sqrt,0.0,133,12.0,12,24271,182.48872180451127
successive,2,0.19634149999183137,0.8825680066786105,0.884990253411306,133,12.0,7,5,sqrt,0.0,133,12.0,12,24271,182.48872180451127
successive,2,0.20206137500645127,0.8825680066786105,0.884990253411306,133,12.0,7,7,sqrt,0.0,133,12.0,12,24271,182.48872180451127
successive,2,0.19012504200509284,0.8825680066786105,0.884990253411306,133,12.0,7,10,sqrt,0.0,133,12.0,12,24271,182.48872180451127
successive,1,0.09720941699924879,0.8824766759081409,0.884990253411306,50,,10,2,sqrt,1e-05,50,17.96,27,9352,187.04
successive,1,0.09166458300023805,0.8824766759081409,0.884990253411306,50,,10,5,sqrt,1e-05,50,17.96,27,9352,187.04
successive,1,0.09418866700434592,0.8824766759081409,0.884990253411306,50,,10,7,sqrt,1e-05,50,17.96,27,9352,187.04
successive,1,0.09435462500550784,0.8824766759081409,0.884990253411306,50,,10,10,sqrt,1e-05,50,17.96,27,9352,187.04
successive,1,0.09930470799736213,0.8824766759081409,0.884990253411306,50,,10,2,sqrt,0.0,50,18.0,27,9730,194.6
successive,1,0.09497662499779835,0.8824766759081409,0.884990253411306,50,,10,5,sqrt,0.0,50,18.0,27,9730,194.6
successive,1,0.09481841699744109,0.8824766759081409,0.884990253411306,50,,10,7,sqrt,0.0,50,18.0,27,9730,194.6
successive,1,0.09544816600100603,0.8824766759081409,0.884990253411306,50,,10,10,sqrt,0.0,50,18.0,27,9730,194.6
successive,1,0.09436470799846575,0.882428930497402,0.884990253411306,50,20.0,7,2,sqrt,0.0001,50,18.76,20,10506,210.12
successive,1,0.09258758398937061,0.882428930497402,0.884990253411306,50,20.0,7,5,sqrt,0.0001,50,18.76,20,10506,210.12
successive,1,0.0973893749905983,0.882428930497402,0.884990253411306,50,20.0,7,7,sqrt,0.0001,50,18.76,20,10506,210.12
successive,1,0.09158816700801253,0.882428930497402,0.884990253411306,50,20.0,7,10,sqrt,0.0001,50,18.76,20,10506,210.12
successive,1,0.09893912500410806,0.882428930497402,0.884990253411306,50,20.0,7,2,sqrt,1e-05,50,18.82,20,11272,225.44
successive,1,0.09580358400125988,0.882428930497402,0.884990253411306,50,20.0,7,5,sqrt,1e-05,50,18.82,20,11272,225.44
successive,1,0.09537608300161082,0.882428930497402,0.884990253411306,50,20.0,7,7,sqrt,1e-05,50,18.82,20,11272,225.44
successive,1,0.09539599998970516,0.882428930497402,0.884990253411306,50,20.0,7,10,sqrt,1e-05,50,18.82,20,11272,225.44
successive,1,0.0951022500084946,0.882428930497402,0.884990253411306,50,20.0,7,2,sqrt,0.0,50,18.86,20,11750,235.0
successive,1,0.09421062500041444,0.882428930497402,0.884990253411306,50,20.0,7,5,sqrt,0.0,50,18.86,20,11750,235.0
successive,1,0.09428666600433644,0.882428930497402,0.884990253411306,50,20.0,7,7,sqrt,0.0,50,18.86,20,11750,235.0
successive,1,0.09470204100944102,0.882428930497402,0.884990253411306,50,20.0,7,10,sqrt,0.0,50,18.86,20,11750,235.0
successive,2,0.5967872090113815,0.8823370307597106,0.884990253411306,133,16.0,4,2,0.5,0.001,133,16.0,16,16653,125.21052631578948
successive,2,0.5897040830022888,0.8823370307597106,0.884990253411306,133,16.0,4,5,0.5,0.001,133,16.0,16,16653,125.21052631578948
successive,2,0.5965904999902705,0.8823370307597106,0.884990253411306,133,16.0,4,7,0.5,0.001,133,16.0,16,16653,125.21052631578948
successive,1,0.0821933330007596,0.8821838527236203,0.8830409356725146,50,,4,2,log2,1e-05,50,19.96,26,17280,345.6
successive,1,0.08186879199638497,0.8821838527236203,0.8830409356725146,50,,4,5,log2,1e-05,50,19.96,26,17280,345.6
successive,1,0.09145279199583456,0.8821838527236203,0.8830409356725146,50,,4,7,log2,1e-05,50,19.96,26,17280,345.6
successive,1,0.08136404199467506,0.8821838527236203,0.8830409356725146,50,,4,2,log2,0.0,50,20.02,26,17908,358.16
successive,1,0.0802936249965569,0.8821838527236203,0.8830409356725146,50,,4,5,log2,0.0,50,20.02,26,17908,358.16
successive,1,0.07954954200249631,0.8821838527236203,0.8830409356725146,50,,4,7,log2,0.0,50,20.02,26,17908,358.16
successive,2,0.21115391700004693,0.8820620975966165,0.884990253411306,133,,7,2,sqrt,0.001,133,18.32330827067669,24,22147,166.5187969924812
successive,2,0.20186662500782404,0.8820620975966165,0.884990253411306,133,,7,5,sqrt,0.001,133,18.32330827067669,24,22147,166.5187969924812
successive,2,0.2111535419971915,0.8820620975966165,0.884990253411306,133,,7,7,sqrt,0.001,133,18.32330827067669,24,22147,166.5187969924812
successive,2,0.20200699999986682,0.8820620975966165,0.884990253411306,133,,7,10,sqrt,0.001,133,18.32330827067669,24,22147,166.5187969924812
successive,1,0.25837237501400523,0.8817909314400196,0.884990253411306,50,,7,2,0.5,0.0001,50,23.56,29,8114,162.28
successive,1,0.26668379199691117,0.8817909314400196,0.884990253411306,50,,7,5,0.5,0.0001,50,23.56,29,8114,162.28
successive,1,0.24744537498918362,0.8817909314400196,0.884990253411306,50,,7,7,0.5,0.0001,50,23.56,29,8114,162.28
successive,1,0.25733829199452884,0.8817909314400196,0.884990253411306,50,,7,10,0.5,0.0001,50,23.56,29,8114,162.28
successive,1,0.25383050000527874,0.8817447225387508,0.884990253411306,50,20.0,7,2,0.5,0.0001,50,19.84,20,7590,151.8
successive,1,0.26121374999638647,0.8817447225387508,0.884990253411306,50,20.0,7,5,0.5,0.0001,50,19.84,20,7590,151.8
successive,1,0.25508133400580846,0.8817447225387508,0.884990253411306,50,20.0,7,7,0.5,0.0001,50,19.84,20,7590,151.8
successive,1,0.25984529200650286,0.8817447225387508,0.884990253411306,50,20.0,7,10,0.5,0.0001,50,19.84,20,7590,151.8
successive,1,0.25776162500551436,0.8817447225387508,0.884990253411306,50,20.0,7,2,0.5,1e-05,50,19.86,20,8064,161.28
successive,1,0.2557044160057558,0.8817447225387508,0.884990253411306,50,20.0,7,5,0.5,1e-05,50,19.86,20,8064,161.28
successive,1,0.25422716699540615,0.8817447225387508,0.884990253411306,50,20.0,7,7,0.5,1e-05,50,19.86,20,8064,161.28
successive,1,0.26145429200551007,0.8817447225387508,0.884990253411306,50,20.0,7,10,0.5,1e-05,50,19.86,20,8064,161.28
successive,1,0.24563804100034758,0.8817447225387508,0.884990253411306,50,20.0,7,2,0.5,0.0,50,19.86,20,8564,171.28
successive,1,0.2485852500103647,0.8817447225387508,0.884990253411306,50,20.0,7,5,0.5,0.0,50,19.86,20,8564,171.28
successive,1,0.24867474999336991,0.8817447225387508,0.884990253411306,50,20.0,7,7,0.5,0.0,50,19.86,20,8564,171.28
successive,1,0.2584121249965392,0.8817447225387508,0.884990253411306,50,20.0,7,10,0.5,0.0,50,19.86,20,8564,171.28
successive,1,0.07990291700116359,0.8816413504334419,0.8830409356725146,50,20.0,7,2,log2,0.0001,50,18.18,20,11436,228.72
successive,1,0.08138195899664424,0.8816413504334419,0.8830409356725146,50,20.0,7,5,log2,0.0001,50,18.18,20,11436,228.72
successive,1,0.08185279200552031,0.8816413504334419,0.8830409356725146,50,20.0,7,7,log2,0.0001,50,18.18,20,11436,228.72
successive,1,0.08220987500681076,0.8816413504334419,0.8830409356725146,50,20.0,7,10,log2,0.0001,50,18.18,20,11436,228.72
successive,1,0.08207291600410827,0.8816413504334419,0.8830409356725146,50,20.0,7,2,log2,1e-05,50,18.24,20,12218,244.36
successive,1,0.07912450000003446,0.8816413504334419,0.8830409356725146,50,20.0,7,5,log2,1e-05,50,18.24,20,12218,244.36
successive,1,0.08395620899682399,0.8816413504334419,0.8830409356725146,50,20.0,7,7,log2,1e-05,50,18.24,20,12218,244.36
successive,1,0.08197829200071283,0.8816413504334419,0.8830409356725146,50,20.0,7,10,log2,1e-05,50,18.24,20,12218,244.36
successive,1,0.07911199999216478,0.8816413504334419,0.8830409356725146,50,20.0,7,2,log2,0.0,50,18.26,20,12602,252.04
successive,1,0.08377570800075773,0.8816413504334419,0.8830409356725146,50,20.0,7,5,log2,0.0,50,18.26,20,12602,252.04
successive,1,0.08228462500846945,0.8816413504334419,0.8830409356725146,50,20.0,7,7,log2,0.0,50,18.26,20,12602,252.04
successive,1,0.08348991700040642,0.8816413504334419,0.8830409356725146,50,20.0,7,10,log2,0.0,50,18.26,20,12602,252.04
successive,1,0.0824147919920506,0.8816054292864952,0.8830409356725146,50,,7,2,log2,1e-05,50,18.74,24,12294,245.88
successive,1,0.08371529199939687,0.8816054292864952,0.8830409356725146,50,,7,5,log2,1e-05,50,18.74,24,12294,245.88
successive,1,0.0789785840024706,0.8816054292864952,0.8830409356725146,50,,7,7,log2,1e-05,50,18.74,24,12294,245.88
successive,1,0.08893658299348317,0.8816054292864952,0.8830409356725146,50,,7,10,log2,1e-05,50,18.74,24,12294,245.88
successive,1,0.08257754099031445,0.8816054292864952,0.8830409356725146,50,,7,2,log2,0.0,50,18.76,24,12670,253.4
successive,1,0.08233037500758655,0.8816054292864952,0.8830409356725146,50,,7,5,log2,0.0,50,18.76,24,12670,253.4
successive,1,0.08404733300267253,0.8816054292864952,0.8830409356725146,50,,7,7,log2,0.0,50,18.76,24,12670,253.4
successive,1,0.07947708398569375,0.8816054292864952,0.8830409356725146,50,,7,10,log2,0.0,50,18.76,24,12670,253.4
successive,1,0.08137462500599213,0.8815654035058071,0.8830409356725146,50,16.0,4,2,log2,0.0001,50,15.98,16,15338,306.76
successive,1,0.08188045899441931,0.8815654035058071,0.8830409356725146,50,16.0,4,5,log2,0.0001,50,15.98,16,15338,306.76
successive,1,0.08166691698716022,0.8815654035058071,0.8830409356725146,50,16.0,4,7,log2,0.0001,50,15.98,16,15338,306.76
successive,1,0.08159437499125488,0.8815654035058071,0.8830409356725146,50,16.0,4,2,log2,1e-05,50,15.98,16,15784,315.68
successive,1,0.09230099999695085,0.8815654035058071,0.8830409356725146,50,16.0,4,5,log2,1e-05,50,15.98,16,15784,315.68
successive,1,0.08194662499590777,0.8815654035058071,0.8830409356725146,50,16.0,4,7,log2,1e-05,50,15.98,16,15784,315.68
successive,1,0.08294241600378882,0.8815654035058071,0.8830409356725146,50,16.0,4,2,log2,0.0,50,15.98,16,16368,327.36
successive,1,0.08018358300614636,0.8815654035058071,0.8830409356725146,50,16.0,4,5,log2,0.0,50,15.98,16,16368,327.36
successive,1,0.08028729200304952,0.8815654035058071,0.8830409356725146,50,16.0,4,7,log2,0.0,50,15.98,16,16368,327.36
successive,2,0.20503120801004115,0.8814153149302019,0.8830409356725146,133,12.0,1,10,sqrt,0.001,133,12.0,12,23727,178.3984962406015
successive,1,0.259999500005506,0.8813041805548097,0.884990253411306,50,20.0,7,2,0.5,0.001,50,19.78,20,6126,122.52
successive,1,0.24609829200198874,0.8813041805548097,0.884990253411306,50,20.0,7,5,0.5,0.001,50,19.78,20,6126,122.52
successive,1,0.2522014589922037,0.8813041805548097,0.884990253411306,50,20.0,7,7,0.5,0.001,50,19.78,20,6126,122.52
successive,1,0.26188700000056997,0.8813041805548097,0.884990253411306,50,20.0,7,10,0.5,0.001,50,19.78,20,6126,122.52
successive,1,0.08074354100972414,0.8812993697444044,0.8830409356725146,50,12.0,1,7,log2,0.001,50,12.0,12,10502,210.04
successive,2,0.1903447079967009,0.8809891142428211,0.8830409356725146,133,16.0,4,2,log2,0.001,133,15.894736842105264,16,29843,224.38345864661653
successive,2,0.1829097500012722,0.8809891142428211,0.8830409356725146,133,16.0,4,5,log2,0.001,133,15.894736842105264,16,29843,224.38345864661653
successive,2,0.18079899999429472,0.8809891142428211,0.8830409356725146,133,16.0,4,7,log2,0.001,133,15.894736842105264,16,29843,224.38345864661653
successive,1,0.24898845799907576,0.8808928169972275,0.8810916179337231,50,16.0,1,10,0.5,0.001,50,16.0,16,6786,135.72
successive,2,0.1912364160089055,0.8808457204386175,0.8830409356725146,133,20.0,4,2,log2,0.001,133,18.203007518796994,20,31435,236.35338345864662
successive,2,0.18861783400643617,0.8808457204386175,0.8830409356725146,133,20.0,4,5,log2,0.001,133,18.203007518796994,20,31435,236.35338345864662
successive,2,0.17773541700444184,0.8808457204386175,0.8830409356725146,133,20.0,4,7,log2,0.001,133,18.203007518796994,20,31435,236.35338345864662
successive,1,0.0960818330058828,0.8808423499495148,0.8830409356725146,50,20.0,7,2,sqrt,0.001,50,18.24,20,8238,164.76
successive,1,0.0950837090058485,0.8808423499495148,0.8830409356725146,50,20.0,7,5,sqrt,0.001,50,18.24,20,8238,164.76
successive,1,0.0938910420081811,0.8808423499495148,0.8830409356725146,50,20.0,7,7,sqrt,0.001,50,18.24,20,8238,164.76
successive,1,0.09143370800302364,0.8808423499495148,0.8830409356725146,50,20.0,7,10,sqrt,0.001,50,18.24,20,8238,164.76
successive,1,0.23841937498946209,0.8808190606456597,0.8810916179337231,50,12.0,1,5,0.5,1e-05,50,12.0,12,7042,140.84
successive,1,0.23177237498748582,0.8808190606456597,0.8810916179337231,50,12.0,1,5,0.5,0.0001,50,12.0,12,7042,140.84
successive,1,0.24110558300162666,0.8808190606456597,0.8810916179337231,50,12.0,1,5,0.5,0.0,50,12.0,12,7412,148.24
successive,1,0.09286458400310948,0.8807086464132656,0.8830409356725146,50,16.0,10,2,sqrt,0.0001,50,15.72,16,8266,165.32
successive,1,0.0940994580014376,0.8807086464132656,0.8830409356725146,50,16.0,10,5,sqrt,0.0001,50,15.72,16,8266,165.32
successive,1,0.08355049999954645,0.8807086464132656,0.8830409356725146,50,16.0,10,7,sqrt,0.0001,50,15.72,16,8266,165.32
successive,1,0.09132925000449177,0.8807086464132656,0.8830409356725146,50,16.0,10,10,sqrt,0.0001,50,15.72,16,8266,165.32
successive,1,0.09782324999105185,0.8806472009115728,0.8830409356725146,50,12.0,7,2,sqrt,0.001,50,12.0,12,6500,130.0
successive,1,0.09563191699271556,0.8806472009115728,0.8830409356725146,50,12.0,7,5,sqrt,0.001,50,12.0,12,6500,130.0
successive,1,0.0955006659933133,0.8806472009115728,0.8830409356725146,50,12.0,7,7,sqrt,0.001,50,12.0,12,6500,130.0
successive,1,0.09157579200109467,0.8806472009115728,0.8830409356725146,50,12.0,7,10,sqrt,0.001,50,12.0,12,6500,130.0
successive,2,0.18180091699468903,0.880639915625416,0.8830409356725146,133,12.0,1,10,log2,0.001,133,12.0,12,26839,201.796992481203
successive,1,0.09280795899394434,0.8805898800485374,0.8830409356725146,50,20.0,10,2,sqrt,1e-05,50,17.62,20,9316,186.32
successive,1,0.09366595899336971,0.8805898800485374,0.8830409356725146,50,20.0,10,5,sqrt,1e-05,50,17.62,20,9316,186.32
successive,1,0.09457137499703094,0.8805898800485374,0.8830409356725146,50,20.0,10,7,sqrt,1e-05,50,17.62,20,9316,186.32
successive,1,0.09487333400466014,0.8805898800485374,0.8830409356725146,50,20.0,10,10,sqrt,1e-05,50,17.62,20,9316,186.32
successive,1,0.09556258299562614,0.8805898800485374,0.8830409356725146,50,20.0,10,2,sqrt,0.0,50,17.66,20,9700,194.0
successive,1,0.09325483300199267,0.8805898800485374,0.8830409356725146,50,20.0,10,5,sqrt,0.0,50,17.66,20,9700,194.0
successive,1,0.09322066699678544,0.8805898800485374,0.8830409356725146,50,20.0,10,7,sqrt,0.0,50,17.66,20,9700,194.0
successive,1,0.09474804199999198,0.8805898800485374,0.8830409356725146,50,20.0,10,10,sqrt,0.0,50,17.66,20,9700,194.0
successive,1,0.09324608401220758,0.8805314587880702,0.8830409356725146,50,,10,2,sqrt,0.0001,50,17.88,27,8664,173.28
successive,1,0.09609550000459421,0.8805314587880702,0.8830409356725146,50,,10,5,sqrt,0.0001,50,17.88,27,8664,173.28
successive,1,0.09527191599772777,0.8805314587880702,0.8830409356725146,50,,10,7,sqrt,0.0001,50,17.88,27,8664,173.28
successive,1,0.09894408300169744,0.8805314587880702,0.8830409356725146,50,,10,10,sqrt,0.0001,50,17.88,27,8664,173.28
successive,1,0.10861945799842943,0.8804997404371971,0.8830409356725146,50,16.0,7,2,sqrt,1e-05,50,15.92,16,10632,212.64
successive,1,0.09600912500172853,0.8804997404371971,0.8830409356725146,50,16.0,7,5,sqrt,1e-05,50,15.92,16,10632,212.64
successive,1,0.09428541699890047,0.8804997404371971,0.8830409356725146,50,16.0,7,7,sqrt,1e-05,50,15.92,16,10632,212.64
successive,1,0.09525008300261106,0.8804997404371971,0.8830409356725146,50,16.0,7,10,sqrt,1e-05,50,15.92,16,10632,212.64
successive,1,0.09853691700845957,0.8804997404371971,0.8830409356725146,50,16.0,7,2,sqrt,0.0,50,15.92,16,11090,221.8
successive,1,0.09056412499921862,0.8804997404371971,0.8830409356725146,50,16.0,7,5,sqrt,0.0,50,15.92,16,11090,221.8
successive,1,0.09483429200190585,0.8804997404371971,0.8830409356725146,50,16.0,7,7,sqrt,0.0,50,15.92,16,11090,221.8
successive,1,0.09515145899786148,0.8804997404371971,0.8830409356725146,50,16.0,7,10,sqrt,0.0,50,15.92,16,11090,221.8
successive,2,0.1999376660096459,0.8803142985053606,0.8830409356725146,133,16.0,7,2,sqrt,0.001,133,15.834586466165414,16,20909,157.21052631578948
successive,2,0.20467262499732897,0.8803142985053606,0.8830409356725146,133,16.0,7,5,sqrt,0.001,133,15.834586466165414,16,20909,157.21052631578948
successive,2,0.20139691699296236,0.8803142985053606,0.8830409356725146,133,16.0,7,7,sqrt,0.001,133,15.834586466165414,16,20909,157.21052631578948
successive,2,0.21363445899623912,0.8803142985053606,0.8830409356725146,133,16.0,7,10,sqrt,0.001,133,15.834586466165414,16,20909,157.21052631578948
successive,1,0.09200666598917451,0.8798732640533818,0.8810916179337231,50,8.0,1,7,sqrt,0.0001,50,8.0,8,6000,120.0
successive,1,0.08512554099434055,0.8798732640533818,0.8810916179337231,50,8.0,1,7,sqrt,1e-05,50,8.0,8,6018,120.36
successive,1,0.09386541700223461,0.8798732640533818,0.8810916179337231,50,8.0,1,7,sqrt,0.0,50,8.0,8,6166,123.32
successive,1,0.08306291699409485,0.8797370749980524,0.8810916179337231,50,20.0,4,2,log2,1e-05,50,18.96,20,17102,342.04
successive,1,0.08130162498855498,0.8797370749980524,0.8810916179337231,50,20.0,4,5,log2,1e-05,50,18.96,20,17102,342.04
successive,1,0.0802917920082109,0.8797370749980524,0.8810916179337231,50,20.0,4,7,log2,1e-05,50,18.96,20,17102,342.04
successive,1,0.0829450830060523,0.8797370749980524,0.8810916179337231,50,20.0,4,2,log2,0.0,50,19.0,20,17734,354.68
successive,1,0.08247333399776835,0.8797370749980524,0.8810916179337231,50,20.0,4,5,log2,0.0,50,19.0,20,17734,354.68
successive,1,0.08183762499538716,0.8797370749980524,0.8810916179337231,50,20.0,4,7,log2,0.0,50,19.0,20,17734,354.68
successive,1,0.26231637499586213,0.8795543115987701,0.8830409356725146,50,,7,2,0.5,0.001,50,22.86,29,6542,130.84
successive,1,0.250593332995777,0.8795543115987701,0.8830409356725146,50,,7,5,0.5,0.001,50,22.86,29,6542,130.84
successive,1,0.25709833300788887,0.8795543115987701,0.8830409356725146,50,,7,7,0.5,0.001,50,22.86,29,6542,130.84
successive,1,0.2529578750109067,0.8795543115987701,0.8830409356725146,50,,7,10,0.5,0.001,50,22.86,29,6542,130.84
successive,2,0.19764075000421144,0.8794731412361955,0.8810916179337231,133,12.0,4,2,log2,0.0001,133,12.0,12,32627,245.31578947368422
successive,2,0.18668237500241958,0.8794731412361955,0.8810916179337231,133,12.0,4,5,log2,0.0001,133,12.0,12,32627,245.31578947368422
successive,2,0.17387337500986177,0.8794731412361955,0.8810916179337231,133,12.0,4,7,log2,0.0001,133,12.0,12,32627,245.31578947368422
successive,2,0.18692241600365378,0.8794731412361955,0.8810916179337231,133,12.0,4,2,log2,1e-05,133,12.0,12,33511,251.9624060150376
successive,2,0.17790224999771453,0.8794731412361955,0.8810916179337231,133,12.0,4,5,log2,1e-05,133,12.0,12,33511,251.9624060150376
successive,2,0.17683183400367852,0.8794731412361955,0.8810916179337231,133,12.0,4,7,log2,1e-05,133,12.0,12,33511,251.9624060150376
successive,2,0.17680983299214859,0.8794731412361955,0.8810916179337231,133,12.0,4,2,log2,0.0,133,12.0,12,34575,259.9624060150376
successive,2,0.17635666699789,0.8794731412361955,0.8810916179337231,133,12.0,4,5,log2,0.0,133,12.0,12,34575,259.9624060150376
successive,2,0.17327712499536574,0.8794731412361955,0.8810916179337231,133,12.0,4,7,log2,0.0,133,12.0,12,34575,259.9624060150376
successive,1,0.08033270799205638,0.879262771052734,0.8810916179337231,50,16.0,4,2,log2,0.001,50,15.92,16,11026,220.52
successive,1,0.09014833300898317,0.879262771052734,0.8810916179337231,50,16.0,4,5,log2,0.001,50,15.92,16,11026,220.52
successive,1,0.091295167003409,0.879262771052734,0.8810916179337231,50,16.0,4,7,log2,0.001,50,15.92,16,11026,220.52
successive,1,0.08209770900430158,0.8792385466606691,0.8810916179337231,50,,10,2,log2,0.0001,50,16.9,24,9220,184.4
successive,1,0.08234658399305772,0.8792385466606691,0.8810916179337231,50,,10,5,log2,0.0001,50,16.9,24,9220,184.4
successive,1,0.08330383300199173,0.8792385466606691,0.8810916179337231,50,,10,7,log2,0.0001,50,16.9,24,9220,184.4
successive,1,0.08200312498956919,0.8792385466606691,0.8810916179337231,50,,10,10,log2,0.0001,50,16.9,24,9220,184.4
successive,1,0.08184533400344662,0.8792385466606691,0.8810916179337231,50,,10,2,log2,1e-05,50,17.0,24,9842,196.84
successive,1,0.08368854199943598,0.8792385466606691,0.8810916179337231,50,,10,5,log2,1e-05,50,17.0,24,9842,196.84
successive,1,0.08581066600163467,0.8792385466606691,0.8810916179337231,50,,10,7,log2,1e-05,50,17.0,24,9842,196.84
successive,1,0.08235529200464953,0.8792385466606691,0.8810916179337231,50,,10,10,log2,1e-05,50,17.0,24,9842,196.84
successive,1,0.0811144159961259,0.8792385466606691,0.8810916179337231,50,,10,2,log2,0.0,50,17.04,24,10108,202.16
successive,1,0.08064158300112467,0.8792385466606691,0.8810916179337231,50,,10,5,log2,0.0,50,17.04,24,10108,202.16
successive,1,0.10232366700074635,0.8792385466606691,0.8810916179337231,50,,10,7,log2,0.0,50,17.04,24,10108,202.16
successive,1,0.08271662500919774,0.8792385466606691,0.8810916179337231,50,,10,10,log2,0.0,50,17.04,24,10108,202.16
successive,1,0.08367666599224322,0.8790853488820034,0.8810916179337231,50,12.0,1,10,log2,0.001,50,12.0,12,9786,195.72
successive,2,0.20477799999935087,0.8789115478254814,0.8810916179337231,133,,10,2,sqrt,0.0001,133,17.917293233082706,27,23161,174.14285714285714
successive,2,0.20544541699928232,0.8789115478254814,0.8810916179337231,133,,10,5,sqrt,0.0001,133,17.917293233082706,27,23161,174.14285714285714
successive,2,0.2082997920078924,0.8789115478254814,0.8810916179337231,133,,10,7,sqrt,0.0001,133,17.917293233082706,27,23161,174.14285714285714
successive,2,0.1977919170021778,0.8789115478254814,0.8810916179337231,133,,10,10,sqrt,0.0001,133,17.917293233082706,27,23161,174.14285714285714
successive,2,0.20541454199701548,0.8789115478254814,0.8810916179337231,133,,10,2,sqrt,1e-05,133,17.962406015037594,27,24835,186.72932330827066
successive,2,0.20672558298974764,0.8789115478254814,0.8810916179337231,133,,10,5,sqrt,1e-05,133,17.962406015037594,27,24835,186.72932330827066
successive,2,0.20116887500626035,0.8789115478254814,0.8810916179337231,133,,10,7,sqrt,1e-05,133,17.962406015037594,27,24835,186.72932330827066
successive,2,0.22470337500271853,0.8789115478254814,0.8810916179337231,133,,10,10,sqrt,1e-05,133,17.962406015037594,27,24835,186.72932330827066
successive,2,0.19973854199633934,0.8789115478254814,0.8810916179337231,133,,10,2,sqrt,0.0,133,18.0,27,25769,193.75187969924812
successive,2,0.19969554198905826,0.8789115478254814,0.8810916179337231,133,,10,5,sqrt,0.0,133,18.0,27,25769,193.75187969924812
successive,2,0.22403866599779576,0.8789115478254814,0.8810916179337231,133,,10,7,sqrt,0.0,133,18.0,27,25769,193.75187969924812
successive,2,0.20007445898954757,0.8789115478254814,0.8810916179337231,133,,10,10,sqrt,0.0,133,18.0,27,25769,193.75187969924812
successive,2,0.19371262499771547,0.8788932926399279,0.8810916179337231,133,8.0,4,2,log2,0.001,133,8.0,8,13823,103.93233082706767
successive,2,0.1805054580036085,0.8788932926399279,0.8810916179337231,133,8.0,4,5,log2,0.001,133,8.0,8,13823,103.93233082706767
successive,2,0.17723320799996145,0.8788932926399279,0.8810916179337231,133,8.0,4,7,log2,0.001,133,8.0,8,13823,103.93233082706767
successive,1,0.08314241700281855,0.8788645324801679,0.8810916179337231,50,8.0,1,7,sqrt,0.001,50,8.0,8,5220,104.4
successive,2,0.18067837500711903,0.8787554422142762,0.8810916179337231,133,,4,2,log2,0.001,133,18.76691729323308,25,31675,238.1578947368421
successive,2,0.17585779199725948,0.8787554422142762,0.8810916179337231,133,,4,5,log2,0.001,133,18.76691729323308,25,31675,238.1578947368421
successive,2,0.1767488330078777,0.8787554422142762,0.8810916179337231,133,,4,7,log2,0.001,133,18.76691729323308,25,31675,238.1578947368421
successive,1,0.09794329199939966,0.8786290957348118,0.8810916179337231,50,20.0,10,2,sqrt,0.0001,50,17.56,20,8630,172.6
successive,1,0.09513070801040158,0.8786290957348118,0.8810916179337231,50,20.0,10,5,sqrt,0.0001,50,17.56,20,8630,172.6
successive,1,0.09335295800701715,0.8786290957348118,0.8810916179337231,50,20.0,10,7,sqrt,0.0001,50,17.56,20,8630,172.6
successive,1,0.09469916598754935,0.8786290957348118,0.8810916179337231,50,20.0,10,10,sqrt,0.0001,50,17.56,20,8630,172.6
successive,2,0.569945833995007,0.8784284542280812,0.8810916179337231,133,12.0,1,2,0.5,0.0001,133,12.0,12,22327,167.87218045112783
successive,2,0.5755682089948095,0.8784284542280812,0.8810916179337231,133,12.0,1,2,0.5,1e-05,133,12.0,12,22329,167.88721804511277
successive,2,0.5788676670053974,0.8784284542280812,0.8810916179337231,133,12.0,1,2,0.5,0.0,133,12.0,12,23797,178.9248120300752
successive,1,0.26171812500979286,0.8784104131447703,0.8810916179337231,50,20.0,4,10,0.5,0.001,50,20.0,20,7140,142.8
successive,1,0.23617679199378472,0.8783806130713777,0.8810916179337231,50,12.0,1,7,0.5,1e-05,50,12.0,12,6578,131.56
successive,1,0.23055266600567847,0.8783806130713777,0.8810916179337231,50,12.0,1,7,0.5,0.0001,50,12.0,12,6578,131.56
successive,1,0.24369475001003593,0.8783806130713777,0.8810916179337231,50,12.0,1,7,0.5,0.0,50,12.0,12,6916,138.32
successive,1,0.091321958010667,0.8782508856133252,0.8810916179337231,50,16.0,7,2,sqrt,0.0001,50,15.92,16,9894,197.88
successive,1,0.09219812499941327,0.8782508856133252,0.8810916179337231,50,16.0,7,5,sqrt,0.0001,50,15.92,16,9894,197.88
successive,1,0.09376899999915622,0.8782508856133252,0.8810916179337231,50,16.0,7,7,sqrt,0.0001,50,15.92,16,9894,197.88
successive,1,0.09089929099718574,0.8782508856133252,0.8810916179337231,50,16.0,7,10,sqrt,0.0001,50,15.92,16,9894,197.88
successive,1,0.2646153340028832,0.8781784518128649,0.8810916179337231,50,,4,10,0.5,0.001,50,25.38,30,7908,158.16
successive,1,0.0926821250031935,0.8781655065855826,0.8810916179337231,50,16.0,7,2,sqrt,0.001,50,15.9,16,7848,156.96
successive,1,0.09661987499566749,0.8781655065855826,0.8810916179337231,50,16.0,7,5,sqrt,0.001,50,15.9,16,7848,156.96
successive,1,0.09613437499501742,0.8781655065855826,0.8810916179337231,50,16.0,7,7,sqrt,0.001,50,15.9,16,7848,156.96
successive,1,0.09398454200709239,0.8781655065855826,0.8810916179337231,50,16.0,7,10,sqrt,0.001,50,15.9,16,7848,156.96
successive,1,0.0962968749954598,0.878021582807739,0.8810916179337231,50,16.0,10,2,sqrt,0.001,50,15.58,16,6566,131.32
successive,1,0.11523191699234303,0.878021582807739,0.8810916179337231,50,16.0,10,5,sqrt,0.001,50,15.58,16,6566,131.32
successive,1,0.09571633300220128,0.878021582807739,0.8810916179337231,50,16.0,10,7,sqrt,0.001,50,15.58,16,6566,131.32
successive,1,0.08468108299712185,0.878021582807739,0.8810916179337231,50,16.0,10,10,sqrt,0.001,50,15.58,16,6566,131.32
successive,1,0.09675929199147504,0.8779887568933676,0.8810916179337231,50,20.0,10,2,sqrt,0.001,50,17.22,20,6868,137.36
successive,1,0.09690445799787994,0.8779887568933676,0.8810916179337231,50,20.0,10,5,sqrt,0.001,50,17.22,20,6868,137.36
successive,1,0.09358583299035672,0.8779887568933676,0.8810916179337231,50,20.0,10,7,sqrt,0.001,50,17.22,20,6868,137.36
successive,1,0.09598125000775326,0.8779887568933676,0.8810916179337231,50,20.0,10,10,sqrt,0.001,50,17.22,20,6868,137.36
successive,1,0.0808947080076905,0.8777522862571027,0.8791423001949318,50,,7,2,log2,0.001,50,17.76,24,8812,176.24
successive,1,0.0905955000052927,0.8777522862571027,0.8791423001949318,50,,7,5,log2,0.001,50,17.76,24,8812,176.24
successive,1,0.08289966700249352,0.8777522862571027,0.8791423001949318,50,,7,7,log2,0.001,50,17.76,24,8812,176.24
successive,1,0.0813226660102373,0.8777522862571027,0.8791423001949318,50,,7,10,log2,0.001,50,17.76,24,8812,176.24
successive,2,0.18581516700214706,0.877525821045261,0.8791423001949318,133,,10,2,log2,0.001,133,16.51127819548872,25,19339,145.406015037594
successive,2,0.1821219160046894,0.877525821045261,0.8791423001949318,133,,10,5,log2,0.001,133,16.51127819548872,25,19339,145.406015037594
successive,2,0.19850300000689458,0.877525821045261,0.8791423001949318,133,,10,7,log2,0.001,133,16.51127819548872,25,19339,145.406015037594
successive,2,0.18963145799352787,0.877525821045261,0.8791423001949318,133,,10,10,log2,0.001,133,16.51127819548872,25,19339,145.406015037594
successive,1,0.08320470800390467,0.8773290248345357,0.8791423001949318,50,16.0,7,2,log2,0.0001,50,15.68,16,10880,217.6
successive,1,0.08483774999331217,0.8773290248345357,0.8791423001949318,50,16.0,7,5,log2,0.0001,50,15.68,16,10880,217.6
successive,1,0.08030916700954549,0.8773290248345357,0.8791423001949318,50,16.0,7,7,log2,0.0001,50,15.68,16,10880,217.6
successive,1,0.0823117919935612,0.8773290248345357,0.8791423001949318,50,16.0,7,10,log2,0.0001,50,15.68,16,10880,217.6
successive,1,0.08111625000310596,0.8773290248345357,0.8791423001949318,50,16.0,7,2,log2,1e-05,50,15.7,16,11628,232.56
successive,1,0.08163012500153854,0.8773290248345357,0.8791423001949318,50,16.0,7,5,log2,1e-05,50,15.7,16,11628,232.56
successive,1,0.08273129200097173,0.8773290248345357,0.8791423001949318,50,16.0,7,7,log2,1e-05,50,15.7,16,11628,232.56
successive,1,0.08220404200255871,0.8773290248345357,0.8791423001949318,50,16.0,7,10,log2,1e-05,50,15.7,16,11628,232.56
successive,1,0.08077416699961759,0.8773290248345357,0.8791423001949318,50,16.0,7,2,log2,0.0,50,15.72,16,11994,239.88
successive,1,0.08335216699924786,0.8773290248345357,0.8791423001949318,50,16.0,7,5,log2,0.0,50,15.72,16,11994,239.88
successive,1,0.07882733299629763,0.8773290248345357,0.8791423001949318,50,16.0,7,7,log2,0.0,50,15.72,16,11994,239.88
successive,1,0.08421445899875835,0.8773290248345357,0.8791423001949318,50,16.0,7,10,log2,0.0,50,15.72,16,11994,239.88
successive,2,0.21160383299866226,0.877261642887845,0.8791423001949318,133,16.0,10,2,sqrt,0.0001,133,15.774436090225564,16,22213,167.01503759398497
successive,2,0.2090562920056982,0.877261642887845,0.8791423001949318,133,16.0,10,5,sqrt,0.0001,133,15.774436090225564,16,22213,167.01503759398497
successive,2,0.21309683300205506,0.877261642887845,0.8791423001949318,133,16.0,10,7,sqrt,0.0001,133,15.774436090225564,16,22213,167.01503759398497
successive,2,0.20105449999391567,0.877261642887845,0.8791423001949318,133,16.0,10,10,sqrt,0.0001,133,15.774436090225564,16,22213,167.01503759398497
successive,2,0.20382720800989773,0.877261642887845,0.8791423001949318,133,16.0,10,2,sqrt,1e-05,133,15.781954887218046,16,23783,178.81954887218046
successive,2,0.20351704199856613,0.877261642887845,0.8791423001949318,133,16.0,10,5,sqrt,1e-05,133,15.781954887218046,16,23783,178.81954887218046
successive,2,0.2095504169992637,0.877261642887845,0.8791423001949318,133,16.0,10,7,sqrt,1e-05,133,15.781954887218046,16,23783,178.81954887218046
successive,2,0.2033713330019964,0.877261642887845,0.8791423001949318,133,16.0,10,10,sqrt,1e-05,133,15.781954887218046,16,23783,178.81954887218046
successive,2,0.2010301249974873,0.877261642887845,0.8791423001949318,133,16.0,10,2,sqrt,0.0,133,15.789473684210526,16,24705,185.75187969924812
successive,2,0.19358220799767878,0.877261642887845,0.8791423001949318,133,16.0,10,5,sqrt,0.0,133,15.789473684210526,16,24705,185.75187969924812
successive,2,0.1898852909944253,0.877261642887845,0.8791423001949318,133,16.0,10,7,sqrt,0.0,133,15.789473684210526,16,24705,185.75187969924812
successive,2,0.20283895800821483,0.877261642887845,0.8791423001949318,133,16.0,10,10,sqrt,0.0,133,15.789473684210526,16,24705,185.75187969924812
successive,2,0.20371970800624695,0.8772449571062589,0.8791423001949318,133,20.0,10,2,sqrt,0.0001,133,17.646616541353385,20,23087,173.58646616541353
successive,2,0.20092104100331198,0.8772449571062589,0.8791423001949318,133,20.0,10,5,sqrt,0.0001,133,17.646616541353385,20,23087,173.58646616541353
successive,2,0.20245529200474266,0.8772449571062589,0.8791423001949318,133,20.0,10,7,sqrt,0.0001,133,17.646616541353385,20,23087,173.58646616541353
successive,2,0.20846204199187923,0.8772449571062589,0.8791423001949318,133,20.0,10,10,sqrt,0.0001,133,17.646616541353385,20,23087,173.58646616541353
successive,2,0.19840520901198033,0.8772449571062589,0.8791423001949318,133,20.0,10,2,sqrt,1e-05,133,17.67669172932331,20,24753,186.11278195488723
successive,2,0.1985231659928104,0.8772449571062589,0.8791423001949318,133,20.0,10,5,sqrt,1e-05,133,17.67669172932331,20,24753,186.11278195488723
successive,2,0.20736287500767503,0.8772449571062589,0.8791423001949318,133,20.0,10,7,sqrt,1e-05,133,17.67669172932331,20,24753,186.11278195488723
successive,2,0.19616199999290984,0.8772449571062589,0.8791423001949318,133,20.0,10,10,sqrt,1e-05,133,17.67669172932331,20,24753,186.11278195488723
successive,2,0.19862899999134243,0.8772449571062589,0.8791423001949318,133,20.0,10,2,sqrt,0.0,133,17.69924812030075,20,25689,193.15037593984962
successive,2,0.2009409160091309,0.8772449571062589,0.8791423001949318,133,20.0,10,5,sqrt,0.0,133,17.69924812030075,20,25689,193.15037593984962
successive,2,0.2113630829990143,0.8772449571062589,0.8791423001949318,133,20.0,10,7,sqrt,0.0,133,17.69924812030075,20,25689,193.15037593984962
successive,2,0.19847354100784287,0.8772449571062589,0.8791423001949318,133,20.0,10,10,sqrt,0.0,133,17.69924812030075,20,25689,193.15037593984962
successive,2,0.18613795799319632,0.8772042131701163,0.8791423001949318,133,,10,2,log2,0.0001,133,16.962406015037594,25,24635,185.22556390977442
successive,2,0.1781200420082314,0.8772042131701163,0.8791423001949318,133,,10,5,log2,0.0001,133,16.962406015037594,25,24635,185.22556390977442
successive,2,0.17433499998878688,0.8772042131701163,0.8791423001949318,133,,10,7,log2,0.0001,133,16.962406015037594,25,24635,185.22556390977442
successive,2,0.18435979100468103,0.8772042131701163,0.8791423001949318,133,,10,10,log2,0.0001,133,16.962406015037594,25,24635,185.22556390977442
successive,2,0.18791987499571405,0.8772042131701163,0.8791423001949318,133,,10,2,log2,1e-05,133,17.030075187969924,25,26231,197.22556390977442
successive,2,0.18605095900420565,0.8772042131701163,0.8791423001949318,133,,10,5,log2,1e-05,133,17.030075187969924,25,26231,197.22556390977442
successive,2,0.1887612499995157,0.8772042131701163,0.8791423001949318,133,,10,7,log2,1e-05,133,17.030075187969924,25,26231,197.22556390977442
successive,2,0.1797749169927556,0.8772042131701163,0.8791423001949318,133,,10,10,log2,1e-05,133,17.030075187969924,25,26231,197.22556390977442
successive,2,0.1778601670084754,0.8772042131701163,0.8791423001949318,133,,10,2,log2,0.0,133,17.06015037593985,25,26917,202.38345864661653
successive,2,0.17362766699807253,0.8772042131701163,0.8791423001949318,133,,10,5,log2,0.0,133,17.06015037593985,25,26917,202.38345864661653
successive,2,0.1805037500016624,0.8772042131701163,0.8791423001949318,133,,10,7,log2,0.0,133,17.06015037593985,25,26917,202.38345864661653
successive,2,0.1772899170027813,0.8772042131701163,0.8791423001949318,133,,10,10,log2,0.0,133,17.06015037593985,25,26917,202.38345864661653
successive,1,0.08978091699827928,0.8771552317663885,0.8791423001949318,50,,10,2,log2,0.001,50,16.48,24,7232,144.64
successive,1,0.08066620799945667,0.8771552317663885,0.8791423001949318,50,,10,5,log2,0.001,50,16.48,24,7232,144.64
successive,1,0.08338650000223424,0.8771552317663885,0.8791423001949318,50,,10,7,log2,0.001,50,16.48,24,7232,144.64
successive,1,0.0814316250034608,0.8771552317663885,0.8791423001949318,50,,10,10,log2,0.001,50,16.48,24,7232,144.64
successive,2,0.17591674999857787,0.8770520227986581,0.8791423001949318,133,8.0,4,2,log2,0.0001,133,8.0,8,17297,130.05263157894737
successive,2,0.17219837500306312,0.8770520227986581,0.8791423001949318,133,8.0,4,5,log2,0.0001,133,8.0,8,17297,130.05263157894737
successive,2,0.17824112500238698,0.8770520227986581,0.8791423001949318,133,8.0,4,7,log2,0.0001,133,8.0,8,17297,130.05263157894737
successive,2,0.1736138749984093,0.8770520227986581,0.8791423001949318,133,8.0,4,2,log2,1e-05,133,8.0,8,17645,132.66917293233084
successive,2,0.17420904200116638,0.8770520227986581,0.8791423001949318,133,8.0,4,5,log2,1e-05,133,8.0,8,17645,132.66917293233084
successive,2,0.16558908300066832,0.8770520227986581,0.8791423001949318,133,8.0,4,7,log2,1e-05,133,8.0,8,17645,132.66917293233084
successive,2,0.17898179199255537,0.8770520227986581,0.8791423001949318,133,8.0,4,2,log2,0.0,133,8.0,8,18079,135.93233082706766
successive,2,0.1838771659968188,0.8770520227986581,0.8791423001949318,133,8.0,4,5,log2,0.0,133,8.0,8,18079,135.93233082706766
successive,2,0.16892558299878146,0.8770520227986581,0.8791423001949318,133,8.0,4,7,log2,0.0,133,8.0,8,18079,135.93233082706766
successive,1,0.08408470900030807,0.8769867590435341,0.8791423001949318,50,20.0,7,2,log2,0.001,50,17.44,20,8778,175.56
successive,1,0.0811308749980526,0.8769867590435341,0.8791423001949318,50,20.0,7,5,log2,0.001,50,17.44,20,8778,175.56
successive,1,0.08295520801038947,0.8769867590435341,0.8791423001949318,50,20.0,7,7,log2,0.001,50,17.44,20,8778,175.56
successive,1,0.08220699999947101,0.8769867590435341,0.8791423001949318,50,20.0,7,10,log2,0.001,50,17.44,20,8778,175.56
successive,2,0.19905312499031425,0.8767990596572921,0.8791423001949318,133,8.0,1,7,sqrt,0.001,133,8.0,8,14225,106.95488721804512
successive,2,0.2119837080099387,0.8767298321306182,0.8791423001949318,133,20.0,7,2,sqrt,0.001,133,18.015037593984964,20,22065,165.90225563909775
successive,2,0.21342779199767392,0.8767298321306182,0.8791423001949318,133,20.0,7,5,sqrt,0.001,133,18.015037593984964,20,22065,165.90225563909775
successive,2,0.21416504199441988,0.8767298321306182,0.8791423001949318,133,20.0,7,7,sqrt,0.001,133,18.015037593984964,20,22065,165.90225563909775
successive,2,0.2122536249953555,0.8767298321306182,0.8791423001949318,133,20.0,7,10,sqrt,0.001,133,18.015037593984964,20,22065,165.90225563909775
successive,1,0.0931316250062082,0.8761224231544668,0.8791423001949318,50,,10,2,sqrt,0.001,50,17.46,27,6898,137.96
successive,1,0.09378666599513963,0.8761224231544668,0.8791423001949318,50,,10,5,sqrt,0.001,50,17.46,27,6898,137.96
successive,1,0.09365516700199805,0.8761224231544668,0.8791423001949318,50,,10,7,sqrt,0.001,50,17.46,27,6898,137.96
successive,1,0.09405937499832362,0.8761224231544668,0.8791423001949318,50,,10,10,sqrt,0.001,50,17.46,27,6898,137.96
successive,1,0.23237420900841244,0.875729761526925,0.8771929824561403,50,12.0,1,2,0.5,0.0001,50,12.0,12,8498,169.96
successive,1,0.2378192080068402,0.875729761526925,0.8771929824561403,50,12.0,1,2,0.5,1e-05,50,12.0,12,8500,170.0
successive,1,0.2357028749975143,0.875729761526925,0.8771929824561403,50,12.0,1,2,0.5,0.0,50,12.0,12,9058,181.16
successive,2,0.6040842499933206,0.8756899982790158,0.8791423001949318,133,20.0,7,2,0.5,0.001,133,19.887218045112782,20,16327,122.7593984962406
successive,2,0.6183706250012619,0.8756899982790158,0.8791423001949318,133,20.0,7,5,0.5,0.001,133,19.887218045112782,20,16327,122.7593984962406
successive,2,0.6104508329881355,0.8756899982790158,0.8791423001949318,133,20.0,7,7,0.5,0.001,133,19.887218045112782,20,16327,122.7593984962406
successive,2,0.6004293330042856,0.8756899982790158,0.8791423001949318,133,20.0,7,10,0.5,0.001,133,19.887218045112782,20,16327,122.7593984962406
successive,2,0.6231064580060774,0.8756501294466443,0.8791423001949318,133,,7,2,0.5,0.001,133,23.1203007518797,29,17525,131.7669172932331
successive,2,0.630872374997125,0.8756501294466443,0.8791423001949318,133,,7,5,0.5,0.001,133,23.1203007518797,29,17525,131.7669172932331
successive,2,0.6077850829897216,0.8756501294466443,0.8791423001949318,133,,7,7,0.5,0.001,133,23.1203007518797,29,17525,131.7669172932331
successive,2,0.6130791670002509,0.8756501294466443,0.8791423001949318,133,,7,10,0.5,0.001,133,23.1203007518797,29,17525,131.7669172932331
successive,1,0.08285104100650642,0.8756449679948198,0.8771929824561403,50,8.0,1,5,log2,0.0001,50,8.0,8,7466,149.32
successive,1,0.07768670799850952,0.8756449679948198,0.8771929824561403,50,8.0,1,5,log2,1e-05,50,8.0,8,7508,150.16
successive,1,0.07939574999909382,0.8756449679948198,0.8771929824561403,50,8.0,1,5,log2,0.0,50,8.0,8,7678,153.56
successive,2,0.6045466250070604,0.8755998135599387,0.8791423001949318,133,20.0,7,2,0.5,0.0001,133,19.924812030075188,20,20215,151.99248120300751
successive,2,0.6051449999940814,0.8755998135599387,0.8791423001949318,133,20.0,7,5,0.5,0.0001,133,19.924812030075188,20,20215,151.99248120300751
successive,2,0.6000568339950405,0.8755998135599387,0.8791423001949318,133,20.0,7,7,0.5,0.0001,133,19.924812030075188,20,20215,151.99248120300751
successive,2,0.6124889579950832,0.8755998135599387,0.8791423001949318,133,20.0,7,10,0.5,0.0001,133,19.924812030075188,20,20215,151.99248120300751
successive,1,0.2465875419875374,0.8754433476353832,0.8771929824561403,50,16.0,7,2,0.5,0.0001,50,16.0,16,6494,129.88
successive,1,0.2490834580094088,0.8754433476353832,0.8771929824561403,50,16.0,7,5,0.5,0.0001,50,16.0,16,6494,129.88
successive,1,0.24520120798842981,0.8754433476353832,0.8771929824561403,50,16.0,7,7,0.5,0.0001,50,16.0,16,6494,129.88
successive,1,0.24803370800509583,0.8754433476353832,0.8771929824561403,50,16.0,7,10,0.5,0.0001,50,16.0,16,6494,129.88
successive,1,0.24407908400462475,0.8754433476353832,0.8771929824561403,50,16.0,7,2,0.5,1e-05,50,16.0,16,6890,137.8
successive,1,0.2469899580028141,0.8754433476353832,0.8771929824561403,50,16.0,7,5,0.5,1e-05,50,16.0,16,6890,137.8
successive,1,0.2405165840027621,0.8754433476353832,0.8771929824561403,50,16.0,7,7,0.5,1e-05,50,16.0,16,6890,137.8
successive,1,0.24139983300119638,0.8754433476353832,0.8771929824561403,50,16.0,7,10,0.5,1e-05,50,16.0,16,6890,137.8
successive,1,0.24974800000200048,0.8754433476353832,0.8771929824561403,50,16.0,7,2,0.5,0.0,50,16.0,16,7346,146.92
successive,1,0.2525382919993717,0.8754433476353832,0.8771929824561403,50,16.0,7,5,0.5,0.0,50,16.0,16,7346,146.92
successive,1,0.246742584000458,0.8754433476353832,0.8771929824561403,50,16.0,7,7,0.5,0.0,50,16.0,16,7346,146.92
successive,1,0.24820999999064952,0.8754433476353832,0.8771929824561403,50,16.0,7,10,0.5,0.0,50,16.0,16,7346,146.92
successive,2,0.18400616700819228,0.8753814229235013,0.8771929824561403,133,20.0,10,2,log2,0.0001,133,16.827067669172934,20,24601,184.9699248120301
successive,2,0.18505716700747143,0.8753814229235013,0.8771929824561403,133,20.0,10,5,log2,0.0001,133,16.827067669172934,20,24601,184.9699248120301
successive,2,0.1767214999999851,0.8753814229235013,0.8771929824561403,133,20.0,10,7,log2,0.0001,133,16.827067669172934,20,24601,184.9699248120301
successive,2,0.18205995799507946,0.8753814229235013,0.8771929824561403,133,20.0,10,10,log2,0.0001,133,16.827067669172934,20,24601,184.9699248120301
successive,2,0.18391675000020768,0.8753814229235013,0.8771929824561403,133,20.0,10,2,log2,1e-05,133,16.894736842105264,20,26185,196.8796992481203
successive,2,0.18296633299905807,0.8753814229235013,0.8771929824561403,133,20.0,10,5,log2,1e-05,133,16.894736842105264,20,26185,196.8796992481203
successive,2,0.18065866599499714,0.8753814229235013,0.8771929824561403,133,20.0,10,7,log2,1e-05,133,16.894736842105264,20,26185,196.8796992481203
successive,1,0.0830482919991482,0.8753300828854716,0.8771929824561403,50,8.0,1,5,log2,0.001,50,8.0,8,6144,122.88
successive,2,0.6056047919992125,0.8752751968505945,0.8791423001949318,133,,7,2,0.5,0.0001,133,23.804511278195488,29,21761,163.61654135338347
successive,2,0.6070246670133201,0.8752751968505945,0.8791423001949318,133,,7,5,0.5,0.0001,133,23.804511278195488,29,21761,163.61654135338347
successive,2,0.6005995829909807,0.8752751968505945,0.8791423001949318,133,,7,7,0.5,0.0001,133,23.804511278195488,29,21761,163.61654135338347
successive,2,0.635176790994592,0.8752751968505945,0.8791423001949318,133,,7,10,0.5,0.0001,133,23.804511278195488,29,21761,163.61654135338347
successive,2,0.6055007919931086,0.8752751968505945,0.8791423001949318,133,,7,2,0.5,1e-05,133,23.93984962406015,29,23099,173.6766917293233
successive,2,0.5978134999895701,0.8752751968505945,0.8791423001949318,133,,7,5,0.5,1e-05,133,23.93984962406015,29,23099,173.6766917293233
successive,2,0.6063295000058133,0.8752751968505945,0.8791423001949318,133,,7,7,0.5,1e-05,133,23.93984962406015,29,23099,173.6766917293233
successive,2,0.6082207089930307,0.8752751968505945,0.8791423001949318,133,,7,10,0.5,1e-05,133,23.93984962406015,29,23099,173.6766917293233
successive,2,0.6195777920074761,0.8752751968505945,0.8791423001949318,133,,7,2,0.5,0.0,133,23.969924812030076,29,24469,183.97744360902254
successive,2,0.6111073750071228,0.8752751968505945,0.8791423001949318,133,,7,5,0.5,0.0,133,23.969924812030076,29,24469,183.97744360902254
successive,2,0.6089463749958668,0.8752751968505945,0.8791423001949318,133,,7,7,0.5,0.0,133,23.969924812030076,29,24469,183.97744360902254
successive,2,0.5973823329986772,0.8752751968505945,0.8791423001949318,133,,7,10,0.5,0.0,133,23.969924812030076,29,24469,183.97744360902254
successive,1,0.08047925001301337,0.8752249028299881,0.8771929824561403,50,8.0,4,2,log2,0.001,50,8.0,8,5166,103.32
successive,1,0.08232825000595767,0.8752249028299881,0.8771929824561403,50,8.0,4,5,log2,0.001,50,8.0,8,5166,103.32
successive,1,0.08167316600156482,0.8752249028299881,0.8771929824561403,50,8.0,4,7,log2,0.001,50,8.0,8,5166,103.32
successive,1,0.08322333400428761,0.8751912354531501,0.8771929824561403,50,8.0,4,2,log2,0.0001,50,8.0,8,6452,129.04
successive,1,0.08359533300972544,0.8751912354531501,0.8771929824561403,50,8.0,4,5,log2,0.0001,50,8.0,8,6452,129.04
successive,1,0.08228808399871923,0.8751912354531501,0.8771929824561403,50,8.0,4,7,log2,0.0001,50,8.0,8,6452,129.04
successive,1,0.0777339159976691,0.8751912354531501,0.8771929824561403,50,8.0,4,2,log2,1e-05,50,8.0,8,6590,131.8
successive,1,0.08317937499668915,0.8751912354531501,0.8771929824561403,50,8.0,4,5,log2,1e-05,50,8.0,8,6590,131.8
successive,1,0.0811833340121666,0.8751912354531501,0.8771929824561403,50,8.0,4,7,log2,1e-05,50,8.0,8,6590,131.8
successive,1,0.08253133400285151,0.8751912354531501,0.8771929824561403,50,8.0,4,2,log2,0.0,50,8.0,8,6760,135.2
successive,1,0.08039912499953061,0.8751912354531501,0.8771929824561403,50,8.0,4,5,log2,0.0,50,8.0,8,6760,135.2
successive,1,0.08400816700304858,0.8751912354531501,0.8771929824561403,50,8.0,4,7,log2,0.0,50,8.0,8,6760,135.2
successive,1,0.08265825000125915,0.8750919127345578,0.8771929824561403,50,12.0,4,2,log2,0.001,50,12.0,12,8740,174.8
successive,1,0.08054549999360461,0.8750919127345578,0.8771929824561403,50,12.0,4,5,log2,0.001,50,12.0,12,8740,174.8
successive,1,0.08298175000527408,0.8750919127345578,0.8771929824561403,50,12.0,4,7,log2,0.001,50,12.0,12,8740,174.8
successive,1,0.08218229201156646,0.874907000081537,0.8771929824561403,50,20.0,10,2,log2,0.0001,50,16.74,20,9220,184.4
successive,1,0.08267012500436977,0.874907000081537,0.8771929824561403,50,20.0,10,5,log2,0.0001,50,16.74,20,9220,184.4
successive,1,0.08043533400632441,0.874907000081537,0.8771929824561403,50,20.0,10,7,log2,0.0001,50,16.74,20,9220,184.4
successive,1,0.08217399999557529,0.874907000081537,0.8771929824561403,50,20.0,10,10,log2,0.0001,50,16.74,20,9220,184.4
successive,1,0.10726237500784919,0.874907000081537,0.8771929824561403,50,20.0,10,2,log2,1e-05,50,16.84,20,9832,196.64
successive,1,0.08339941699523479,0.874907000081537,0.8771929824561403,50,20.0,10,5,log2,1e-05,50,16.84,20,9832,196.64
successive,1,0.08188391700969078,0.874907000081537,0.8771929824561403,50,20.0,10,7,log2,1e-05,50,16.84,20,9832,196.64
successive,1,0.08460295900295023,0.874907000081537,0.8771929824561403,50,20.0,10,10,log2,1e-05,50,16.84,20,9832,196.64
successive,1,0.07752683300350327,0.874907000081537,0.8771929824561403,50,20.0,10,2,log2,0.0,50,16.88,20,10092,201.84
successive,1,0.08474874999956228,0.874907000081537,0.8771929824561403,50,20.0,10,5,log2,0.0,50,16.88,20,10092,201.84
successive,1,0.08386995899491012,0.874907000081537,0.8771929824561403,50,20.0,10,7,log2,0.0,50,16.88,20,10092,201.84
successive,1,0.08236387500073761,0.874907000081537,0.8771929824561403,50,20.0,10,10,log2,0.0,50,16.88,20,10092,201.84
successive,2,0.21595316698949318,0.8748755703313139,0.8771929824561403,133,20.0,10,2,sqrt,0.001,133,17.285714285714285,20,18385,138.2330827067669
successive,2,0.2022818340046797,0.8748755703313139,0.8771929824561403,133,20.0,10,5,sqrt,0.001,133,17.285714285714285,20,18385,138.2330827067669
successive,2,0.21060641700751148,0.8748755703313139,0.8771929824561403,133,20.0,10,7,sqrt,0.001,133,17.285714285714285,20,18385,138.2330827067669
successive,2,0.20062770799268037,0.8748755703313139,0.8771929824561403,133,20.0,10,10,sqrt,0.001,133,17.285714285714285,20,18385,138.2330827067669
successive,2,0.20815033299732022,0.8748755703313139,0.8771929824561403,133,,10,2,sqrt,0.001,133,17.49624060150376,27,18449,138.71428571428572
successive,2,0.20579016700503416,0.8748755703313139,0.8771929824561403,133,,10,5,sqrt,0.001,133,17.49624060150376,27,18449,138.71428571428572
successive,2,0.21372570798848756,0.8748755703313139,0.8771929824561403,133,,10,7,sqrt,0.001,133,17.49624060150376,27,18449,138.71428571428572
successive,2,0.2032323329913197,0.8748755703313139,0.8771929824561403,133,,10,10,sqrt,0.001,133,17.49624060150376,27,18449,138.71428571428572
successive,1,0.0821981670014793,0.8747826799572169,0.8771929824561403,50,20.0,10,2,log2,0.001,50,16.32,20,7216,144.32
successive,1,0.08215333400585223,0.8747826799572169,0.8771929824561403,50,20.0,10,5,log2,0.001,50,16.32,20,7216,144.32
successive,1,0.081279917008942,0.8747826799572169,0.8771929824561403,50,20.0,10,7,log2,0.001,50,16.32,20,7216,144.32
successive,1,0.08014916599495336,0.8747826799572169,0.8771929824561403,50,20.0,10,10,log2,0.001,50,16.32,20,7216,144.32
successive,2,0.17908137499762233,0.8747542586844178,0.8771929824561403,133,16.0,7,2,log2,0.0001,133,15.789473684210526,16,29039,218.33834586466165
successive,2,0.1844707499985816,0.8747542586844178,0.8771929824561403,133,16.0,7,5,log2,0.0001,133,15.789473684210526,16,29039,218.33834586466165
successive,2,0.18484816700220108,0.8747542586844178,0.8771929824561403,133,16.0,7,7,log2,0.0001,133,15.789473684210526,16,29039,218.33834586466165
successive,2,0.1816931250068592,0.8747542586844178,0.8771929824561403,133,16.0,7,10,log2,0.0001,133,15.789473684210526,16,29039,218.33834586466165
successive,2,0.20948529199813493,0.8747542586844178,0.8771929824561403,133,16.0,7,2,log2,1e-05,133,15.80451127819549,16,31025,233.27067669172934
successive,2,0.17628041699936148,0.8747542586844178,0.8771929824561403,133,16.0,7,5,log2,1e-05,133,15.80451127819549,16,31025,233.27067669172934
successive,2,0.18383004199131392,0.8747542586844178,0.8771929824561403,133,16.0,7,7,log2,1e-05,133,15.80451127819549,16,31025,233.27067669172934
successive,2,0.17618024999683257,0.8747542586844178,0.8771929824561403,133,16.0,7,10,log2,1e-05,133,15.80451127819549,16,31025,233.27067669172934
successive,2,0.17677241600176785,0.8747542586844178,0.8771929824561403,133,16.0,7,2,log2,0.0,133,15.81203007518797,16,32019,240.74436090225564
successive,2,0.17237658299563918,0.8747542586844178,0.8771929824561403,133,16.0,7,5,log2,0.0,133,15.81203007518797,16,32019,240.74436090225564
successive,2,0.18432904200744815,0.8747542586844178,0.8771929824561403,133,16.0,7,7,log2,0.0,133,15.81203007518797,16,32019,240.74436090225564
successive,2,0.17486908299906645,0.8747542586844178,0.8771929824561403,133,16.0,7,10,log2,0.0,133,15.81203007518797,16,32019,240.74436090225564
successive,2,0.5654660840082215,0.8747368405404309,0.8771929824561403,133,12.0,1,7,0.5,0.0001,133,12.0,12,17327,130.2781954887218
successive,2,0.5851534999965224,0.8747368405404309,0.8771929824561403,133,12.0,1,7,0.5,1e-05,133,12.0,12,17333,130.3233082706767
successive,2,0.565211500012083,0.8747368405404309,0.8771929824561403,133,12.0,1,7,0.5,0.0,133,12.0,12,18205,136.8796992481203
successive,1,0.25054837499919813,0.8746681719988348,0.8771929824561403,50,16.0,7,2,0.5,0.001,50,16.0,16,5252,105.04
successive,1,0.25675995799247175,0.8746681719988348,0.8771929824561403,50,16.0,7,5,0.5,0.001,50,16.0,16,5252,105.04
successive,1,0.2639858750044368,0.8746681719988348,0.8771929824561403,50,16.0,7,7,0.5,0.001,50,16.0,16,5252,105.04
successive,1,0.2787938330002362,0.8746681719988348,0.8771929824561403,50,16.0,7,10,0.5,0.001,50,16.0,16,5252,105.04
successive,2,0.20641045899537858,0.8746336768148597,0.8771929824561403,133,12.0,7,2,sqrt,0.001,133,12.0,12,17467,131.33082706766916
successive,2,0.2081616670038784,0.8746336768148597,0.8771929824561403,133,12.0,7,5,sqrt,0.001,133,12.0,12,17467,131.33082706766916
successive,2,0.19899220899969805,0.8746336768148597,0.8771929824561403,133,12.0,7,7,sqrt,0.001,133,12.0,12,17467,131.33082706766916
successive,2,0.2238757080049254,0.8746336768148597,0.8771929824561403,133,12.0,7,10,sqrt,0.001,133,12.0,12,17467,131.33082706766916
successive,2,0.5607699999964098,0.8740210161179954,0.8752436647173489,133,12.0,1,5,0.5,0.0001,133,12.0,12,18469,138.86466165413535
successive,2,0.5703411249996861,0.8740210161179954,0.8752436647173489,133,12.0,1,5,0.5,1e-05,133,12.0,12,18473,138.89473684210526
successive,2,0.5800320410053246,0.8740210161179954,0.8752436647173489,133,12.0,1,5,0.5,0.0,133,12.0,12,19441,146.17293233082708
successive,2,0.6087052919901907,0.8739610556939816,0.8771929824561403,133,20.0,7,2,0.5,1e-05,133,19.93233082706767,20,21463,161.37593984962405
successive,2,0.6016583750024438,0.8739610556939816,0.8771929824561403,133,20.0,7,5,0.5,1e-05,133,19.93233082706767,20,21463,161.37593984962405
successive,2,0.637169041991001,0.8739610556939816,0.8771929824561403,133,20.0,7,7,0.5,1e-05,133,19.93233082706767,20,21463,161.37593984962405
successive,2,0.5979562919965247,0.8739610556939816,0.8771929824561403,133,20.0,7,10,0.5,1e-05,133,19.93233082706767,20,21463,161.37593984962405
successive,2,0.6080695830023615,0.8739610556939816,0.8771929824561403,133,20.0,7,2,0.5,0.0,133,19.93233082706767,20,22829,171.64661654135338
successive,2,0.5921419170044828,0.8739610556939816,0.8771929824561403,133,20.0,7,5,0.5,0.0,133,19.93233082706767,20,22829,171.64661654135338
successive,2,0.6321973750018515,0.8739610556939816,0.8771929824561403,133,20.0,7,7,0.5,0.0,133,19.93233082706767,20,22829,171.64661654135338
successive,2,0.612379707992659,0.8739610556939816,0.8771929824561403,133,20.0,7,10,0.5,0.0,133,19.93233082706767,20,22829,171.64661654135338
successive,2,0.176743042000453,0.8739220372330603,0.8752436647173489,133,8.0,1,5,log2,0.0001,133,8.0,8,20161,151.58646616541353
successive,2,0.16616016699117608,0.8739220372330603,0.8752436647173489,133,8.0,1,5,log2,1e-05,133,8.0,8,20259,152.3233082706767
successive,2,0.18032249998941552,0.8739220372330603,0.8752436647173489,133,8.0,1,5,log2,0.0,133,8.0,8,20713,155.73684210526315
successive,1,0.0838614590029465,0.8736022642061757,0.8752436647173489,50,16.0,7,2,log2,0.001,50,15.52,16,8406,168.12
successive,1,0.08244283399835695,0.8736022642061757,0.8752436647173489,50,16.0,7,5,log2,0.001,50,15.52,16,8406,168.12
successive,1,0.07861766700807493,0.8736022642061757,0.8752436647173489,50,16.0,7,7,log2,0.001,50,15.52,16,8406,168.12
successive,1,0.08046129200374708,0.8736022642061757,0.8752436647173489,50,16.0,7,10,log2,0.001,50,15.52,16,8406,168.12
successive,1,0.08286270798998885,0.8733840505601883,0.8752436647173489,50,8.0,1,7,log2,0.0001,50,8.0,8,7010,140.2
successive,1,0.08330008399207145,0.8733840505601883,0.8752436647173489,50,8.0,1,7,log2,1e-05,50,8.0,8,7050,141.0
successive,1,0.07908970800053794,0.8733840505601883,0.8752436647173489,50,8.0,1,7,log2,0.0,50,8.0,8,7198,143.96
successive,2,0.20277229198836721,0.8733036075860354,0.8752436647173489,133,16.0,10,2,sqrt,0.001,133,15.676691729323307,16,17699,133.0751879699248
successive,2,0.20792437499039806,0.8733036075860354,0.8752436647173489,133,16.0,10,5,sqrt,0.001,133,15.676691729323307,16,17699,133.0751879699248
successive,2,0.20407579200400505,0.8733036075860354,0.8752436647173489,133,16.0,10,7,sqrt,0.001,133,15.676691729323307,16,17699,133.0751879699248
successive,2,0.19824241599417292,0.8733036075860354,0.8752436647173489,133,16.0,10,10,sqrt,0.001,133,15.676691729323307,16,17699,133.0751879699248
successive,2,0.17575245900661685,0.8731674593218378,0.8752436647173489,133,,7,2,log2,0.0001,133,18.398496240601503,25,30499,229.31578947368422
successive,2,0.1798173340066569,0.8731674593218378,0.8752436647173489,133,,7,5,log2,0.0001,133,18.398496240601503,25,30499,229.31578947368422
successive,2,0.17567070800578222,0.8731674593218378,0.8752436647173489,133,,7,7,log2,0.0001,133,18.398496240601503,25,30499,229.31578947368422
successive,2,0.20005716700688936,0.8731674593218378,0.8752436647173489,133,,7,10,log2,0.0001,133,18.398496240601503,25,30499,229.31578947368422
successive,2,0.18340979199274443,0.8731674593218378,0.8752436647173489,133,,7,2,log2,1e-05,133,18.526315789473685,25,32587,245.01503759398497
successive,2,0.18764950000331737,0.8731674593218378,0.8752436647173489,133,,7,5,log2,1e-05,133,18.526315789473685,25,32587,245.01503759398497
successive,2,0.17861333400651347,0.8731674593218378,0.8752436647173489,133,,7,7,log2,1e-05,133,18.526315789473685,25,32587,245.01503759398497
successive,2,0.18348279199562967,0.8731674593218378,0.8752436647173489,133,,7,10,log2,1e-05,133,18.526315789473685,25,32587,245.01503759398497
successive,2,0.17586216700146906,0.8731674593218378,0.8752436647173489,133,,7,2,log2,0.0,133,18.56390977443609,25,33637,252.90977443609023
successive,2,0.17518554101116024,0.8731674593218378,0.8752436647173489,133,,7,5,log2,0.0,133,18.56390977443609,25,33637,252.90977443609023
successive,2,0.18853970899363048,0.8731674593218378,0.8752436647173489,133,,7,7,log2,0.0,133,18.56390977443609,25,33637,252.90977443609023
successive,2,0.1880399999936344,0.8731674593218378,0.8752436647173489,133,,7,10,log2,0.0,133,18.56390977443609,25,33637,252.90977443609023
successive,2,0.18064529199909884,0.8731538318732253,0.8752436647173489,133,20.0,7,2,log2,0.001,133,17.36842105263158,20,23323,175.3609022556391
successive,2,0.18445870799769182,0.8731538318732253,0.8752436647173489,133,20.0,7,5,log2,0.001,133,17.36842105263158,20,23323,175.3609022556391
successive,2,0.18250941699079704,0.8731538318732253,0.8752436647173489,133,20.0,7,7,log2,0.001,133,17.36842105263158,20,23323,175.3609022556391
successive,2,0.19035166599496733,0.8731538318732253,0.8752436647173489,133,20.0,7,10,log2,0.001,133,17.36842105263158,20,23323,175.3609022556391
successive,2,0.17690220799704548,0.8731262266282287,0.8752436647173489,133,,7,2,log2,0.001,133,17.661654135338345,24,23421,176.09774436090225
successive,2,0.1868905829905998,0.8731262266282287,0.8752436647173489,133,,7,5,log2,0.001,133,17.661654135338345,24,23421,176.09774436090225
successive,2,0.18824316700920463,0.8731262266282287,0.8752436647173489,133,,7,7,log2,0.001,133,17.661654135338345,24,23421,176.09774436090225
successive,2,0.18314929198822938,0.8731262266282287,0.8752436647173489,133,,7,10,log2,0.001,133,17.661654135338345,24,23421,176.09774436090225
successive,1,0.46535658299399074,0.8729652131418578,0.8752436647173489,50,8.0,1,2,log2,0.001,50,8.0,8,6390,127.8
successive,2,0.18843700000434183,0.8726398247661145,0.8752436647173489,133,12.0,4,2,log2,0.001,133,12.0,12,24107,181.25563909774436
successive,2,0.17934870900353417,0.8726398247661145,0.8752436647173489,133,12.0,4,5,log2,0.001,133,12.0,12,24107,181.25563909774436
successive,2,0.185152250007377,0.8726398247661145,0.8752436647173489,133,12.0,4,7,log2,0.001,133,12.0,12,24107,181.25563909774436
successive,1,0.0837166670098668,0.872628137754486,0.8752436647173489,50,16.0,10,2,log2,0.001,50,15.28,16,7048,140.96
successive,1,0.07919695900636725,0.872628137754486,0.8752436647173489,50,16.0,10,5,log2,0.001,50,15.28,16,7048,140.96
successive,1,0.07769462499709334,0.872628137754486,0.8752436647173489,50,16.0,10,7,log2,0.001,50,15.28,16,7048,140.96
successive,1,0.08008829200116452,0.872628137754486,0.8752436647173489,50,16.0,10,10,log2,0.001,50,15.28,16,7048,140.96
successive,1,0.08226566699158866,0.8725775006393567,0.8752436647173489,50,16.0,10,2,log2,0.0001,50,15.46,16,8962,179.24
successive,1,0.08098266599699855,0.8725775006393567,0.8752436647173489,50,16.0,10,5,log2,0.0001,50,15.46,16,8962,179.24
successive,1,0.08061604200338479,0.8725775006393567,0.8752436647173489,50,16.0,10,7,log2,0.0001,50,15.46,16,8962,179.24
successive,1,0.08093033300247043,0.8725775006393567,0.8752436647173489,50,16.0,10,10,log2,0.0001,50,15.46,16,8962,179.24
successive,1,0.07848383400414605,0.8725775006393567,0.8752436647173489,50,16.0,10,2,log2,1e-05,50,15.52,16,9576,191.52
successive,1,0.07876541699806694,0.8725775006393567,0.8752436647173489,50,16.0,10,5,log2,1e-05,50,15.52,16,9576,191.52
successive,1,0.08339158399030566,0.8725775006393567,0.8752436647173489,50,16.0,10,7,log2,1e-05,50,15.52,16,9576,191.52
successive,1,0.08173112499935087,0.8725775006393567,0.8752436647173489,50,16.0,10,10,log2,1e-05,50,15.52,16,9576,191.52
successive,1,0.08010445798572619,0.8725775006393567,0.8752436647173489,50,16.0,10,2,log2,0.0,50,15.52,16,9842,196.84
successive,1,0.0822403329948429,0.8725775006393567,0.8752436647173489,50,16.0,10,5,log2,0.0,50,15.52,16,9842,196.84
successive,1,0.08271425000566524,0.8725775006393567,0.8752436647173489,50,16.0,10,7,log2,0.0,50,15.52,16,9842,196.84
successive,1,0.08111187499889638,0.8725775006393567,0.8752436647173489,50,16.0,10,10,log2,0.0,50,15.52,16,9842,196.84
successive,1,0.2604162920033559,0.871814103906928,0.8732943469785575,50,16.0,4,10,0.5,0.0001,50,16.0,16,7370,147.4
successive,1,0.24799891700968146,0.871814103906928,0.8732943469785575,50,16.0,4,10,0.5,1e-05,50,16.0,16,7384,147.68
successive,1,0.24716958399221767,0.871814103906928,0.8732943469785575,50,16.0,4,10,0.5,0.0,50,16.0,16,7804,156.08
successive,2,0.18445766699733213,0.8712730579494348,0.8732943469785575,133,20.0,7,2,log2,0.0001,133,17.954887218045112,20,30321,227.97744360902254
successive,2,0.18992483300098684,0.8712730579494348,0.8732943469785575,133,20.0,7,5,log2,0.0001,133,17.954887218045112,20,30321,227.97744360902254
successive,2,0.1830423339997651,0.8712730579494348,0.8732943469785575,133,20.0,7,7,log2,0.0001,133,17.954887218045112,20,30321,227.97744360902254
successive,2,0.1822307090042159,0.8712730579494348,0.8732943469785575,133,20.0,7,10,log2,0.0001,133,17.954887218045112,20,30321,227.97744360902254
successive,2,0.18195508400094695,0.8712730579494348,0.8732943469785575,133,20.0,7,2,log2,1e-05,133,18.037593984962406,20,32401,243.61654135338347
successive,2,0.18905591599468607,0.8712730579494348,0.8732943469785575,133,20.0,7,5,log2,1e-05,133,18.037593984962406,20,32401,243.61654135338347
successive,2,0.17484875000081956,0.8712730579494348,0.8732943469785575,133,20.0,7,7,log2,1e-05,133,18.037593984962406,20,32401,243.61654135338347
successive,2,0.18475016701268032,0.8712730579494348,0.8732943469785575,133,20.0,7,10,log2,1e-05,133,18.037593984962406,20,32401,243.61654135338347
successive,2,0.1760727500077337,0.8712730579494348,0.8732943469785575,133,20.0,7,2,log2,0.0,133,18.075187969924812,20,33459,251.57142857142858
successive,2,0.1761507919873111,0.8712730579494348,0.8732943469785575,133,20.0,7,5,log2,0.0,133,18.075187969924812,20,33459,251.57142857142858
successive,2,0.18338220799341798,0.8712730579494348,0.8732943469785575,133,20.0,7,7,log2,0.0,133,18.075187969924812,20,33459,251.57142857142858
successive,2,0.18284520799352322,0.8712730579494348,0.8732943469785575,133,20.0,7,10,log2,0.0,133,18.075187969924812,20,33459,251.57142857142858
successive,1,0.07915325000067241,0.8710698838423849,0.8732943469785575,50,8.0,1,7,log2,0.001,50,8.0,8,5932,118.64
successive,1,0.09145870900829323,0.8710234555133579,0.8732943469785575,50,12.0,10,2,sqrt,1e-05,50,12.0,12,7532,150.64
successive,1,0.09566470798745286,0.8710234555133579,0.8732943469785575,50,12.0,10,5,sqrt,1e-05,50,12.0,12,7532,150.64
successive,1,0.09440420799364801,0.8710234555133579,0.8732943469785575,50,12.0,10,7,sqrt,1e-05,50,12.0,12,7532,150.64
successive,1,0.09068783299881034,0.8710234555133579,0.8732943469785575,50,12.0,10,10,sqrt,1e-05,50,12.0,12,7532,150.64
successive,1,0.08453441700839903,0.8710234555133579,0.8732943469785575,50,12.0,10,2,sqrt,0.0,50,12.0,12,7828,156.56
successive,1,0.08347687499190215,0.8710234555133579,0.8732943469785575,50,12.0,10,5,sqrt,0.0,50,12.0,12,7828,156.56
successive,1,0.10643583300407045,0.8710234555133579,0.8732943469785575,50,12.0,10,7,sqrt,0.0,50,12.0,12,7828,156.56
successive,1,0.09019424999132752,0.8710234555133579,0.8732943469785575,50,12.0,10,10,sqrt,0.0,50,12.0,12,7828,156.56
successive,1,0.09531233299640007,0.8709977942996991,0.8732943469785575,50,12.0,10,2,sqrt,0.0001,50,12.0,12,6986,139.72
successive,1,0.08799554100551177,0.8709977942996991,0.8732943469785575,50,12.0,10,5,sqrt,0.0001,50,12.0,12,6986,139.72
successive,1,0.09560162499838043,0.8709977942996991,0.8732943469785575,50,12.0,10,7,sqrt,0.0001,50,12.0,12,6986,139.72
successive,1,0.09505237500707153,0.8709977942996991,0.8732943469785575,50,12.0,10,10,sqrt,0.0001,50,12.0,12,6986,139.72
successive,1,0.2316277500067372,0.8700293372533093,0.8693957115009746,50,12.0,1,10,0.5,0.0001,50,12.0,12,6228,124.56
successive,1,0.23432020800828468,0.8700293372533093,0.8693957115009746,50,12.0,1,10,0.5,1e-05,50,12.0,12,6234,124.68
successive,1,0.2356682919926243,0.8700293372533093,0.8693957115009746,50,12.0,1,10,0.5,0.0,50,12.0,12,6538,130.76
successive,1,0.25661991600645706,0.8696027786904259,0.8713450292397661,50,16.0,4,10,0.5,0.001,50,16.0,16,5822,116.44
successive,1,0.0822676250099903,0.8693543774504039,0.8713450292397661,50,8.0,7,2,log2,0.0001,50,8.0,8,5262,105.24
successive,1,0.0811565000039991,0.8693543774504039,0.8713450292397661,50,8.0,7,5,log2,0.0001,50,8.0,8,5262,105.24
successive,1,0.08271300001069903,0.8693543774504039,0.8713450292397661,50,8.0,7,7,log2,0.0001,50,8.0,8,5262,105.24
successive,1,0.08297083299839869,0.8693543774504039,0.8713450292397661,50,8.0,7,10,log2,0.0001,50,8.0,8,5262,105.24
successive,1,0.26039983399095945,0.8690252677870761,0.8713450292397661,50,12.0,1,5,0.5,0.001,50,12.0,12,5736,114.72
successive,1,0.08312037499854341,0.8678079851577903,0.8693957115009746,50,8.0,1,10,log2,0.001,50,8.0,8,5650,113.0
successive,2,0.17409312499512453,0.867689117812546,0.8693957115009746,133,8.0,1,5,log2,0.001,133,8.0,8,16555,124.47368421052632
successive,1,0.23567974999605212,0.8676792435078717,0.8732943469785575,50,12.0,1,7,0.5,0.001,50,12.0,12,5508,110.16
successive,1,0.08301975000358652,0.8674546075560996,0.8693957115009746,50,8.0,7,2,log2,1e-05,50,8.0,8,5578,111.56
successive,1,0.08339920800062828,0.8674546075560996,0.8693957115009746,50,8.0,7,5,log2,1e-05,50,8.0,8,5578,111.56
successive,1,0.08170604200859088,0.8674546075560996,0.8693957115009746,50,8.0,7,7,log2,1e-05,50,8.0,8,5578,111.56
successive,1,0.08229687499988358,0.8674546075560996,0.8693957115009746,50,8.0,7,10,log2,1e-05,50,8.0,8,5578,111.56
successive,1,0.08296929200878367,0.8674546075560996,0.8693957115009746,50,8.0,7,2,log2,0.0,50,8.0,8,5708,114.16
successive,1,0.08414650001213886,0.8674546075560996,0.8693957115009746,50,8.0,7,5,log2,0.0,50,8.0,8,5708,114.16
successive,1,0.081131999992067,0.8674546075560996,0.8693957115009746,50,8.0,7,7,log2,0.0,50,8.0,8,5708,114.16
successive,1,0.08131141700141598,0.8674546075560996,0.8693957115009746,50,8.0,7,10,log2,0.0,50,8.0,8,5708,114.16
successive,1,0.08151108400488738,0.8674093441839802,0.8693957115009746,50,8.0,7,2,log2,0.001,50,8.0,8,4350,87.0
successive,1,0.0842735000042012,0.8674093441839802,0.8693957115009746,50,8.0,7,5,log2,0.001,50,8.0,8,4350,87.0
successive,1,0.08284295799967367,0.8674093441839802,0.8693957115009746,50,8.0,7,7,log2,0.001,50,8.0,8,4350,87.0
successive,1,0.08102637500269338,0.8674093441839802,0.8693957115009746,50,8.0,7,10,log2,0.001,50,8.0,8,4350,87.0
successive,1,0.5389732500043465,0.8665079144585286,0.8674463937621832,50,8.0,1,2,sqrt,0.0001,50,8.0,8,7560,151.2
successive,1,0.7178986670041922,0.8665079144585286,0.8674463937621832,50,8.0,1,2,sqrt,1e-05,50,8.0,8,7568,151.36
successive,1,0.7975537090096623,0.8665079144585286,0.8674463937621832,50,8.0,1,2,sqrt,0.0,50,8.0,8,7892,157.84
successive,1,0.08352129200648051,0.8664303661915779,0.8693957115009746,50,12.0,10,2,log2,0.0001,50,12.0,12,7548,150.96
successive,1,0.07991020800545812,0.8664303661915779,0.8693957115009746,50,12.0,10,5,log2,0.0001,50,12.0,12,7548,150.96
successive,1,0.10134787499555387,0.8664303661915779,0.8693957115009746,50,12.0,10,7,log2,0.0001,50,12.0,12,7548,150.96
successive,1,0.07919341599335894,0.8664303661915779,0.8693957115009746,50,12.0,10,10,log2,0.0001,50,12.0,12,7548,150.96
successive,1,0.08349633299803827,0.8664303661915779,0.8693957115009746,50,12.0,10,2,log2,1e-05,50,12.0,12,8016,160.32
successive,1,0.08326095899974462,0.8664303661915779,0.8693957115009746,50,12.0,10,5,log2,1e-05,50,12.0,12,8016,160.32
successive,1,0.08061591700243298,0.8664303661915779,0.8693957115009746,50,12.0,10,7,log2,1e-05,50,12.0,12,8016,160.32
successive,1,0.08387808399857022,0.8664303661915779,0.8693957115009746,50,12.0,10,10,log2,1e-05,50,12.0,12,8016,160.32
successive,1,0.08166424999944866,0.8664303661915779,0.8693957115009746,50,12.0,10,2,log2,0.0,50,12.0,12,8256,165.12
successive,1,0.08377804199699312,0.8664303661915779,0.8693957115009746,50,12.0,10,5,log2,0.0,50,12.0,12,8256,165.12
successive,1,0.08381599999847822,0.8664303661915779,0.8693957115009746,50,12.0,10,7,log2,0.0,50,12.0,12,8256,165.12
successive,1,0.08376537499134429,0.8664303661915779,0.8693957115009746,50,12.0,10,10,log2,0.0,50,12.0,12,8256,165.12
successive,1,0.08223579199693631,0.8662448363143244,0.8693957115009746,50,12.0,10,2,log2,0.001,50,11.98,12,5948,118.96
successive,1,0.08335262499167584,0.8662448363143244,0.8693957115009746,50,12.0,10,5,log2,0.001,50,11.98,12,5948,118.96
successive,1,0.08096333399589639,0.8662448363143244,0.8693957115009746,50,12.0,10,7,log2,0.001,50,11.98,12,5948,118.96
successive,1,0.08021808300691191,0.8662448363143244,0.8693957115009746,50,12.0,10,10,log2,0.001,50,11.98,12,5948,118.96
successive,1,0.07933383299678098,0.8661251565498616,0.8693957115009746,50,8.0,4,10,log2,0.0001,50,8.0,8,5974,119.48
successive,1,0.08115358398936223,0.8661251565498616,0.8693957115009746,50,8.0,4,10,log2,1e-05,50,8.0,8,6096,121.92
successive,1,0.08086270799685735,0.8661251565498616,0.8693957115009746,50,8.0,4,10,log2,0.0,50,8.0,8,6218,124.36
successive,1,0.0814820000086911,0.8661159299936327,0.8693957115009746,50,8.0,4,10,log2,0.001,50,8.0,8,4888,97.76
successive,1,0.23650304100010544,0.8653414867667224,0.8674463937621832,50,12.0,1,10,0.5,0.001,50,12.0,12,5278,105.56
successive,1,0.2431076250068145,0.8650430770195836,0.8693957115009746,50,12.0,1,2,0.5,0.001,50,12.0,12,6074,121.48
successive,1,0.09321641699352767,0.8649612955084925,0.8674463937621832,50,8.0,1,5,sqrt,0.0001,50,8.0,8,6274,125.48
successive,1,0.09316154199768789,0.8649612955084925,0.8674463937621832,50,8.0,1,5,sqrt,1e-05,50,8.0,8,6290,125.8
successive,1,0.09497983299661428,0.8649612955084925,0.8674463937621832,50,8.0,1,5,sqrt,0.0,50,8.0,8,6462,129.24
successive,2,0.590425292000873,0.8644940812296533,0.8674463937621832,133,16.0,7,2,0.5,0.0001,133,16.0,16,17179,129.1654135338346
successive,2,0.6023490419902373,0.8644940812296533,0.8674463937621832,133,16.0,7,5,0.5,0.0001,133,16.0,16,17179,129.1654135338346
successive,2,0.5918952920037555,0.8644940812296533,0.8674463937621832,133,16.0,7,7,0.5,0.0001,133,16.0,16,17179,129.1654135338346
successive,2,0.5844986660085851,0.8644940812296533,0.8674463937621832,133,16.0,7,10,0.5,0.0001,133,16.0,16,17179,129.1654135338346
successive,2,0.5841639169957489,0.8644940812296533,0.8674463937621832,133,16.0,7,2,0.5,1e-05,133,16.0,16,18239,137.13533834586465
successive,2,0.5810977079963777,0.8644940812296533,0.8674463937621832,133,16.0,7,5,0.5,1e-05,133,16.0,16,18239,137.13533834586465
successive,2,0.5827093340049032,0.8644940812296533,0.8674463937621832,133,16.0,7,7,0.5,1e-05,133,16.0,16,18239,137.13533834586465
successive,2,0.5977404580044094,0.8644940812296533,0.8674463937621832,133,16.0,7,10,0.5,1e-05,133,16.0,16,18239,137.13533834586465
successive,2,0.5899676250119228,0.8644940812296533,0.8674463937621832,133,16.0,7,2,0.5,0.0,133,16.0,16,19471,146.3984962406015
successive,2,0.5894184169883374,0.8644940812296533,0.8674463937621832,133,16.0,7,5,0.5,0.0,133,16.0,16,19471,146.3984962406015
successive,2,0.5986767080030404,0.8644940812296533,0.8674463937621832,133,16.0,7,7,0.5,0.0,133,16.0,16,19471,146.3984962406015
successive,2,0.5998389169981238,0.8644940812296533,0.8674463937621832,133,16.0,7,10,0.5,0.0,133,16.0,16,19471,146.3984962406015
successive,1,0.08242854100535624,0.8644917240803007,0.8674463937621832,50,8.0,4,10,sqrt,0.0001,50,8.0,8,5420,108.4
successive,1,0.08171612500154879,0.8644917240803007,0.8674463937621832,50,8.0,4,10,sqrt,1e-05,50,8.0,8,5470,109.4
successive,1,0.0944351249927422,0.8644917240803007,0.8674463937621832,50,8.0,4,10,sqrt,0.0,50,8.0,8,5626,112.52
successive,1,0.08226454199757427,0.8643316761967358,0.8674463937621832,50,12.0,7,2,log2,0.0001,50,12.0,12,9092,181.84
successive,1,0.08078704100626055,0.8643316761967358,0.8674463937621832,50,12.0,7,5,log2,0.0001,50,12.0,12,9092,181.84
successive,1,0.07999762499821372,0.8643316761967358,0.8674463937621832,50,12.0,7,7,log2,0.0001,50,12.0,12,9092,181.84
successive,1,0.08092820800084155,0.8643316761967358,0.8674463937621832,50,12.0,7,10,log2,0.0001,50,12.0,12,9092,181.84
successive,1,0.08198754199838731,0.8642024648197307,0.8674463937621832,50,12.0,7,2,log2,1e-05,50,12.0,12,9676,193.52
successive,1,0.08021783399453852,0.8642024648197307,0.8674463937621832,50,12.0,7,5,log2,1e-05,50,12.0,12,9676,193.52
successive,1,0.07944495799893048,0.8642024648197307,0.8674463937621832,50,12.0,7,7,log2,1e-05,50,12.0,12,9676,193.52
successive,1,0.08456458400178235,0.8642024648197307,0.8674463937621832,50,12.0,7,10,log2,1e-05,50,12.0,12,9676,193.52
successive,1,0.07940224999038037,0.8642024648197307,0.8674463937621832,50,12.0,7,2,log2,0.0,50,12.0,12,9986,199.72
successive,1,0.07753037499787752,0.8642024648197307,0.8674463937621832,50,12.0,7,5,log2,0.0,50,12.0,12,9986,199.72
successive,1,0.0825956659973599,0.8642024648197307,0.8674463937621832,50,12.0,7,7,log2,0.0,50,12.0,12,9986,199.72
successive,1,0.07719008300045971,0.8642024648197307,0.8674463937621832,50,12.0,7,10,log2,0.0,50,12.0,12,9986,199.72
successive,1,0.08127824999974109,0.8640376077497319,0.8654970760233918,50,8.0,1,10,log2,0.0001,50,8.0,8,6488,129.76
successive,1,0.07902066699170973,0.8640376077497319,0.8654970760233918,50,8.0,1,10,log2,1e-05,50,8.0,8,6550,131.0
successive,1,0.0823643330077175,0.8640376077497319,0.8654970760233918,50,8.0,1,10,log2,0.0,50,8.0,8,6674,133.48
successive,1,0.08500987499428447,0.863240041426234,0.8654970760233918,50,8.0,1,10,sqrt,0.0001,50,8.0,8,5542,110.84
successive,1,0.08768758299993351,0.863240041426234,0.8654970760233918,50,8.0,1,10,sqrt,1e-05,50,8.0,8,5566,111.32
successive,1,0.09408595800050534,0.863240041426234,0.8654970760233918,50,8.0,1,10,sqrt,0.0,50,8.0,8,5704,114.08
successive,1,0.45189191700774245,0.8628732054895499,0.8654970760233918,50,8.0,1,2,log2,0.0001,50,8.0,8,8712,174.24
successive,1,0.46656008300487883,0.8628732054895499,0.8654970760233918,50,8.0,1,2,log2,1e-05,50,8.0,8,8742,174.84
successive,1,0.5152536669920664,0.8628732054895499,0.8654970760233918,50,8.0,1,2,log2,0.0,50,8.0,8,9042,180.84
successive,1,0.08898429200053215,0.8624990138347371,0.8654970760233918,50,8.0,4,10,sqrt,0.001,50,8.0,8,4412,88.24
successive,1,0.09825158400053624,0.8611251705881516,0.8635477582846004,50,8.0,1,10,sqrt,0.001,50,8.0,8,4858,97.16
successive,1,0.09529058300540783,0.860920093277718,0.8635477582846004,50,8.0,4,2,sqrt,0.0001,50,8.0,8,5652,113.04
successive,1,0.08591841701127123,0.860920093277718,0.8635477582846004,50,8.0,4,5,sqrt,0.0001,50,8.0,8,5652,113.04
successive,1,0.08391712499724235,0.860920093277718,0.8635477582846004,50,8.0,4,7,sqrt,0.0001,50,8.0,8,5652,113.04
successive,1,0.11650770799315069,0.8606765521793542,0.8635477582846004,50,8.0,1,5,sqrt,0.001,50,8.0,8,5248,104.96
successive,1,0.2451977910095593,0.8598514988734592,0.8635477582846004,50,20.0,10,2,0.5,0.0001,50,19.88,20,6696,133.92
successive,1,0.24723270900722127,0.8598514988734592,0.8635477582846004,50,20.0,10,5,0.5,0.0001,50,19.88,20,6696,133.92
successive,1,0.24797108399798162,0.8598514988734592,0.8635477582846004,50,20.0,10,7,0.5,0.0001,50,19.88,20,6696,133.92
successive,1,0.2512955830025021,0.8598514988734592,0.8635477582846004,50,20.0,10,10,0.5,0.0001,50,19.88,20,6696,133.92
successive,1,0.09176024999760557,0.8595047584831491,0.8615984405458089,50,8.0,7,2,sqrt,0.001,50,8.0,8,3996,79.92
successive,1,0.08147620799718425,0.8595047584831491,0.8615984405458089,50,8.0,7,5,sqrt,0.001,50,8.0,8,3996,79.92
successive,1,0.08113591700384859,0.8595047584831491,0.8615984405458089,50,8.0,7,7,sqrt,0.001,50,8.0,8,3996,79.92
successive,1,0.08111004100646824,0.8595047584831491,0.8615984405458089,50,8.0,7,10,sqrt,0.001,50,8.0,8,3996,79.92
successive,1,0.08813874999759719,0.8595047584831491,0.8615984405458089,50,8.0,7,2,sqrt,0.0001,50,8.0,8,4794,95.88
successive,1,0.09062570800597314,0.8595047584831491,0.8615984405458089,50,8.0,7,5,sqrt,0.0001,50,8.0,8,4794,95.88
successive,1,0.09265500000037719,0.8595047584831491,0.8615984405458089,50,8.0,7,7,sqrt,0.0001,50,8.0,8,4794,95.88
successive,1,0.08212141699914355,0.8595047584831491,0.8615984405458089,50,8.0,7,10,sqrt,0.0001,50,8.0,8,4794,95.88
successive,1,0.08995912500540726,0.8595047584831491,0.8615984405458089,50,8.0,7,2,sqrt,1e-05,50,8.0,8,5068,101.36
successive,1,0.08272345800651237,0.8595047584831491,0.8615984405458089,50,8.0,7,5,sqrt,1e-05,50,8.0,8,5068,101.36
successive,1,0.08143787499284372,0.8595047584831491,0.8615984405458089,50,8.0,7,7,sqrt,1e-05,50,8.0,8,5068,101.36
successive,1,0.08273845899384469,0.8595047584831491,0.8615984405458089,50,8.0,7,10,sqrt,1e-05,50,8.0,8,5068,101.36
successive,1,0.08425858299597166,0.8595047584831491,0.8615984405458089,50,8.0,7,2,sqrt,0.0,50,8.0,8,5250,105.0
successive,1,0.0845931250078138,0.8595047584831491,0.8615984405458089,50,8.0,7,5,sqrt,0.0,50,8.0,8,5250,105.0
successive,1,0.09420045799924992,0.8595047584831491,0.8615984405458089,50,8.0,7,7,sqrt,0.0,50,8.0,8,5250,105.0
successive,1,0.083889082990936,0.8595047584831491,0.8615984405458089,50,8.0,7,10,sqrt,0.0,50,8.0,8,5250,105.0
successive,1,0.08214166600373574,0.859098230609236,0.8615984405458089,50,8.0,4,2,sqrt,0.001,50,8.0,8,4556,91.12
successive,1,0.09245099998952355,0.859098230609236,0.8615984405458089,50,8.0,4,5,sqrt,0.001,50,8.0,8,4556,91.12
successive,1,0.079747416995815,0.859098230609236,0.8615984405458089,50,8.0,4,7,sqrt,0.001,50,8.0,8,4556,91.12
successive,1,0.08170370900188573,0.85880577557018,0.8615984405458089,50,8.0,4,2,sqrt,1e-05,50,8.0,8,5726,114.52
successive,1,0.08142529100587126,0.85880577557018,0.8615984405458089,50,8.0,4,5,sqrt,1e-05,50,8.0,8,5726,114.52
successive,1,0.08277512500353623,0.85880577557018,0.8615984405458089,50,8.0,4,7,sqrt,1e-05,50,8.0,8,5726,114.52
successive,1,0.08082545900833793,0.85880577557018,0.8615984405458089,50,8.0,4,2,sqrt,0.0,50,8.0,8,5880,117.6
successive,1,0.09398375000455417,0.85880577557018,0.8615984405458089,50,8.0,4,5,sqrt,0.0,50,8.0,8,5880,117.6
successive,1,0.08259883399296086,0.85880577557018,0.8615984405458089,50,8.0,4,7,sqrt,0.0,50,8.0,8,5880,117.6
successive,1,0.08345366700086743,0.8585142454737476,0.8615984405458089,50,12.0,7,2,log2,0.001,50,12.0,12,7160,143.2
successive,1,0.0803398330026539,0.8585142454737476,0.8615984405458089,50,12.0,7,5,log2,0.001,50,12.0,12,7160,143.2
successive,1,0.09759466598916333,0.8585142454737476,0.8615984405458089,50,12.0,7,7,log2,0.001,50,12.0,12,7160,143.2
successive,1,0.07949562500289176,0.8585142454737476,0.8615984405458089,50,12.0,7,10,log2,0.001,50,12.0,12,7160,143.2
successive,1,0.2358786249969853,0.8582294123050848,0.8615984405458089,50,20.0,10,2,0.5,1e-05,50,19.88,20,7254,145.08
successive,1,0.2471722500049509,0.8582294123050848,0.8615984405458089,50,20.0,10,5,0.5,1e-05,50,19.88,20,7254,145.08
successive,1,0.24894695800321642,0.8582294123050848,0.8615984405458089,50,20.0,10,7,0.5,1e-05,50,19.88,20,7254,145.08
successive,1,0.2510964169923682,0.8582294123050848,0.8615984405458089,50,20.0,10,10,0.5,1e-05,50,19.88,20,7254,145.08
successive,1,0.24522766699374188,0.8582294123050848,0.8615984405458089,50,20.0,10,2,0.5,0.0,50,19.88,20,7760,155.2
successive,1,0.24854108299768995,0.8582294123050848,0.8615984405458089,50,20.0,10,5,0.5,0.0,50,19.88,20,7760,155.2
successive,1,0.2478151659888681,0.8582294123050848,0.8615984405458089,50,20.0,10,7,0.5,0.0,50,19.88,20,7760,155.2
successive,1,0.2389025829907041,0.8582294123050848,0.8615984405458089,50,20.0,10,10,0.5,0.0,50,19.88,20,7760,155.2
successive,1,0.08961470799113158,0.8580714838447075,0.8615984405458089,50,12.0,10,2,sqrt,0.001,50,12.0,12,5566,111.32
successive,1,0.09105245799582917,0.8580714838447075,0.8615984405458089,50,12.0,10,5,sqrt,0.001,50,12.0,12,5566,111.32
successive,1,0.09611145799863152,0.8580714838447075,0.8615984405458089,50,12.0,10,7,sqrt,0.001,50,12.0,12,5566,111.32
successive,1,0.09174737500143237,0.8580714838447075,0.8615984405458089,50,12.0,10,10,sqrt,0.001,50,12.0,12,5566,111.32
successive,1,0.5963511250010924,0.8576159941523752,0.8596491228070176,50,8.0,1,2,sqrt,0.001,50,8.0,8,5512,110.24
successive,1,0.24643050000304356,0.8574227908826804,0.8615984405458089,50,,10,2,0.5,0.0001,50,22.02,25,6988,139.76
successive,1,0.24503079199348576,0.8574227908826804,0.8615984405458089,50,,10,5,0.5,0.0001,50,22.02,25,6988,139.76
successive,1,0.24832462500489783,0.8574227908826804,0.8615984405458089,50,,10,7,0.5,0.0001,50,22.02,25,6988,139.76
successive,1,0.24900508299469948,0.8574227908826804,0.8615984405458089,50,,10,10,0.5,0.0001,50,22.02,25,6988,139.76
successive,1,0.2623956660099793,0.8574227908826804,0.8615984405458089,50,,10,2,0.5,1e-05,50,22.1,25,7566,151.32
successive,1,0.25044383299245965,0.8574227908826804,0.8615984405458089,50,,10,5,0.5,1e-05,50,22.1,25,7566,151.32
successive,1,0.24609749999945052,0.8574227908826804,0.8615984405458089,50,,10,7,0.5,1e-05,50,22.1,25,7566,151.32
successive,1,0.2472786250000354,0.8574227908826804,0.8615984405458089,50,,10,10,0.5,1e-05,50,22.1,25,7566,151.32
successive,1,0.2536343749961816,0.8574227908826804,0.8615984405458089,50,,10,2,0.5,0.0,50,22.12,25,8100,162.0
successive,1,0.24699787500139792,0.8574227908826804,0.8615984405458089,50,,10,5,0.5,0.0,50,22.12,25,8100,162.0
successive,1,0.2480844590027118,0.8574227908826804,0.8615984405458089,50,,10,7,0.5,0.0,50,22.12,25,8100,162.0
successive,1,0.2510459589975653,0.8574227908826804,0.8615984405458089,50,,10,10,0.5,0.0,50,22.12,25,8100,162.0
successive,1,0.24052370901335962,0.8572170731140211,0.8615984405458089,50,12.0,4,2,0.5,0.0001,50,12.0,12,6098,121.96
successive,1,0.22948224999709055,0.8572170731140211,0.8615984405458089,50,12.0,4,5,0.5,0.0001,50,12.0,12,6098,121.96
successive,1,0.23501949998899363,0.8572170731140211,0.8615984405458089,50,12.0,4,7,0.5,0.0001,50,12.0,12,6098,121.96
successive,1,0.23288108299311716,0.8572170731140211,0.8615984405458089,50,12.0,4,2,0.5,1e-05,50,12.0,12,6116,122.32
successive,1,0.2321840000076918,0.8572170731140211,0.8615984405458089,50,12.0,4,5,0.5,1e-05,50,12.0,12,6116,122.32
successive,1,0.22810104199743364,0.8572170731140211,0.8615984405458089,50,12.0,4,7,0.5,1e-05,50,12.0,12,6116,122.32
successive,1,0.23438150000583846,0.8572170731140211,0.8615984405458089,50,12.0,4,2,0.5,0.0,50,12.0,12,6460,129.2
successive,1,0.23504200000024866,0.8572170731140211,0.8615984405458089,50,12.0,4,5,0.5,0.0,50,12.0,12,6460,129.2
successive,1,0.236492084004567,0.8572170731140211,0.8615984405458089,50,12.0,4,7,0.5,0.0,50,12.0,12,6460,129.2
successive,1,0.2435775000049034,0.8553335938287199,0.8576998050682261,50,16.0,10,2,0.5,0.0001,50,16.0,16,5856,117.12
successive,1,0.25195829100266565,0.8553335938287199,0.8576998050682261,50,16.0,10,5,0.5,0.0001,50,16.0,16,5856,117.12
successive,1,0.2433731670025736,0.8553335938287199,0.8576998050682261,50,16.0,10,7,0.5,0.0001,50,16.0,16,5856,117.12
successive,1,0.2501643339928705,0.8553335938287199,0.8576998050682261,50,16.0,10,10,0.5,0.0001,50,16.0,16,5856,117.12
successive,1,0.24061133300710935,0.8553335938287199,0.8576998050682261,50,16.0,10,2,0.5,1e-05,50,16.0,16,6364,127.28
successive,1,0.2369055000017397,0.8553335938287199,0.8576998050682261,50,16.0,10,5,0.5,1e-05,50,16.0,16,6364,127.28
successive,1,0.2402262499963399,0.8553335938287199,0.8576998050682261,50,16.0,10,7,0.5,1e-05,50,16.0,16,6364,127.28
successive,1,0.23518783299368806,0.8553335938287199,0.8576998050682261,50,16.0,10,10,0.5,1e-05,50,16.0,16,6364,127.28
successive,1,0.23615966600482352,0.8553335938287199,0.8576998050682261,50,16.0,10,2,0.5,0.0,50,16.0,16,6844,136.88
successive,1,0.23966379200282972,0.8553335938287199,0.8576998050682261,50,16.0,10,5,0.5,0.0,50,16.0,16,6844,136.88
successive,1,0.24559891600802075,0.8553335938287199,0.8576998050682261,50,16.0,10,7,0.5,0.0,50,16.0,16,6844,136.88
successive,1,0.24303041599341668,0.8553335938287199,0.8576998050682261,50,16.0,10,10,0.5,0.0,50,16.0,16,6844,136.88
successive,1,0.22385416700853966,0.854924849229404,0.8596491228070176,50,12.0,4,2,0.5,0.001,50,12.0,12,4806,96.12
successive,1,0.23304995900252834,0.854924849229404,0.8596491228070176,50,12.0,4,5,0.5,0.001,50,12.0,12,4806,96.12
successive,1,0.22844783301115967,0.854924849229404,0.8596491228070176,50,12.0,4,7,0.5,0.001,50,12.0,12,4806,96.12
successive,1,0.2393702499975916,0.8537359563381054,0.8576998050682261,50,20.0,10,2,0.5,0.001,50,19.78,20,5496,109.92
successive,1,0.2462394580070395,0.8537359563381054,0.8576998050682261,50,20.0,10,5,0.5,0.001,50,19.78,20,5496,109.92
successive,1,0.2496447919984348,0.8537359563381054,0.8576998050682261,50,20.0,10,7,0.5,0.001,50,19.78,20,5496,109.92
successive,1,0.2484408330055885,0.8537359563381054,0.8576998050682261,50,20.0,10,10,0.5,0.001,50,19.78,20,5496,109.92
successive,1,0.24609504100226332,0.852931659058417,0.8576998050682261,50,,10,2,0.5,0.001,50,21.5,25,5714,114.28
successive,1,0.24901529199269135,0.852931659058417,0.8576998050682261,50,,10,5,0.5,0.001,50,21.5,25,5714,114.28
successive,1,0.2534669169981498,0.852931659058417,0.8576998050682261,50,,10,7,0.5,0.001,50,21.5,25,5714,114.28
successive,1,0.25436883300426416,0.852931659058417,0.8576998050682261,50,,10,10,0.5,0.001,50,21.5,25,5714,114.28
successive,1,0.09276533299998846,0.8498225370592764,0.8557504873294347,50,20.0,1,2,sqrt,0.01,50,12.32,16,2586,51.72
successive,1,0.08412862500699703,0.8478894186581629,0.8518518518518519,50,8.0,10,2,sqrt,0.0001,50,8.0,8,4304,86.08
successive,1,0.0895575419999659,0.8478894186581629,0.8518518518518519,50,8.0,10,5,sqrt,0.0001,50,8.0,8,4304,86.08
successive,1,0.0831336670089513,0.8478894186581629,0.8518518518518519,50,8.0,10,7,sqrt,0.0001,50,8.0,8,4304,86.08
successive,1,0.08055104200320784,0.8478894186581629,0.8518518518518519,50,8.0,10,10,sqrt,0.0001,50,8.0,8,4304,86.08
successive,1,0.08401670800230931,0.8478894186581629,0.8518518518518519,50,8.0,10,2,sqrt,1e-05,50,8.0,8,4582,91.64
successive,1,0.08068091698805802,0.8478894186581629,0.8518518518518519,50,8.0,10,5,sqrt,1e-05,50,8.0,8,4582,91.64
successive,1,0.08237479100353085,0.8478894186581629,0.8518518518518519,50,8.0,10,7,sqrt,1e-05,50,8.0,8,4582,91.64
successive,1,0.083690082989051,0.8478894186581629,0.8518518518518519,50,8.0,10,10,sqrt,1e-05,50,8.0,8,4582,91.64
successive,1,0.0835892079921905,0.8478894186581629,0.8518518518518519,50,8.0,10,2,sqrt,0.0,50,8.0,8,4746,94.92
successive,1,0.08022879200871103,0.8478894186581629,0.8518518518518519,50,8.0,10,5,sqrt,0.0,50,8.0,8,4746,94.92
successive,1,0.09074929199414328,0.8478894186581629,0.8518518518518519,50,8.0,10,7,sqrt,0.0,50,8.0,8,4746,94.92
successive,1,0.08071008400293067,0.8478894186581629,0.8518518518518519,50,8.0,10,10,sqrt,0.0,50,8.0,8,4746,94.92
successive,1,0.2513525840040529,0.8471552050027723,0.8499025341130604,50,16.0,10,2,0.5,0.001,50,16.0,16,4782,95.64
successive,1,0.2434925419947831,0.8471552050027723,0.8499025341130604,50,16.0,10,5,0.5,0.001,50,16.0,16,4782,95.64
successive,1,0.24200508299691137,0.8471552050027723,0.8499025341130604,50,16.0,10,7,0.5,0.001,50,16.0,16,4782,95.64
successive,1,0.23606024999753572,0.8471552050027723,0.8499025341130604,50,16.0,10,10,0.5,0.001,50,16.0,16,4782,95.64
successive,1,0.09243841700663324,0.8460281394163002,0.8499025341130604,50,8.0,10,2,sqrt,0.001,50,8.0,8,3564,71.28
successive,1,0.08192829201288987,0.8460281394163002,0.8499025341130604,50,8.0,10,5,sqrt,0.001,50,8.0,8,3564,71.28
successive,1,0.09346608399937395,0.8460281394163002,0.8499025341130604,50,8.0,10,7,sqrt,0.001,50,8.0,8,3564,71.28
successive,1,0.08381437500065658,0.8460281394163002,0.8499025341130604,50,8.0,10,10,sqrt,0.001,50,8.0,8,3564,71.28
successive,1,0.0838181250001071,0.8453761990077119,0.847953216374269,50,8.0,10,2,log2,0.001,50,8.0,8,3788,75.76
successive,1,0.08331208300660364,0.8453761990077119,0.847953216374269,50,8.0,10,5,log2,0.001,50,8.0,8,3788,75.76
successive,1,0.08298795799782965,0.8453761990077119,0.847953216374269,50,8.0,10,7,log2,0.001,50,8.0,8,3788,75.76
successive,1,0.08058308299223427,0.8453761990077119,0.847953216374269,50,8.0,10,10,log2,0.001,50,8.0,8,3788,75.76
successive,1,0.22806062499876134,0.844949321086257,0.8499025341130604,50,12.0,4,10,0.5,0.0001,50,12.0,12,5812,116.24
successive,1,0.23063866699521895,0.844949321086257,0.8499025341130604,50,12.0,4,10,0.5,1e-05,50,12.0,12,5824,116.48
successive,1,0.22963633299514186,0.844949321086257,0.8499025341130604,50,12.0,4,10,0.5,0.0,50,12.0,12,6126,122.52
successive,1,0.23137679099454544,0.844722860179745,0.8499025341130604,50,12.0,4,10,0.5,0.001,50,12.0,12,4590,91.8
successive,1,0.0834580829978222,0.8437387549366342,0.8460038986354775,50,8.0,10,2,log2,0.0001,50,8.0,8,4584,91.68
successive,1,0.08197433299210388,0.8437387549366342,0.8460038986354775,50,8.0,10,5,log2,0.0001,50,8.0,8,4584,91.68
successive,1,0.08269100000325125,0.8437387549366342,0.8460038986354775,50,8.0,10,7,log2,0.0001,50,8.0,8,4584,91.68
successive,1,0.08242712500214111,0.8437387549366342,0.8460038986354775,50,8.0,10,10,log2,0.0001,50,8.0,8,4584,91.68
successive,1,0.08303008301299997,0.8437387549366342,0.8460038986354775,50,8.0,10,2,log2,1e-05,50,8.0,8,4850,97.0
successive,1,0.07866074999037664,0.8437387549366342,0.8460038986354775,50,8.0,10,5,log2,1e-05,50,8.0,8,4850,97.0
successive,1,0.08261070799198933,0.8437387549366342,0.8460038986354775,50,8.0,10,7,log2,1e-05,50,8.0,8,4850,97.0
successive,1,0.082437042001402,0.8437387549366342,0.8460038986354775,50,8.0,10,10,log2,1e-05,50,8.0,8,4850,97.0
successive,1,0.08206612498906907,0.8437387549366342,0.8460038986354775,50,8.0,10,2,log2,0.0,50,8.0,8,4974,99.48
successive,1,0.08063045800372493,0.8437387549366342,0.8460038986354775,50,8.0,10,5,log2,0.0,50,8.0,8,4974,99.48
successive,1,0.08317800000077114,0.8437387549366342,0.8460038986354775,50,8.0,10,7,log2,0.0,50,8.0,8,4974,99.48
successive,1,0.07899816599092446,0.8437387549366342,0.8460038986354775,50,8.0,10,10,log2,0.0,50,8.0,8,4974,99.48
successive,1,0.09716370799287688,0.8429269196177865,0.8499025341130604,50,12.0,7,2,sqrt,0.01,50,11.14,12,2440,48.8
successive,1,0.08943633300077636,0.8429269196177865,0.8499025341130604,50,12.0,7,5,sqrt,0.01,50,11.14,12,2440,48.8
successive,1,0.08811787501326762,0.8429269196177865,0.8499025341130604,50,12.0,7,7,sqrt,0.01,50,11.14,12,2440,48.8
successive,1,0.09354325001186226,0.8429269196177865,0.8499025341130604,50,12.0,7,10,sqrt,0.01,50,11.14,12,2440,48.8
successive,1,0.09446879199822433,0.8424783968708479,0.8499025341130604,50,,1,2,sqrt,0.01,50,12.24,15,2576,51.52
successive,1,0.23211129099945538,0.8392916903814976,0.8499025341130604,50,12.0,7,2,0.5,0.001,50,12.0,12,4088,81.76
successive,1,0.22263837500941008,0.8392916903814976,0.8499025341130604,50,12.0,7,5,0.5,0.001,50,12.0,12,4088,81.76
successive,1,0.2280219170061173,0.8392916903814976,0.8499025341130604,50,12.0,7,7,0.5,0.001,50,12.0,12,4088,81.76
successive,1,0.22403920799843036,0.8392916903814976,0.8499025341130604,50,12.0,7,10,0.5,0.001,50,12.0,12,4088,81.76
successive,1,0.2323426670045592,0.8376992296941638,0.847953216374269,50,12.0,7,2,0.5,0.0001,50,12.0,12,5094,101.88
successive,1,0.2358239580062218,0.8376992296941638,0.847953216374269,50,12.0,7,5,0.5,0.0001,50,12.0,12,5094,101.88
successive,1,0.23338008299469948,0.8376992296941638,0.847953216374269,50,12.0,7,7,0.5,0.0001,50,12.0,12,5094,101.88
successive,1,0.2289710839977488,0.8376992296941638,0.847953216374269,50,12.0,7,10,0.5,0.0001,50,12.0,12,5094,101.88
successive,1,0.07934579098946415,0.8371359027977225,0.8421052631578947,50,12.0,1,5,log2,0.01,50,10.92,12,2322,46.44
successive,1,0.09529366700735409,0.8364774551759321,0.8440545808966862,50,16.0,1,2,sqrt,0.01,50,12.1,16,2588,51.76
successive,1,0.09271737500966992,0.8363416831828429,0.8440545808966862,50,20.0,4,2,sqrt,0.01,50,12.46,17,2578,51.56
successive,1,0.0954091250023339,0.8363416831828429,0.8440545808966862,50,20.0,4,5,sqrt,0.01,50,12.46,17,2578,51.56
successive,1,0.09667949999857228,0.8363416831828429,0.8440545808966862,50,20.0,4,7,sqrt,0.01,50,12.46,17,2578,51.56
successive,1,0.23167675000149757,0.8361195555709935,0.8460038986354775,50,12.0,7,2,0.5,1e-05,50,12.0,12,5396,107.92
successive,1,0.23069287500402424,0.8361195555709935,0.8460038986354775,50,12.0,7,5,0.5,1e-05,50,12.0,12,5396,107.92
successive,1,0.2366419159952784,0.8361195555709935,0.8460038986354775,50,12.0,7,7,0.5,1e-05,50,12.0,12,5396,107.92
successive,1,0.23813283299386967,0.8361195555709935,0.8460038986354775,50,12.0,7,10,0.5,1e-05,50,12.0,12,5396,107.92
successive,1,0.2315965839952696,0.8361195555709935,0.8460038986354775,50,12.0,7,2,0.5,0.0,50,12.0,12,5728,114.56
successive,1,0.22500495800341014,0.8361195555709935,0.8460038986354775,50,12.0,7,5,0.5,0.0,50,12.0,12,5728,114.56
successive,1,0.22776008299842943,0.8361195555709935,0.8460038986354775,50,12.0,7,7,0.5,0.0,50,12.0,12,5728,114.56
successive,1,0.22102108300896361,0.8361195555709935,0.8460038986354775,50,12.0,7,10,0.5,0.0,50,12.0,12,5728,114.56
successive,1,0.09343054100463632,0.8355489495406859,0.8421052631578947,50,20.0,7,2,sqrt,0.01,50,11.96,17,2540,50.8
successive,1,0.09611625000252388,0.8355489495406859,0.8421052631578947,50,20.0,7,5,sqrt,0.01,50,11.96,17,2540,50.8
successive,1,0.09580708399880677,0.8355489495406859,0.8421052631578947,50,20.0,7,7,sqrt,0.01,50,11.96,17,2540,50.8
successive,1,0.11136512500524987,0.8355489495406859,0.8421052631578947,50,20.0,7,10,sqrt,0.01,50,11.96,17,2540,50.8
successive,1,0.08369433300686069,0.8333362315230651,0.8401559454191033,50,12.0,4,2,log2,0.01,50,10.76,12,2280,45.6
successive,1,0.08372304200020153,0.8333362315230651,0.8401559454191033,50,12.0,4,5,log2,0.01,50,10.76,12,2280,45.6
successive,1,0.08128150000993628,0.8333362315230651,0.8401559454191033,50,12.0,4,7,log2,0.01,50,10.76,12,2280,45.6
successive,1,0.09897695899417158,0.8333129856739515,0.8421052631578947,50,,1,5,sqrt,0.01,50,12.18,16,2540,50.8
successive,1,0.08400474999507423,0.8328734411746905,0.8421052631578947,50,16.0,4,2,log2,0.01,50,11.3,14,2360,47.2
successive,1,0.07948312499502208,0.8328734411746905,0.8421052631578947,50,16.0,4,5,log2,0.01,50,11.3,14,2360,47.2
successive,1,0.08222454199858475,0.8328734411746905,0.8421052631578947,50,16.0,4,7,log2,0.01,50,11.3,14,2360,47.2
successive,1,0.20261116699839476,0.8319163428747597,0.8401559454191033,50,8.0,1,10,0.5,1e-05,50,8.0,8,3202,64.04
successive,1,0.2057299169973703,0.8319163428747597,0.8401559454191033,50,8.0,1,10,0.5,0.0001,50,8.0,8,3202,64.04
successive,1,0.1993481669924222,0.8319163428747597,0.8401559454191033,50,8.0,1,10,0.5,0.0,50,8.0,8,3366,67.32
successive,1,0.19031112499942537,0.8313295114846647,0.8401559454191033,50,8.0,1,7,0.5,1e-05,50,8.0,8,3298,65.96
successive,1,0.19800483300059568,0.8313295114846647,0.8401559454191033,50,8.0,1,7,0.5,0.0001,50,8.0,8,3298,65.96
successive,1,0.2019691250025062,0.8313295114846647,0.8401559454191033,50,8.0,1,7,0.5,0.0,50,8.0,8,3474,69.48
successive,1,0.09794416600198019,0.8312679289531402,0.8401559454191033,50,20.0,1,5,sqrt,0.01,50,12.1,15,2512,50.24
successive,1,0.09244791700621136,0.8308313675162907,0.8382066276803118,50,16.0,4,2,sqrt,0.01,50,12.32,16,2530,50.6
successive,1,0.09549012500792742,0.8308313675162907,0.8382066276803118,50,16.0,4,5,sqrt,0.01,50,12.32,16,2530,50.6
successive,1,0.09090295899659395,0.8308313675162907,0.8382066276803118,50,16.0,4,7,sqrt,0.01,50,12.32,16,2530,50.6
successive,1,0.09281537499919068,0.8302339162462918,0.8362573099415205,50,16.0,7,2,sqrt,0.01,50,11.96,16,2534,50.68
successive,1,0.09379629099566955,0.8302339162462918,0.8362573099415205,50,16.0,7,5,sqrt,0.01,50,11.96,16,2534,50.68
successive,1,0.09323649998987094,0.8302339162462918,0.8362573099415205,50,16.0,7,7,sqrt,0.01,50,11.96,16,2534,50.68
successive,1,0.09410179100814275,0.8302339162462918,0.8362573099415205,50,16.0,7,10,sqrt,0.01,50,11.96,16,2534,50.68
successive,1,0.19295095899724402,0.8295792922980124,0.8401559454191033,50,8.0,1,7,0.5,0.001,50,8.0,8,2904,58.08
successive,1,0.08101695800723974,0.8289540714069273,0.8382066276803118,50,20.0,7,2,log2,0.01,50,11.42,16,2406,48.12
successive,1,0.08193833399855066,0.8289540714069273,0.8382066276803118,50,20.0,7,5,log2,0.01,50,11.42,16,2406,48.12
successive,1,0.08354533300735056,0.8289540714069273,0.8382066276803118,50,20.0,7,7,log2,0.01,50,11.42,16,2406,48.12
successive,1,0.08260770799824968,0.8289540714069273,0.8382066276803118,50,20.0,7,10,log2,0.01,50,11.42,16,2406,48.12
successive,1,0.09757095800887328,0.8289032724950143,0.8382066276803118,50,12.0,1,2,sqrt,0.01,50,11.58,12,2442,48.84
successive,1,0.09459229200729169,0.828737074062696,0.8382066276803118,50,,4,2,sqrt,0.01,50,12.46,17,2586,51.72
successive,1,0.09109866600192618,0.828737074062696,0.8382066276803118,50,,4,5,sqrt,0.01,50,12.46,17,2586,51.72
successive,1,0.09410295898851473,0.828737074062696,0.8382066276803118,50,,4,7,sqrt,0.01,50,12.46,17,2586,51.72
successive,1,0.09033120800449979,0.8284581296985106,0.8362573099415205,50,12.0,1,5,sqrt,0.01,50,11.5,12,2430,48.6
successive,1,0.09896395799296442,0.8278880047830268,0.8382066276803118,50,16.0,1,5,sqrt,0.01,50,12.3,16,2550,51.0
successive,1,0.09431291700457223,0.8275857919431895,0.834307992202729,50,,7,2,sqrt,0.01,50,11.96,17,2538,50.76
successive,1,0.09035758399113547,0.8275857919431895,0.834307992202729,50,,7,5,sqrt,0.01,50,11.96,17,2538,50.76
successive,1,0.0936564159928821,0.8275857919431895,0.834307992202729,50,,7,7,sqrt,0.01,50,11.96,17,2538,50.76
successive,1,0.09304033299849834,0.8275857919431895,0.834307992202729,50,,7,10,sqrt,0.01,50,11.96,17,2538,50.76
successive,1,0.09056425000017043,0.8270679372544035,0.8362573099415205,50,,7,2,log2,0.01,50,11.42,16,2416,48.32
successive,1,0.07902766698680352,0.8270679372544035,0.8362573099415205,50,,7,5,log2,0.01,50,11.42,16,2416,48.32
successive,1,0.08200629201019183,0.8270679372544035,0.8362573099415205,50,,7,7,log2,0.01,50,11.42,16,2416,48.32
successive,1,0.08429379100562073,0.8270679372544035,0.8362573099415205,50,,7,10,log2,0.01,50,11.42,16,2416,48.32
successive,1,0.19727416700334288,0.8269185037557049,0.8382066276803118,50,8.0,1,10,0.5,0.001,50,8.0,8,2842,56.84
successive,1,0.08422179199988022,0.8267235209548257,0.8362573099415205,50,16.0,7,2,log2,0.01,50,11.56,16,2426,48.52
successive,1,0.08389404200715944,0.8267235209548257,0.8362573099415205,50,16.0,7,5,log2,0.01,50,11.56,16,2426,48.52
successive,1,0.08430566600873135,0.8267235209548257,0.8362573099415205,50,16.0,7,7,log2,0.01,50,11.56,16,2426,48.52
successive,1,0.09232466699904762,0.8267235209548257,0.8362573099415205,50,16.0,7,10,log2,0.01,50,11.56,16,2426,48.52
successive,1,0.09671466700092424,0.8267117505396817,0.8362573099415205,50,16.0,10,2,sqrt,0.01,50,12.14,16,2544,50.88
successive,1,0.0952207090012962,0.8267117505396817,0.8362573099415205,50,16.0,10,5,sqrt,0.01,50,12.14,16,2544,50.88
successive,1,0.09481650000088848,0.8267117505396817,0.8362573099415205,50,16.0,10,7,sqrt,0.01,50,12.14,16,2544,50.88
successive,1,0.09173537499736995,0.8267117505396817,0.8362573099415205,50,16.0,10,10,sqrt,0.01,50,12.14,16,2544,50.88
successive,1,0.08608633300173096,0.8266954285667851,0.834307992202729,50,,1,2,log2,0.01,50,12.0,17,2390,47.8
successive,1,0.23103875000379048,0.8259948313276345,0.8323586744639376,50,12.0,10,2,0.5,0.0001,50,12.0,12,4690,93.8
successive,1,0.2295465829956811,0.8259948313276345,0.8323586744639376,50,12.0,10,5,0.5,0.0001,50,12.0,12,4690,93.8
successive,1,0.2323713750083698,0.8259948313276345,0.8323586744639376,50,12.0,10,7,0.5,0.0001,50,12.0,12,4690,93.8
successive,1,0.22691549999581184,0.8259948313276345,0.8323586744639376,50,12.0,10,10,0.5,0.0001,50,12.0,12,4690,93.8
successive,1,0.22658875001070555,0.8259948313276345,0.8323586744639376,50,12.0,10,2,0.5,1e-05,50,12.0,12,5066,101.32
successive,1,0.2287457079946762,0.8259948313276345,0.8323586744639376,50,12.0,10,5,0.5,1e-05,50,12.0,12,5066,101.32
successive,1,0.22143712500110269,0.8259948313276345,0.8323586744639376,50,12.0,10,7,0.5,1e-05,50,12.0,12,5066,101.32
successive,1,0.227741665992653,0.8259948313276345,0.8323586744639376,50,12.0,10,10,0.5,1e-05,50,12.0,12,5066,101.32
successive,1,0.22430016699945554,0.8259948313276345,0.8323586744639376,50,12.0,10,2,0.5,0.0,50,12.0,12,5448,108.96
successive,1,0.22579820800456218,0.8259948313276345,0.8323586744639376,50,12.0,10,5,0.5,0.0,50,12.0,12,5448,108.96
successive,1,0.2218411659996491,0.8259948313276345,0.8323586744639376,50,12.0,10,7,0.5,0.0,50,12.0,12,5448,108.96
successive,1,0.22761824999179225,0.8259948313276345,0.8323586744639376,50,12.0,10,10,0.5,0.0,50,12.0,12,5448,108.96
successive,1,0.19893204199615866,0.8256378871507617,0.834307992202729,50,8.0,1,5,0.5,1e-05,50,8.0,8,3438,68.76
successive,1,0.20453179100877605,0.8256378871507617,0.834307992202729,50,8.0,1,5,0.5,0.0001,50,8.0,8,3438,68.76
successive,1,0.20185012499860022,0.8256378871507617,0.834307992202729,50,8.0,1,5,0.5,0.0,50,8.0,8,3602,72.04
successive,1,0.08017425000434741,0.8249670060176328,0.8323586744639376,50,8.0,10,2,log2,0.01,50,7.98,8,1838,36.76
successive,1,0.08327316600480117,0.8249670060176328,0.8323586744639376,50,8.0,10,5,log2,0.01,50,7.98,8,1838,36.76
successive,1,0.08112783399701584,0.8249670060176328,0.8323586744639376,50,8.0,10,7,log2,0.01,50,7.98,8,1838,36.76
successive,1,0.078287750002346,0.8249670060176328,0.8323586744639376,50,8.0,10,10,log2,0.01,50,7.98,8,1838,36.76
successive,1,0.20199508299992885,0.8245974690457484,0.834307992202729,50,8.0,4,10,0.5,0.001,50,8.0,8,2588,51.76
successive,1,0.2004435410053702,0.824171529913904,0.8323586744639376,50,8.0,4,10,0.5,1e-05,50,8.0,8,3100,62.0
successive,1,0.19586670899298042,0.824171529913904,0.8323586744639376,50,8.0,4,10,0.5,0.0001,50,8.0,8,3100,62.0
successive,1,0.20091554100508802,0.824171529913904,0.8323586744639376,50,8.0,4,10,0.5,0.0,50,8.0,8,3260,65.2
successive,1,0.08224725000036415,0.8241333410849653,0.8323586744639376,50,20.0,1,10,log2,0.01,50,10.96,14,2330,46.6
successive,1,0.08216470800107345,0.8234182337763717,0.8304093567251462,50,20.0,4,10,log2,0.01,50,11.48,16,2368,47.36
successive,1,0.07960599999933038,0.8234182337763717,0.8304093567251462,50,,4,10,log2,0.01,50,11.48,16,2376,47.52
successive,1,0.09429358300985768,0.8232666686755955,0.8323586744639376,50,,1,10,sqrt,0.01,50,12.5,18,2544,50.88
successive,1,0.07960516599996481,0.8226446105320467,0.8323586744639376,50,12.0,1,2,log2,0.01,50,10.98,12,2360,47.2
successive,1,0.09172683299402706,0.8224116582984098,0.8304093567251462,50,20.0,1,10,sqrt,0.01,50,12.46,18,2544,50.88
successive,1,0.09163612499833107,0.8222952548788495,0.8323586744639376,50,,4,10,sqrt,0.01,50,12.48,15,2500,50.0
successive,1,0.09524041600525379,0.8222952548788495,0.8323586744639376,50,20.0,4,10,sqrt,0.01,50,12.48,15,2510,50.2
successive,1,0.08481091698922683,0.8221780282579387,0.8304093567251462,50,12.0,10,2,sqrt,0.01,50,11.22,12,2476,49.52
successive,1,0.09599125001113862,0.8221780282579387,0.8304093567251462,50,12.0,10,5,sqrt,0.01,50,11.22,12,2476,49.52
successive,1,0.09343533300852869,0.8221780282579387,0.8304093567251462,50,12.0,10,7,sqrt,0.01,50,11.22,12,2476,49.52
successive,1,0.09584604100382421,0.8221780282579387,0.8304093567251462,50,12.0,10,10,sqrt,0.01,50,11.22,12,2476,49.52
successive,1,0.2264965419890359,0.8219993717778469,0.8284600389863548,50,12.0,10,2,0.5,0.001,50,12.0,12,3782,75.64
successive,1,0.22654291699291207,0.8219993717778469,0.8284600389863548,50,12.0,10,5,0.5,0.001,50,12.0,12,3782,75.64
successive,1,0.23162374999083113,0.8219993717778469,0.8284600389863548,50,12.0,10,7,0.5,0.001,50,12.0,12,3782,75.64
successive,1,0.22306237499287818,0.8219993717778469,0.8284600389863548,50,12.0,10,10,0.5,0.001,50,12.0,12,3782,75.64
successive,1,0.07996291700692382,0.8217820187657969,0.8304093567251462,50,12.0,4,10,log2,0.01,50,11.02,12,2318,46.36
successive,1,0.09762891600257717,0.821777064663822,0.8304093567251462,50,,10,2,sqrt,0.01,50,12.12,20,2540,50.8
successive,1,0.09779504100151826,0.821777064663822,0.8304093567251462,50,,10,5,sqrt,0.01,50,12.12,20,2540,50.8
successive,1,0.09330041700741276,0.821777064663822,0.8304093567251462,50,,10,7,sqrt,0.01,50,12.12,20,2540,50.8
successive,1,0.09608699999807868,0.821777064663822,0.8304093567251462,50,,10,10,sqrt,0.01,50,12.12,20,2540,50.8
successive,1,0.08313066700065974,0.8217472854674905,0.8265107212475633,50,16.0,4,10,log2,0.01,50,11.56,16,2400,48.0
successive,1,0.080573415994877,0.821566818393516,0.8304093567251462,50,,1,10,log2,0.01,50,10.94,14,2308,46.16
successive,1,0.20877425000071526,0.8213570206217469,0.8323586744639376,50,8.0,1,5,0.5,0.001,50,8.0,8,2970,59.4
successive,1,0.0957254999957513,0.8212291402428066,0.8304093567251462,50,20.0,10,2,sqrt,0.01,50,12.08,20,2532,50.64
successive,1,0.11010383299435489,0.8212291402428066,0.8304093567251462,50,20.0,10,5,sqrt,0.01,50,12.08,20,2532,50.64
successive,1,0.08590037499379832,0.8212291402428066,0.8304093567251462,50,20.0,10,7,sqrt,0.01,50,12.08,20,2532,50.64
successive,1,0.09493479199591093,0.8212291402428066,0.8304093567251462,50,20.0,10,10,sqrt,0.01,50,12.08,20,2532,50.64
successive,1,0.2866428330016788,0.8209292672617443,0.8304093567251462,50,20.0,4,2,0.5,0.01,50,15.46,19,2640,52.8
successive,1,0.26202379100141115,0.8209292672617443,0.8304093567251462,50,20.0,4,5,0.5,0.01,50,15.46,19,2640,52.8
successive,1,0.2594922079879325,0.8209292672617443,0.8304093567251462,50,20.0,4,7,0.5,0.01,50,15.46,19,2640,52.8
successive,1,0.09401212500233669,0.8208807340839624,0.8265107212475633,50,16.0,1,10,sqrt,0.01,50,12.44,16,2540,50.8
successive,1,0.08340808299544733,0.8205204631206503,0.8304093567251462,50,20.0,1,5,log2,0.01,50,11.78,15,2376,47.52
successive,1,0.09532045800006017,0.8202280240172966,0.8304093567251462,50,16.0,4,10,sqrt,0.01,50,12.48,16,2506,50.12
successive,1,0.2616522909956984,0.8198227929988047,0.8304093567251462,50,16.0,1,5,0.5,0.01,50,14.82,16,2560,51.2
successive,1,0.08340995799517259,0.819506748073395,0.8265107212475633,50,20.0,1,2,log2,0.01,50,11.8,15,2402,48.04
successive,1,0.08306900000025053,0.8194045218657433,0.8284600389863548,50,,4,2,log2,0.01,50,11.28,15,2342,46.84
successive,1,0.08264995799981989,0.8194045218657433,0.8284600389863548,50,,4,5,log2,0.01,50,11.28,15,2342,46.84
successive,1,0.08566174999577925,0.8194045218657433,0.8284600389863548,50,,4,7,log2,0.01,50,11.28,15,2342,46.84
successive,1,0.26794241700554267,0.8193459524538974,0.8284600389863548,50,20.0,1,5,0.5,0.01,50,15.04,18,2584,51.68
successive,1,0.2769118750002235,0.8189404569708323,0.8284600389863548,50,,4,2,0.5,0.01,50,15.36,19,2626,52.52
successive,1,0.2686070420022588,0.8189404569708323,0.8284600389863548,50,,4,5,0.5,0.01,50,15.36,19,2626,52.52
successive,1,0.27632929099490866,0.8189404569708323,0.8284600389863548,50,,4,7,0.5,0.01,50,15.36,19,2626,52.52
successive,1,0.081452291997266,0.8187474554003065,0.8284600389863548,50,,1,5,log2,0.01,50,11.8,16,2366,47.32
successive,1,0.09325258299941197,0.8181706809079442,0.8284600389863548,50,12.0,4,10,sqrt,0.01,50,11.28,12,2390,47.8
successive,1,0.08345066699257586,0.8169456222021374,0.8245614035087719,50,16.0,10,2,log2,0.01,50,11.38,15,2378,47.56
successive,1,0.08296374999918044,0.8169456222021374,0.8245614035087719,50,16.0,10,5,log2,0.01,50,11.38,15,2378,47.56
successive,1,0.08324291600729339,0.8169456222021374,0.8245614035087719,50,16.0,10,7,log2,0.01,50,11.38,15,2378,47.56
successive,1,0.08130037500814069,0.8169456222021374,0.8245614035087719,50,16.0,10,10,log2,0.01,50,11.38,15,2378,47.56
successive,1,0.5005734159931308,0.8169377673510643,0.8265107212475633,50,8.0,1,2,log2,0.01,50,8.0,8,1882,37.64
successive,1,0.2748455419932725,0.8164133229734507,0.8265107212475633,50,,1,5,0.5,0.01,50,15.06,18,2586,51.72
successive,1,0.0842840840050485,0.8162127675096457,0.8245614035087719,50,16.0,1,7,log2,0.01,50,11.54,15,2372,47.44
successive,1,0.08341712500259746,0.815846091568634,0.8245614035087719,50,20.0,10,2,log2,0.01,50,11.38,15,2372,47.44
successive,1,0.08219375000044238,0.815846091568634,0.8245614035087719,50,20.0,10,5,log2,0.01,50,11.38,15,2372,47.44
successive,1,0.08330312500766013,0.815846091568634,0.8245614035087719,50,20.0,10,7,log2,0.01,50,11.38,15,2372,47.44
successive,1,0.07973929200670682,0.815846091568634,0.8245614035087719,50,20.0,10,10,log2,0.01,50,11.38,15,2372,47.44
successive,1,0.09488666699326131,0.81554121997245,0.8245614035087719,50,12.0,4,2,sqrt,0.01,50,11.26,12,2462,49.24
successive,1,0.09636641699762549,0.81554121997245,0.8245614035087719,50,12.0,4,5,sqrt,0.01,50,11.26,12,2462,49.24
successive,1,0.11677241700817831,0.81554121997245,0.8245614035087719,50,12.0,4,7,sqrt,0.01,50,11.26,12,2462,49.24
successive,1,0.10534491699945647,0.8151520242114947,0.8265107212475633,50,,1,7,sqrt,0.01,50,12.24,15,2496,49.92
successive,1,0.271709374996135,0.8146642121694203,0.8245614035087719,50,,1,7,0.5,0.01,50,15.28,17,2586,51.72
successive,1,0.26658179200603627,0.8145718496446998,0.8245614035087719,50,20.0,1,7,0.5,0.01,50,15.28,18,2590,51.8
successive,1,0.0920931250002468,0.8144784696311386,0.8245614035087719,50,16.0,1,2,log2,0.01,50,11.44,16,2380,47.6
successive,1,0.09459433300071396,0.8144594573405012,0.8245614035087719,50,12.0,1,7,sqrt,0.01,50,11.42,12,2432,48.64
successive,1,0.2646234580024611,0.8143990816295096,0.8245614035087719,50,16.0,4,10,0.5,0.01,50,15.34,16,2584,51.68
successive,1,0.25362654199125245,0.8143694071902271,0.8245614035087719,50,16.0,4,2,0.5,0.01,50,15.0,16,2592,51.84
successive,1,0.2591729590058094,0.8143694071902271,0.8245614035087719,50,16.0,4,5,0.5,0.01,50,15.0,16,2592,51.84
successive,1,0.25839958399592433,0.8143694071902271,0.8245614035087719,50,16.0,4,7,0.5,0.01,50,15.0,16,2592,51.84
successive,1,0.19241887499811128,0.8142043199816956,0.8245614035087719,50,8.0,4,2,0.5,0.001,50,8.0,8,2684,53.68
successive,1,0.19700004199694376,0.8142043199816956,0.8245614035087719,50,8.0,4,5,0.5,0.001,50,8.0,8,2684,53.68
successive,1,0.1954563750041416,0.8142043199816956,0.8245614035087719,50,8.0,4,7,0.5,0.001,50,8.0,8,2684,53.68
successive,1,0.2562610839959234,0.8138821953312122,0.8245614035087719,50,,4,10,0.5,0.01,50,15.74,18,2628,52.56
successive,1,0.07858491700608283,0.8129409935492962,0.8226120857699805,50,,10,2,log2,0.01,50,11.38,15,2376,47.52
successive,1,0.08032337499025743,0.8129409935492962,0.8226120857699805,50,,10,5,log2,0.01,50,11.38,15,2376,47.52
successive,1,0.08540983300190419,0.8129409935492962,0.8226120857699805,50,,10,7,log2,0.01,50,11.38,15,2376,47.52
successive,1,0.08419812499778345,0.8129409935492962,0.8226120857699805,50,,10,10,log2,0.01,50,11.38,15,2376,47.52
successive,1,0.08244791699689813,0.8128995645814266,0.8226120857699805,50,20.0,4,2,log2,0.01,50,11.28,15,2356,47.12
successive,1,0.08385329101292882,0.8128995645814266,0.8226120857699805,50,20.0,4,5,log2,0.01,50,11.28,15,2356,47.12
successive,1,0.08059441699879244,0.8128995645814266,0.8226120857699805,50,20.0,4,7,log2,0.01,50,11.28,15,2356,47.12
successive,1,0.2528093750006519,0.8125331956576868,0.8245614035087719,50,16.0,1,7,0.5,0.01,50,15.04,16,2564,51.28
successive,1,0.07956937499693595,0.8122956986752956,0.8206627680311891,50,8.0,4,10,log2,0.01,50,7.98,8,1774,35.48
successive,1,0.25643779199162964,0.8121089072174744,0.8226120857699805,50,20.0,4,10,0.5,0.01,50,15.66,18,2620,52.4
successive,1,0.07995562499854714,0.811884828200003,0.8226120857699805,50,8.0,1,5,sqrt,0.01,50,7.98,8,1900,38.0
successive,1,0.09379199999966659,0.8114711029047503,0.8245614035087719,50,8.0,1,7,sqrt,0.01,50,8.0,8,1908,38.16
successive,1,0.18896979201235808,0.8110763392962929,0.8226120857699805,50,8.0,4,2,0.5,0.0001,50,8.0,8,3216,64.32
successive,1,0.2063075000041863,0.8110763392962929,0.8226120857699805,50,8.0,4,5,0.5,0.0001,50,8.0,8,3216,64.32
successive,1,0.20160474999283906,0.8110763392962929,0.8226120857699805,50,8.0,4,7,0.5,0.0001,50,8.0,8,3216,64.32
successive,1,0.2013311659975443,0.8110763392962929,0.8226120857699805,50,8.0,4,2,0.5,1e-05,50,8.0,8,3218,64.36
successive,1,0.1961701669933973,0.8110763392962929,0.8226120857699805,50,8.0,4,5,0.5,1e-05,50,8.0,8,3218,64.36
successive,1,0.19931433399324305,0.8110763392962929,0.8226120857699805,50,8.0,4,7,0.5,1e-05,50,8.0,8,3218,64.36
successive,1,0.19224183300684672,0.8110763392962929,0.8226120857699805,50,8.0,4,2,0.5,0.0,50,8.0,8,3384,67.68
successive,1,0.19476612498692703,0.8110763392962929,0.8226120857699805,50,8.0,4,5,0.5,0.0,50,8.0,8,3384,67.68
successive,1,0.19818733299325686,0.8110763392962929,0.8226120857699805,50,8.0,4,7,0.5,0.0,50,8.0,8,3384,67.68
successive,1,0.09852908400353044,0.8106050624593458,0.8206627680311891,50,12.0,1,10,sqrt,0.01,50,11.5,12,2486,49.72
successive,1,0.07982462500513066,0.8097453787057839,0.8187134502923976,50,12.0,7,2,log2,0.01,50,10.66,12,2344,46.88
successive,1,0.0802450829942245,0.8097453787057839,0.8187134502923976,50,12.0,7,5,log2,0.01,50,10.66,12,2344,46.88
successive,1,0.07961225000326522,0.8097453787057839,0.8187134502923976,50,12.0,7,7,log2,0.01,50,10.66,12,2344,46.88
successive,1,0.07873050001217052,0.8097453787057839,0.8187134502923976,50,12.0,7,10,log2,0.01,50,10.66,12,2344,46.88
successive,1,0.0961035840009572,0.8096507914944567,0.8187134502923976,50,16.0,1,7,sqrt,0.01,50,12.54,16,2536,50.72
successive,1,0.24314674999914132,0.8092318769995553,0.8187134502923976,50,,10,2,0.5,0.01,50,15.1,18,2596,51.92
successive,1,0.24576550000347197,0.8092318769995553,0.8187134502923976,50,,10,5,0.5,0.01,50,15.1,18,2596,51.92
successive,1,0.2524929999926826,0.8092318769995553,0.8187134502923976,50,,10,7,0.5,0.01,50,15.1,18,2596,51.92
successive,1,0.2515866659960011,0.8092318769995553,0.8187134502923976,50,,10,10,0.5,0.01,50,15.1,18,2596,51.92
successive,1,0.27466358299716376,0.8092057232474799,0.8187134502923976,50,20.0,10,2,0.5,0.01,50,15.06,18,2596,51.92
successive,1,0.25032420799834654,0.8092057232474799,0.8187134502923976,50,20.0,10,5,0.5,0.01,50,15.06,18,2596,51.92
successive,1,0.24323229199217167,0.8092057232474799,0.8187134502923976,50,20.0,10,7,0.5,0.01,50,15.06,18,2596,51.92
successive,1,0.26081366698781494,0.8092057232474799,0.8187134502923976,50,20.0,10,10,0.5,0.01,50,15.06,18,2596,51.92
successive,1,0.18938854199950583,0.8090001197287681,0.8226120857699805,50,8.0,7,2,0.5,0.001,50,8.0,8,2340,46.8
successive,1,0.19276695800363086,0.8090001197287681,0.8226120857699805,50,8.0,7,5,0.5,0.001,50,8.0,8,2340,46.8
successive,1,0.1965654590021586,0.8090001197287681,0.8226120857699805,50,8.0,7,7,0.5,0.001,50,8.0,8,2340,46.8
successive,1,0.1979378340038238,0.8090001197287681,0.8226120857699805,50,8.0,7,10,0.5,0.001,50,8.0,8,2340,46.8
successive,1,0.2540474580018781,0.8085609298874293,0.8187134502923976,50,20.0,7,2,0.5,0.01,50,15.18,17,2584,51.68
successive,1,0.25717612500011455,0.8085609298874293,0.8187134502923976,50,20.0,7,5,0.5,0.01,50,15.18,17,2584,51.68
successive,1,0.2510681249987101,0.8085609298874293,0.8187134502923976,50,20.0,7,7,0.5,0.01,50,15.18,17,2584,51.68
successive,1,0.26401520799845457,0.8085609298874293,0.8187134502923976,50,20.0,7,10,0.5,0.01,50,15.18,17,2584,51.68
successive,1,0.25415820800117217,0.8085039873440628,0.8206627680311891,50,16.0,7,2,0.5,0.01,50,15.0,16,2560,51.2
successive,1,0.24812966601166409,0.8085039873440628,0.8206627680311891,50,16.0,7,5,0.5,0.01,50,15.0,16,2560,51.2
successive,1,0.24100399999588262,0.8085039873440628,0.8206627680311891,50,16.0,7,7,0.5,0.01,50,15.0,16,2560,51.2
successive,1,0.24442666700633708,0.8085039873440628,0.8206627680311891,50,16.0,7,10,0.5,0.01,50,15.0,16,2560,51.2
successive,1,0.2405152499995893,0.8075849407870449,0.8265107212475633,50,12.0,1,7,0.5,0.01,50,12.0,12,2214,44.28
successive,1,0.07855462499719579,0.8073504369114819,0.8167641325536062,50,16.0,1,10,log2,0.01,50,10.88,16,2346,46.92
successive,1,0.19100762500602286,0.8068517433170875,0.8206627680311891,50,8.0,10,2,0.5,0.001,50,8.0,8,2296,45.92
successive,1,0.19613233400741592,0.8068517433170875,0.8206627680311891,50,8.0,10,5,0.5,0.001,50,8.0,8,2296,45.92
successive,1,0.20130508398870006,0.8068517433170875,0.8206627680311891,50,8.0,10,7,0.5,0.001,50,8.0,8,2296,45.92
successive,1,0.19902120799815748,0.8068517433170875,0.8206627680311891,50,8.0,10,10,0.5,0.001,50,8.0,8,2296,45.92
successive,1,0.20123700000112876,0.8068426838591609,0.8206627680311891,50,8.0,10,2,0.5,0.0001,50,8.0,8,2696,53.92
successive,1,0.19982979199266993,0.8068426838591609,0.8206627680311891,50,8.0,10,5,0.5,0.0001,50,8.0,8,2696,53.92
successive,1,0.19739887499599718,0.8068426838591609,0.8206627680311891,50,8.0,10,7,0.5,0.0001,50,8.0,8,2696,53.92
successive,1,0.19679258299584035,0.8068426838591609,0.8206627680311891,50,8.0,10,10,0.5,0.0001,50,8.0,8,2696,53.92
successive,1,0.19929112499812618,0.8068426838591609,0.8206627680311891,50,8.0,10,2,0.5,1e-05,50,8.0,8,2892,57.84
successive,1,0.20913124999788124,0.8068426838591609,0.8206627680311891,50,8.0,10,5,0.5,1e-05,50,8.0,8,2892,57.84
successive,1,0.1998370410001371,0.8068426838591609,0.8206627680311891,50,8.0,10,7,0.5,1e-05,50,8.0,8,2892,57.84
successive,1,0.19670087499252986,0.8068426838591609,0.8206627680311891,50,8.0,10,10,0.5,1e-05,50,8.0,8,2892,57.84
successive,1,0.18651849999150727,0.8068426838591609,0.8206627680311891,50,8.0,10,2,0.5,0.0,50,8.0,8,3120,62.4
successive,1,0.1896212079882389,0.8068426838591609,0.8206627680311891,50,8.0,10,5,0.5,0.0,50,8.0,8,3120,62.4
successive,1,0.19380125000316184,0.8068426838591609,0.8206627680311891,50,8.0,10,7,0.5,0.0,50,8.0,8,3120,62.4
successive,1,0.19600883399834856,0.8068426838591609,0.8206627680311891,50,8.0,10,10,0.5,0.0,50,8.0,8,3120,62.4
successive,1,0.09474129098816775,0.8066379694257009,0.8187134502923976,50,20.0,1,7,sqrt,0.01,50,12.2,15,2494,49.88
successive,1,0.08089829199889209,0.8060987505762548,0.8148148148148148,50,12.0,1,10,log2,0.01,50,10.76,12,2248,44.96
successive,1,0.25442241699784063,0.8055120502868256,0.8167641325536062,50,,7,2,0.5,0.01,50,15.18,17,2582,51.64
successive,1,0.26803033299802337,0.8055120502868256,0.8167641325536062,50,,7,5,0.5,0.01,50,15.18,17,2582,51.64
successive,1,0.253425333998166,0.8055120502868256,0.8167641325536062,50,,7,7,0.5,0.01,50,15.18,17,2582,51.64
successive,1,0.26004125000326894,0.8055120502868256,0.8167641325536062,50,,7,10,0.5,0.01,50,15.18,17,2582,51.64
successive,1,0.20080666699504945,0.8054836362122846,0.8206627680311891,50,8.0,7,2,0.5,0.0001,50,8.0,8,2822,56.44
successive,1,0.19568183299270459,0.8054836362122846,0.8206627680311891,50,8.0,7,5,0.5,0.0001,50,8.0,8,2822,56.44
successive,1,0.19135850000020582,0.8054836362122846,0.8206627680311891,50,8.0,7,7,0.5,0.0001,50,8.0,8,2822,56.44
successive,1,0.1968381250044331,0.8054836362122846,0.8206627680311891,50,8.0,7,10,0.5,0.0001,50,8.0,8,2822,56.44
successive,1,0.19296020799083635,0.8054836362122846,0.8206627680311891,50,8.0,7,2,0.5,1e-05,50,8.0,8,2928,58.56
successive,1,0.19487212499370798,0.8054836362122846,0.8206627680311891,50,8.0,7,5,0.5,1e-05,50,8.0,8,2928,58.56
successive,1,0.19497645799128804,0.8054836362122846,0.8206627680311891,50,8.0,7,7,0.5,1e-05,50,8.0,8,2928,58.56
successive,1,0.20220662500651088,0.8054836362122846,0.8206627680311891,50,8.0,7,10,0.5,1e-05,50,8.0,8,2928,58.56
successive,1,0.1955653750046622,0.8054836362122846,0.8206627680311891,50,8.0,7,2,0.5,0.0,50,8.0,8,3114,62.28
successive,1,0.19278254099481273,0.8054836362122846,0.8206627680311891,50,8.0,7,5,0.5,0.0,50,8.0,8,3114,62.28
successive,1,0.19117116600682493,0.8054836362122846,0.8206627680311891,50,8.0,7,7,0.5,0.0,50,8.0,8,3114,62.28
successive,1,0.1957821249961853,0.8054836362122846,0.8206627680311891,50,8.0,7,10,0.5,0.0,50,8.0,8,3114,62.28
successive,1,0.09298395799123682,0.8053077279428915,0.8167641325536062,50,,1,7,log2,0.01,50,11.56,15,2362,47.24
successive,1,0.23777391600015108,0.8048784551953159,0.8167641325536062,50,12.0,1,5,0.5,0.01,50,12.0,12,2234,44.68
successive,1,0.2691543749970151,0.8047524717384636,0.8128654970760234,50,20.0,1,2,0.5,0.01,50,15.32,19,2612,52.24
successive,1,0.26875833299709484,0.8047377167341341,0.8148148148148148,50,20.0,1,10,0.5,0.01,50,15.34,19,2616,52.32
successive,1,0.09100387500075158,0.8046677642555501,0.8167641325536062,50,20.0,1,7,log2,0.01,50,11.6,15,2406,48.12
successive,1,0.08272120899346191,0.8043653242216949,0.8148148148148148,50,12.0,10,2,log2,0.01,50,10.88,12,2342,46.84
successive,1,0.08103858301183209,0.8043653242216949,0.8148148148148148,50,12.0,10,5,log2,0.01,50,10.88,12,2342,46.84
successive,1,0.0823959170083981,0.8043653242216949,0.8148148148148148,50,12.0,10,7,log2,0.01,50,10.88,12,2342,46.84
successive,1,0.0831448749959236,0.8043653242216949,0.8148148148148148,50,12.0,10,10,log2,0.01,50,10.88,12,2342,46.84
successive,1,0.08078874999773689,0.8037758558143157,0.8148148148148148,50,8.0,7,2,log2,0.01,50,7.96,8,1852,37.04
successive,1,0.08175066599505953,0.8037758558143157,0.8148148148148148,50,8.0,7,5,log2,0.01,50,7.96,8,1852,37.04
successive,1,0.08286125000449829,0.8037758558143157,0.8148148148148148,50,8.0,7,7,log2,0.01,50,7.96,8,1852,37.04
successive,1,0.08296095799596515,0.8037758558143157,0.8148148148148148,50,8.0,7,10,log2,0.01,50,7.96,8,1852,37.04
successive,1,0.27133733399386983,0.80345951772057,0.8128654970760234,50,,1,10,0.5,0.01,50,15.36,19,2622,52.44
successive,1,0.24095187499187887,0.8033305370916755,0.8128654970760234,50,16.0,10,2,0.5,0.01,50,14.8,16,2560,51.2
successive,1,0.23831699999573175,0.8033305370916755,0.8128654970760234,50,16.0,10,5,0.5,0.01,50,14.8,16,2560,51.2
successive,1,0.23918912500084843,0.8033305370916755,0.8128654970760234,50,16.0,10,7,0.5,0.01,50,14.8,16,2560,51.2
successive,1,0.24343362500076182,0.8033305370916755,0.8128654970760234,50,16.0,10,10,0.5,0.01,50,14.8,16,2560,51.2
successive,1,0.2658932500053197,0.8029758948175879,0.8128654970760234,50,16.0,1,10,0.5,0.01,50,14.94,16,2580,51.6
successive,1,0.2735916670062579,0.8028843072308688,0.8109161793372319,50,,1,2,0.5,0.01,50,15.32,19,2614,52.28
successive,1,0.08335779199842364,0.8010458204586028,0.8128654970760234,50,8.0,1,10,log2,0.01,50,8.0,8,1876,37.52
successive,1,0.07843383400177117,0.8002549070179474,0.8109161793372319,50,8.0,1,5,log2,0.01,50,8.0,8,1872,37.44
successive,1,0.08257074998982716,0.7996493990646951,0.8109161793372319,50,8.0,7,2,sqrt,0.01,50,7.98,8,1900,38.0
successive,1,0.10339091699279379,0.7996493990646951,0.8109161793372319,50,8.0,7,5,sqrt,0.01,50,7.98,8,1900,38.0
successive,1,0.08227983399410732,0.7996493990646951,0.8109161793372319,50,8.0,7,7,sqrt,0.01,50,7.98,8,1900,38.0
successive,1,0.08234154200181365,0.7996493990646951,0.8109161793372319,50,8.0,7,10,sqrt,0.01,50,7.98,8,1900,38.0
successive,1,0.0924437080102507,0.7994925816837316,0.8089668615984406,50,12.0,1,7,log2,0.01,50,10.92,12,2346,46.92
successive,1,0.23272124999493826,0.7987693174356184,0.8148148148148148,50,12.0,4,2,0.5,0.01,50,12.0,12,2244,44.88
successive,1,0.23143504199106246,0.7987693174356184,0.8148148148148148,50,12.0,4,5,0.5,0.01,50,12.0,12,2244,44.88
successive,1,0.23279295899556018,0.7987693174356184,0.8148148148148148,50,12.0,4,7,0.5,0.01,50,12.0,12,2244,44.88
successive,1,0.2641541249904549,0.7967200987750294,0.8070175438596491,50,16.0,1,2,0.5,0.01,50,14.84,16,2550,51.0
successive,1,0.22052541699667927,0.7960287124168339,0.8167641325536062,50,8.0,4,10,0.5,0.01,50,8.0,8,1614,32.28
successive,1,0.23306425000191666,0.7956118192415158,0.8187134502923976,50,12.0,7,2,0.5,0.01,50,12.0,12,2224,44.48
successive,1,0.22563766699749976,0.7956118192415158,0.8187134502923976,50,12.0,7,5,0.5,0.01,50,12.0,12,2224,44.48
successive,1,0.23555324999324512,0.7956118192415158,0.8187134502923976,50,12.0,7,7,0.5,0.01,50,12.0,12,2224,44.48
successive,1,0.23677279200637713,0.7956118192415158,0.8187134502923976,50,12.0,7,10,0.5,0.01,50,12.0,12,2224,44.48
successive,1,0.1904119160026312,0.7925174050877136,0.8128654970760234,50,8.0,4,2,0.5,0.01,50,8.0,8,1642,32.84
successive,1,0.21281783399172127,0.7925174050877136,0.8128654970760234,50,8.0,4,5,0.5,0.01,50,8.0,8,1642,32.84
successive,1,0.20250374999886844,0.7925174050877136,0.8128654970760234,50,8.0,4,7,0.5,0.01,50,8.0,8,1642,32.84
successive,1,0.09415545799129177,0.7924520109756265,0.8070175438596491,50,8.0,4,10,sqrt,0.01,50,7.98,8,1876,37.52
successive,1,0.08227683299628552,0.7923549059985769,0.8031189083820662,50,16.0,1,5,log2,0.01,50,11.82,15,2354,47.08
successive,1,0.08371004200307652,0.7913569977259811,0.8031189083820662,50,8.0,4,2,sqrt,0.01,50,8.0,8,1886,37.72
successive,1,0.08201829199970234,0.7913569977259811,0.8031189083820662,50,8.0,4,5,sqrt,0.01,50,8.0,8,1886,37.72
successive,1,0.09475420801027212,0.7913569977259811,0.8031189083820662,50,8.0,4,7,sqrt,0.01,50,8.0,8,1886,37.72
successive,1,0.2395187500078464,0.7909464047573531,0.8109161793372319,50,12.0,1,10,0.5,0.01,50,12.0,12,2226,44.52
successive,1,0.09094291599467397,0.7906412251059561,0.8050682261208577,50,8.0,1,10,sqrt,0.01,50,8.0,8,1938,38.76
successive,1,0.23599404100968968,0.7900711101835507,0.8128654970760234,50,12.0,4,10,0.5,0.01,50,12.0,12,2202,44.04
successive,1,0.2001182499952847,0.7891492985017973,0.8128654970760234,50,8.0,7,2,0.5,0.01,50,8.0,8,1592,31.84
successive,1,0.2029254579974804,0.7891492985017973,0.8128654970760234,50,8.0,7,5,0.5,0.01,50,8.0,8,1592,31.84
successive,1,0.1993417909980053,0.7891492985017973,0.8128654970760234,50,8.0,7,7,0.5,0.01,50,8.0,8,1592,31.84
successive,1,0.19498333299998194,0.7891492985017973,0.8128654970760234,50,8.0,7,10,0.5,0.01,50,8.0,8,1592,31.84
successive,1,0.5231995409994852,0.7884377094341529,0.7992202729044834,50,8.0,1,2,sqrt,0.01,50,8.0,8,1832,36.64
successive,1,0.24893041599716526,0.7883130962073662,0.8148148148148148,50,12.0,1,2,0.5,0.01,50,12.0,12,2250,45.0
successive,1,0.09475454200583044,0.787812792365222,0.8031189083820662,50,8.0,10,2,sqrt,0.01,50,7.98,8,1912,38.24
successive,1,0.08166666699980851,0.787812792365222,0.8031189083820662,50,8.0,10,5,sqrt,0.01,50,7.98,8,1912,38.24
successive,1,0.09348683300777338,0.787812792365222,0.8031189083820662,50,8.0,10,7,sqrt,0.01,50,7.98,8,1912,38.24
successive,1,0.08897495799465105,0.787812792365222,0.8031189083820662,50,8.0,10,10,sqrt,0.01,50,7.98,8,1912,38.24
successive,1,0.19159483299881686,0.7876089148664592,0.8128654970760234,50,8.0,10,2,0.5,0.01,50,8.0,8,1630,32.6
successive,1,0.20088750000286382,0.7876089148664592,0.8128654970760234,50,8.0,10,5,0.5,0.01,50,8.0,8,1630,32.6
successive,1,0.18978937499923632,0.7876089148664592,0.8128654970760234,50,8.0,10,7,0.5,0.01,50,8.0,8,1630,32.6
successive,1,0.19739862499409355,0.7876089148664592,0.8128654970760234,50,8.0,10,10,0.5,0.01,50,8.0,8,1630,32.6
successive,1,0.0836663330119336,0.7874902843862852,0.8031189083820662,50,8.0,4,2,log2,0.01,50,7.98,8,1796,35.92
successive,1,0.08123770800011698,0.7874902843862852,0.8031189083820662,50,8.0,4,5,log2,0.01,50,7.98,8,1796,35.92
successive,1,0.08355283299169969,0.7874902843862852,0.8031189083820662,50,8.0,4,7,log2,0.01,50,7.98,8,1796,35.92
successive,1,0.20861754100769758,0.7858722464077599,0.8089668615984406,50,8.0,1,5,0.5,0.01,50,8.0,8,1592,31.84
successive,1,0.22248608300287742,0.7854604853777931,0.8031189083820662,50,12.0,10,2,0.5,0.01,50,12.0,12,2238,44.76
successive,1,0.2321163339947816,0.7854604853777931,0.8031189083820662,50,12.0,10,5,0.5,0.01,50,12.0,12,2238,44.76
successive,1,0.22741058398969471,0.7854604853777931,0.8031189083820662,50,12.0,10,7,0.5,0.01,50,12.0,12,2238,44.76
successive,1,0.22660545899998397,0.7854604853777931,0.8031189083820662,50,12.0,10,10,0.5,0.01,50,12.0,12,2238,44.76
successive,1,0.20453341699612793,0.7854239567812679,0.8109161793372319,50,8.0,1,10,0.5,0.01,50,8.0,8,1606,32.12
successive,1,0.08094208300462924,0.7832525241356908,0.7953216374269005,50,8.0,1,7,log2,0.01,50,7.96,8,1822,36.44
successive,1,0.1916304579935968,0.7831928275939071,0.8089668615984406,50,8.0,1,7,0.5,0.01,50,8.0,8,1604,32.08
successive,1,2.1639867080084514,0.7786265461284502,0.7894736842105263,50,8.0,1,2,0.5,1e-05,50,8.0,8,4196,83.92
successive,1,2.11740566600929,0.7786265461284502,0.7894736842105263,50,8.0,1,2,0.5,0.0001,50,8.0,8,4196,83.92
successive,1,1.9136745830037398,0.7786265461284502,0.7894736842105263,50,8.0,1,2,0.5,0.0,50,8.0,8,4426,88.52
successive,1,1.5851325830008136,0.7663356575939554,0.7816764132553606,50,8.0,1,2,0.5,0.001,50,8.0,8,3174,63.48
successive,1,0.20735416699608322,0.7410201816684733,0.7680311890838206,50,8.0,1,2,0.5,0.01,50,8.0,8,1610,32.2
