method,round,elapsed_seconds,val_macro_f1,val_accuracy,n_estimators,max_depth,min_samples_leaf,min_samples_split,max_features,ccp_alpha,tree_count,avg_tree_depth,max_tree_depth,total_nodes,avg_nodes
grid,1,0.2198674159881193,0.9291953115952188,0.9298245614035088,133,,1,2,sqrt,1e-05,133,25.593984962406015,40,73329,551.3458646616541
grid,1,0.2230270000000018,0.9291953115952188,0.9298245614035088,133,,1,2,sqrt,0.0001,133,25.593984962406015,40,73329,551.3458646616541
grid,1,0.2129686670086812,0.9291953115952188,0.9298245614035088,133,,1,2,sqrt,0.0,133,25.67669172932331,40,78093,587.1654135338346
grid,1,0.2209878330031642,0.9289839109973446,0.9298245614035088,133,20.0,1,2,sqrt,0.0001,133,19.954887218045112,20,68505,515.0751879699249
grid,1,0.2196703750087181,0.9289839109973446,0.9298245614035088,133,20.0,1,2,sqrt,1e-05,133,19.954887218045112,20,68509,515.1052631578947
grid,1,0.216260749992216,0.9289839109973446,0.9298245614035088,133,20.0,1,2,sqrt,0.0,133,19.954887218045112,20,73041,549.1804511278195
grid,1,0.0941564160020789,0.9269234522554732,0.9278752436647172,50,,1,2,sqrt,1e-05,50,25.32,32,27020,540.4
grid,1,0.0936947919981321,0.9269234522554732,0.9278752436647172,50,,1,2,sqrt,0.0001,50,25.32,32,27020,540.4
grid,1,0.0955432499904418,0.9269234522554732,0.9278752436647172,50,,1,2,sqrt,0.0,50,25.38,32,28772,575.44
grid,1,0.0960224580048816,0.9253500059848676,0.925925925925926,50,12.0,1,2,sqrt,0.0001,50,12.0,12,15928,318.56
grid,1,0.0948762920015724,0.9253500059848676,0.925925925925926,50,12.0,1,2,sqrt,1e-05,50,12.0,12,15940,318.8
grid,1,0.0925611249986104,0.9253500059848676,0.925925925925926,50,12.0,1,2,sqrt,0.0,50,12.0,12,16788,335.76
grid,1,0.2169764999998733,0.9250629011163176,0.925925925925926,133,,1,5,sqrt,0.0001,133,24.030075187969924,37,54815,412.1428571428572
grid,1,0.2245940409920876,0.9250629011163176,0.925925925925926,133,,1,5,sqrt,1e-05,133,24.05263157894737,37,54913,412.8796992481203
grid,1,0.2154289999889442,0.9250629011163176,0.925925925925926,133,,1,5,sqrt,0.0,133,24.06015037593985,37,57101,429.3308270676692
grid,1,0.3452178750012535,0.9232900053550775,0.9239766081871345,217,16.0,1,2,sqrt,0.0001,217,16.0,16,96471,444.5668202764977
grid,1,0.3611537920078262,0.9232900053550775,0.9239766081871345,217,16.0,1,2,sqrt,1e-05,217,16.0,16,96537,444.8709677419355
grid,1,0.3394267499970738,0.9232900053550775,0.9239766081871345,217,16.0,1,2,sqrt,0.0,217,16.0,16,102441,472.0783410138249
grid,1,0.083195708997664,0.9211839163466892,0.9220272904483432,50,20.0,1,2,log2,0.0001,50,19.94,20,30258,605.16
grid,1,0.081185999995796,0.9211839163466892,0.9220272904483432,50,20.0,1,2,log2,1e-05,50,19.94,20,30268,605.36
grid,1,0.0839418749965261,0.9211839163466892,0.9220272904483432,50,20.0,1,2,log2,0.0,50,19.94,20,32094,641.88
grid,1,0.2142370420042425,0.9210759332410692,0.9220272904483432,133,16.0,1,5,sqrt,0.0001,133,16.0,16,46583,350.2481203007519
grid,1,0.2129112090042326,0.9210759332410692,0.9220272904483432,133,16.0,1,5,sqrt,1e-05,133,16.0,16,46665,350.8646616541353
grid,1,0.2023588750016642,0.9210759332410692,0.9220272904483432,133,16.0,1,5,sqrt,0.0,133,16.0,16,48545,365.0
grid,1,0.096571166999638,0.9196779568787312,0.9200779727095516,50,16.0,1,2,sqrt,0.0001,50,16.0,16,22036,440.72
grid,1,0.0948292910034069,0.9196779568787312,0.9200779727095516,50,16.0,1,2,sqrt,1e-05,50,16.0,16,22046,440.92
grid,1,0.0908901669899933,0.9196779568787312,0.9200779727095516,50,16.0,1,2,sqrt,0.0,50,16.0,16,23428,468.56
grid,1,0.1871887919987784,0.9196260481572588,0.9200779727095516,133,,1,2,log2,1e-05,133,24.458646616541355,32,84985,638.984962406015
grid,1,0.1997738329955609,0.9196260481572588,0.9200779727095516,133,,1,2,log2,0.0001,133,24.458646616541355,32,84985,638.984962406015
grid,1,0.1877295000012964,0.9196260481572588,0.9200779727095516,133,,1,2,log2,0.0,133,24.51127819548872,32,90365,679.4360902255639
grid,1,0.2771879170031752,0.919601330274752,0.9200779727095516,50,,1,2,0.5,1e-05,50,31.64,38,18226,364.52
grid,1,0.2679589170002145,0.919601330274752,0.9200779727095516,50,,1,2,0.5,0.0001,50,31.64,38,18226,364.52
grid,1,0.2954038330062758,0.919601330274752,0.9200779727095516,50,,1,2,0.5,0.0,50,31.74,38,19456,389.12
grid,1,0.1853058340057032,0.9193860375756596,0.9200779727095516,133,20.0,1,2,log2,0.0001,133,19.887218045112785,20,80959,608.7142857142857
grid,1,0.1884601249912521,0.9193860375756596,0.9200779727095516,133,20.0,1,2,log2,1e-05,133,19.887218045112785,20,80981,608.8796992481203
grid,1,0.188417458004551,0.9193860375756596,0.9200779727095516,133,20.0,1,2,log2,0.0,133,19.894736842105264,20,85965,646.3533834586466
grid,1,0.0936510419996921,0.919340005736174,0.9200779727095516,50,16.0,1,5,sqrt,0.0001,50,16.0,16,16840,336.8
grid,1,0.0943778750079218,0.919340005736174,0.9200779727095516,50,16.0,1,5,sqrt,1e-05,50,16.0,16,16876,337.52
grid,1,0.0983018330007325,0.919340005736174,0.9200779727095516,50,16.0,1,5,sqrt,0.0,50,16.0,16,17526,350.52
grid,1,0.2162636669963831,0.919185175966731,0.9200779727095516,133,16.0,1,2,sqrt,0.0001,133,16.0,16,59835,449.8872180451128
grid,1,0.2174932079942664,0.919185175966731,0.9200779727095516,133,16.0,1,2,sqrt,1e-05,133,16.0,16,59869,450.1428571428572
grid,1,0.2074168330000247,0.919185175966731,0.9200779727095516,133,16.0,1,2,sqrt,0.0,133,16.0,16,63573,477.9924812030075
grid,1,0.0961397080100141,0.9191691151483682,0.9200779727095516,50,20.0,1,2,sqrt,0.0001,50,19.96,20,25446,508.92
grid,1,0.0950695000065025,0.9191691151483682,0.9200779727095516,50,20.0,1,2,sqrt,1e-05,50,19.96,20,25448,508.96
grid,1,0.0963482079969253,0.9191691151483682,0.9200779727095516,50,20.0,1,2,sqrt,0.0,50,19.96,20,27102,542.04
grid,1,0.657276208003168,0.9189758562038136,0.9200779727095516,133,,1,2,0.5,1e-05,133,31.60902255639098,40,48533,364.90977443609023
grid,1,0.6635290419944795,0.9189758562038136,0.9200779727095516,133,,1,2,0.5,0.0001,133,31.60902255639098,40,48533,364.90977443609023
grid,1,0.6861999589891639,0.9189758562038136,0.9200779727095516,133,,1,2,0.5,0.0,133,31.68421052631579,40,51845,389.812030075188
grid,1,0.2176324159954674,0.918819332411286,0.9200779727095516,133,,1,7,sqrt,0.0001,133,23.360902255639097,34,47641,358.203007518797
grid,1,0.2186987919994862,0.918819332411286,0.9200779727095516,133,,1,7,sqrt,1e-05,133,23.36842105263158,34,47871,359.9323308270677
grid,1,0.2167958329955581,0.918819332411286,0.9200779727095516,133,,1,7,sqrt,0.0,133,23.383458646616543,34,49479,372.02255639097746
grid,1,0.2113522919971728,0.9187367302105148,0.9200779727095516,133,20.0,1,2,sqrt,0.001,133,19.55639097744361,20,39661,298.203007518797
grid,1,0.2890290840005036,0.917961452531211,0.9181286549707602,50,20.0,1,2,0.5,1e-05,50,20.0,20,14636,292.72
grid,1,0.2849142080085585,0.917961452531211,0.9181286549707602,50,20.0,1,2,0.5,0.0001,50,20.0,20,14636,292.72
grid,1,0.2728136250079842,0.917961452531211,0.9181286549707602,50,20.0,1,2,0.5,0.0,50,20.0,20,15646,312.92
grid,1,0.262639084001421,0.9178190417696376,0.9181286549707602,50,20.0,1,5,0.5,0.0001,50,20.0,20,11820,236.4
grid,1,0.2595330839976668,0.9178190417696376,0.9181286549707602,50,20.0,1,5,0.5,1e-05,50,20.0,20,11822,236.44
grid,1,0.2612884160043904,0.9178190417696376,0.9181286549707602,50,20.0,1,5,0.5,0.0,50,20.0,20,12428,248.56
grid,1,0.2743077499908395,0.917660563302762,0.9181286549707602,50,,1,7,0.5,0.0001,50,30.06,36,12480,249.6
grid,1,0.2712544999958481,0.917660563302762,0.9181286549707602,50,,1,7,0.5,1e-05,50,30.08,36,12484,249.68
grid,1,0.2898705419938778,0.917660563302762,0.9181286549707602,50,,1,7,0.5,0.0,50,30.14,36,13074,261.48
grid,1,0.2209949160023825,0.9167654786639412,0.9181286549707602,133,20.0,1,5,sqrt,0.0001,133,19.909774436090224,20,52567,395.2406015037594
grid,1,0.2185989999998128,0.9167654786639412,0.9181286549707602,133,20.0,1,5,sqrt,1e-05,133,19.917293233082702,20,52645,395.82706766917295
grid,1,0.2258660000079544,0.9167654786639412,0.9181286549707602,133,20.0,1,5,sqrt,0.0,133,19.917293233082702,20,54771,411.812030075188
grid,1,0.6708113749918994,0.9155212922430214,0.9161793372319688,133,20.0,1,2,0.5,1e-05,133,20.0,20,38535,289.7368421052632
grid,1,0.6487423750077141,0.9155212922430214,0.9161793372319688,133,20.0,1,2,0.5,0.0001,133,20.0,20,38535,289.7368421052632
grid,1,0.6465557500050636,0.9155212922430214,0.9161793372319688,133,20.0,1,2,0.5,0.0,133,20.0,20,41147,309.37593984962405
grid,1,0.0816554170014569,0.9153475987754,0.9161793372319688,50,,1,7,log2,1e-05,50,22.9,29,20328,406.56
grid,1,0.0828277499967953,0.9153475987754,0.9161793372319688,50,,1,7,log2,0.0,50,23.0,29,21018,420.36
grid,1,0.2157505419891094,0.9152824962302424,0.9161793372319688,133,,1,2,sqrt,0.001,133,21.827067669172937,32,40913,307.61654135338347
grid,1,0.3431175830046413,0.9152243266108446,0.9161793372319688,217,16.0,1,5,sqrt,0.0001,217,16.0,16,76105,350.7142857142857
grid,1,0.3702731659868732,0.9152243266108446,0.9161793372319688,217,16.0,1,5,sqrt,1e-05,217,16.0,16,76257,351.4147465437788
grid,1,0.340168458991684,0.9152243266108446,0.9161793372319688,217,16.0,1,5,sqrt,0.0,217,16.0,16,79335,365.5990783410138
grid,1,0.2985694579983828,0.9149508856663886,0.9161793372319688,50,,1,5,0.5,0.0001,50,29.62,39,13826,276.52
grid,1,0.2629119159973925,0.9149508856663886,0.9161793372319688,50,,1,5,0.5,1e-05,50,29.64,39,13830,276.6
grid,1,0.2751620420021936,0.9149508856663886,0.9161793372319688,50,,1,5,0.5,0.0,50,29.68,39,14500,290.0
grid,1,0.650278041997808,0.9149263875312698,0.9161793372319688,133,,1,7,0.5,0.0001,133,29.30827067669173,39,33077,248.69924812030075
grid,1,0.6668515829951502,0.9149263875312698,0.9161793372319688,133,,1,7,0.5,1e-05,133,29.31578947368421,39,33101,248.8796992481203
grid,1,0.65561400000297,0.9149263875312698,0.9161793372319688,133,,1,7,0.5,0.0,133,29.360902255639097,39,34649,260.5187969924812
grid,1,0.34049750000122,0.9148933433078166,0.9161793372319688,217,12.0,1,2,sqrt,0.0001,217,12.0,12,69975,322.46543778801845
grid,1,0.3382267089909874,0.9148933433078166,0.9161793372319688,217,12.0,1,2,sqrt,1e-05,217,12.0,12,70045,322.78801843317973
grid,1,0.3234670840029139,0.9148933433078166,0.9161793372319688,217,12.0,1,2,sqrt,0.0,217,12.0,12,73923,340.6589861751152
grid,1,0.0962458340072771,0.9147654990427352,0.9161793372319688,50,20.0,1,5,sqrt,0.0001,50,19.84,20,19382,387.64
grid,1,0.0936735419963952,0.9147654990427352,0.9161793372319688,50,20.0,1,5,sqrt,1e-05,50,19.86,20,19406,388.12
grid,1,0.094067999991239,0.9147654990427352,0.9161793372319688,50,20.0,1,5,sqrt,0.0,50,19.86,20,20184,403.68
grid,1,0.6571859579999,0.9146922458656128,0.9161793372319688,133,,1,10,0.5,0.0001,133,28.55639097744361,36,30091,226.24812030075188
grid,1,0.6507749160082312,0.9146922458656128,0.9161793372319688,133,,1,10,0.5,1e-05,133,28.586466165413533,36,30139,226.60902255639095
grid,1,0.6549787080002716,0.9146922458656128,0.9161793372319688,133,,1,10,0.5,0.0,133,28.616541353383457,36,31439,236.38345864661653
grid,1,0.0975995000044349,0.9145647810976698,0.9161793372319688,50,,1,5,sqrt,0.0001,50,24.14,32,20340,406.8
grid,1,0.0943970840016845,0.9145647810976698,0.9161793372319688,50,,1,5,sqrt,1e-05,50,24.18,32,20370,407.4
grid,1,0.107029999999213,0.9145647810976698,0.9161793372319688,50,,1,5,sqrt,0.0,50,24.18,32,21172,423.44
grid,1,0.2719594590016641,0.9141972118423604,0.9142300194931774,50,20.0,1,7,0.5,0.0001,50,19.96,20,10698,213.96
grid,1,0.2704688750091009,0.9141972118423604,0.9142300194931774,50,20.0,1,7,0.5,1e-05,50,19.96,20,10702,214.04
grid,1,0.2824875840015011,0.9141972118423604,0.9142300194931774,50,20.0,1,7,0.5,0.0,50,19.96,20,11252,225.04
grid,1,0.2284744580101687,0.9135252590533294,0.9142300194931774,133,12.0,1,2,sqrt,0.0001,133,12.0,12,43389,326.23308270676694
grid,1,0.2030813750025117,0.9135252590533294,0.9142300194931774,133,12.0,1,2,sqrt,1e-05,133,12.0,12,43429,326.5338345864662
grid,1,0.207068125004298,0.9135252590533294,0.9142300194931774,133,12.0,1,2,sqrt,0.0,133,12.0,12,45813,344.45864661654133
grid,1,0.0842597500013653,0.9134634422247352,0.9142300194931774,50,20.0,1,7,log2,0.0001,50,19.76,20,19640,392.8
grid,1,0.0929957079933956,0.9134634422247352,0.9142300194931774,50,20.0,1,7,log2,1e-05,50,19.76,20,19790,395.8
grid,1,0.0805921669962117,0.9134634422247352,0.9142300194931774,50,20.0,1,7,log2,0.0,50,19.76,20,20442,408.84
grid,1,0.3502760420087725,0.9134504567988064,0.9142300194931774,217,16.0,1,2,sqrt,0.001,217,15.990783410138247,16,58263,268.4930875576037
grid,1,0.2168794999888632,0.9133560673878194,0.9142300194931774,133,16.0,1,2,sqrt,0.001,133,15.984962406015038,16,36075,271.2406015037594
grid,1,0.0828559159999713,0.9133086686378328,0.9142300194931774,50,,1,7,log2,0.0001,50,22.88,29,20190,403.8
grid,1,0.6369529579969821,0.9132185039724086,0.9142300194931774,133,20.0,1,7,0.5,0.0001,133,19.94736842105263,20,28539,214.57894736842104
grid,1,0.6394904589978978,0.9132185039724086,0.9142300194931774,133,20.0,1,7,0.5,1e-05,133,19.94736842105263,20,28559,214.72932330827064
grid,1,0.638364416998229,0.9132185039724086,0.9142300194931774,133,20.0,1,7,0.5,0.0,133,19.94736842105263,20,29981,225.42105263157896
grid,1,0.0975775830011116,0.9131383179380556,0.9142300194931774,50,16.0,1,7,sqrt,1e-05,50,16.0,16,15190,303.8
grid,1,0.0969367079960648,0.9131383179380556,0.9142300194931774,50,16.0,1,7,sqrt,0.0,50,16.0,16,15690,313.8
grid,1,0.1925495000032242,0.9131140934883968,0.9142300194931774,133,,1,7,log2,0.0001,133,22.23308270676692,30,54179,407.3609022556391
grid,1,0.1965309579973109,0.9131140934883968,0.9142300194931774,133,,1,7,log2,1e-05,133,22.25563909774436,30,54597,410.50375939849624
grid,1,0.1868622500041965,0.9131140934883968,0.9142300194931774,133,,1,7,log2,0.0,133,22.30827067669173,30,56391,423.9924812030075
grid,1,0.6434668750007404,0.913065135022791,0.9142300194931774,133,20.0,1,10,0.5,0.0001,133,20.0,20,26027,195.69172932330827
grid,1,0.6322525829891674,0.913065135022791,0.9142300194931774,133,20.0,1,10,0.5,1e-05,133,20.0,20,26055,195.90225563909777
grid,1,0.6439506660099141,0.913065135022791,0.9142300194931774,133,20.0,1,10,0.5,0.0,133,20.0,20,27315,205.37593984962405
grid,1,0.2205144580075284,0.9127170665519174,0.9142300194931774,133,20.0,1,7,sqrt,0.0001,133,19.81203007518797,20,46115,346.7293233082707
grid,1,0.0953166660037823,0.9126895942700358,0.9142300194931774,50,,1,5,sqrt,0.001,50,21.62,32,14574,291.48
grid,1,0.2099367500049993,0.912628927261732,0.9142300194931774,133,20.0,1,7,sqrt,1e-05,133,19.81203007518797,20,46353,348.5187969924812
grid,1,0.2163462919997982,0.912628927261732,0.9142300194931774,133,20.0,1,7,sqrt,0.0,133,19.81203007518797,20,47941,360.4586466165414
grid,1,0.0809955419972539,0.9122491331157222,0.912280701754386,50,12.0,1,5,log2,0.0001,50,12.0,12,14638,292.76
grid,1,0.0834134580072714,0.9122491331157222,0.912280701754386,50,12.0,1,5,log2,1e-05,50,12.0,12,14696,293.92
grid,1,0.085389291998581,0.9122491331157222,0.912280701754386,50,12.0,1,5,log2,0.0,50,12.0,12,15166,303.32
grid,1,0.0955859169916948,0.9117010853405066,0.912280701754386,50,,1,10,sqrt,0.0001,50,23.04,30,15336,306.72
grid,1,0.0961574160028249,0.9117010853405066,0.912280701754386,50,,1,10,sqrt,1e-05,50,23.08,30,15456,309.12
grid,1,0.0926187500008381,0.9117010853405066,0.912280701754386,50,,1,10,sqrt,0.0,50,23.12,30,16026,320.52
grid,1,0.2091312089905841,0.9115331792261476,0.912280701754386,133,,1,10,sqrt,0.0001,133,22.86466165413534,33,40957,307.94736842105266
grid,1,0.2098820419923868,0.9115331792261476,0.912280701754386,133,,1,10,sqrt,1e-05,133,22.917293233082702,33,41325,310.7142857142857
grid,1,0.2284501669928431,0.9115331792261476,0.912280701754386,133,,1,10,sqrt,0.0,133,22.97744360902256,33,42799,321.796992481203
grid,1,0.1887514579866547,0.9114746034852248,0.912280701754386,133,16.0,1,2,log2,0.0001,133,16.0,16,72051,541.7368421052631
grid,1,0.2011409169936087,0.9114746034852248,0.912280701754386,133,16.0,1,2,log2,1e-05,133,16.0,16,72121,542.2631578947369
grid,1,0.1981328340043546,0.9114746034852248,0.912280701754386,133,16.0,1,2,log2,0.0,133,16.0,16,76441,574.7443609022556
grid,1,0.1906226669962052,0.9114132410872944,0.912280701754386,133,20.0,1,7,log2,0.0001,133,19.646616541353385,20,52877,397.57142857142856
grid,1,0.1823282919940538,0.9114132410872944,0.912280701754386,133,20.0,1,7,log2,1e-05,133,19.646616541353385,20,53311,400.83458646616543
grid,1,0.1878127080126432,0.9114132410872944,0.912280701754386,133,20.0,1,7,log2,0.0,133,19.646616541353385,20,55059,413.97744360902254
grid,1,0.2977859170059673,0.911331172678272,0.912280701754386,217,16.0,1,7,log2,0.0001,217,15.990783410138247,16,78507,361.7834101382488
grid,1,0.3055460000032326,0.911331172678272,0.912280701754386,217,16.0,1,7,log2,1e-05,217,15.990783410138247,16,79105,364.53917050691246
grid,1,0.293882666999707,0.911331172678272,0.912280701754386,217,16.0,1,7,log2,0.0,217,15.990783410138247,16,81557,375.8387096774194
grid,1,0.0933932499901857,0.9112129682771952,0.912280701754386,50,,1,2,log2,1e-05,50,24.48,31,31512,630.24
grid,1,0.0931920000002719,0.9112129682771952,0.912280701754386,50,,1,2,log2,0.0001,50,24.48,31,31512,630.24
grid,1,0.0828050410054856,0.9112129682771952,0.912280701754386,50,,1,2,log2,0.0,50,24.54,31,33528,670.56
grid,1,0.0930538340035127,0.9111528246276012,0.912280701754386,50,16.0,1,7,sqrt,0.0001,50,16.0,16,15100,302.0
grid,1,0.3380430000106571,0.9110566280302198,0.912280701754386,217,16.0,1,10,sqrt,0.0001,217,15.990783410138247,16,59467,274.0414746543779
grid,1,0.3458122919982997,0.9110566280302198,0.912280701754386,217,16.0,1,10,sqrt,1e-05,217,15.995391705069125,16,59923,276.14285714285717
grid,1,0.3321155830053612,0.9110566280302198,0.912280701754386,217,16.0,1,10,sqrt,0.0,217,15.995391705069125,16,61999,285.7096774193548
grid,1,0.2974833339976612,0.9108775421824004,0.912280701754386,217,16.0,1,2,log2,0.0001,217,16.0,16,117783,542.778801843318
grid,1,0.3327002080040984,0.9108775421824004,0.912280701754386,217,16.0,1,2,log2,1e-05,217,16.0,16,117893,543.2857142857143
grid,1,0.2983951659989543,0.9108775421824004,0.912280701754386,217,16.0,1,2,log2,0.0,217,16.0,16,125019,576.1244239631336
grid,1,0.0941602910024812,0.910864080875332,0.912280701754386,50,,1,7,sqrt,0.0001,50,23.98,32,17756,355.12
grid,1,0.0914550409943331,0.910864080875332,0.912280701754386,50,,1,7,sqrt,1e-05,50,24.0,32,17846,356.92
grid,1,0.0959573750005802,0.910864080875332,0.912280701754386,50,,1,7,sqrt,0.0,50,24.02,32,18432,368.64
grid,1,0.0951288750075036,0.910824902513182,0.912280701754386,50,16.0,1,10,sqrt,0.0001,50,16.0,16,13432,268.64
grid,1,0.0916678339999634,0.910824902513182,0.912280701754386,50,16.0,1,10,sqrt,1e-05,50,16.0,16,13534,270.68
grid,1,0.0938767909974558,0.910824902513182,0.912280701754386,50,16.0,1,10,sqrt,0.0,50,16.0,16,14038,280.76
grid,1,0.3465237079944927,0.9106839190551186,0.912280701754386,217,16.0,1,7,sqrt,0.0001,217,16.0,16,67755,312.2350230414747
grid,1,0.3374745000037364,0.9106839190551186,0.912280701754386,217,16.0,1,7,sqrt,1e-05,217,16.0,16,68105,313.8479262672811
grid,1,0.3312453329999698,0.9106839190551186,0.912280701754386,217,16.0,1,7,sqrt,0.0,217,16.0,16,70545,325.0921658986175
grid,1,0.209802541998215,0.910468154427759,0.912280701754386,133,16.0,1,7,sqrt,0.0001,133,16.0,16,41449,311.6466165413534
grid,1,0.2072174999921117,0.910468154427759,0.912280701754386,133,16.0,1,7,sqrt,1e-05,133,16.0,16,41671,313.3157894736842
grid,1,0.2027954160002991,0.910468154427759,0.912280701754386,133,16.0,1,7,sqrt,0.0,133,16.0,16,43107,324.1127819548872
grid,1,0.2610538750013802,0.9099048470624922,0.9103313840155944,50,20.0,1,10,0.5,0.0001,50,20.0,20,9862,197.24
grid,1,0.2667551250051474,0.9099048470624922,0.9103313840155944,50,20.0,1,10,0.5,1e-05,50,20.0,20,9874,197.48
grid,1,0.2656014169915579,0.9099048470624922,0.9103313840155944,50,20.0,1,10,0.5,0.0,50,20.0,20,10336,206.72
grid,1,0.2694353330007288,0.9093051010630104,0.9103313840155944,50,,1,10,0.5,0.0001,50,28.48,36,11330,226.6
grid,1,0.2728721250023227,0.9093051010630104,0.9103313840155944,50,,1,10,0.5,1e-05,50,28.52,36,11350,227.0
grid,1,0.263412291998975,0.9093051010630104,0.9103313840155944,50,,1,10,0.5,0.0,50,28.54,36,11828,236.56
grid,1,0.0816415419976692,0.9092364190265272,0.9103313840155944,50,16.0,1,2,log2,0.0001,50,16.0,16,26368,527.36
grid,1,0.0807817080058157,0.9092364190265272,0.9103313840155944,50,16.0,1,2,log2,1e-05,50,16.0,16,26400,528.0
grid,1,0.0829294580034911,0.9092364190265272,0.9103313840155944,50,16.0,1,2,log2,0.0,50,16.0,16,27946,558.92
grid,1,0.6184017499908805,0.9089756156717528,0.9083820662768032,133,16.0,1,2,0.5,0.0001,133,16.0,16,30507,229.37593984962405
grid,1,0.6225969999941299,0.9089756156717528,0.9083820662768032,133,16.0,1,2,0.5,1e-05,133,16.0,16,30509,229.39097744360905
grid,1,0.6171708339970792,0.9089756156717528,0.9083820662768032,133,16.0,1,2,0.5,0.0,133,16.0,16,32649,245.4812030075188
grid,1,0.0971087080106372,0.9087150879181942,0.9103313840155944,50,20.0,1,5,sqrt,0.001,50,19.42,20,14246,284.92
grid,1,0.2126964579947525,0.9086730229379792,0.9103313840155944,133,20.0,1,5,sqrt,0.001,133,19.55639097744361,20,38159,286.90977443609023
grid,1,0.2200807079934748,0.9086249429473592,0.9103313840155944,133,,1,5,sqrt,0.001,133,21.56390977443609,32,39137,294.2631578947368
grid,1,0.9930970420100492,0.9080570645229674,0.9083820662768032,217,16.0,1,2,0.5,0.0001,217,16.0,16,50187,231.27649769585253
grid,1,1.0044756659917766,0.9080570645229674,0.9083820662768032,217,16.0,1,2,0.5,1e-05,217,16.0,16,50191,231.29493087557603
grid,1,0.9837502909940667,0.9080570645229674,0.9083820662768032,217,16.0,1,2,0.5,0.0,217,16.0,16,53805,247.94930875576037
grid,1,0.1832504170015454,0.907388187973597,0.9083820662768032,133,16.0,1,7,log2,0.0001,133,15.992481203007518,16,48201,362.4135338345865
grid,1,0.188440708006965,0.907388187973597,0.9083820662768032,133,16.0,1,7,log2,1e-05,133,15.992481203007518,16,48575,365.2255639097745
grid,1,0.1841612919961335,0.907388187973597,0.9083820662768032,133,16.0,1,7,log2,0.0,133,15.992481203007518,16,50073,376.4887218045113
grid,1,0.3482737919985084,0.9072467361622188,0.9083820662768032,217,16.0,1,5,sqrt,0.001,217,15.981566820276498,16,56777,261.64516129032256
grid,1,0.1905087909981375,0.907204835011598,0.9083820662768032,133,20.0,1,5,log2,0.0001,133,19.902255639097746,20,60515,455.0
grid,1,0.1802351249934872,0.907204835011598,0.9083820662768032,133,20.0,1,5,log2,1e-05,133,19.902255639097746,20,60755,456.8045112781955
grid,1,0.1782952079956885,0.907204835011598,0.9083820662768032,133,20.0,1,5,log2,0.0,133,19.902255639097746,20,63141,474.74436090225566
grid,1,0.0945252499950584,0.9070211905663046,0.9083820662768032,50,12.0,1,5,sqrt,0.0001,50,12.0,12,12124,242.48
grid,1,0.0961107079929206,0.9070211905663046,0.9083820662768032,50,12.0,1,5,sqrt,1e-05,50,12.0,12,12156,243.12
grid,1,0.0922832079959334,0.9070211905663046,0.9083820662768032,50,12.0,1,5,sqrt,0.0,50,12.0,12,12610,252.2
grid,1,0.0819897080073133,0.9070066359941956,0.9083820662768032,50,16.0,1,7,log2,0.0001,50,16.0,16,17806,356.12
grid,1,0.0809153330046683,0.9070066359941956,0.9083820662768032,50,16.0,1,7,log2,1e-05,50,16.0,16,17934,358.68
grid,1,0.0811012919875793,0.9070066359941956,0.9083820662768032,50,16.0,1,7,log2,0.0,50,16.0,16,18488,369.76
grid,1,0.0923234579968266,0.9068395140992276,0.9083820662768032,50,12.0,1,2,sqrt,0.001,50,12.0,12,10200,204.0
grid,1,0.6159720409923466,0.9065273026399971,0.9064327485380116,133,16.0,1,10,0.5,0.0001,133,16.0,16,21401,160.90977443609023
grid,1,0.6133648749964777,0.9065273026399971,0.9064327485380116,133,16.0,1,10,0.5,1e-05,133,16.0,16,21419,161.04511278195488
grid,1,0.6118400409905007,0.9065273026399971,0.9064327485380116,133,16.0,1,10,0.5,0.0,133,16.0,16,22481,169.0300751879699
grid,1,0.2785124579968396,0.9065073367292408,0.9083820662768032,50,,1,2,0.5,0.001,50,27.72,34,11166,223.32
grid,1,0.0949700829951325,0.9064368837421772,0.9083820662768032,50,,1,2,sqrt,0.001,50,21.58,29,15098,301.96
grid,1,0.0970992920047137,0.9063846238521184,0.9083820662768032,50,16.0,1,10,sqrt,0.001,50,15.98,16,10914,218.28
grid,1,0.991849291996914,0.9059684659131584,0.9064327485380116,217,16.0,1,7,0.5,0.0001,217,16.0,16,38057,175.3778801843318
grid,1,1.0221215409983415,0.9059684659131584,0.9064327485380116,217,16.0,1,7,0.5,1e-05,217,16.0,16,38075,175.46082949308754
grid,1,0.9928886249981588,0.9059684659131584,0.9064327485380116,217,16.0,1,7,0.5,0.0,217,16.0,16,40039,184.5115207373272
grid,1,0.6554737090045819,0.9058019109284168,0.9083820662768032,133,,1,10,0.5,0.001,133,26.849624060150376,35,24577,184.78947368421052
grid,1,0.1852866249973885,0.9056707181685004,0.9064327485380116,133,12.0,1,5,log2,0.0001,133,12.0,12,39865,299.7368421052632
grid,1,0.185572290996788,0.9056707181685004,0.9064327485380116,133,12.0,1,5,log2,1e-05,133,12.0,12,40011,300.83458646616543
grid,1,0.1892053329938789,0.9056707181685004,0.9064327485380116,133,12.0,1,5,log2,0.0,133,12.0,12,41303,310.54887218045116
grid,1,0.0815270000020973,0.9056012876785666,0.9064327485380116,50,16.0,1,5,log2,0.0001,50,16.0,16,20024,400.48
grid,1,0.0807920829975046,0.9056012876785666,0.9064327485380116,50,16.0,1,5,log2,1e-05,50,16.0,16,20124,402.48
grid,1,0.0803932920098304,0.9056012876785666,0.9064327485380116,50,16.0,1,5,log2,0.0,50,16.0,16,20862,417.24
grid,1,0.3384530829935102,0.905585795601046,0.9064327485380116,217,12.0,1,5,sqrt,0.0001,217,12.0,12,56611,260.88018433179724
grid,1,0.3421827910060528,0.905585795601046,0.9064327485380116,217,12.0,1,5,sqrt,1e-05,217,12.0,12,56743,261.4884792626728
grid,1,0.3346759579872014,0.905585795601046,0.9064327485380116,217,12.0,1,5,sqrt,0.0,217,12.0,12,58831,271.110599078341
grid,1,0.2266018329974031,0.905554857119478,0.9064327485380116,133,20.0,1,10,sqrt,0.0001,133,19.669172932330827,20,39725,298.6842105263158
grid,1,0.2259670830098912,0.905554857119478,0.9064327485380116,133,20.0,1,10,sqrt,1e-05,133,19.69172932330827,20,40083,301.37593984962405
grid,1,0.2042332499986514,0.905554857119478,0.9064327485380116,133,20.0,1,10,sqrt,0.0,133,19.706766917293233,20,41489,311.94736842105266
grid,1,0.215834625007119,0.9054390323091708,0.9064327485380116,133,16.0,1,10,sqrt,0.0001,133,15.984962406015038,16,36589,275.10526315789474
grid,1,0.2154300839902134,0.9054390323091708,0.9064327485380116,133,16.0,1,10,sqrt,1e-05,133,15.992481203007518,16,36901,277.45112781954884
grid,1,0.2014838330069324,0.9054390323091708,0.9064327485380116,133,16.0,1,10,sqrt,0.0,133,15.992481203007518,16,38195,287.18045112781954
grid,1,0.0828903329966124,0.9053787309131168,0.9064327485380116,50,20.0,1,7,log2,0.001,50,19.28,20,14690,293.8
grid,1,0.6814929579995805,0.9051969116630516,0.9064327485380116,133,,1,5,0.5,0.0001,133,29.729323308270676,40,36743,276.2631578947368
grid,1,0.655922833000659,0.9051969116630516,0.9064327485380116,133,,1,5,0.5,1e-05,133,29.75187969924812,40,36753,276.3383458646617
grid,1,0.6579788339877268,0.9051969116630516,0.9064327485380116,133,,1,5,0.5,0.0,133,29.804511278195488,40,38531,289.70676691729324
grid,1,0.0975741669972194,0.9050390982170003,0.9064327485380116,50,20.0,1,10,sqrt,0.0001,50,19.72,20,14798,295.96
grid,1,0.0981745839962968,0.9050390982170003,0.9064327485380116,50,20.0,1,10,sqrt,1e-05,50,19.74,20,14920,298.4
grid,1,0.0971973750129109,0.9050390982170003,0.9064327485380116,50,20.0,1,10,sqrt,0.0,50,19.74,20,15452,309.04
grid,1,0.2151763749861857,0.9050343601133036,0.9064327485380116,133,16.0,1,5,sqrt,0.001,133,15.977443609022556,16,34797,261.63157894736844
grid,1,0.0957798750023357,0.9050316953224428,0.9064327485380116,50,16.0,1,5,sqrt,0.001,50,15.98,16,12686,253.72
grid,1,0.0966936250042636,0.904975102594714,0.9064327485380116,50,20.0,1,2,sqrt,0.001,50,19.48,20,14700,294.0
grid,1,0.1192806670005666,0.9046549266315776,0.9064327485380116,50,20.0,1,7,sqrt,0.001,50,19.62,20,13214,264.28
grid,1,0.6488317909970647,0.9044642402771068,0.9064327485380116,133,,1,2,0.5,0.001,133,27.73684210526316,36,29769,223.82706766917292
grid,1,0.3291181249951478,0.9043731433458392,0.9064327485380116,217,12.0,1,2,log2,0.0001,217,12.0,12,84633,390.01382488479265
grid,1,0.3025712090020533,0.9043731433458392,0.9064327485380116,217,12.0,1,2,log2,1e-05,217,12.0,12,84771,390.64976958525347
grid,1,0.2890406660008011,0.9043731433458392,0.9064327485380116,217,12.0,1,2,log2,0.0,217,12.0,12,89215,411.1290322580645
grid,1,1.0033251660061069,0.9042427227976334,0.9044834307992202,217,16.0,1,10,0.5,0.0001,217,16.0,16,35351,162.9078341013825
grid,1,0.9947152079985244,0.9042427227976334,0.9044834307992202,217,16.0,1,10,0.5,1e-05,217,16.0,16,35379,163.036866359447
grid,1,0.9881083749933168,0.9042427227976334,0.9044834307992202,217,16.0,1,10,0.5,0.0,217,16.0,16,37121,171.06451612903226
grid,1,0.0814891249901847,0.9036023380908844,0.9044834307992202,50,20.0,1,5,log2,0.0001,50,19.9,20,22546,450.92
grid,1,0.0840401669993298,0.9036023380908844,0.9044834307992202,50,20.0,1,5,log2,1e-05,50,19.9,20,22644,452.88
grid,1,0.0836166660010349,0.9036023380908844,0.9044834307992202,50,20.0,1,5,log2,0.0,50,19.9,20,23514,470.28
grid,1,0.6340542919933796,0.903508761766704,0.9044834307992202,133,20.0,1,5,0.5,0.0001,133,20.0,20,31051,233.46616541353384
grid,1,0.642771790997358,0.903508761766704,0.9044834307992202,133,20.0,1,5,0.5,1e-05,133,20.0,20,31053,233.4812030075188
grid,1,0.6455286249984056,0.903508761766704,0.9044834307992202,133,20.0,1,5,0.5,0.0,133,20.0,20,32677,245.69172932330827
grid,1,0.2614812500105472,0.9034907581823016,0.9025341130604289,50,16.0,1,2,0.5,1e-05,50,16.0,16,11592,231.84
grid,1,0.2519297910039313,0.9034907581823016,0.9025341130604289,50,16.0,1,2,0.5,0.0001,50,16.0,16,11592,231.84
grid,1,0.2521693340095225,0.9034907581823016,0.9025341130604289,50,16.0,1,2,0.5,0.0,50,16.0,16,12394,247.88
grid,1,0.2754944170010276,0.9032015172329728,0.9044834307992202,50,20.0,1,2,0.5,0.001,50,20.0,20,9672,193.44
grid,1,0.0901786670001456,0.9031993881579594,0.9044834307992202,50,20.0,4,2,sqrt,0.0001,50,19.68,20,14432,288.64
grid,1,0.0951121249963762,0.9031993881579594,0.9044834307992202,50,20.0,4,5,sqrt,0.0001,50,19.68,20,14432,288.64
grid,1,0.0968330000032438,0.9031993881579594,0.9044834307992202,50,20.0,4,7,sqrt,0.0001,50,19.68,20,14432,288.64
grid,1,0.0912942919967463,0.9031993881579594,0.9044834307992202,50,20.0,4,2,sqrt,1e-05,50,19.72,20,14688,293.76
grid,1,0.0959339160035597,0.9031993881579594,0.9044834307992202,50,20.0,4,5,sqrt,1e-05,50,19.72,20,14688,293.76
grid,1,0.0942143329884857,0.9031993881579594,0.9044834307992202,50,20.0,4,7,sqrt,1e-05,50,19.72,20,14688,293.76
grid,1,0.0965142499917419,0.9031993881579594,0.9044834307992202,50,20.0,4,2,sqrt,0.0,50,19.74,20,15302,306.04
grid,1,0.0946679159969789,0.9031993881579594,0.9044834307992202,50,20.0,4,5,sqrt,0.0,50,19.74,20,15302,306.04
grid,1,0.0943745419936021,0.9031993881579594,0.9044834307992202,50,20.0,4,7,sqrt,0.0,50,19.74,20,15302,306.04
grid,1,0.1821064999967347,0.9031827043249732,0.9044834307992202,133,16.0,1,2,log2,0.001,133,15.954887218045112,16,41351,310.90977443609023
grid,1,0.2948773329990217,0.9031809470079544,0.9044834307992202,217,16.0,1,5,log2,0.0001,217,16.0,16,88169,406.3087557603687
grid,1,0.2969307090097572,0.9031809470079544,0.9044834307992202,217,16.0,1,5,log2,1e-05,217,16.0,16,88555,408.08755760368666
grid,1,0.2960126670077443,0.9031809470079544,0.9044834307992202,217,16.0,1,5,log2,0.0,217,16.0,16,91843,423.2396313364055
grid,1,0.098552124996786,0.903138891138646,0.9044834307992202,50,20.0,1,7,sqrt,0.0001,50,19.92,20,17042,340.84
grid,1,0.0950297500094166,0.903138891138646,0.9044834307992202,50,20.0,1,7,sqrt,1e-05,50,19.92,20,17132,342.64
grid,1,0.0939004579995526,0.903138891138646,0.9044834307992202,50,20.0,1,7,sqrt,0.0,50,19.92,20,17720,354.4
grid,1,0.095471249995171,0.9031061981915224,0.9044834307992202,50,,4,2,sqrt,0.0001,50,21.7,27,14836,296.72
grid,1,0.1163762920041335,0.9031061981915224,0.9044834307992202,50,,4,5,sqrt,0.0001,50,21.7,27,14836,296.72
grid,1,0.0941974169982131,0.9031061981915224,0.9044834307992202,50,,4,7,sqrt,0.0001,50,21.7,27,14836,296.72
grid,1,0.0985022090026177,0.9031061981915224,0.9044834307992202,50,,4,2,sqrt,1e-05,50,21.8,27,15116,302.32
grid,1,0.0931077499990351,0.9031061981915224,0.9044834307992202,50,,4,5,sqrt,1e-05,50,21.8,27,15116,302.32
grid,1,0.0918308330001309,0.9031061981915224,0.9044834307992202,50,,4,7,sqrt,1e-05,50,21.8,27,15116,302.32
grid,1,0.0909862909902585,0.9031061981915224,0.9044834307992202,50,,4,2,sqrt,0.0,50,21.86,27,15730,314.6
grid,1,0.0950732909986982,0.9031061981915224,0.9044834307992202,50,,4,5,sqrt,0.0,50,21.86,27,15730,314.6
grid,1,0.0967648749938234,0.9031061981915224,0.9044834307992202,50,,4,7,sqrt,0.0,50,21.86,27,15730,314.6
grid,1,0.1833988750004209,0.9030847353019084,0.9044834307992202,133,16.0,1,10,log2,0.0001,133,15.992481203007518,16,42035,316.05263157894734
grid,1,0.1889545000012731,0.9030847353019084,0.9044834307992202,133,16.0,1,10,log2,1e-05,133,15.992481203007518,16,42525,319.7368421052632
grid,1,0.1840868750005029,0.9030847353019084,0.9044834307992202,133,16.0,1,10,log2,0.0,133,15.992481203007518,16,43705,328.609022556391
grid,1,0.3399665000033565,0.903060935942155,0.9044834307992202,217,12.0,1,2,sqrt,0.001,217,12.0,12,45129,207.96774193548387
grid,1,0.1801017499965382,0.9030162513645404,0.9044834307992202,133,20.0,1,5,log2,0.001,133,19.31578947368421,20,42497,319.5263157894737
grid,1,0.3388110410014633,0.90297606677188,0.9044834307992202,217,16.0,1,10,sqrt,0.001,217,15.96774193548387,16,48415,223.110599078341
grid,1,0.6464350409951294,0.902887700972194,0.9044834307992202,133,20.0,1,2,0.5,0.001,133,19.99248120300752,20,25567,192.2330827067669
grid,1,0.0929193339979974,0.9028864400915684,0.9044834307992202,50,,1,7,sqrt,0.001,50,21.88,32,13596,271.92
grid,1,0.0955343329987954,0.9026658402729216,0.9044834307992202,50,16.0,1,2,sqrt,0.001,50,15.98,16,13342,266.84
grid,1,0.2155156670050928,0.902559209974966,0.9044834307992202,133,20.0,1,7,sqrt,0.001,133,19.43609022556391,20,35815,269.2857142857143
grid,1,0.2242086250043939,0.9025527528491022,0.9044834307992202,133,,1,7,sqrt,0.001,133,21.398496240601503,32,36593,275.1353383458647
grid,1,0.2686407500004861,0.9022300683244686,0.9044834307992202,50,,1,5,0.5,0.001,50,26.2,35,10648,212.96
grid,1,0.2506672080053249,0.902119995102038,0.9025341130604289,50,16.0,1,5,0.5,0.0001,50,16.0,16,9522,190.44
grid,1,0.2665206249948824,0.902119995102038,0.9025341130604289,50,16.0,1,5,0.5,1e-05,50,16.0,16,9524,190.48
grid,1,0.2556034169974737,0.902119995102038,0.9025341130604289,50,16.0,1,5,0.5,0.0,50,16.0,16,10016,200.32
grid,1,0.0819765829946845,0.901595447445986,0.9025341130604289,50,20.0,1,2,log2,0.001,50,19.4,20,16694,333.88
grid,1,0.1897177089995239,0.9015698142463352,0.9025341130604289,133,,1,5,log2,1e-05,133,23.44360902255639,34,62699,471.42105263157896
grid,1,0.1883854589978,0.9015698142463352,0.9025341130604289,133,,1,5,log2,0.0,133,23.481203007518797,34,65161,489.9323308270677
grid,1,0.2033352500002365,0.9014761631861014,0.9025341130604289,133,12.0,1,5,sqrt,0.0001,133,12.0,12,34677,260.7293233082707
grid,1,0.2030119159899186,0.9014761631861014,0.9025341130604289,133,12.0,1,5,sqrt,1e-05,133,12.0,12,34767,261.406015037594
grid,1,0.2016637500055367,0.9014761631861014,0.9025341130604289,133,12.0,1,5,sqrt,0.0,133,12.0,12,36011,270.7593984962406
grid,1,0.2983050000038929,0.90136191938713,0.9025341130604289,217,16.0,1,7,log2,0.001,217,15.972350230414747,16,59869,275.89400921658984
grid,1,0.0984270000044489,0.9013204576637264,0.9025341130604289,50,12.0,4,2,sqrt,0.0001,50,12.0,12,10524,210.48
grid,1,0.0949214169959304,0.9013204576637264,0.9025341130604289,50,12.0,4,5,sqrt,0.0001,50,12.0,12,10524,210.48
grid,1,0.0922911670058965,0.9013204576637264,0.9025341130604289,50,12.0,4,7,sqrt,0.0001,50,12.0,12,10524,210.48
grid,1,0.2119482080015586,0.9013120292633836,0.9025341130604289,133,12.0,1,7,sqrt,0.0001,133,12.0,12,31487,236.74436090225564
grid,1,0.2101343749964144,0.9013120292633836,0.9025341130604289,133,12.0,1,7,sqrt,1e-05,133,12.0,12,31625,237.78195488721803
grid,1,0.2106652079964988,0.9013120292633836,0.9025341130604289,133,12.0,1,7,sqrt,0.0,133,12.0,12,32649,245.4812030075188
grid,1,0.2569391249999171,0.901262682453302,0.9005847953216374,50,16.0,1,7,0.5,0.0001,50,16.0,16,8756,175.12
grid,1,0.252189457998611,0.901262682453302,0.9005847953216374,50,16.0,1,7,0.5,1e-05,50,16.0,16,8758,175.16
grid,1,0.2593403750070138,0.901262682453302,0.9005847953216374,50,16.0,1,7,0.5,0.0,50,16.0,16,9220,184.4
grid,1,0.2988266660104273,0.9012541931095676,0.9025341130604289,217,12.0,1,5,log2,0.0001,217,12.0,12,64877,298.97235023041475
grid,1,0.3084546250029234,0.9012541931095676,0.9025341130604289,217,12.0,1,5,log2,1e-05,217,12.0,12,65129,300.1336405529954
grid,1,0.2991881250054575,0.9012541931095676,0.9025341130604289,217,12.0,1,5,log2,0.0,217,12.0,12,67321,310.2350230414747
grid,1,0.186694041985902,0.9012174988671512,0.9025341130604289,133,16.0,1,5,log2,0.0001,133,16.0,16,54175,407.3308270676692
grid,1,0.1888440000038826,0.9012174988671512,0.9025341130604289,133,16.0,1,5,log2,1e-05,133,16.0,16,54419,409.16541353383457
grid,1,0.1840424169931793,0.9012174988671512,0.9025341130604289,133,16.0,1,5,log2,0.0,133,16.0,16,56467,424.56390977443607
grid,1,0.0951125830033561,0.90119982740611,0.9025341130604289,50,12.0,4,2,sqrt,1e-05,50,12.0,12,10686,213.72
grid,1,0.0932060830091359,0.90119982740611,0.9025341130604289,50,12.0,4,5,sqrt,1e-05,50,12.0,12,10686,213.72
grid,1,0.0859298750001471,0.90119982740611,0.9025341130604289,50,12.0,4,7,sqrt,1e-05,50,12.0,12,10686,213.72
grid,1,0.0938129170099273,0.90119982740611,0.9025341130604289,50,12.0,4,2,sqrt,0.0,50,12.0,12,11086,221.72
grid,1,0.0959067920048255,0.90119982740611,0.9025341130604289,50,12.0,4,5,sqrt,0.0,50,12.0,12,11086,221.72
grid,1,0.0931099170120433,0.90119982740611,0.9025341130604289,50,12.0,4,7,sqrt,0.0,50,12.0,12,11086,221.72
grid,1,0.2660969589924207,0.901102310556046,0.9025341130604289,50,20.0,1,5,0.5,0.001,50,19.98,20,9468,189.36
grid,1,0.1935592090012505,0.9009542216988952,0.9025341130604289,133,,1,5,log2,0.001,133,20.94736842105263,30,43181,324.6691729323308
grid,1,0.2042599580017849,0.900840399083774,0.9025341130604289,133,20.0,4,10,sqrt,0.0001,133,19.18796992481203,20,35973,270.4736842105263
grid,1,0.2305823329952545,0.900840399083774,0.9025341130604289,133,20.0,4,10,sqrt,1e-05,133,19.21804511278195,20,36611,275.2706766917293
grid,1,0.1993109579925658,0.900840399083774,0.9025341130604289,133,20.0,4,10,sqrt,0.0,133,19.23308270676692,20,37955,285.37593984962405
grid,1,0.2953792080079438,0.9008395586806508,0.9025341130604289,217,16.0,1,2,log2,0.001,217,15.963133640552996,16,67401,310.6036866359447
grid,1,0.6344203749904409,0.900741643667524,0.9025341130604289,133,20.0,1,10,0.5,0.001,133,20.0,20,21629,162.62406015037595
grid,1,0.2160418330022366,0.900670359526073,0.9025341130604289,133,,4,10,sqrt,1e-05,133,20.458646616541355,28,37051,278.57894736842104
grid,1,0.2129034579993458,0.900670359526073,0.9025341130604289,133,,4,10,sqrt,0.0,133,20.49624060150376,28,38453,289.1203007518797
grid,1,0.2183128330070758,0.9006475272923703,0.9025341130604289,133,,4,2,sqrt,0.0001,133,21.36842105263158,29,39815,299.3609022556391
grid,1,0.2111600839998573,0.9006475272923703,0.9025341130604289,133,,4,5,sqrt,0.0001,133,21.36842105263158,29,39815,299.3609022556391
grid,1,0.2122333340084878,0.9006475272923703,0.9025341130604289,133,,4,7,sqrt,0.0001,133,21.36842105263158,29,39815,299.3609022556391
grid,1,0.2184956249984679,0.9006475272923703,0.9025341130604289,133,,4,2,sqrt,1e-05,133,21.49624060150376,29,40627,305.4661654135338
grid,1,0.218768375008949,0.9006475272923703,0.9025341130604289,133,,4,5,sqrt,1e-05,133,21.49624060150376,29,40627,305.4661654135338
grid,1,0.2086616250016959,0.9006475272923703,0.9025341130604289,133,,4,7,sqrt,1e-05,133,21.49624060150376,29,40627,305.4661654135338
grid,1,0.2116790000000037,0.9006475272923703,0.9025341130604289,133,,4,2,sqrt,0.0,133,21.571428571428573,29,42239,317.5864661654135
grid,1,0.2024855420022504,0.9006475272923703,0.9025341130604289,133,,4,5,sqrt,0.0,133,21.571428571428573,29,42239,317.5864661654135
grid,1,0.2172253749886294,0.9006475272923703,0.9025341130604289,133,,4,7,sqrt,0.0,133,21.571428571428573,29,42239,317.5864661654135
grid,1,0.272575124996365,0.9002589025365921,0.9025341130604289,50,,1,7,0.5,0.001,50,27.38,33,10050,201.0
grid,1,1.0166976670006989,0.9001917038943456,0.9005847953216374,217,16.0,1,5,0.5,0.0001,217,16.0,16,40783,187.94009216589865
grid,1,0.997768334011198,0.9001917038943456,0.9005847953216374,217,16.0,1,5,0.5,1e-05,217,16.0,16,40789,187.96774193548387
grid,1,0.9935218340106076,0.9001917038943456,0.9005847953216374,217,16.0,1,5,0.5,0.0,217,16.0,16,43025,198.27188940092165
grid,1,0.650559500005329,0.8999054165204645,0.9025341130604289,133,,1,7,0.5,0.001,133,27.045112781954888,37,26709,200.8195488721805
grid,1,0.1852071249886648,0.89963942543435,0.9005847953216374,133,,1,5,log2,0.0001,133,23.44360902255639,34,62489,469.8421052631579
grid,1,0.186637459002668,0.899631340446513,0.9005847953216374,133,20.0,1,10,log2,0.0001,133,19.43609022556391,20,45371,341.1353383458647
grid,1,0.18612858299457,0.899631340446513,0.9005847953216374,133,20.0,1,10,log2,1e-05,133,19.458646616541355,20,45883,344.98496240601503
grid,1,0.1860400000005029,0.899631340446513,0.9005847953216374,133,20.0,1,10,log2,0.0,133,19.48872180451128,20,47209,354.9548872180451
grid,1,0.0913911670068046,0.8995252854468828,0.9005847953216374,50,,1,2,log2,0.001,50,20.98,27,16972,339.44
grid,1,0.0795486659917514,0.8994905924285536,0.9005847953216374,50,16.0,1,2,log2,0.001,50,15.98,16,15244,304.88
grid,1,0.0974876249965746,0.8994629227163227,0.9005847953216374,50,20.0,4,10,sqrt,1e-05,50,19.34,20,13588,271.76
grid,1,0.0978139999933773,0.8994629227163227,0.9005847953216374,50,20.0,4,10,sqrt,0.0,50,19.36,20,14072,281.44
grid,1,0.3013560420076828,0.8994197886399059,0.9005847953216374,217,16.0,1,10,log2,0.0001,217,15.995391705069125,16,68223,314.39170506912444
grid,1,0.2938317910011392,0.8994197886399059,0.9005847953216374,217,16.0,1,10,log2,1e-05,217,15.995391705069125,16,69029,318.10599078341016
grid,1,0.2901891249930486,0.8994197886399059,0.9005847953216374,217,16.0,1,10,log2,0.0,217,15.995391705069125,16,71083,327.57142857142856
grid,1,0.0944194170006085,0.8993999455727584,0.9005847953216374,50,12.0,1,7,sqrt,0.0001,50,12.0,12,11300,226.0
grid,1,0.096862249993137,0.8993999455727584,0.9005847953216374,50,12.0,1,7,sqrt,1e-05,50,12.0,12,11352,227.04
grid,1,0.0955546659970423,0.8993999455727584,0.9005847953216374,50,12.0,1,7,sqrt,0.0,50,12.0,12,11710,234.2
grid,1,0.2659334170020884,0.8993292475651955,0.9005847953216374,50,20.0,1,10,0.5,0.001,50,20.0,20,8186,163.72
grid,1,0.0920768750074785,0.8992746212155879,0.9005847953216374,50,16.0,4,2,sqrt,0.0001,50,16.0,16,13116,262.32
grid,1,0.096052166991285,0.8992746212155879,0.9005847953216374,50,16.0,4,5,sqrt,0.0001,50,16.0,16,13116,262.32
grid,1,0.0968872910016216,0.8992746212155879,0.9005847953216374,50,16.0,4,7,sqrt,0.0001,50,16.0,16,13116,262.32
grid,1,0.0966805409989319,0.8992746212155879,0.9005847953216374,50,16.0,4,2,sqrt,1e-05,50,16.0,16,13350,267.0
grid,1,0.0919249579892493,0.8992746212155879,0.9005847953216374,50,16.0,4,5,sqrt,1e-05,50,16.0,16,13350,267.0
grid,1,0.0954641669959528,0.8992746212155879,0.9005847953216374,50,16.0,4,7,sqrt,1e-05,50,16.0,16,13350,267.0
grid,1,0.0973197080020327,0.8992746212155879,0.9005847953216374,50,16.0,4,2,sqrt,0.0,50,16.0,16,13904,278.08
grid,1,0.0957961670064833,0.8992746212155879,0.9005847953216374,50,16.0,4,5,sqrt,0.0,50,16.0,16,13904,278.08
grid,1,0.0951200830022571,0.8992746212155879,0.9005847953216374,50,16.0,4,7,sqrt,0.0,50,16.0,16,13904,278.08
grid,1,0.3413801250135293,0.8990223243103311,0.9005847953216374,217,12.0,1,7,sqrt,0.0001,217,12.0,12,51423,236.97235023041475
grid,1,0.3583336660085479,0.8990223243103311,0.9005847953216374,217,12.0,1,7,sqrt,1e-05,217,12.0,12,51643,237.98617511520737
grid,1,0.3293985829950543,0.8990223243103311,0.9005847953216374,217,12.0,1,7,sqrt,0.0,217,12.0,12,53311,245.67281105990784
grid,1,0.2158574999921256,0.8989310644097883,0.9005847953216374,133,16.0,1,10,sqrt,0.001,133,15.954887218045112,16,29753,223.70676691729324
grid,1,0.3499213750037597,0.8989207202401492,0.9005847953216374,217,12.0,1,10,sqrt,0.0001,217,12.0,12,46315,213.4331797235023
grid,1,0.3333139160095015,0.8989207202401492,0.9005847953216374,217,12.0,1,10,sqrt,1e-05,217,12.0,12,46567,214.59447004608296
grid,1,0.3315198329946724,0.8989207202401492,0.9005847953216374,217,12.0,1,10,sqrt,0.0,217,12.0,12,47987,221.13824884792623
grid,1,0.0838473339972551,0.8987338653969384,0.9005847953216374,50,12.0,1,2,log2,0.0001,50,12.0,12,19218,384.36
grid,1,0.0827667920093517,0.8987338653969384,0.9005847953216374,50,12.0,1,2,log2,1e-05,50,12.0,12,19242,384.84
grid,1,0.0823621669987915,0.8987338653969384,0.9005847953216374,50,12.0,1,2,log2,0.0,50,12.0,12,20228,404.56
grid,1,0.2146944169944618,0.8986859392265785,0.9005847953216374,133,,4,10,sqrt,0.0001,133,20.37593984962406,28,36405,273.7218045112782
grid,1,0.3399156249943189,0.8985000638906102,0.9005847953216374,217,16.0,1,7,sqrt,0.001,217,15.986175115207374,16,53543,246.74193548387095
grid,1,0.6252507919998607,0.8983709593273885,0.9005847953216374,133,,4,2,0.5,0.0001,133,26.57894736842105,32,28853,216.93984962406017
grid,1,0.6282819999905769,0.8983709593273885,0.9005847953216374,133,,4,5,0.5,0.0001,133,26.57894736842105,32,28853,216.93984962406017
grid,1,0.630509709008038,0.8983709593273885,0.9005847953216374,133,,4,7,0.5,0.0001,133,26.57894736842105,32,28853,216.93984962406017
grid,1,0.6191992919921177,0.8983709593273885,0.9005847953216374,133,,4,2,0.5,1e-05,133,26.616541353383457,32,28965,217.78195488721803
grid,1,0.6347335829923395,0.8983709593273885,0.9005847953216374,133,,4,5,0.5,1e-05,133,26.616541353383457,32,28965,217.78195488721803
grid,1,0.6239220419956837,0.8983709593273885,0.9005847953216374,133,,4,7,0.5,1e-05,133,26.616541353383457,32,28965,217.78195488721803
grid,1,0.6266377499996452,0.8983709593273885,0.9005847953216374,133,,4,2,0.5,0.0,133,26.639097744360903,32,30505,229.3609022556391
grid,1,0.6266385829949286,0.8983709593273885,0.9005847953216374,133,,4,5,0.5,0.0,133,26.639097744360903,32,30505,229.3609022556391
grid,1,0.6500657920114463,0.8983709593273885,0.9005847953216374,133,,4,7,0.5,0.0,133,26.639097744360903,32,30505,229.3609022556391
grid,1,0.6598241250030696,0.8982447358417187,0.9005847953216374,133,,1,5,0.5,0.001,133,26.909774436090224,36,28407,213.58646616541353
grid,1,0.6562466250034049,0.8980257989971202,0.9005847953216374,133,20.0,1,7,0.5,0.001,133,19.94736842105263,20,23527,176.89473684210526
grid,1,0.632250082999235,0.8978353574247332,0.898635477582846,133,16.0,1,7,0.5,0.0001,133,16.0,16,23297,175.1654135338346
grid,1,0.62957970899879,0.8978353574247332,0.898635477582846,133,16.0,1,7,0.5,1e-05,133,16.0,16,23307,175.2406015037594
grid,1,0.6407095419999678,0.8978353574247332,0.898635477582846,133,16.0,1,7,0.5,0.0,133,16.0,16,24523,184.38345864661653
grid,1,0.3663865000125952,0.8975275247333446,0.898635477582846,217,12.0,1,5,sqrt,0.001,217,12.0,12,44055,203.0184331797235
grid,1,0.2113192079996224,0.8973200422726871,0.898635477582846,133,16.0,4,2,sqrt,0.0001,133,15.992481203007518,16,35713,268.5187969924812
grid,1,0.2077490000083344,0.8973200422726871,0.898635477582846,133,16.0,4,5,sqrt,0.0001,133,15.992481203007518,16,35713,268.5187969924812
grid,1,0.2182120000070426,0.8973200422726871,0.898635477582846,133,16.0,4,7,sqrt,0.0001,133,15.992481203007518,16,35713,268.5187969924812
grid,1,0.2019908749934984,0.8973200422726871,0.898635477582846,133,16.0,4,2,sqrt,1e-05,133,15.992481203007518,16,36373,273.4812030075188
grid,1,0.2043015420058509,0.8973200422726871,0.898635477582846,133,16.0,4,5,sqrt,1e-05,133,15.992481203007518,16,36373,273.4812030075188
grid,1,0.2168411250022472,0.8973200422726871,0.898635477582846,133,16.0,4,7,sqrt,1e-05,133,15.992481203007518,16,36373,273.4812030075188
grid,1,0.204319166005007,0.8973200422726871,0.898635477582846,133,16.0,4,2,sqrt,0.0,133,15.992481203007518,16,37789,284.1278195488722
grid,1,0.20280625000305,0.8973200422726871,0.898635477582846,133,16.0,4,5,sqrt,0.0,133,15.992481203007518,16,37789,284.1278195488722
grid,1,0.1990623750025406,0.8973200422726871,0.898635477582846,133,16.0,4,7,sqrt,0.0,133,15.992481203007518,16,37789,284.1278195488722
grid,1,0.0963419170002453,0.8972902963694677,0.898635477582846,50,20.0,4,10,sqrt,0.0001,50,19.32,20,13350,267.0
grid,1,0.0808073749940376,0.8972525829115051,0.898635477582846,50,16.0,1,7,log2,0.001,50,15.98,16,13590,271.8
grid,1,0.2144660420017317,0.897251275981102,0.898635477582846,133,20.0,1,10,sqrt,0.001,133,19.30827067669173,20,31907,239.90225563909777
grid,1,0.1816629170061787,0.8970201510487801,0.898635477582846,133,,1,7,log2,0.001,133,20.56390977443609,30,40359,303.45112781954884
grid,1,0.0961967079929309,0.8969923428410632,0.898635477582846,50,16.0,1,7,sqrt,0.001,50,16.0,16,11832,236.64
grid,1,0.1898568750038975,0.8969874186219637,0.898635477582846,133,20.0,1,7,log2,0.001,133,19.1203007518797,20,39667,298.2481203007519
grid,1,0.6205889580014627,0.8969323293597989,0.898635477582846,133,20.0,4,2,0.5,0.0001,133,19.99248120300752,20,25645,192.8195488721805
grid,1,0.6305577499879291,0.8969323293597989,0.898635477582846,133,20.0,4,5,0.5,0.0001,133,19.99248120300752,20,25645,192.8195488721805
grid,1,0.6234221250051633,0.8969323293597989,0.898635477582846,133,20.0,4,7,0.5,0.0001,133,19.99248120300752,20,25645,192.8195488721805
grid,1,0.6233765840006527,0.8969323293597989,0.898635477582846,133,20.0,4,2,0.5,1e-05,133,19.99248120300752,20,25731,193.46616541353384
grid,1,0.604599332989892,0.8969323293597989,0.898635477582846,133,20.0,4,5,0.5,1e-05,133,19.99248120300752,20,25731,193.46616541353384
grid,1,0.612876375002088,0.8969323293597989,0.898635477582846,133,20.0,4,7,0.5,1e-05,133,19.99248120300752,20,25731,193.46616541353384
grid,1,0.6174597089993767,0.8969323293597989,0.898635477582846,133,20.0,4,2,0.5,0.0,133,19.99248120300752,20,27125,203.94736842105263
grid,1,0.6101473330054432,0.8969323293597989,0.898635477582846,133,20.0,4,5,0.5,0.0,133,19.99248120300752,20,27125,203.94736842105263
grid,1,0.6207490420056274,0.8969323293597989,0.898635477582846,133,20.0,4,7,0.5,0.0,133,19.99248120300752,20,27125,203.94736842105263
grid,1,0.1888155000051483,0.896906803777999,0.898635477582846,133,12.0,1,2,log2,0.0001,133,12.0,12,51797,389.4511278195488
grid,1,0.188064709000173,0.896906803777999,0.898635477582846,133,12.0,1,2,log2,1e-05,133,12.0,12,51889,390.1428571428572
grid,1,0.1886042919941246,0.896906803777999,0.898635477582846,133,12.0,1,2,log2,0.0,133,12.0,12,54619,410.6691729323308
grid,1,0.189069041996845,0.8967088562985933,0.898635477582846,133,16.0,1,7,log2,0.001,133,15.977443609022556,16,36697,275.9172932330827
grid,1,0.217953250001301,0.8966950873395291,0.898635477582846,133,16.0,1,7,sqrt,0.001,133,15.992481203007518,16,32569,244.8796992481203
grid,1,0.2807171250024112,0.8966262281303119,0.898635477582846,50,,4,2,0.5,0.0001,50,26.7,32,10794,215.88
grid,1,0.2711487499909708,0.8966262281303119,0.898635477582846,50,,4,5,0.5,0.0001,50,26.7,32,10794,215.88
grid,1,0.2539293330046348,0.8966262281303119,0.898635477582846,50,,4,7,0.5,0.0001,50,26.7,32,10794,215.88
grid,1,0.2719363340002019,0.8966262281303119,0.898635477582846,50,,4,2,0.5,1e-05,50,26.74,32,10840,216.8
grid,1,0.2698453340126434,0.8966262281303119,0.898635477582846,50,,4,5,0.5,1e-05,50,26.74,32,10840,216.8
grid,1,0.2608169580053072,0.8966262281303119,0.898635477582846,50,,4,7,0.5,1e-05,50,26.74,32,10840,216.8
grid,1,0.2645967499993276,0.8966262281303119,0.898635477582846,50,,4,2,0.5,0.0,50,26.74,32,11414,228.28
grid,1,0.2614093339943792,0.8966262281303119,0.898635477582846,50,,4,5,0.5,0.0,50,26.74,32,11414,228.28
grid,1,0.2678272079938324,0.8966262281303119,0.898635477582846,50,,4,7,0.5,0.0,50,26.74,32,11414,228.28
grid,1,0.0973780420026741,0.8966190740548341,0.898635477582846,50,,1,10,sqrt,0.001,50,21.36,28,12182,243.64
grid,1,0.0821924170013517,0.8965971648307283,0.898635477582846,50,,1,7,log2,0.001,50,20.9,27,14954,299.08
grid,1,0.2591099169949302,0.8964273500050002,0.898635477582846,50,20.0,4,2,0.5,0.0001,50,20.0,20,9568,191.36
grid,1,0.2596964170079445,0.8964273500050002,0.898635477582846,50,20.0,4,5,0.5,0.0001,50,20.0,20,9568,191.36
grid,1,0.2579006250016391,0.8964273500050002,0.898635477582846,50,20.0,4,7,0.5,0.0001,50,20.0,20,9568,191.36
grid,1,0.2560354159941198,0.8964273500050002,0.898635477582846,50,20.0,4,2,0.5,1e-05,50,20.0,20,9608,192.16
grid,1,0.2849052919918904,0.8964273500050002,0.898635477582846,50,20.0,4,5,0.5,1e-05,50,20.0,20,9608,192.16
grid,1,0.2597960840066662,0.8964273500050002,0.898635477582846,50,20.0,4,7,0.5,1e-05,50,20.0,20,9608,192.16
grid,1,0.2618365000089397,0.8964273500050002,0.898635477582846,50,20.0,4,2,0.5,0.0,50,20.0,20,10136,202.72
grid,1,0.2605493330047466,0.8964273500050002,0.898635477582846,50,20.0,4,5,0.5,0.0,50,20.0,20,10136,202.72
grid,1,0.2655637080024462,0.8964273500050002,0.898635477582846,50,20.0,4,7,0.5,0.0,50,20.0,20,10136,202.72
grid,1,0.2659318340010941,0.8960979950982496,0.8947368421052632,50,16.0,1,10,0.5,0.0001,50,16.0,16,8128,162.56
grid,1,0.2623372499947436,0.8960979950982496,0.8947368421052632,50,16.0,1,10,0.5,1e-05,50,16.0,16,8138,162.76
grid,1,0.2614176249917364,0.8960979950982496,0.8947368421052632,50,16.0,1,10,0.5,0.0,50,16.0,16,8512,170.24
grid,1,0.6075706249976065,0.8959765974939157,0.8966861598440545,133,16.0,1,5,0.5,0.0001,133,16.0,16,24883,187.09022556390977
grid,1,0.6530875409953296,0.8959765974939157,0.8966861598440545,133,16.0,1,5,0.5,1e-05,133,16.0,16,24885,187.1052631578947
grid,1,0.6068519170075888,0.8959765974939157,0.8966861598440545,133,16.0,1,5,0.5,0.0,133,16.0,16,26221,197.1503759398496
grid,1,0.082067208000808,0.895901369500291,0.8966861598440545,50,12.0,1,5,log2,0.001,50,12.0,12,11064,221.28
grid,1,0.0829376250039786,0.8957602269545863,0.8966861598440545,50,,1,5,log2,0.0001,50,23.72,34,23370,467.4
grid,1,0.0807196249952539,0.8957602269545863,0.8966861598440545,50,,1,5,log2,1e-05,50,23.72,34,23460,469.2
grid,1,0.0811157080024713,0.8957602269545863,0.8966861598440545,50,,1,5,log2,0.0,50,23.8,34,24358,487.16
grid,1,0.0823151250078808,0.8957239411198051,0.8966861598440545,50,16.0,1,10,log2,0.0001,50,15.98,16,15738,314.76
grid,1,0.0821997919993009,0.8956355535655084,0.8966861598440545,50,,1,10,log2,0.0001,50,21.4,27,17338,346.76
grid,1,0.9759200420085108,0.895596949997106,0.8966861598440545,217,16.0,4,2,0.5,0.0001,217,16.0,16,34789,160.3179723502304
grid,1,0.9576573340018512,0.895596949997106,0.8966861598440545,217,16.0,4,5,0.5,0.0001,217,16.0,16,34789,160.3179723502304
grid,1,0.979189541991218,0.895596949997106,0.8966861598440545,217,16.0,4,7,0.5,0.0001,217,16.0,16,34789,160.3179723502304
grid,1,0.9675398330000462,0.895596949997106,0.8966861598440545,217,16.0,4,2,0.5,1e-05,217,16.0,16,34895,160.80645161290323
grid,1,0.9511496659979456,0.895596949997106,0.8966861598440545,217,16.0,4,5,0.5,1e-05,217,16.0,16,34895,160.80645161290323
grid,1,0.952319375006482,0.895596949997106,0.8966861598440545,217,16.0,4,7,0.5,1e-05,217,16.0,16,34895,160.80645161290323
grid,1,0.9566651669883868,0.895596949997106,0.8966861598440545,217,16.0,4,2,0.5,0.0,217,16.0,16,36869,169.90322580645162
grid,1,0.9811375419958496,0.895596949997106,0.8966861598440545,217,16.0,4,5,0.5,0.0,217,16.0,16,36869,169.90322580645162
grid,1,0.9682088749977992,0.895596949997106,0.8966861598440545,217,16.0,4,7,0.5,0.0,217,16.0,16,36869,169.90322580645162
grid,1,0.2216907919937512,0.8953091728049487,0.8966861598440545,133,,1,10,sqrt,0.001,133,21.25563909774436,33,32591,245.04511278195488
grid,1,0.9878922500065528,0.8951391180482003,0.8966861598440545,217,16.0,1,10,0.5,0.001,217,16.0,16,29483,135.8663594470046
grid,1,0.339215707994299,0.8951089024928798,0.8966861598440545,217,16.0,4,10,sqrt,0.0001,217,15.981566820276498,16,54405,250.71428571428572
grid,1,0.3321237909985939,0.8951089024928798,0.8966861598440545,217,16.0,4,10,sqrt,1e-05,217,15.981566820276498,16,55187,254.3179723502304
grid,1,0.3317578330024844,0.8951089024928798,0.8966861598440545,217,16.0,4,10,sqrt,0.0,217,15.986175115207374,16,57259,263.8663594470046
grid,1,0.2080584580107825,0.8950106292293725,0.8966861598440545,133,16.0,4,10,sqrt,0.0001,133,15.977443609022556,16,33347,250.72932330827064
grid,1,0.2062026659987168,0.8950106292293725,0.8966861598440545,133,16.0,4,10,sqrt,1e-05,133,15.977443609022556,16,33849,254.50375939849624
grid,1,0.1968804999924032,0.8950106292293725,0.8966861598440545,133,16.0,4,10,sqrt,0.0,133,15.984962406015038,16,35139,264.203007518797
grid,1,0.6618362919980427,0.8948560307678532,0.8966861598440545,133,20.0,1,5,0.5,0.001,133,19.99248120300752,20,24853,186.86466165413535
grid,1,0.2111173329903977,0.894809388285582,0.8966861598440545,133,12.0,1,2,sqrt,0.001,133,12.0,12,27871,209.5563909774436
grid,1,0.092111041987664,0.8947827823552166,0.8966861598440545,50,20.0,1,10,sqrt,0.001,50,19.34,20,11848,236.96
grid,1,0.3252838339976733,0.8947059166470354,0.8966861598440545,217,12.0,4,10,sqrt,0.0001,217,12.0,12,43023,198.2626728110599
grid,1,0.3372648340009618,0.8947059166470354,0.8966861598440545,217,12.0,4,10,sqrt,1e-05,217,12.0,12,43585,200.852534562212
grid,1,0.3196087920077843,0.8947059166470354,0.8966861598440545,217,12.0,4,10,sqrt,0.0,217,12.0,12,45245,208.50230414746545
grid,1,0.232972375000827,0.8946294065095126,0.8966861598440545,133,20.0,4,10,sqrt,0.001,133,18.639097744360903,20,27073,203.5563909774436
grid,1,0.2706081250071293,0.8943942909774683,0.8966861598440545,50,,4,2,0.5,0.001,50,25.42,31,8324,166.48
grid,1,0.2530332500027725,0.8943942909774683,0.8966861598440545,50,,4,5,0.5,0.001,50,25.42,31,8324,166.48
grid,1,0.2721677919907961,0.8943942909774683,0.8966861598440545,50,,4,7,0.5,0.001,50,25.42,31,8324,166.48
grid,1,0.2679421250068117,0.8943621481013404,0.8966861598440545,50,,1,10,0.5,0.001,50,26.74,34,9288,185.76
grid,1,0.0961237500014249,0.8943308479940514,0.8966861598440545,50,12.0,1,10,sqrt,0.0001,50,12.0,12,10300,206.0
grid,1,0.0946596669964492,0.8943308479940514,0.8966861598440545,50,12.0,1,10,sqrt,1e-05,50,12.0,12,10360,207.2
grid,1,0.0936881250090664,0.8943308479940514,0.8966861598440545,50,12.0,1,10,sqrt,0.0,50,12.0,12,10666,213.32
grid,1,0.2044780829892261,0.8938084132719036,0.8947368421052632,133,,1,2,log2,0.001,133,20.834586466165412,27,45219,339.9924812030075
grid,1,0.1918342499993741,0.8937472453688966,0.8947368421052632,133,,1,10,log2,0.0001,133,21.293233082706767,32,45945,345.45112781954884
grid,1,0.1943223749985918,0.8937472453688966,0.8947368421052632,133,,1,10,log2,1e-05,133,21.32330827067669,32,46489,349.54135338345867
grid,1,0.1909710839972831,0.8937472453688966,0.8947368421052632,133,,1,10,log2,0.0,133,21.413533834586467,32,47899,360.14285714285717
grid,1,0.0798540830001002,0.8936993996047065,0.8947368421052632,50,,1,10,log2,1e-05,50,21.42,27,17566,351.32
grid,1,0.0818384580052224,0.8936993996047065,0.8947368421052632,50,,1,10,log2,0.0,50,21.52,28,18086,361.72
grid,1,0.0805796249915147,0.8936732398096467,0.8947368421052632,50,16.0,1,10,log2,1e-05,50,15.98,16,15936,318.72
grid,1,0.083086667000316,0.8936732398096467,0.8947368421052632,50,16.0,1,10,log2,0.0,50,15.98,16,16360,327.2
grid,1,0.6119402080075815,0.8935187613075107,0.8947368421052632,133,16.0,1,10,0.5,0.001,133,16.0,16,17869,134.35338345864662
grid,1,0.2246112499997252,0.8934974715084084,0.8947368421052632,133,16.0,4,2,sqrt,0.001,133,15.962406015037594,16,26203,197.01503759398497
grid,1,0.2027552910003578,0.8934974715084084,0.8947368421052632,133,16.0,4,5,sqrt,0.001,133,15.962406015037594,16,26203,197.01503759398497
grid,1,0.2030582089937525,0.8934974715084084,0.8947368421052632,133,16.0,4,7,sqrt,0.001,133,15.962406015037594,16,26203,197.01503759398497
grid,1,0.0815037919965107,0.8934202311998931,0.8947368421052632,50,,1,10,log2,0.001,50,19.92,25,13474,269.48
grid,1,0.1794313339923974,0.8933379222237801,0.8947368421052632,133,16.0,4,10,log2,1e-05,133,15.984962406015038,16,38351,288.3533834586466
grid,1,0.1909904579952126,0.8933379222237801,0.8947368421052632,133,16.0,4,10,log2,0.0,133,15.984962406015038,16,39671,298.2781954887218
grid,1,1.0055685000115773,0.8932742357586292,0.8947368421052632,217,16.0,1,5,0.5,0.001,217,16.0,16,33095,152.5115207373272
grid,1,0.1874933749932097,0.8931601847692601,0.8947368421052632,133,20.0,4,10,log2,1e-05,133,18.849624060150376,20,40733,306.2631578947368
grid,1,0.1801442500000121,0.8931601847692601,0.8947368421052632,133,20.0,4,10,log2,0.0,133,18.86466165413534,20,42133,316.7894736842105
grid,1,0.0944069999968633,0.8931502806676584,0.8947368421052632,50,,4,10,sqrt,0.0001,50,20.58,28,13530,270.6
grid,1,0.0953070420073345,0.8931502806676584,0.8947368421052632,50,,4,10,sqrt,1e-05,50,20.64,28,13774,275.48
grid,1,0.093916416997672,0.8931502806676584,0.8947368421052632,50,,4,10,sqrt,0.0,50,20.68,28,14270,285.4
grid,1,0.1873603749991161,0.893121979171763,0.8947368421052632,133,20.0,1,10,log2,0.001,133,18.8796992481203,20,35713,268.5187969924812
grid,1,0.1914367079880321,0.8930034398401978,0.8947368421052632,133,20.0,4,10,log2,0.001,133,18.20300751879699,20,29549,222.17293233082708
grid,1,0.2561924999899929,0.8929951435703196,0.8947368421052632,50,16.0,1,5,0.5,0.001,50,16.0,16,7728,154.56
grid,1,0.2154085829970426,0.8929570977814848,0.8947368421052632,133,20.0,4,2,sqrt,0.001,133,18.954887218045112,20,28267,212.53383458646616
grid,1,0.2137450830050511,0.8929570977814848,0.8947368421052632,133,20.0,4,5,sqrt,0.001,133,18.954887218045112,20,28267,212.53383458646616
grid,1,0.2150422089907806,0.8929570977814848,0.8947368421052632,133,20.0,4,7,sqrt,0.001,133,18.954887218045112,20,28267,212.53383458646616
grid,1,0.197267625000677,0.892940513073143,0.8947368421052632,133,,1,10,log2,0.001,133,19.954887218045112,28,36045,271.01503759398497
grid,1,0.2127459159964928,0.8928921220705547,0.8947368421052632,133,20.0,4,2,sqrt,0.0001,133,19.43609022556391,20,39001,293.2406015037594
grid,1,0.2108000830048695,0.8928921220705547,0.8947368421052632,133,20.0,4,5,sqrt,0.0001,133,19.43609022556391,20,39001,293.2406015037594
grid,1,0.2058932909858413,0.8928921220705547,0.8947368421052632,133,20.0,4,7,sqrt,0.0001,133,19.43609022556391,20,39001,293.2406015037594
grid,1,0.2060332090040901,0.8928921220705547,0.8947368421052632,133,20.0,4,2,sqrt,1e-05,133,19.481203007518797,20,39733,298.74436090225566
grid,1,0.2091201670118607,0.8928921220705547,0.8947368421052632,133,20.0,4,5,sqrt,1e-05,133,19.481203007518797,20,39733,298.74436090225566
grid,1,0.2072740409930702,0.8928921220705547,0.8947368421052632,133,20.0,4,7,sqrt,1e-05,133,19.481203007518797,20,39733,298.74436090225566
grid,1,0.2065740830003051,0.8928921220705547,0.8947368421052632,133,20.0,4,2,sqrt,0.0,133,19.49624060150376,20,41337,310.8045112781955
grid,1,0.2097940840030787,0.8928921220705547,0.8947368421052632,133,20.0,4,5,sqrt,0.0,133,19.49624060150376,20,41337,310.8045112781955
grid,1,0.2027472500049043,0.8928921220705547,0.8947368421052632,133,20.0,4,7,sqrt,0.0,133,19.49624060150376,20,41337,310.8045112781955
grid,1,1.0164431250013877,0.8928619366755013,0.8947368421052632,217,16.0,1,2,0.5,0.001,217,16.0,16,34151,157.3778801843318
grid,1,0.2145302919961977,0.8928156872463614,0.8947368421052632,133,,4,2,sqrt,0.001,133,20.278195488721803,29,28749,216.1578947368421
grid,1,0.2044681250117719,0.8928156872463614,0.8947368421052632,133,,4,5,sqrt,0.001,133,20.278195488721803,29,28749,216.1578947368421
grid,1,0.2138679589988896,0.8928156872463614,0.8947368421052632,133,,4,7,sqrt,0.001,133,20.278195488721803,29,28749,216.1578947368421
grid,1,0.3343949590052943,0.8928019805473253,0.8947368421052632,217,12.0,1,10,sqrt,0.001,217,12.0,12,38617,177.95852534562212
grid,1,0.1045307909953408,0.8925634527920289,0.8947368421052632,50,12.0,1,7,sqrt,0.001,50,12.0,12,9184,183.68
grid,1,0.2616118750011083,0.892199321289839,0.8947368421052632,50,20.0,1,7,0.5,0.001,50,19.96,20,8822,176.44
grid,1,0.2658679169981042,0.8921312247729615,0.8927875243664717,50,16.0,1,2,0.5,0.001,50,16.0,16,7900,158.0
grid,1,0.2633229999919422,0.8920622297707081,0.8947368421052632,50,20.0,4,2,0.5,0.001,50,20.0,20,7448,148.96
grid,1,0.2686417910008458,0.8920622297707081,0.8947368421052632,50,20.0,4,5,0.5,0.001,50,20.0,20,7448,148.96
grid,1,0.2604267080023419,0.8920622297707081,0.8947368421052632,50,20.0,4,7,0.5,0.001,50,20.0,20,7448,148.96
grid,1,0.63287412498903,0.8919021916944647,0.8927875243664717,133,16.0,1,2,0.5,0.001,133,16.0,16,20829,156.60902255639098
grid,1,0.624104874994373,0.891840212444892,0.8947368421052632,133,,4,2,0.5,0.001,133,25.285714285714285,31,22347,168.02255639097746
grid,1,0.6318770000070799,0.891840212444892,0.8947368421052632,133,,4,5,0.5,0.001,133,25.285714285714285,31,22347,168.02255639097746
grid,1,0.6440932080004131,0.891840212444892,0.8947368421052632,133,,4,7,0.5,0.001,133,25.285714285714285,31,22347,168.02255639097746
grid,1,0.1906454170093638,0.891814173657687,0.8927875243664717,133,20.0,1,2,log2,0.001,133,19.2406015037594,20,44269,332.8496240601504
grid,1,0.1850334580085473,0.8917384061058599,0.8927875243664717,133,8.0,1,7,sqrt,0.0001,133,8.0,8,16433,123.5563909774436
grid,1,0.1890141250041779,0.8917384061058599,0.8927875243664717,133,8.0,1,7,sqrt,1e-05,133,8.0,8,16477,123.8872180451128
grid,1,0.1946929999976419,0.8917384061058599,0.8927875243664717,133,8.0,1,7,sqrt,0.0,133,8.0,8,16885,126.95488721804512
grid,1,0.0918907920131459,0.8914702076667536,0.8927875243664717,50,20.0,1,5,log2,0.001,50,19.42,20,15862,317.24
grid,1,0.1857158339989837,0.8914595993273168,0.8927875243664717,133,12.0,1,7,log2,0.0001,133,12.0,12,36327,273.1353383458647
grid,1,0.1849692079995293,0.8914595993273168,0.8927875243664717,133,12.0,1,7,log2,1e-05,133,12.0,12,36577,275.01503759398497
grid,1,0.1768107920070178,0.8914595993273168,0.8927875243664717,133,12.0,1,7,log2,0.0,133,12.0,12,37549,282.3233082706767
grid,1,0.1783178330078954,0.8914295280499397,0.8927875243664717,133,16.0,4,10,log2,0.0001,133,15.977443609022556,16,37499,281.94736842105266
grid,1,0.1795295829942915,0.891385908297881,0.8927875243664717,133,,4,10,log2,0.0001,133,19.593984962406015,28,40111,301.5864661654135
grid,1,0.1845055419980781,0.891385908297881,0.8927875243664717,133,,4,10,log2,1e-05,133,19.68421052631579,28,41037,308.54887218045116
grid,1,0.1885487920080777,0.891385908297881,0.8927875243664717,133,,4,10,log2,0.0,133,19.714285714285715,28,42445,319.1353383458647
grid,1,0.0841322079941164,0.89138477689551,0.8927875243664717,50,16.0,4,10,log2,0.0001,50,15.98,16,13908,278.16
grid,1,0.0800724589935271,0.89138477689551,0.8927875243664717,50,16.0,4,10,log2,1e-05,50,15.98,16,14204,284.08
grid,1,0.0815155409945873,0.89138477689551,0.8927875243664717,50,16.0,4,10,log2,0.0,50,15.98,16,14668,293.36
grid,1,0.0942513750051148,0.8912470772164253,0.8927875243664717,50,20.0,4,10,sqrt,0.001,50,18.78,20,10052,201.04
grid,1,0.1906944590009516,0.8912362204959893,0.8927875243664717,133,,4,10,log2,0.001,133,18.62406015037594,27,29701,223.31578947368425
grid,1,0.2068848749913741,0.8911761978326133,0.8927875243664717,133,12.0,4,2,sqrt,0.0001,133,12.0,12,28379,213.37593984962405
grid,1,0.2030449580051936,0.8911761978326133,0.8927875243664717,133,12.0,4,5,sqrt,0.0001,133,12.0,12,28379,213.37593984962405
grid,1,0.2005135829967912,0.8911761978326133,0.8927875243664717,133,12.0,4,7,sqrt,0.0001,133,12.0,12,28379,213.37593984962405
grid,1,0.2087036249868106,0.8911761978326133,0.8927875243664717,133,12.0,4,2,sqrt,1e-05,133,12.0,12,28849,216.90977443609023
grid,1,0.2008230420033214,0.8911761978326133,0.8927875243664717,133,12.0,4,5,sqrt,1e-05,133,12.0,12,28849,216.90977443609023
grid,1,0.2014543330005835,0.8911761978326133,0.8927875243664717,133,12.0,4,7,sqrt,1e-05,133,12.0,12,28849,216.90977443609023
grid,1,0.2020966660056729,0.8911761978326133,0.8927875243664717,133,12.0,4,2,sqrt,0.0,133,12.0,12,29893,224.7593984962406
grid,1,0.2031401249987539,0.8911761978326133,0.8927875243664717,133,12.0,4,5,sqrt,0.0,133,12.0,12,29893,224.7593984962406
grid,1,0.1953842920047463,0.8911761978326133,0.8927875243664717,133,12.0,4,7,sqrt,0.0,133,12.0,12,29893,224.7593984962406
grid,1,0.1905989579972811,0.8911648179979413,0.8927875243664717,133,20.0,4,10,log2,0.0001,133,18.81203007518797,20,39825,299.43609022556393
grid,1,0.0961523330042837,0.8911367933179443,0.8927875243664717,50,12.0,4,2,sqrt,0.001,50,12.0,12,7940,158.8
grid,1,0.0923507499974221,0.8911367933179443,0.8927875243664717,50,12.0,4,5,sqrt,0.001,50,12.0,12,7940,158.8
grid,1,0.0919091250107158,0.8911367933179443,0.8927875243664717,50,12.0,4,7,sqrt,0.001,50,12.0,12,7940,158.8
grid,1,0.1872574579901993,0.8911104713742388,0.8927875243664717,133,12.0,1,5,log2,0.001,133,12.0,12,30045,225.90225563909777
grid,1,0.2927204170118784,0.8910371370969109,0.8927875243664717,217,16.0,4,2,log2,1e-05,217,15.990783410138247,16,69183,318.815668202765
grid,1,0.2902041250054026,0.8910371370969109,0.8927875243664717,217,16.0,4,5,log2,1e-05,217,15.990783410138247,16,69183,318.815668202765
grid,1,0.29592025000602,0.8910371370969109,0.8927875243664717,217,16.0,4,7,log2,1e-05,217,15.990783410138247,16,69183,318.815668202765
grid,1,0.2884031249996042,0.8910371370969109,0.8927875243664717,217,16.0,4,2,log2,0.0,217,15.990783410138247,16,71789,330.82488479262673
grid,1,0.2842563750018598,0.8910371370969109,0.8927875243664717,217,16.0,4,5,log2,0.0,217,15.990783410138247,16,71789,330.82488479262673
grid,1,0.2946684169874061,0.8910371370969109,0.8927875243664717,217,16.0,4,7,log2,0.0,217,15.990783410138247,16,71789,330.82488479262673
grid,1,0.2993981249892385,0.8909736605718602,0.8927875243664717,217,16.0,4,2,log2,0.0001,217,15.990783410138247,16,67265,309.9769585253456
grid,1,0.3106739170034416,0.8909736605718602,0.8927875243664717,217,16.0,4,5,log2,0.0001,217,15.990783410138247,16,67265,309.9769585253456
grid,1,0.2888389579893555,0.8909736605718602,0.8927875243664717,217,16.0,4,7,log2,0.0001,217,15.990783410138247,16,67265,309.9769585253456
grid,1,0.3375644579937216,0.890973203736423,0.8927875243664717,217,16.0,4,2,sqrt,0.0001,217,15.990783410138247,16,58311,268.7142857142857
grid,1,0.331662625001627,0.890973203736423,0.8927875243664717,217,16.0,4,5,sqrt,0.0001,217,15.990783410138247,16,58311,268.7142857142857
grid,1,0.3319497079937719,0.890973203736423,0.8927875243664717,217,16.0,4,7,sqrt,0.0001,217,15.990783410138247,16,58311,268.7142857142857
grid,1,0.205648041999666,0.890854845307982,0.8927875243664717,133,12.0,1,7,sqrt,0.001,133,12.0,12,25695,193.1954887218045
grid,1,0.2930763749900507,0.89077518452024,0.8927875243664717,217,16.0,1,10,log2,0.001,217,15.972350230414747,16,54353,250.47465437788017
grid,1,0.9861462080007186,0.8907687603389468,0.8927875243664717,217,16.0,1,7,0.5,0.001,217,16.0,16,31649,145.8479262672811
grid,1,0.3002868339972337,0.8907454076945959,0.8927875243664717,217,12.0,1,10,log2,0.0001,217,12.0,12,53057,244.50230414746545
grid,1,0.2998391250002896,0.8907454076945959,0.8927875243664717,217,12.0,1,10,log2,1e-05,217,12.0,12,53571,246.8709677419355
grid,1,0.2979395000002114,0.8907454076945959,0.8927875243664717,217,12.0,1,10,log2,0.0,217,12.0,12,55071,253.78341013824885
grid,1,0.3419820419949246,0.8906964758240515,0.8927875243664717,217,16.0,4,2,sqrt,0.001,217,15.972350230414747,16,43015,198.2258064516129
grid,1,0.3361962500057416,0.8906964758240515,0.8927875243664717,217,16.0,4,5,sqrt,0.001,217,15.972350230414747,16,43015,198.2258064516129
grid,1,0.3394823339913273,0.8906964758240515,0.8927875243664717,217,16.0,4,7,sqrt,0.001,217,15.972350230414747,16,43015,198.2258064516129
grid,1,0.2921487080020597,0.8906814983666961,0.8927875243664717,217,16.0,1,5,log2,0.001,217,15.981566820276498,16,63317,291.7834101382488
grid,1,0.2301035419950494,0.8905717929744769,0.8927875243664717,133,,4,10,sqrt,0.001,133,19.383458646616543,27,27353,205.66165413533835
grid,1,0.6219745410053292,0.890466063156061,0.8927875243664717,133,20.0,4,10,0.5,0.0001,133,19.984962406015036,20,24143,181.52631578947367
grid,1,0.6259007499902509,0.890466063156061,0.8927875243664717,133,20.0,4,10,0.5,1e-05,133,19.984962406015036,20,24191,181.88721804511275
grid,1,0.6174549160059541,0.890466063156061,0.8927875243664717,133,20.0,4,10,0.5,0.0,133,19.984962406015036,20,25483,191.6015037593985
grid,1,0.6173427909961902,0.8904054276964443,0.8927875243664717,133,20.0,4,10,0.5,0.001,133,19.97744360902256,20,19061,143.31578947368422
grid,1,0.1905649160034954,0.890363477104333,0.8927875243664717,133,16.0,1,5,log2,0.001,133,15.977443609022556,16,38943,292.8045112781955
grid,1,0.6316185000032419,0.889851837912837,0.8927875243664717,133,20.0,4,2,0.5,0.001,133,19.984962406015036,20,20025,150.5639097744361
grid,1,0.6109849999920698,0.889851837912837,0.8927875243664717,133,20.0,4,5,0.5,0.001,133,19.984962406015036,20,20025,150.5639097744361
grid,1,0.6166293340065749,0.889851837912837,0.8927875243664717,133,20.0,4,7,0.5,0.001,133,19.984962406015036,20,20025,150.5639097744361
grid,1,0.0949240000045392,0.8897517656616528,0.8908382066276803,50,16.0,4,10,log2,0.001,50,15.9,16,10508,210.16
grid,1,0.0817706249945331,0.8896328280418453,0.8908382066276803,50,20.0,1,10,log2,0.001,50,19.0,20,13364,267.28
grid,1,0.0986328750004759,0.8895388599980149,0.8908382066276803,50,16.0,4,10,sqrt,0.0001,50,16.0,16,12242,244.84
grid,1,0.0917093750031199,0.8895388599980149,0.8908382066276803,50,16.0,4,10,sqrt,1e-05,50,16.0,16,12438,248.76
grid,1,0.0912991249933838,0.8895388599980149,0.8908382066276803,50,16.0,4,10,sqrt,0.0,50,16.0,16,12930,258.6
grid,1,0.3021278329979395,0.8895336200092533,0.8908382066276803,217,12.0,1,7,log2,0.0001,217,12.0,12,59361,273.55299539170505
grid,1,0.2950400829868158,0.8895336200092533,0.8908382066276803,217,12.0,1,7,log2,1e-05,217,12.0,12,59729,275.2488479262673
grid,1,0.2913876670063473,0.8895336200092533,0.8908382066276803,217,12.0,1,7,log2,0.0,217,12.0,12,61373,282.82488479262673
grid,1,0.6008881250018021,0.8895084791646605,0.8908382066276803,133,16.0,4,2,0.5,0.0001,133,16.0,16,21195,159.3609022556391
grid,1,0.5896470410079928,0.8895084791646605,0.8908382066276803,133,16.0,4,5,0.5,0.0001,133,16.0,16,21195,159.3609022556391
grid,1,0.593755833004252,0.8895084791646605,0.8908382066276803,133,16.0,4,7,0.5,0.0001,133,16.0,16,21195,159.3609022556391
grid,1,0.5912970000063069,0.8895084791646605,0.8908382066276803,133,16.0,4,2,0.5,1e-05,133,16.0,16,21249,159.7669172932331
grid,1,0.6048565410019364,0.8895084791646605,0.8908382066276803,133,16.0,4,5,0.5,1e-05,133,16.0,16,21249,159.7669172932331
grid,1,0.5892994580062805,0.8895084791646605,0.8908382066276803,133,16.0,4,7,0.5,1e-05,133,16.0,16,21249,159.7669172932331
grid,1,0.5983834169892361,0.8895084791646605,0.8908382066276803,133,16.0,4,2,0.5,0.0,133,16.0,16,22439,168.71428571428572
grid,1,0.5903555830009282,0.8895084791646605,0.8908382066276803,133,16.0,4,5,0.5,0.0,133,16.0,16,22439,168.71428571428572
grid,1,0.6007142500020564,0.8895084791646605,0.8908382066276803,133,16.0,4,7,0.5,0.0,133,16.0,16,22439,168.71428571428572
grid,1,0.0816717499983497,0.8894392548313618,0.8908382066276803,50,20.0,4,10,log2,0.0001,50,18.92,20,14844,296.88
grid,1,0.0820459999958984,0.8894392548313618,0.8908382066276803,50,20.0,4,10,log2,1e-05,50,18.92,20,15168,303.36
grid,1,0.0835103749996051,0.8894392548313618,0.8908382066276803,50,20.0,4,10,log2,0.0,50,18.96,20,15676,313.52
grid,1,0.0957593340135645,0.8893749622396037,0.8908382066276803,50,,4,10,sqrt,0.001,50,19.58,27,10172,203.44
grid,1,0.2123333750059828,0.8893634944485218,0.8908382066276803,133,12.0,1,10,sqrt,0.0001,133,12.0,12,28469,214.05263157894737
grid,1,0.2026548330031801,0.8893634944485218,0.8908382066276803,133,12.0,1,10,sqrt,1e-05,133,12.0,12,28643,215.3609022556391
grid,1,0.2013582919898908,0.8893634944485218,0.8908382066276803,133,12.0,1,10,sqrt,0.0,133,12.0,12,29511,221.88721804511275
grid,1,0.0813360409956658,0.8893502760213156,0.8908382066276803,50,20.0,4,10,log2,0.001,50,18.42,20,11052,221.04
grid,1,0.2980733750009676,0.8893245843226933,0.8908382066276803,217,16.0,4,10,log2,0.0001,217,15.981566820276498,16,61125,281.68202764976957
grid,1,0.291450958000496,0.8893245843226933,0.8908382066276803,217,16.0,4,10,log2,1e-05,217,15.986175115207374,16,62555,288.2718894009217
grid,1,0.2909225409966893,0.8893245843226933,0.8908382066276803,217,16.0,4,10,log2,0.0,217,15.986175115207374,16,64725,298.2718894009217
grid,1,0.0915715419978369,0.8893059423122672,0.8908382066276803,50,16.0,1,5,log2,0.001,50,15.98,16,14458,289.16
grid,1,0.1879328750073909,0.8893020349525526,0.8908382066276803,133,16.0,4,10,log2,0.001,133,15.8796992481203,16,28129,211.49624060150376
grid,1,0.0913064580090576,0.8892527613187698,0.8908382066276803,50,,4,10,log2,0.001,50,18.86,24,11110,222.2
grid,1,0.2942328329954762,0.8892094424661445,0.8908382066276803,217,16.0,4,10,log2,0.001,217,15.847926267281109,16,45815,211.1290322580645
grid,1,0.3331156250060303,0.8891899654866922,0.8908382066276803,217,12.0,4,2,sqrt,0.0001,217,12.0,12,45949,211.74654377880185
grid,1,0.3236307920014951,0.8891899654866922,0.8908382066276803,217,12.0,4,5,sqrt,0.0001,217,12.0,12,45949,211.74654377880185
grid,1,0.326299000007566,0.8891899654866922,0.8908382066276803,217,12.0,4,7,sqrt,0.0001,217,12.0,12,45949,211.74654377880185
grid,1,0.338938834000146,0.8891899654866922,0.8908382066276803,217,12.0,4,2,sqrt,1e-05,217,12.0,12,46729,215.3410138248848
grid,1,0.3334078329935437,0.8891899654866922,0.8908382066276803,217,12.0,4,5,sqrt,1e-05,217,12.0,12,46729,215.3410138248848
grid,1,0.319783249986358,0.8891899654866922,0.8908382066276803,217,12.0,4,7,sqrt,1e-05,217,12.0,12,46729,215.3410138248848
grid,1,0.3233732500084443,0.8891899654866922,0.8908382066276803,217,12.0,4,2,sqrt,0.0,217,12.0,12,48413,223.1013824884793
grid,1,0.3284662079968257,0.8891899654866922,0.8908382066276803,217,12.0,4,5,sqrt,0.0,217,12.0,12,48413,223.1013824884793
grid,1,0.3203601249988423,0.8891899654866922,0.8908382066276803,217,12.0,4,7,sqrt,0.0,217,12.0,12,48413,223.1013824884793
grid,1,0.0847414999880129,0.8890556578194199,0.8908382066276803,50,,4,2,log2,0.001,50,18.56,25,11740,234.8
grid,1,0.0803390840010251,0.8890556578194199,0.8908382066276803,50,,4,5,log2,0.001,50,18.56,25,11740,234.8
grid,1,0.0821895000117365,0.8890556578194199,0.8908382066276803,50,,4,7,log2,0.001,50,18.56,25,11740,234.8
grid,1,0.0942139999970095,0.8890353356458129,0.8908382066276803,50,12.0,1,7,log2,0.0001,50,12.0,12,13240,264.8
grid,1,0.084653416997753,0.8890353356458129,0.8908382066276803,50,12.0,1,7,log2,1e-05,50,12.0,12,13330,266.6
grid,1,0.0788411670073401,0.8890353356458129,0.8908382066276803,50,12.0,1,7,log2,0.0,50,12.0,12,13680,273.6
grid,1,0.0797122919902904,0.8890288465677348,0.8908382066276803,50,20.0,4,2,log2,0.001,50,18.14,20,11674,233.48
grid,1,0.084432999996352,0.8890288465677348,0.8908382066276803,50,20.0,4,5,log2,0.001,50,18.14,20,11674,233.48
grid,1,0.0823997499974211,0.8890288465677348,0.8908382066276803,50,20.0,4,7,log2,0.001,50,18.14,20,11674,233.48
grid,1,0.0920841250044759,0.8890171469459085,0.8908382066276803,50,12.0,1,5,sqrt,0.001,50,12.0,12,9484,189.68
grid,1,0.0776698339905124,0.8890027808898964,0.8908382066276803,50,16.0,1,10,log2,0.001,50,15.96,16,12498,249.96
grid,1,0.3370324999996228,0.8889992564292826,0.8908382066276803,217,16.0,4,2,sqrt,1e-05,217,15.990783410138247,16,59389,273.68202764976957
grid,1,0.3365564169944264,0.8889992564292826,0.8908382066276803,217,16.0,4,5,sqrt,1e-05,217,15.990783410138247,16,59389,273.68202764976957
grid,1,0.3363168329960899,0.8889992564292826,0.8908382066276803,217,16.0,4,7,sqrt,1e-05,217,15.990783410138247,16,59389,273.68202764976957
grid,1,0.3258974170021247,0.8889992564292826,0.8908382066276803,217,16.0,4,2,sqrt,0.0,217,15.990783410138247,16,61699,284.3271889400922
grid,1,0.3544781660020817,0.8889992564292826,0.8908382066276803,217,16.0,4,5,sqrt,0.0,217,15.990783410138247,16,61699,284.3271889400922
grid,1,0.3326655409910017,0.8889992564292826,0.8908382066276803,217,16.0,4,7,sqrt,0.0,217,15.990783410138247,16,61699,284.3271889400922
grid,1,0.3336419999977806,0.8889232704535643,0.8908382066276803,217,12.0,4,10,sqrt,0.001,217,12.0,12,33355,153.70967741935485
grid,1,0.6322046669956762,0.8889119858096936,0.8908382066276803,133,,4,10,0.5,0.0001,133,26.48872180451128,32,27049,203.37593984962405
grid,1,0.6286573749966919,0.8889119858096936,0.8908382066276803,133,,4,10,0.5,1e-05,133,26.518796992481203,32,27135,204.02255639097743
grid,1,0.6298076669918373,0.8889119858096936,0.8908382066276803,133,,4,10,0.5,0.0,133,26.533834586466167,32,28517,214.41353383458647
grid,1,0.9532268329930956,0.8888966664837977,0.8908382066276803,217,16.0,4,2,0.5,0.001,217,16.0,16,27363,126.09677419354838
grid,1,0.9886866250017192,0.8888966664837977,0.8908382066276803,217,16.0,4,5,0.5,0.001,217,16.0,16,27363,126.09677419354838
grid,1,0.9624072080041516,0.8888966664837977,0.8908382066276803,217,16.0,4,7,0.5,0.001,217,16.0,16,27363,126.09677419354838
grid,1,0.1895957079977961,0.8887263950038592,0.8908382066276803,133,16.0,1,10,log2,0.001,133,15.954887218045112,16,33401,251.13533834586465
grid,1,0.2953726670093601,0.8886166441514173,0.8908382066276803,217,12.0,1,5,log2,0.001,217,12.0,12,48961,225.6267281105991
grid,1,0.3361216670018621,0.8885968021722834,0.8908382066276803,217,12.0,1,7,sqrt,0.001,217,12.0,12,42021,193.6451612903226
grid,1,0.2914295420050621,0.8885909521152242,0.8908382066276803,217,8.0,1,2,sqrt,0.0001,217,8.0,8,34101,157.147465437788
grid,1,0.3161250830016797,0.8885909521152242,0.8908382066276803,217,8.0,1,2,sqrt,1e-05,217,8.0,8,34145,157.35023041474653
grid,1,0.3116432079987135,0.8885909521152242,0.8908382066276803,217,8.0,1,2,sqrt,0.0,217,8.0,8,35573,163.93087557603687
grid,1,0.3039116669970099,0.8885074489477959,0.8908382066276803,217,12.0,1,2,log2,0.001,217,12.0,12,52421,241.57142857142856
grid,1,0.6392627079912927,0.8884199654675146,0.8908382066276803,133,16.0,1,7,0.5,0.001,133,16.0,16,19397,145.8421052631579
grid,1,0.1859258329932345,0.8880166413150928,0.8888888888888888,133,8.0,1,2,sqrt,0.0001,133,8.0,8,20769,156.1578947368421
grid,1,0.186804500001017,0.8880166413150928,0.8888888888888888,133,8.0,1,2,sqrt,1e-05,133,8.0,8,20801,156.3984962406015
grid,1,0.1848350000072969,0.8880166413150928,0.8888888888888888,133,8.0,1,2,sqrt,0.0,133,8.0,8,21685,163.04511278195488
grid,1,0.0802045000018552,0.8878877888164206,0.8888888888888888,50,20.0,1,10,log2,0.0001,50,19.5,20,17032,340.64
grid,1,0.0808297500043409,0.8878877888164206,0.8888888888888888,50,20.0,1,10,log2,1e-05,50,19.5,20,17260,345.2
grid,1,0.0835139169939793,0.8878877888164206,0.8888888888888888,50,20.0,1,10,log2,0.0,50,19.54,20,17766,355.32
grid,1,0.1035100830049486,0.8874565995891422,0.8888888888888888,50,12.0,4,10,sqrt,0.0001,50,12.0,12,9548,190.96
grid,1,0.0951075829943874,0.8874565995891422,0.8888888888888888,50,12.0,4,10,sqrt,1e-05,50,12.0,12,9694,193.88
grid,1,0.1061232920037582,0.8874565995891422,0.8888888888888888,50,12.0,4,10,sqrt,0.0,50,12.0,12,10058,201.16
grid,1,0.3276497079932596,0.8872218468481706,0.8888888888888888,217,16.0,4,10,sqrt,0.001,217,15.940092165898616,16,41287,190.2626728110599
grid,1,0.082546874997206,0.8871419720847957,0.8888888888888888,50,,1,5,log2,0.001,50,21.18,27,16224,324.48
grid,1,0.202923249991727,0.8871327768548473,0.8888888888888888,133,12.0,4,2,sqrt,0.001,133,12.0,12,21413,161.0
grid,1,0.1966507499892031,0.8871327768548473,0.8888888888888888,133,12.0,4,5,sqrt,0.001,133,12.0,12,21413,161.0
grid,1,0.2055315420002443,0.8871327768548473,0.8888888888888888,133,12.0,4,7,sqrt,0.001,133,12.0,12,21413,161.0
grid,1,0.6203395830088994,0.8871268919631791,0.8888888888888888,133,16.0,1,5,0.5,0.001,133,16.0,16,20175,151.69172932330827
grid,1,0.179990207994706,0.8871266409392196,0.8888888888888888,133,20.0,4,2,log2,1e-05,133,18.924812030075188,20,45649,343.22556390977445
grid,1,0.1846178749983664,0.8871266409392196,0.8888888888888888,133,20.0,4,5,log2,1e-05,133,18.924812030075188,20,45649,343.22556390977445
grid,1,0.1889279579918366,0.8871266409392196,0.8888888888888888,133,20.0,4,7,log2,1e-05,133,18.924812030075188,20,45649,343.22556390977445
grid,1,0.1744260419945931,0.8871266409392196,0.8888888888888888,133,20.0,4,2,log2,0.0,133,18.954887218045112,20,47277,355.4661654135338
grid,1,0.1779563750023953,0.8871266409392196,0.8888888888888888,133,20.0,4,5,log2,0.0,133,18.954887218045112,20,47277,355.4661654135338
grid,1,0.1761170000099809,0.8871266409392196,0.8888888888888888,133,20.0,4,7,log2,0.0,133,18.954887218045112,20,47277,355.4661654135338
grid,1,0.2083198750042356,0.8870097780962798,0.8888888888888888,133,16.0,4,10,sqrt,0.001,133,15.924812030075188,16,25265,189.9624060150376
grid,1,0.0963563749974127,0.8869771450237943,0.8888888888888888,50,16.0,4,2,sqrt,0.001,50,15.98,16,9674,193.48
grid,1,0.095768583996687,0.8869771450237943,0.8888888888888888,50,16.0,4,5,sqrt,0.001,50,15.98,16,9674,193.48
grid,1,0.0939743330091005,0.8869771450237943,0.8888888888888888,50,16.0,4,7,sqrt,0.001,50,15.98,16,9674,193.48
grid,1,0.0953822919982485,0.8867057403832314,0.8888888888888888,50,,4,2,sqrt,0.001,50,20.4,26,10738,214.76
grid,1,0.0908167919988045,0.8867057403832314,0.8888888888888888,50,,4,5,sqrt,0.001,50,20.4,26,10738,214.76
grid,1,0.0936756250011967,0.8867057403832314,0.8888888888888888,50,,4,7,sqrt,0.001,50,20.4,26,10738,214.76
grid,1,0.0938278749963501,0.886679028120673,0.8888888888888888,50,12.0,7,2,sqrt,1e-05,50,12.0,12,8738,174.76
grid,1,0.0956380409916164,0.886679028120673,0.8888888888888888,50,12.0,7,5,sqrt,1e-05,50,12.0,12,8738,174.76
grid,1,0.0937612090056063,0.886679028120673,0.8888888888888888,50,12.0,7,7,sqrt,1e-05,50,12.0,12,8738,174.76
grid,1,0.0936715829884633,0.886679028120673,0.8888888888888888,50,12.0,7,10,sqrt,1e-05,50,12.0,12,8738,174.76
grid,1,0.0964896249934099,0.886679028120673,0.8888888888888888,50,12.0,7,2,sqrt,0.0,50,12.0,12,9096,181.92
grid,1,0.0947004160116193,0.886679028120673,0.8888888888888888,50,12.0,7,5,sqrt,0.0,50,12.0,12,9096,181.92
grid,1,0.092964249997749,0.886679028120673,0.8888888888888888,50,12.0,7,7,sqrt,0.0,50,12.0,12,9096,181.92
grid,1,0.0968003750022035,0.886679028120673,0.8888888888888888,50,12.0,7,10,sqrt,0.0,50,12.0,12,9096,181.92
grid,1,0.096509374998277,0.8866514178929426,0.8888888888888888,50,12.0,1,10,sqrt,0.001,50,12.0,12,8622,172.44
grid,1,0.0821511249960167,0.8864999257282382,0.8888888888888888,50,12.0,1,2,log2,0.001,50,12.0,12,11952,239.04
grid,1,0.3209388749965001,0.8864517774556042,0.8888888888888888,217,16.0,7,2,sqrt,0.0001,217,15.903225806451612,16,43263,199.36866359447004
grid,1,0.3246477500069886,0.8864517774556042,0.8888888888888888,217,16.0,7,5,sqrt,0.0001,217,15.903225806451612,16,43263,199.36866359447004
grid,1,0.3464513750077458,0.8864517774556042,0.8888888888888888,217,16.0,7,7,sqrt,0.0001,217,15.903225806451612,16,43263,199.36866359447004
grid,1,0.3345878330001142,0.8864517774556042,0.8888888888888888,217,16.0,7,10,sqrt,0.0001,217,15.903225806451612,16,43263,199.36866359447004
grid,1,0.3359830000117654,0.8864517774556042,0.8888888888888888,217,16.0,7,2,sqrt,1e-05,217,15.912442396313365,16,46287,213.30414746543775
grid,1,0.3340156670019496,0.8864517774556042,0.8888888888888888,217,16.0,7,5,sqrt,1e-05,217,15.912442396313365,16,46287,213.30414746543775
grid,1,0.3331223749992205,0.8864517774556042,0.8888888888888888,217,16.0,7,7,sqrt,1e-05,217,15.912442396313365,16,46287,213.30414746543775
grid,1,0.3268489999900339,0.8864517774556042,0.8888888888888888,217,16.0,7,10,sqrt,1e-05,217,15.912442396313365,16,46287,213.30414746543775
grid,1,0.3205549590056762,0.8864517774556042,0.8888888888888888,217,16.0,7,2,sqrt,0.0,217,15.91705069124424,16,48241,222.30875576036863
grid,1,0.3183929579972755,0.8864517774556042,0.8888888888888888,217,16.0,7,5,sqrt,0.0,217,15.91705069124424,16,48241,222.30875576036863
grid,1,0.3308925000019371,0.8864517774556042,0.8888888888888888,217,16.0,7,7,sqrt,0.0,217,15.91705069124424,16,48241,222.30875576036863
grid,1,0.3221382920019096,0.8864517774556042,0.8888888888888888,217,16.0,7,10,sqrt,0.0,217,15.91705069124424,16,48241,222.30875576036863
grid,1,0.082043792004697,0.8863457326851861,0.8888888888888888,50,12.0,4,10,log2,0.001,50,12.0,12,8600,172.0
grid,1,0.0957715830008965,0.886265251664257,0.8888888888888888,50,,7,2,sqrt,0.001,50,18.62,24,8302,166.04
grid,1,0.0961456249933689,0.886265251664257,0.8888888888888888,50,,7,5,sqrt,0.001,50,18.62,24,8302,166.04
grid,1,0.0936159999982919,0.886265251664257,0.8888888888888888,50,,7,7,sqrt,0.001,50,18.62,24,8302,166.04
grid,1,0.0961228749947622,0.886265251664257,0.8888888888888888,50,,7,10,sqrt,0.001,50,18.62,24,8302,166.04
grid,1,0.0852223340043565,0.8858788425830314,0.8869395711500975,50,20.0,4,2,log2,0.0001,50,18.94,20,16592,331.84
grid,1,0.0824430840002605,0.8858788425830314,0.8869395711500975,50,20.0,4,5,log2,0.0001,50,18.94,20,16592,331.84
grid,1,0.0818509160017129,0.8858788425830314,0.8869395711500975,50,20.0,4,7,log2,0.0001,50,18.94,20,16592,331.84
grid,1,0.093275374994846,0.8854772110923477,0.8869395711500975,50,20.0,4,2,sqrt,0.001,50,19.0,20,10506,210.12
grid,1,0.0949771250016056,0.8854772110923477,0.8869395711500975,50,20.0,4,5,sqrt,0.001,50,19.0,20,10506,210.12
grid,1,0.0945401659992057,0.8854772110923477,0.8869395711500975,50,20.0,4,7,sqrt,0.001,50,19.0,20,10506,210.12
grid,1,0.3167039580002893,0.8854132289564899,0.8869395711500975,217,8.0,1,7,sqrt,0.0001,217,8.0,8,26889,123.91244239631337
grid,1,0.2998986250022426,0.8854132289564899,0.8869395711500975,217,8.0,1,7,sqrt,1e-05,217,8.0,8,26965,124.26267281105991
grid,1,0.3143071249942295,0.8854132289564899,0.8869395711500975,217,8.0,1,7,sqrt,0.0,217,8.0,8,27661,127.47004608294932
grid,1,0.0979135000088717,0.885383523246081,0.8869395711500975,50,12.0,4,10,sqrt,0.001,50,12.0,12,7392,147.84
grid,1,0.0798733749979874,0.8853226232055535,0.8869395711500975,50,12.0,4,2,log2,0.0001,50,12.0,12,11796,235.92
grid,1,0.0844836250034859,0.8853226232055535,0.8869395711500975,50,12.0,4,5,log2,0.0001,50,12.0,12,11796,235.92
grid,1,0.0782309160131262,0.8853226232055535,0.8869395711500975,50,12.0,4,7,log2,0.0001,50,12.0,12,11796,235.92
grid,1,0.084707249989151,0.8853226232055535,0.8869395711500975,50,12.0,4,2,log2,1e-05,50,12.0,12,12138,242.76
grid,1,0.0794552919978741,0.8853226232055535,0.8869395711500975,50,12.0,4,5,log2,1e-05,50,12.0,12,12138,242.76
grid,1,0.083742541988613,0.8853226232055535,0.8869395711500975,50,12.0,4,7,log2,1e-05,50,12.0,12,12138,242.76
grid,1,0.0839311250019818,0.8853226232055535,0.8869395711500975,50,12.0,4,2,log2,0.0,50,12.0,12,12516,250.32
grid,1,0.0840766659966902,0.8853226232055535,0.8869395711500975,50,12.0,4,5,log2,0.0,50,12.0,12,12516,250.32
grid,1,0.0828840419999323,0.8853226232055535,0.8869395711500975,50,12.0,4,7,log2,0.0,50,12.0,12,12516,250.32
grid,1,0.332492125002318,0.885291184571459,0.8869395711500975,217,12.0,4,2,sqrt,0.001,217,12.0,12,34771,160.23502304147465
grid,1,0.3341713330009952,0.885291184571459,0.8869395711500975,217,12.0,4,5,sqrt,0.001,217,12.0,12,34771,160.23502304147465
grid,1,0.334729124995647,0.885291184571459,0.8869395711500975,217,12.0,4,7,sqrt,0.001,217,12.0,12,34771,160.23502304147465
grid,1,0.2967233749950537,0.8852827216095712,0.8869395711500975,217,12.0,1,10,log2,0.001,217,12.0,12,43667,201.23041474654377
grid,1,0.0794427080109017,0.8852733966337155,0.8869395711500975,50,,4,10,log2,0.0001,50,19.84,28,14948,298.96
grid,1,0.0855169999995268,0.8852733966337155,0.8869395711500975,50,,4,10,log2,1e-05,50,19.88,28,15276,305.52
grid,1,0.082160499994643,0.8852733966337155,0.8869395711500975,50,,4,10,log2,0.0,50,19.92,28,15782,315.64
grid,1,0.1880207500071264,0.8852378564152238,0.8869395711500975,133,,4,2,log2,0.0001,133,19.924812030075188,26,44969,338.1127819548872
grid,1,0.1839460000046529,0.8852378564152238,0.8869395711500975,133,,4,5,log2,0.0001,133,19.924812030075188,26,44969,338.1127819548872
grid,1,0.1829485830094199,0.8852378564152238,0.8869395711500975,133,,4,7,log2,0.0001,133,19.924812030075188,26,44969,338.1127819548872
grid,1,0.20616537501337,0.8852378564152238,0.8869395711500975,133,,4,2,log2,1e-05,133,20.02255639097744,27,46361,348.57894736842104
grid,1,0.1918237079953542,0.8852378564152238,0.8869395711500975,133,,4,5,log2,1e-05,133,20.02255639097744,27,46361,348.57894736842104
grid,1,0.1874864999990677,0.8852378564152238,0.8869395711500975,133,,4,7,log2,1e-05,133,20.02255639097744,27,46361,348.57894736842104
grid,1,0.1944584580051014,0.8852378564152238,0.8869395711500975,133,,4,2,log2,0.0,133,20.06015037593985,27,48013,361.0
grid,1,0.1826514999993378,0.8852378564152238,0.8869395711500975,133,,4,5,log2,0.0,133,20.06015037593985,27,48013,361.0
grid,1,0.1846774999867193,0.8852378564152238,0.8869395711500975,133,,4,7,log2,0.0,133,20.06015037593985,27,48013,361.0
grid,1,0.1843394589959643,0.8852365998976098,0.8869395711500975,133,20.0,4,2,log2,0.0001,133,18.894736842105264,20,44325,333.2706766917293
grid,1,0.190435124997748,0.8852365998976098,0.8869395711500975,133,20.0,4,5,log2,0.0001,133,18.894736842105264,20,44325,333.2706766917293
grid,1,0.1872545000078389,0.8852365998976098,0.8869395711500975,133,20.0,4,7,log2,0.0001,133,18.894736842105264,20,44325,333.2706766917293
grid,1,0.2029478339973138,0.885204601620352,0.8869395711500975,133,12.0,1,5,sqrt,0.001,133,12.0,12,27029,203.2255639097744
grid,1,0.1787324169999919,0.8851341604456496,0.8869395711500975,133,12.0,1,2,log2,0.001,133,12.0,12,32085,241.2406015037594
grid,1,0.1757142080023186,0.8851235744583847,0.8869395711500975,133,12.0,4,10,log2,0.0001,133,12.0,12,30149,226.68421052631575
grid,1,0.1769464159879135,0.8851235744583847,0.8869395711500975,133,12.0,4,10,log2,1e-05,133,12.0,12,30761,231.28571428571428
grid,1,0.1779834999906597,0.8851235744583847,0.8869395711500975,133,12.0,4,10,log2,0.0,133,12.0,12,31753,238.74436090225564
grid,1,0.9663359580008546,0.88509544040033,0.8869395711500975,217,16.0,4,10,0.5,0.001,217,16.0,16,26145,120.48387096774194
grid,1,0.9795384999888485,0.88509544040033,0.8869395711500975,217,16.0,4,10,0.5,0.0001,217,16.0,16,33017,152.1520737327189
grid,1,0.9862384590087458,0.88509544040033,0.8869395711500975,217,16.0,4,10,0.5,1e-05,217,16.0,16,33089,152.48387096774192
grid,1,0.961931875004666,0.88509544040033,0.8869395711500975,217,16.0,4,10,0.5,0.0,217,16.0,16,34981,161.20276497695852
grid,1,0.2900724579958478,0.8850419750174014,0.8869395711500975,217,12.0,4,2,log2,1e-05,217,12.0,12,54041,249.036866359447
grid,1,0.2878864999947836,0.8850419750174014,0.8869395711500975,217,12.0,4,5,log2,1e-05,217,12.0,12,54041,249.036866359447
grid,1,0.2938869589997921,0.8850419750174014,0.8869395711500975,217,12.0,4,7,log2,1e-05,217,12.0,12,54041,249.036866359447
grid,1,0.292741291996208,0.8850419750174014,0.8869395711500975,217,12.0,4,2,log2,0.0,217,12.0,12,55837,257.31336405529953
grid,1,0.3060817079967819,0.8850419750174014,0.8869395711500975,217,12.0,4,5,log2,0.0,217,12.0,12,55837,257.31336405529953
grid,1,0.2811977499950444,0.8850419750174014,0.8869395711500975,217,12.0,4,7,log2,0.0,217,12.0,12,55837,257.31336405529953
grid,1,0.1759320410055806,0.8850351594451557,0.8869395711500975,133,12.0,4,10,log2,0.001,133,12.0,12,23201,174.4436090225564
grid,1,0.1984128339972812,0.8850320225475731,0.8869395711500975,133,12.0,4,10,sqrt,0.0001,133,12.0,12,26505,199.28571428571428
grid,1,0.2035492090071784,0.8850320225475731,0.8869395711500975,133,12.0,4,10,sqrt,1e-05,133,12.0,12,26867,202.00751879699249
grid,1,0.2043071659863926,0.8850320225475731,0.8869395711500975,133,12.0,4,10,sqrt,0.0,133,12.0,12,27923,209.94736842105263
grid,1,0.2988649589970009,0.8850036176561962,0.8869395711500975,217,16.0,4,2,log2,0.001,217,15.898617511520737,16,48463,223.33179723502303
grid,1,0.2854233340040082,0.8850036176561962,0.8869395711500975,217,16.0,4,5,log2,0.001,217,15.898617511520737,16,48463,223.33179723502303
grid,1,0.2927935830084607,0.8850036176561962,0.8869395711500975,217,16.0,4,7,log2,0.001,217,15.898617511520737,16,48463,223.33179723502303
grid,1,0.2115216669917572,0.8849663109335842,0.8869395711500975,133,20.0,7,2,sqrt,0.0001,133,18.48872180451128,20,27961,210.2330827067669
grid,1,0.2137396670004818,0.8849663109335842,0.8869395711500975,133,20.0,7,5,sqrt,0.0001,133,18.48872180451128,20,27961,210.2330827067669
grid,1,0.2105256669892696,0.8849663109335842,0.8869395711500975,133,20.0,7,7,sqrt,0.0001,133,18.48872180451128,20,27961,210.2330827067669
grid,1,0.2077507920039352,0.8849663109335842,0.8869395711500975,133,20.0,7,10,sqrt,0.0001,133,18.48872180451128,20,27961,210.2330827067669
grid,1,0.206109374994412,0.8849663109335842,0.8869395711500975,133,20.0,7,2,sqrt,1e-05,133,18.55639097744361,20,29951,225.1954887218045
grid,1,0.2114272090111626,0.8849663109335842,0.8869395711500975,133,20.0,7,5,sqrt,1e-05,133,18.55639097744361,20,29951,225.1954887218045
grid,1,0.2124585830024443,0.8849663109335842,0.8869395711500975,133,20.0,7,7,sqrt,1e-05,133,18.55639097744361,20,29951,225.1954887218045
grid,1,0.2301820419961586,0.8849663109335842,0.8869395711500975,133,20.0,7,10,sqrt,1e-05,133,18.55639097744361,20,29951,225.1954887218045
grid,1,0.2012673329882091,0.8849663109335842,0.8869395711500975,133,20.0,7,2,sqrt,0.0,133,18.57894736842105,20,31229,234.8045112781955
grid,1,0.2010909999953583,0.8849663109335842,0.8869395711500975,133,20.0,7,5,sqrt,0.0,133,18.57894736842105,20,31229,234.8045112781955
grid,1,0.2100124999997206,0.8849663109335842,0.8869395711500975,133,20.0,7,7,sqrt,0.0,133,18.57894736842105,20,31229,234.8045112781955
grid,1,0.2070923340070294,0.8849663109335842,0.8869395711500975,133,20.0,7,10,sqrt,0.0,133,18.57894736842105,20,31229,234.8045112781955
grid,1,0.1784042919898638,0.8848878629938127,0.8869395711500975,133,12.0,1,7,log2,0.001,133,12.0,12,28951,217.6766917293233
grid,1,0.2709830420062644,0.8848814072023884,0.8869395711500975,50,20.0,4,10,0.5,0.0001,50,20.0,20,9054,181.08
grid,1,0.2636952080065384,0.8848814072023884,0.8869395711500975,50,20.0,4,10,0.5,1e-05,50,20.0,20,9072,181.44
grid,1,0.2530093749955995,0.8848814072023884,0.8869395711500975,50,20.0,4,10,0.5,0.0,50,20.0,20,9538,190.76
grid,1,0.0863603329926263,0.8847788434166304,0.8869395711500975,50,12.0,7,2,sqrt,0.0001,50,12.0,12,8134,162.68
grid,1,0.093953584000701,0.8847788434166304,0.8869395711500975,50,12.0,7,5,sqrt,0.0001,50,12.0,12,8134,162.68
grid,1,0.0973332090070471,0.8847788434166304,0.8869395711500975,50,12.0,7,7,sqrt,0.0001,50,12.0,12,8134,162.68
grid,1,0.0970964580046711,0.8847788434166304,0.8869395711500975,50,12.0,7,10,sqrt,0.0001,50,12.0,12,8134,162.68
grid,1,0.2455223330034641,0.8847554324085067,0.8869395711500975,50,16.0,4,2,0.5,0.0001,50,16.0,16,7838,156.76
grid,1,0.2419175000104587,0.8847554324085067,0.8869395711500975,50,16.0,4,5,0.5,0.0001,50,16.0,16,7838,156.76
grid,1,0.2470797910063993,0.8847554324085067,0.8869395711500975,50,16.0,4,7,0.5,0.0001,50,16.0,16,7838,156.76
grid,1,0.2456460409885039,0.8847554324085067,0.8869395711500975,50,16.0,4,2,0.5,1e-05,50,16.0,16,7868,157.36
grid,1,0.2467570419976255,0.8847554324085067,0.8869395711500975,50,16.0,4,5,0.5,1e-05,50,16.0,16,7868,157.36
grid,1,0.2485473749984521,0.8847554324085067,0.8869395711500975,50,16.0,4,7,0.5,1e-05,50,16.0,16,7868,157.36
grid,1,0.2456884999992326,0.8847554324085067,0.8869395711500975,50,16.0,4,2,0.5,0.0,50,16.0,16,8314,166.28
grid,1,0.2606534580118023,0.8847554324085067,0.8869395711500975,50,16.0,4,5,0.5,0.0,50,16.0,16,8314,166.28
grid,1,0.2479250409960514,0.8847554324085067,0.8869395711500975,50,16.0,4,7,0.5,0.0,50,16.0,16,8314,166.28
grid,1,0.641488584005856,0.8846995503208174,0.8869395711500975,133,,4,10,0.5,0.001,133,25.406015037593985,32,21207,159.45112781954887
grid,1,0.1814456659922143,0.884633873433233,0.8869395711500975,133,12.0,1,10,log2,0.0001,133,12.0,12,32603,245.13533834586465
grid,1,0.1769901249936083,0.884633873433233,0.8869395711500975,133,12.0,1,10,log2,1e-05,133,12.0,12,32929,247.58646616541353
grid,1,0.1766533750051167,0.884633873433233,0.8869395711500975,133,12.0,1,10,log2,0.0,133,12.0,12,33797,254.11278195488725
grid,1,0.0806357500114245,0.8846293206849248,0.8869395711500975,50,12.0,4,10,log2,0.0001,50,12.0,12,11132,222.64
grid,1,0.0800500000041211,0.8846293206849248,0.8869395711500975,50,12.0,4,10,log2,1e-05,50,12.0,12,11342,226.84
grid,1,0.081223624991253,0.8846293206849248,0.8869395711500975,50,12.0,4,10,log2,0.0,50,12.0,12,11670,233.4
grid,1,0.928735458990559,0.8843912621783304,0.8869395711500975,217,12.0,1,10,0.5,0.0001,217,12.0,12,26823,123.60829493087556
grid,1,0.9086260409967508,0.8843912621783304,0.8869395711500975,217,12.0,1,10,0.5,1e-05,217,12.0,12,26835,123.66359447004608
grid,1,0.9325150410004426,0.8843912621783304,0.8869395711500975,217,12.0,1,10,0.5,0.0,217,12.0,12,28207,129.98617511520737
grid,1,0.0939907919964753,0.8843743218376918,0.8869395711500975,50,,7,2,sqrt,0.0001,50,19.34,25,10574,211.48
grid,1,0.0948171660129446,0.8843743218376918,0.8869395711500975,50,,7,5,sqrt,0.0001,50,19.34,25,10574,211.48
grid,1,0.0955799160001333,0.8843743218376918,0.8869395711500975,50,,7,7,sqrt,0.0001,50,19.34,25,10574,211.48
grid,1,0.0917355830024462,0.8843743218376918,0.8869395711500975,50,,7,10,sqrt,0.0001,50,19.34,25,10574,211.48
grid,1,0.0879966670036083,0.8843743218376918,0.8869395711500975,50,,7,2,sqrt,1e-05,50,19.46,25,11372,227.44
grid,1,0.0933417909982381,0.8843743218376918,0.8869395711500975,50,,7,5,sqrt,1e-05,50,19.46,25,11372,227.44
grid,1,0.0960409999970579,0.8843743218376918,0.8869395711500975,50,,7,7,sqrt,1e-05,50,19.46,25,11372,227.44
grid,1,0.0937114580010529,0.8843743218376918,0.8869395711500975,50,,7,10,sqrt,1e-05,50,19.46,25,11372,227.44
grid,1,0.0981297079997602,0.8843743218376918,0.8869395711500975,50,,7,2,sqrt,0.0,50,19.52,25,11848,236.96
grid,1,0.0946507089975057,0.8843743218376918,0.8869395711500975,50,,7,5,sqrt,0.0,50,19.52,25,11848,236.96
grid,1,0.0938948330003768,0.8843743218376918,0.8869395711500975,50,,7,7,sqrt,0.0,50,19.52,25,11848,236.96
grid,1,0.0972775839909445,0.8843743218376918,0.8869395711500975,50,,7,10,sqrt,0.0,50,19.52,25,11848,236.96
grid,1,0.2811314169957768,0.8843063546819993,0.8869395711500975,50,16.0,1,7,0.5,0.001,50,16.0,16,7256,145.12
grid,1,0.2004267919983249,0.8842773511974469,0.8869395711500975,133,16.0,7,2,sqrt,0.0001,133,15.8796992481203,16,26333,197.99248120300751
grid,1,0.1963702920038486,0.8842773511974469,0.8869395711500975,133,16.0,7,5,sqrt,0.0001,133,15.8796992481203,16,26333,197.99248120300751
grid,1,0.2047165419935481,0.8842773511974469,0.8869395711500975,133,16.0,7,7,sqrt,0.0001,133,15.8796992481203,16,26333,197.99248120300751
grid,1,0.2024364170065382,0.8842773511974469,0.8869395711500975,133,16.0,7,10,sqrt,0.0001,133,15.8796992481203,16,26333,197.99248120300751
grid,1,0.2035165410052286,0.8842773511974469,0.8869395711500975,133,16.0,7,2,sqrt,1e-05,133,15.887218045112782,16,28237,212.30827067669173
grid,1,0.200592624998535,0.8842773511974469,0.8869395711500975,133,16.0,7,5,sqrt,1e-05,133,15.887218045112782,16,28237,212.30827067669173
grid,1,0.2044320829882053,0.8842773511974469,0.8869395711500975,133,16.0,7,7,sqrt,1e-05,133,15.887218045112782,16,28237,212.30827067669173
grid,1,0.207028333999915,0.8842773511974469,0.8869395711500975,133,16.0,7,10,sqrt,1e-05,133,15.887218045112782,16,28237,212.30827067669173
grid,1,0.2035637079970911,0.8842773511974469,0.8869395711500975,133,16.0,7,2,sqrt,0.0,133,15.894736842105264,16,29469,221.57142857142856
grid,1,0.2086717920028604,0.8842773511974469,0.8869395711500975,133,16.0,7,5,sqrt,0.0,133,15.894736842105264,16,29469,221.57142857142856
grid,1,0.2032450419937959,0.8842773511974469,0.8869395711500975,133,16.0,7,7,sqrt,0.0,133,15.894736842105264,16,29469,221.57142857142856
grid,1,0.2201380829937989,0.8842773511974469,0.8869395711500975,133,16.0,7,10,sqrt,0.0,133,15.894736842105264,16,29469,221.57142857142856
grid,1,0.0824324160057585,0.8839932599509097,0.884990253411306,50,,4,2,log2,0.0001,50,19.9,26,16762,335.24
grid,1,0.0908475420001195,0.8839932599509097,0.884990253411306,50,,4,5,log2,0.0001,50,19.9,26,16762,335.24
grid,1,0.1064760419976664,0.8839932599509097,0.884990253411306,50,,4,7,log2,0.0001,50,19.9,26,16762,335.24
grid,1,0.2649344579986064,0.8836289622418338,0.8869395711500975,50,,7,2,0.5,1e-05,50,23.72,29,8624,172.48
grid,1,0.2518900420109276,0.8836289622418338,0.8869395711500975,50,,7,5,0.5,1e-05,50,23.72,29,8624,172.48
grid,1,0.2589489579986548,0.8836289622418338,0.8869395711500975,50,,7,7,0.5,1e-05,50,23.72,29,8624,172.48
grid,1,0.2488354579982115,0.8836289622418338,0.8869395711500975,50,,7,10,0.5,1e-05,50,23.72,29,8624,172.48
grid,1,0.2518262919911649,0.8836289622418338,0.8869395711500975,50,,7,2,0.5,0.0,50,23.72,29,9144,182.88
grid,1,0.25710537499981,0.8836289622418338,0.8869395711500975,50,,7,5,0.5,0.0,50,23.72,29,9144,182.88
grid,1,0.2630395000014687,0.8836289622418338,0.8869395711500975,50,,7,7,0.5,0.0,50,23.72,29,9144,182.88
grid,1,0.2546058329899097,0.8836289622418338,0.8869395711500975,50,,7,10,0.5,0.0,50,23.72,29,9144,182.88
grid,1,0.0793605420039966,0.883577713264245,0.884990253411306,50,,7,2,log2,0.0001,50,18.62,24,11506,230.12
grid,1,0.0809944580105366,0.883577713264245,0.884990253411306,50,,7,5,log2,0.0001,50,18.62,24,11506,230.12
grid,1,0.0831637079973006,0.883577713264245,0.884990253411306,50,,7,7,log2,0.0001,50,18.62,24,11506,230.12
grid,1,0.0796387500013224,0.883577713264245,0.884990253411306,50,,7,10,log2,0.0001,50,18.62,24,11506,230.12
grid,1,0.0957142080005724,0.8833726375866299,0.884990253411306,50,16.0,4,10,sqrt,0.001,50,15.96,16,9292,185.84
grid,1,0.1752764999982901,0.8832303020915344,0.884990253411306,133,16.0,4,2,log2,0.0001,133,15.984962406015038,16,41457,311.70676691729324
grid,1,0.1850343749974854,0.8832303020915344,0.884990253411306,133,16.0,4,5,log2,0.0001,133,15.984962406015038,16,41457,311.70676691729324
grid,1,0.1843748329993104,0.8832303020915344,0.884990253411306,133,16.0,4,7,log2,0.0001,133,15.984962406015038,16,41457,311.70676691729324
grid,1,0.1843798330082791,0.8832303020915344,0.884990253411306,133,16.0,4,2,log2,1e-05,133,15.984962406015038,16,42651,320.6842105263158
grid,1,0.1917755839967867,0.8832303020915344,0.884990253411306,133,16.0,4,5,log2,1e-05,133,15.984962406015038,16,42651,320.6842105263158
grid,1,0.1755400419933721,0.8832303020915344,0.884990253411306,133,16.0,4,7,log2,1e-05,133,15.984962406015038,16,42651,320.6842105263158
grid,1,0.1793334170070011,0.8832303020915344,0.884990253411306,133,16.0,4,2,log2,0.0,133,15.984962406015038,16,44179,332.17293233082705
grid,1,0.174465499992948,0.8832303020915344,0.884990253411306,133,16.0,4,5,log2,0.0,133,15.984962406015038,16,44179,332.17293233082705
grid,1,0.1783792090136557,0.8832303020915344,0.884990253411306,133,16.0,4,7,log2,0.0,133,15.984962406015038,16,44179,332.17293233082705
grid,1,0.2119870000024093,0.8831336573400209,0.884990253411306,133,,7,2,sqrt,0.0001,133,18.984962406015036,25,28115,211.39097744360905
grid,1,0.2127972080052131,0.8831336573400209,0.884990253411306,133,,7,5,sqrt,0.0001,133,18.984962406015036,25,28115,211.39097744360905
grid,1,0.2168692500126781,0.8831336573400209,0.884990253411306,133,,7,7,sqrt,0.0001,133,18.984962406015036,25,28115,211.39097744360905
grid,1,0.2089570410025771,0.8831336573400209,0.884990253411306,133,,7,10,sqrt,0.0001,133,18.984962406015036,25,28115,211.39097744360905
grid,1,0.2146780000039143,0.8831336573400209,0.884990253411306,133,,7,2,sqrt,1e-05,133,19.112781954887215,25,30163,226.78947368421052
grid,1,0.2005133749917149,0.8831336573400209,0.884990253411306,133,,7,5,sqrt,1e-05,133,19.112781954887215,25,30163,226.78947368421052
grid,1,0.2219299169955775,0.8831336573400209,0.884990253411306,133,,7,7,sqrt,1e-05,133,19.112781954887215,25,30163,226.78947368421052
grid,1,0.2129876250110101,0.8831336573400209,0.884990253411306,133,,7,10,sqrt,1e-05,133,19.112781954887215,25,30163,226.78947368421052
grid,1,0.203489042003639,0.8831336573400209,0.884990253411306,133,,7,2,sqrt,0.0,133,19.157894736842103,25,31451,236.47368421052633
grid,1,0.2006893749930896,0.8831336573400209,0.884990253411306,133,,7,5,sqrt,0.0,133,19.157894736842103,25,31451,236.47368421052633
grid,1,0.2287742080079624,0.8831336573400209,0.884990253411306,133,,7,7,sqrt,0.0,133,19.157894736842103,25,31451,236.47368421052633
grid,1,0.2041917079914128,0.8831336573400209,0.884990253411306,133,,7,10,sqrt,0.0,133,19.157894736842103,25,31451,236.47368421052633
grid,1,0.2126100000023143,0.8830476022480785,0.884990253411306,133,12.0,4,10,sqrt,0.001,133,12.0,12,20569,154.65413533834587
grid,1,0.2716814590094145,0.8829520497430945,0.884990253411306,50,,4,10,0.5,0.0001,50,26.78,32,10156,203.12
grid,1,0.2630387500103097,0.8829520497430945,0.884990253411306,50,,4,10,0.5,1e-05,50,26.82,32,10188,203.76
grid,1,0.2593285829934757,0.8829520497430945,0.884990253411306,50,,4,10,0.5,0.0,50,26.82,32,10668,213.36
grid,1,0.2916422909911489,0.8828387373766206,0.884990253411306,217,12.0,4,2,log2,0.0001,217,12.0,12,52649,242.6221198156682
grid,1,0.2930265000031795,0.8828387373766206,0.884990253411306,217,12.0,4,5,log2,0.0001,217,12.0,12,52649,242.6221198156682
grid,1,0.2950927499914542,0.8828387373766206,0.884990253411306,217,12.0,4,7,log2,0.0001,217,12.0,12,52649,242.6221198156682
grid,1,0.0779416660079732,0.8827825179274947,0.884990253411306,50,12.0,1,10,log2,0.0001,50,12.0,12,11862,237.24
grid,1,0.0797449590027099,0.8827825179274947,0.884990253411306,50,12.0,1,10,log2,1e-05,50,12.0,12,11982,239.64
grid,1,0.0797829579969402,0.8827825179274947,0.884990253411306,50,12.0,1,10,log2,0.0,50,12.0,12,12298,245.96
grid,1,0.3202943330106791,0.8827247988287821,0.884990253411306,217,16.0,10,2,sqrt,0.0001,217,15.746543778801843,16,36439,167.92165898617512
grid,1,0.3288761250005336,0.8827247988287821,0.884990253411306,217,16.0,10,5,sqrt,0.0001,217,15.746543778801843,16,36439,167.92165898617512
grid,1,0.3234861249948153,0.8827247988287821,0.884990253411306,217,16.0,10,7,sqrt,0.0001,217,15.746543778801843,16,36439,167.92165898617512
grid,1,0.3278872090013465,0.8827247988287821,0.884990253411306,217,16.0,10,2,sqrt,1e-05,217,15.76036866359447,16,38979,179.6267281105991
grid,1,0.322283832996618,0.8827247988287821,0.884990253411306,217,16.0,10,5,sqrt,1e-05,217,15.76036866359447,16,38979,179.6267281105991
grid,1,0.3221630840125726,0.8827247988287821,0.884990253411306,217,16.0,10,7,sqrt,1e-05,217,15.76036866359447,16,38979,179.6267281105991
grid,1,0.3191801249922719,0.8827247988287821,0.884990253411306,217,16.0,10,2,sqrt,0.0,217,15.774193548387096,16,40455,186.42857142857144
grid,1,0.3157237080013146,0.8827247988287821,0.884990253411306,217,16.0,10,5,sqrt,0.0,217,15.774193548387096,16,40455,186.42857142857144
grid,1,0.3148817499895813,0.8827247988287821,0.884990253411306,217,16.0,10,7,sqrt,0.0,217,15.774193548387096,16,40455,186.42857142857144
grid,1,0.0939296669967006,0.8826950919406499,0.884990253411306,50,16.0,10,2,sqrt,1e-05,50,15.72,16,8912,178.24
grid,1,0.0970930000039516,0.8826950919406499,0.884990253411306,50,16.0,10,5,sqrt,1e-05,50,15.72,16,8912,178.24
grid,1,0.0959466250060359,0.8826950919406499,0.884990253411306,50,16.0,10,7,sqrt,1e-05,50,15.72,16,8912,178.24
grid,1,0.0957204169972101,0.8826950919406499,0.884990253411306,50,16.0,10,10,sqrt,1e-05,50,15.72,16,8912,178.24
grid,1,0.096573917006026,0.8826950919406499,0.884990253411306,50,16.0,10,2,sqrt,0.0,50,15.74,16,9300,186.0
grid,1,0.093721249999362,0.8826950919406499,0.884990253411306,50,16.0,10,5,sqrt,0.0,50,15.74,16,9300,186.0
grid,1,0.0968358339887345,0.8826950919406499,0.884990253411306,50,16.0,10,7,sqrt,0.0,50,15.74,16,9300,186.0
grid,1,0.0955719169869553,0.8826950919406499,0.884990253411306,50,16.0,10,10,sqrt,0.0,50,15.74,16,9300,186.0
grid,1,0.2414813749928726,0.8826288770596171,0.884990253411306,50,16.0,4,2,0.5,0.001,50,16.0,16,6156,123.12
grid,1,0.2536165000055916,0.8826288770596171,0.884990253411306,50,16.0,4,5,0.5,0.001,50,16.0,16,6156,123.12
grid,1,0.2409901249920949,0.8826288770596171,0.884990253411306,50,16.0,4,7,0.5,0.001,50,16.0,16,6156,123.12
grid,1,0.3368550409941235,0.8825957557002367,0.884990253411306,217,16.0,7,2,sqrt,0.001,217,15.83410138248848,16,34201,157.6082949308756
grid,1,0.3371157499932451,0.8825957557002367,0.884990253411306,217,16.0,7,5,sqrt,0.001,217,15.83410138248848,16,34201,157.6082949308756
grid,1,0.3240395000029821,0.8825957557002367,0.884990253411306,217,16.0,7,7,sqrt,0.001,217,15.83410138248848,16,34201,157.6082949308756
grid,1,0.356563624998671,0.8825957557002367,0.884990253411306,217,16.0,7,10,sqrt,0.001,217,15.83410138248848,16,34201,157.6082949308756
grid,1,0.2007368330087047,0.8825680066786105,0.884990253411306,133,12.0,7,2,sqrt,0.0001,133,12.0,12,21785,163.796992481203
grid,1,0.1990285419888096,0.8825680066786105,0.884990253411306,133,12.0,7,5,sqrt,0.0001,133,12.0,12,21785,163.796992481203
grid,1,0.2041744169982848,0.8825680066786105,0.884990253411306,133,12.0,7,7,sqrt,0.0001,133,12.0,12,21785,163.796992481203
grid,1,0.2033773750008549,0.8825680066786105,0.884990253411306,133,12.0,7,10,sqrt,0.0001,133,12.0,12,21785,163.796992481203
grid,1,0.2027332500001648,0.8825680066786105,0.884990253411306,133,12.0,7,2,sqrt,1e-05,133,12.0,12,23327,175.39097744360902
grid,1,0.2020154170022579,0.8825680066786105,0.884990253411306,133,12.0,7,5,sqrt,1e-05,133,12.0,12,23327,175.39097744360902
grid,1,0.2052437910024309,0.8825680066786105,0.884990253411306,133,12.0,7,7,sqrt,1e-05,133,12.0,12,23327,175.39097744360902
grid,1,0.2240342919976683,0.8825680066786105,0.884990253411306,133,12.0,7,10,sqrt,1e-05,133,12.0,12,23327,175.39097744360902
grid,1,0.203549457990448,0.8825680066786105,0.884990253411306,133,12.0,7,2,sqrt,0.0,133,12.0,12,24271,182.48872180451127
grid,1,0.1974282079900149,0.8825680066786105,0.884990253411306,133,12.0,7,5,sqrt,0.0,133,12.0,12,24271,182.48872180451127
grid,1,0.1909869999944931,0.8825680066786105,0.884990253411306,133,12.0,7,7,sqrt,0.0,133,12.0,12,24271,182.48872180451127
grid,1,0.1970244999974966,0.8825680066786105,0.884990253411306,133,12.0,7,10,sqrt,0.0,133,12.0,12,24271,182.48872180451127
grid,1,0.0950314999936381,0.8824766759081409,0.884990253411306,50,,10,2,sqrt,1e-05,50,17.96,27,9352,187.04
grid,1,0.0936592500074766,0.8824766759081409,0.884990253411306,50,,10,5,sqrt,1e-05,50,17.96,27,9352,187.04
grid,1,0.0938581659866031,0.8824766759081409,0.884990253411306,50,,10,7,sqrt,1e-05,50,17.96,27,9352,187.04
grid,1,0.0940451250062324,0.8824766759081409,0.884990253411306,50,,10,10,sqrt,1e-05,50,17.96,27,9352,187.04
grid,1,0.0896466250123921,0.8824766759081409,0.884990253411306,50,,10,2,sqrt,0.0,50,18.0,27,9730,194.6
grid,1,0.0877697499963687,0.8824766759081409,0.884990253411306,50,,10,5,sqrt,0.0,50,18.0,27,9730,194.6
grid,1,0.0995107920025475,0.8824766759081409,0.884990253411306,50,,10,7,sqrt,0.0,50,18.0,27,9730,194.6
grid,1,0.0954050829896004,0.8824766759081409,0.884990253411306,50,,10,10,sqrt,0.0,50,18.0,27,9730,194.6
grid,1,0.0948640419956063,0.882428930497402,0.884990253411306,50,20.0,7,2,sqrt,0.0001,50,18.76,20,10506,210.12
grid,1,0.0949787919962545,0.882428930497402,0.884990253411306,50,20.0,7,5,sqrt,0.0001,50,18.76,20,10506,210.12
grid,1,0.0957362920016748,0.882428930497402,0.884990253411306,50,20.0,7,7,sqrt,0.0001,50,18.76,20,10506,210.12
grid,1,0.0974339579988736,0.882428930497402,0.884990253411306,50,20.0,7,10,sqrt,0.0001,50,18.76,20,10506,210.12
grid,1,0.0926935840107034,0.882428930497402,0.884990253411306,50,20.0,7,2,sqrt,1e-05,50,18.82,20,11272,225.44
grid,1,0.0971968329977244,0.882428930497402,0.884990253411306,50,20.0,7,5,sqrt,1e-05,50,18.82,20,11272,225.44
grid,1,0.0954881659999955,0.882428930497402,0.884990253411306,50,20.0,7,7,sqrt,1e-05,50,18.82,20,11272,225.44
grid,1,0.0960611250047804,0.882428930497402,0.884990253411306,50,20.0,7,10,sqrt,1e-05,50,18.82,20,11272,225.44
grid,1,0.0972202080010902,0.882428930497402,0.884990253411306,50,20.0,7,2,sqrt,0.0,50,18.86,20,11750,235.0
grid,1,0.0907385410100687,0.882428930497402,0.884990253411306,50,20.0,7,5,sqrt,0.0,50,18.86,20,11750,235.0
grid,1,0.0926548749994253,0.882428930497402,0.884990253411306,50,20.0,7,7,sqrt,0.0,50,18.86,20,11750,235.0
grid,1,0.0965442919987253,0.882428930497402,0.884990253411306,50,20.0,7,10,sqrt,0.0,50,18.86,20,11750,235.0
grid,1,0.5989580830064369,0.8823370307597106,0.884990253411306,133,16.0,4,2,0.5,0.001,133,16.0,16,16653,125.21052631578948
grid,1,0.5847172499925364,0.8823370307597106,0.884990253411306,133,16.0,4,5,0.5,0.001,133,16.0,16,16653,125.21052631578948
grid,1,0.6051173750020098,0.8823370307597106,0.884990253411306,133,16.0,4,7,0.5,0.001,133,16.0,16,16653,125.21052631578948
grid,1,0.0802887080062646,0.8821838527236203,0.8830409356725146,50,,4,2,log2,1e-05,50,19.96,26,17280,345.6
grid,1,0.0805362499959301,0.8821838527236203,0.8830409356725146,50,,4,5,log2,1e-05,50,19.96,26,17280,345.6
grid,1,0.0808719170017866,0.8821838527236203,0.8830409356725146,50,,4,7,log2,1e-05,50,19.96,26,17280,345.6
grid,1,0.0813924170070095,0.8821838527236203,0.8830409356725146,50,,4,2,log2,0.0,50,20.02,26,17908,358.16
grid,1,0.0812833749951096,0.8821838527236203,0.8830409356725146,50,,4,5,log2,0.0,50,20.02,26,17908,358.16
grid,1,0.0790799590031383,0.8821838527236203,0.8830409356725146,50,,4,7,log2,0.0,50,20.02,26,17908,358.16
grid,1,0.2162981250003213,0.8820620975966165,0.884990253411306,133,,7,2,sqrt,0.001,133,18.32330827067669,24,22147,166.5187969924812
grid,1,0.209572791995015,0.8820620975966165,0.884990253411306,133,,7,5,sqrt,0.001,133,18.32330827067669,24,22147,166.5187969924812
grid,1,0.2075061250070575,0.8820620975966165,0.884990253411306,133,,7,7,sqrt,0.001,133,18.32330827067669,24,22147,166.5187969924812
grid,1,0.2086240000062389,0.8820620975966165,0.884990253411306,133,,7,10,sqrt,0.001,133,18.32330827067669,24,22147,166.5187969924812
grid,1,0.2640513330115936,0.8817909314400196,0.884990253411306,50,,7,2,0.5,0.0001,50,23.56,29,8114,162.28
grid,1,0.2555491249950137,0.8817909314400196,0.884990253411306,50,,7,5,0.5,0.0001,50,23.56,29,8114,162.28
grid,1,0.2805604999884963,0.8817909314400196,0.884990253411306,50,,7,7,0.5,0.0001,50,23.56,29,8114,162.28
grid,1,0.2614848750090459,0.8817909314400196,0.884990253411306,50,,7,10,0.5,0.0001,50,23.56,29,8114,162.28
grid,1,0.2634152920072665,0.8817447225387508,0.884990253411306,50,20.0,7,2,0.5,0.0001,50,19.84,20,7590,151.8
grid,1,0.260378666993347,0.8817447225387508,0.884990253411306,50,20.0,7,5,0.5,0.0001,50,19.84,20,7590,151.8
grid,1,0.252585291993455,0.8817447225387508,0.884990253411306,50,20.0,7,7,0.5,0.0001,50,19.84,20,7590,151.8
grid,1,0.2747738339967327,0.8817447225387508,0.884990253411306,50,20.0,7,10,0.5,0.0001,50,19.84,20,7590,151.8
grid,1,0.2805046249995939,0.8817447225387508,0.884990253411306,50,20.0,7,2,0.5,1e-05,50,19.86,20,8064,161.28
grid,1,0.2558594169968273,0.8817447225387508,0.884990253411306,50,20.0,7,5,0.5,1e-05,50,19.86,20,8064,161.28
grid,1,0.2547814580029808,0.8817447225387508,0.884990253411306,50,20.0,7,7,0.5,1e-05,50,19.86,20,8064,161.28
grid,1,0.2484349170117639,0.8817447225387508,0.884990253411306,50,20.0,7,10,0.5,1e-05,50,19.86,20,8064,161.28
grid,1,0.2476957499893615,0.8817447225387508,0.884990253411306,50,20.0,7,2,0.5,0.0,50,19.86,20,8564,171.28
grid,1,0.2492473749880446,0.8817447225387508,0.884990253411306,50,20.0,7,5,0.5,0.0,50,19.86,20,8564,171.28
grid,1,0.249429625007906,0.8817447225387508,0.884990253411306,50,20.0,7,7,0.5,0.0,50,19.86,20,8564,171.28
grid,1,0.2580845829943428,0.8817447225387508,0.884990253411306,50,20.0,7,10,0.5,0.0,50,19.86,20,8564,171.28
grid,1,0.1661962500074878,0.8817062451502546,0.8830409356725146,133,8.0,1,7,log2,0.0001,133,8.0,8,18845,141.69172932330827
grid,1,0.1752501250011846,0.8817062451502546,0.8830409356725146,133,8.0,1,7,log2,1e-05,133,8.0,8,18951,142.48872180451127
grid,1,0.1733873750054044,0.8817062451502546,0.8830409356725146,133,8.0,1,7,log2,0.0,133,8.0,8,19343,145.4360902255639
grid,1,0.0808495000092079,0.8816413504334419,0.8830409356725146,50,20.0,7,2,log2,0.0001,50,18.18,20,11436,228.72
grid,1,0.0781293330073822,0.8816413504334419,0.8830409356725146,50,20.0,7,5,log2,0.0001,50,18.18,20,11436,228.72
grid,1,0.0820200000016484,0.8816413504334419,0.8830409356725146,50,20.0,7,7,log2,0.0001,50,18.18,20,11436,228.72
grid,1,0.0818248749856138,0.8816413504334419,0.8830409356725146,50,20.0,7,10,log2,0.0001,50,18.18,20,11436,228.72
grid,1,0.0903889580076793,0.8816413504334419,0.8830409356725146,50,20.0,7,2,log2,1e-05,50,18.24,20,12218,244.36
grid,1,0.0825319580035284,0.8816413504334419,0.8830409356725146,50,20.0,7,5,log2,1e-05,50,18.24,20,12218,244.36
grid,1,0.0822791250102454,0.8816413504334419,0.8830409356725146,50,20.0,7,7,log2,1e-05,50,18.24,20,12218,244.36
grid,1,0.0789067079895176,0.8816413504334419,0.8830409356725146,50,20.0,7,10,log2,1e-05,50,18.24,20,12218,244.36
grid,1,0.0823733750003157,0.8816413504334419,0.8830409356725146,50,20.0,7,2,log2,0.0,50,18.26,20,12602,252.04
grid,1,0.0828540829970734,0.8816413504334419,0.8830409356725146,50,20.0,7,5,log2,0.0,50,18.26,20,12602,252.04
grid,1,0.0802369169978192,0.8816413504334419,0.8830409356725146,50,20.0,7,7,log2,0.0,50,18.26,20,12602,252.04
grid,1,0.0832492909976281,0.8816413504334419,0.8830409356725146,50,20.0,7,10,log2,0.0,50,18.26,20,12602,252.04
grid,1,0.6111246250075055,0.8816309186200412,0.8830409356725146,133,16.0,4,10,0.5,0.0001,133,16.0,16,19883,149.49624060150376
grid,1,0.6053839579981286,0.8816309186200412,0.8830409356725146,133,16.0,4,10,0.5,1e-05,133,16.0,16,19925,149.81203007518798
grid,1,0.5962437080015661,0.8816309186200412,0.8830409356725146,133,16.0,4,10,0.5,0.0,133,16.0,16,21067,158.3984962406015
grid,1,0.0887625830073375,0.8816054292864952,0.8830409356725146,50,,7,2,log2,1e-05,50,18.74,24,12294,245.88
grid,1,0.080639666004572,0.8816054292864952,0.8830409356725146,50,,7,5,log2,1e-05,50,18.74,24,12294,245.88
grid,1,0.0816202080022776,0.8816054292864952,0.8830409356725146,50,,7,7,log2,1e-05,50,18.74,24,12294,245.88
grid,1,0.0805232499988051,0.8816054292864952,0.8830409356725146,50,,7,10,log2,1e-05,50,18.74,24,12294,245.88
grid,1,0.0828522079973481,0.8816054292864952,0.8830409356725146,50,,7,2,log2,0.0,50,18.76,24,12670,253.4
grid,1,0.0836935830011498,0.8816054292864952,0.8830409356725146,50,,7,5,log2,0.0,50,18.76,24,12670,253.4
grid,1,0.0829444589908234,0.8816054292864952,0.8830409356725146,50,,7,7,log2,0.0,50,18.76,24,12670,253.4
grid,1,0.0828992080059833,0.8816054292864952,0.8830409356725146,50,,7,10,log2,0.0,50,18.76,24,12670,253.4
grid,1,0.0806153340090531,0.8815654035058071,0.8830409356725146,50,16.0,4,2,log2,0.0001,50,15.98,16,15338,306.76
grid,1,0.0832209999935003,0.8815654035058071,0.8830409356725146,50,16.0,4,5,log2,0.0001,50,15.98,16,15338,306.76
grid,1,0.084169291993021,0.8815654035058071,0.8830409356725146,50,16.0,4,7,log2,0.0001,50,15.98,16,15338,306.76
grid,1,0.082368083007168,0.8815654035058071,0.8830409356725146,50,16.0,4,2,log2,1e-05,50,15.98,16,15784,315.68
grid,1,0.0802570419909898,0.8815654035058071,0.8830409356725146,50,16.0,4,5,log2,1e-05,50,15.98,16,15784,315.68
grid,1,0.0807337919977726,0.8815654035058071,0.8830409356725146,50,16.0,4,7,log2,1e-05,50,15.98,16,15784,315.68
grid,1,0.0836554590059677,0.8815654035058071,0.8830409356725146,50,16.0,4,2,log2,0.0,50,15.98,16,16368,327.36
grid,1,0.0819947499985573,0.8815654035058071,0.8830409356725146,50,16.0,4,5,log2,0.0,50,15.98,16,16368,327.36
grid,1,0.0832320000045001,0.8815654035058071,0.8830409356725146,50,16.0,4,7,log2,0.0,50,15.98,16,16368,327.36
grid,1,0.2044408749934518,0.8814153149302019,0.8830409356725146,133,12.0,1,10,sqrt,0.001,133,12.0,12,23727,178.3984962406015
grid,1,0.2532649170025252,0.8813041805548097,0.884990253411306,50,20.0,7,2,0.5,0.001,50,19.78,20,6126,122.52
grid,1,0.2531556670001009,0.8813041805548097,0.884990253411306,50,20.0,7,5,0.5,0.001,50,19.78,20,6126,122.52
grid,1,0.2513371250097407,0.8813041805548097,0.884990253411306,50,20.0,7,7,0.5,0.001,50,19.78,20,6126,122.52
grid,1,0.2574585830006981,0.8813041805548097,0.884990253411306,50,20.0,7,10,0.5,0.001,50,19.78,20,6126,122.52
grid,1,0.0911667920008767,0.8812993697444044,0.8830409356725146,50,12.0,1,7,log2,0.001,50,12.0,12,10502,210.04
grid,1,0.2912705830094637,0.8810295287313289,0.8830409356725146,217,8.0,1,2,log2,0.0001,217,8.0,8,38661,178.16129032258064
grid,1,0.2854884999978822,0.8810295287313289,0.8830409356725146,217,8.0,1,2,log2,1e-05,217,8.0,8,38767,178.64976958525347
grid,1,0.3077652500069234,0.8810295287313289,0.8830409356725146,217,8.0,1,2,log2,0.0,217,8.0,8,40207,185.28571428571428
grid,1,0.1773552920058136,0.8809891142428211,0.8830409356725146,133,16.0,4,2,log2,0.001,133,15.894736842105264,16,29843,224.38345864661653
grid,1,0.178212375001749,0.8809891142428211,0.8830409356725146,133,16.0,4,5,log2,0.001,133,15.894736842105264,16,29843,224.38345864661653
grid,1,0.1859088750061346,0.8809891142428211,0.8830409356725146,133,16.0,4,7,log2,0.001,133,15.894736842105264,16,29843,224.38345864661653
grid,1,0.2492601249978179,0.8808928169972275,0.8810916179337231,50,16.0,1,10,0.5,0.001,50,16.0,16,6786,135.72
grid,1,0.2092355420027161,0.8808457204386175,0.8830409356725146,133,20.0,4,2,log2,0.001,133,18.20300751879699,20,31435,236.35338345864665
grid,1,0.1779595839907415,0.8808457204386175,0.8830409356725146,133,20.0,4,5,log2,0.001,133,18.20300751879699,20,31435,236.35338345864665
grid,1,0.1717935420019785,0.8808457204386175,0.8830409356725146,133,20.0,4,7,log2,0.001,133,18.20300751879699,20,31435,236.35338345864665
grid,1,0.0940531249943887,0.8808423499495148,0.8830409356725146,50,20.0,7,2,sqrt,0.001,50,18.24,20,8238,164.76
grid,1,0.0914065420074621,0.8808423499495148,0.8830409356725146,50,20.0,7,5,sqrt,0.001,50,18.24,20,8238,164.76
grid,1,0.0971054170076968,0.8808423499495148,0.8830409356725146,50,20.0,7,7,sqrt,0.001,50,18.24,20,8238,164.76
grid,1,0.0984967080003116,0.8808423499495148,0.8830409356725146,50,20.0,7,10,sqrt,0.001,50,18.24,20,8238,164.76
grid,1,0.2292942500062054,0.8808190606456597,0.8810916179337231,50,12.0,1,5,0.5,1e-05,50,12.0,12,7042,140.84
grid,1,0.2416495829966152,0.8808190606456597,0.8810916179337231,50,12.0,1,5,0.5,0.0001,50,12.0,12,7042,140.84
grid,1,0.2417092919931747,0.8808190606456597,0.8810916179337231,50,12.0,1,5,0.5,0.0,50,12.0,12,7412,148.24
grid,1,0.0964724590012338,0.8807086464132656,0.8830409356725146,50,16.0,10,2,sqrt,0.0001,50,15.72,16,8266,165.32
grid,1,0.0960005419910885,0.8807086464132656,0.8830409356725146,50,16.0,10,5,sqrt,0.0001,50,15.72,16,8266,165.32
grid,1,0.0958224589994642,0.8807086464132656,0.8830409356725146,50,16.0,10,7,sqrt,0.0001,50,15.72,16,8266,165.32
grid,1,0.0969392919942038,0.8807086464132656,0.8830409356725146,50,16.0,10,10,sqrt,0.0001,50,15.72,16,8266,165.32
grid,1,0.095502583993948,0.8806472009115728,0.8830409356725146,50,12.0,7,2,sqrt,0.001,50,12.0,12,6500,130.0
grid,1,0.1263445829972624,0.8806472009115728,0.8830409356725146,50,12.0,7,5,sqrt,0.001,50,12.0,12,6500,130.0
grid,1,0.0914534580078907,0.8806472009115728,0.8830409356725146,50,12.0,7,7,sqrt,0.001,50,12.0,12,6500,130.0
grid,1,0.0949368750007124,0.8806472009115728,0.8830409356725146,50,12.0,7,10,sqrt,0.001,50,12.0,12,6500,130.0
grid,1,0.2013538750034058,0.880639915625416,0.8830409356725146,133,12.0,1,10,log2,0.001,133,12.0,12,26839,201.796992481203
grid,1,0.0962841660075355,0.8805898800485374,0.8830409356725146,50,20.0,10,2,sqrt,1e-05,50,17.62,20,9316,186.32
grid,1,0.0934878330008359,0.8805898800485374,0.8830409356725146,50,20.0,10,5,sqrt,1e-05,50,17.62,20,9316,186.32
grid,1,0.0943793749902397,0.8805898800485374,0.8830409356725146,50,20.0,10,7,sqrt,1e-05,50,17.62,20,9316,186.32
grid,1,0.0972678329999325,0.8805898800485374,0.8830409356725146,50,20.0,10,10,sqrt,1e-05,50,17.62,20,9316,186.32
grid,1,0.094449166994309,0.8805898800485374,0.8830409356725146,50,20.0,10,2,sqrt,0.0,50,17.66,20,9700,194.0
grid,1,0.0943590000097174,0.8805898800485374,0.8830409356725146,50,20.0,10,5,sqrt,0.0,50,17.66,20,9700,194.0
grid,1,0.0921091250056633,0.8805898800485374,0.8830409356725146,50,20.0,10,7,sqrt,0.0,50,17.66,20,9700,194.0
grid,1,0.0976219169970136,0.8805898800485374,0.8830409356725146,50,20.0,10,10,sqrt,0.0,50,17.66,20,9700,194.0
grid,1,0.0888999579910887,0.8805314587880702,0.8830409356725146,50,,10,2,sqrt,0.0001,50,17.88,27,8664,173.28
grid,1,0.1077694999985396,0.8805314587880702,0.8830409356725146,50,,10,5,sqrt,0.0001,50,17.88,27,8664,173.28
grid,1,0.0958020830003079,0.8805314587880702,0.8830409356725146,50,,10,7,sqrt,0.0001,50,17.88,27,8664,173.28
grid,1,0.0961862080002902,0.8805314587880702,0.8830409356725146,50,,10,10,sqrt,0.0001,50,17.88,27,8664,173.28
grid,1,0.1000736249989131,0.8804997404371971,0.8830409356725146,50,16.0,7,2,sqrt,1e-05,50,15.92,16,10632,212.64
grid,1,0.114098041987745,0.8804997404371971,0.8830409356725146,50,16.0,7,5,sqrt,1e-05,50,15.92,16,10632,212.64
grid,1,0.0959880000009434,0.8804997404371971,0.8830409356725146,50,16.0,7,7,sqrt,1e-05,50,15.92,16,10632,212.64
grid,1,0.097392084004241,0.8804997404371971,0.8830409356725146,50,16.0,7,10,sqrt,1e-05,50,15.92,16,10632,212.64
grid,1,0.0961031670012744,0.8804997404371971,0.8830409356725146,50,16.0,7,2,sqrt,0.0,50,15.92,16,11090,221.8
grid,1,0.0952822079998441,0.8804997404371971,0.8830409356725146,50,16.0,7,5,sqrt,0.0,50,15.92,16,11090,221.8
grid,1,0.0922226249967934,0.8804997404371971,0.8830409356725146,50,16.0,7,7,sqrt,0.0,50,15.92,16,11090,221.8
grid,1,0.0974891660007415,0.8804997404371971,0.8830409356725146,50,16.0,7,10,sqrt,0.0,50,15.92,16,11090,221.8
grid,1,0.2888195840059779,0.8804985098110154,0.8830409356725146,217,16.0,7,2,log2,0.0001,217,15.824884792626728,16,47745,220.0230414746544
grid,1,0.2979167500016046,0.8804985098110154,0.8830409356725146,217,16.0,7,5,log2,0.0001,217,15.824884792626728,16,47745,220.0230414746544
grid,1,0.2949087080050958,0.8804985098110154,0.8830409356725146,217,16.0,7,7,log2,0.0001,217,15.824884792626728,16,47745,220.0230414746544
grid,1,0.2953524580079829,0.8804985098110154,0.8830409356725146,217,16.0,7,10,log2,0.0001,217,15.824884792626728,16,47745,220.0230414746544
grid,1,0.2932793749932898,0.8804985098110154,0.8830409356725146,217,16.0,7,2,log2,1e-05,217,15.838709677419354,16,51053,235.2672811059908
grid,1,0.3237737089948496,0.8804985098110154,0.8830409356725146,217,16.0,7,5,log2,1e-05,217,15.838709677419354,16,51053,235.2672811059908
grid,1,0.2953622920031193,0.8804985098110154,0.8830409356725146,217,16.0,7,7,log2,1e-05,217,15.838709677419354,16,51053,235.2672811059908
grid,1,0.2961973749916069,0.8804985098110154,0.8830409356725146,217,16.0,7,10,log2,1e-05,217,15.838709677419354,16,51053,235.2672811059908
grid,1,0.286747167003341,0.8804985098110154,0.8830409356725146,217,16.0,7,2,log2,0.0,217,15.84331797235023,16,52685,242.78801843317973
grid,1,0.2802332089922856,0.8804985098110154,0.8830409356725146,217,16.0,7,5,log2,0.0,217,15.84331797235023,16,52685,242.78801843317973
grid,1,0.2867727920092875,0.8804985098110154,0.8830409356725146,217,16.0,7,7,log2,0.0,217,15.84331797235023,16,52685,242.78801843317973
grid,1,0.2869448749988805,0.8804985098110154,0.8830409356725146,217,16.0,7,10,log2,0.0,217,15.84331797235023,16,52685,242.78801843317973
grid,1,0.3097717079945141,0.8804796213856155,0.8830409356725146,217,8.0,1,2,sqrt,0.001,217,8.0,8,25113,115.72811059907832
grid,1,0.2031475419935304,0.8803142985053606,0.8830409356725146,133,16.0,7,2,sqrt,0.001,133,15.834586466165414,16,20909,157.21052631578948
grid,1,0.2002323330088984,0.8803142985053606,0.8830409356725146,133,16.0,7,5,sqrt,0.001,133,15.834586466165414,16,20909,157.21052631578948
grid,1,0.2046422499988693,0.8803142985053606,0.8830409356725146,133,16.0,7,7,sqrt,0.001,133,15.834586466165414,16,20909,157.21052631578948
grid,1,0.201136999996379,0.8803142985053606,0.8830409356725146,133,16.0,7,10,sqrt,0.001,133,15.834586466165414,16,20909,157.21052631578948
grid,1,0.3064364590100012,0.8801942910001581,0.8810916179337231,217,8.0,1,5,sqrt,0.0001,217,8.0,8,28773,132.59447004608296
grid,1,0.3138284589949762,0.8801942910001581,0.8810916179337231,217,8.0,1,5,sqrt,1e-05,217,8.0,8,28823,132.82488479262673
grid,1,0.3046187080035452,0.8801942910001581,0.8810916179337231,217,8.0,1,5,sqrt,0.0,217,8.0,8,29641,136.59447004608296
grid,1,0.0942932920006569,0.8798732640533818,0.8810916179337231,50,8.0,1,7,sqrt,0.0001,50,8.0,8,6000,120.0
grid,1,0.0931922499876236,0.8798732640533818,0.8810916179337231,50,8.0,1,7,sqrt,1e-05,50,8.0,8,6018,120.36
grid,1,0.0925890830112621,0.8798732640533818,0.8810916179337231,50,8.0,1,7,sqrt,0.0,50,8.0,8,6166,123.32
grid,1,0.079494749996229,0.8797370749980524,0.8810916179337231,50,20.0,4,2,log2,1e-05,50,18.96,20,17102,342.04
grid,1,0.0817394579935353,0.8797370749980524,0.8810916179337231,50,20.0,4,5,log2,1e-05,50,18.96,20,17102,342.04
grid,1,0.0815830829960759,0.8797370749980524,0.8810916179337231,50,20.0,4,7,log2,1e-05,50,18.96,20,17102,342.04
grid,1,0.0813498749921564,0.8797370749980524,0.8810916179337231,50,20.0,4,2,log2,0.0,50,19.0,20,17734,354.68
grid,1,0.0835852080053882,0.8797370749980524,0.8810916179337231,50,20.0,4,5,log2,0.0,50,19.0,20,17734,354.68
grid,1,0.0831505000096513,0.8797370749980524,0.8810916179337231,50,20.0,4,7,log2,0.0,50,19.0,20,17734,354.68
grid,1,0.2532970419997582,0.8795543115987701,0.8830409356725146,50,,7,2,0.5,0.001,50,22.86,29,6542,130.84
grid,1,0.2520220419974066,0.8795543115987701,0.8830409356725146,50,,7,5,0.5,0.001,50,22.86,29,6542,130.84
grid,1,0.2690114589931909,0.8795543115987701,0.8830409356725146,50,,7,7,0.5,0.001,50,22.86,29,6542,130.84
grid,1,0.2569896250060992,0.8795543115987701,0.8830409356725146,50,,7,10,0.5,0.001,50,22.86,29,6542,130.84
grid,1,0.1760429999994812,0.8794731412361955,0.8810916179337231,133,12.0,4,2,log2,0.0001,133,12.0,12,32627,245.31578947368425
grid,1,0.1730950420023873,0.8794731412361955,0.8810916179337231,133,12.0,4,5,log2,0.0001,133,12.0,12,32627,245.31578947368425
grid,1,0.1755375830107368,0.8794731412361955,0.8810916179337231,133,12.0,4,7,log2,0.0001,133,12.0,12,32627,245.31578947368425
grid,1,0.1793952500011073,0.8794731412361955,0.8810916179337231,133,12.0,4,2,log2,1e-05,133,12.0,12,33511,251.9624060150376
grid,1,0.1751792919967556,0.8794731412361955,0.8810916179337231,133,12.0,4,5,log2,1e-05,133,12.0,12,33511,251.9624060150376
grid,1,0.1735132920002797,0.8794731412361955,0.8810916179337231,133,12.0,4,7,log2,1e-05,133,12.0,12,33511,251.9624060150376
grid,1,0.1741425420041196,0.8794731412361955,0.8810916179337231,133,12.0,4,2,log2,0.0,133,12.0,12,34575,259.9624060150376
grid,1,0.1813699589984025,0.8794731412361955,0.8810916179337231,133,12.0,4,5,log2,0.0,133,12.0,12,34575,259.9624060150376
grid,1,0.1947123749996535,0.8794731412361955,0.8810916179337231,133,12.0,4,7,log2,0.0,133,12.0,12,34575,259.9624060150376
grid,1,0.6031795000017155,0.8793391986973333,0.8810916179337231,133,16.0,4,10,0.5,0.001,133,16.0,16,15745,118.38345864661656
grid,1,0.0914101670059608,0.879262771052734,0.8810916179337231,50,16.0,4,2,log2,0.001,50,15.92,16,11026,220.52
grid,1,0.0924814589961897,0.879262771052734,0.8810916179337231,50,16.0,4,5,log2,0.001,50,15.92,16,11026,220.52
grid,1,0.0809756249946076,0.879262771052734,0.8810916179337231,50,16.0,4,7,log2,0.001,50,15.92,16,11026,220.52
grid,1,0.0809053749981103,0.8792385466606691,0.8810916179337231,50,,10,2,log2,0.0001,50,16.9,24,9220,184.4
grid,1,0.0819813749985769,0.8792385466606691,0.8810916179337231,50,,10,5,log2,0.0001,50,16.9,24,9220,184.4
grid,1,0.0808186250069411,0.8792385466606691,0.8810916179337231,50,,10,7,log2,0.0001,50,16.9,24,9220,184.4
grid,1,0.0814857499935897,0.8792385466606691,0.8810916179337231,50,,10,10,log2,0.0001,50,16.9,24,9220,184.4
grid,1,0.0762804169935407,0.8792385466606691,0.8810916179337231,50,,10,2,log2,1e-05,50,17.0,24,9842,196.84
grid,1,0.0815677499922458,0.8792385466606691,0.8810916179337231,50,,10,5,log2,1e-05,50,17.0,24,9842,196.84
grid,1,0.0818059159937547,0.8792385466606691,0.8810916179337231,50,,10,7,log2,1e-05,50,17.0,24,9842,196.84
grid,1,0.0816695420071482,0.8792385466606691,0.8810916179337231,50,,10,10,log2,1e-05,50,17.0,24,9842,196.84
grid,1,0.0805357079952955,0.8792385466606691,0.8810916179337231,50,,10,2,log2,0.0,50,17.04,24,10108,202.16
grid,1,0.0825383749906905,0.8792385466606691,0.8810916179337231,50,,10,5,log2,0.0,50,17.04,24,10108,202.16
grid,1,0.0771767080004792,0.8792385466606691,0.8810916179337231,50,,10,7,log2,0.0,50,17.04,24,10108,202.16
grid,1,0.0921683329943334,0.8792385466606691,0.8810916179337231,50,,10,10,log2,0.0,50,17.04,24,10108,202.16
grid,1,0.0922313750052126,0.8790853488820034,0.8810916179337231,50,12.0,1,10,log2,0.001,50,12.0,12,9786,195.72
grid,1,0.2042476249916944,0.8789115478254814,0.8810916179337231,133,,10,2,sqrt,0.0001,133,17.917293233082706,27,23161,174.14285714285714
grid,1,0.2069174159987596,0.8789115478254814,0.8810916179337231,133,,10,5,sqrt,0.0001,133,17.917293233082706,27,23161,174.14285714285714
grid,1,0.2022465000045485,0.8789115478254814,0.8810916179337231,133,,10,7,sqrt,0.0001,133,17.917293233082706,27,23161,174.14285714285714
grid,1,0.2059134580049431,0.8789115478254814,0.8810916179337231,133,,10,10,sqrt,0.0001,133,17.917293233082706,27,23161,174.14285714285714
grid,1,0.2028097919974243,0.8789115478254814,0.8810916179337231,133,,10,2,sqrt,1e-05,133,17.962406015037594,27,24835,186.72932330827064
grid,1,0.2103905830008443,0.8789115478254814,0.8810916179337231,133,,10,5,sqrt,1e-05,133,17.962406015037594,27,24835,186.72932330827064
grid,1,0.2030193329992471,0.8789115478254814,0.8810916179337231,133,,10,7,sqrt,1e-05,133,17.962406015037594,27,24835,186.72932330827064
grid,1,0.2155390000116313,0.8789115478254814,0.8810916179337231,133,,10,10,sqrt,1e-05,133,17.962406015037594,27,24835,186.72932330827064
grid,1,0.2040065000037429,0.8789115478254814,0.8810916179337231,133,,10,2,sqrt,0.0,133,18.0,27,25769,193.75187969924812
grid,1,0.1960072499932721,0.8789115478254814,0.8810916179337231,133,,10,5,sqrt,0.0,133,18.0,27,25769,193.75187969924812
grid,1,0.2026308329950552,0.8789115478254814,0.8810916179337231,133,,10,7,sqrt,0.0,133,18.0,27,25769,193.75187969924812
grid,1,0.202044499994372,0.8789115478254814,0.8810916179337231,133,,10,10,sqrt,0.0,133,18.0,27,25769,193.75187969924812
grid,1,0.1766230000066571,0.8788932926399279,0.8810916179337231,133,8.0,4,2,log2,0.001,133,8.0,8,13823,103.93233082706767
grid,1,0.1771674159972462,0.8788932926399279,0.8810916179337231,133,8.0,4,5,log2,0.001,133,8.0,8,13823,103.93233082706767
grid,1,0.1760202500008745,0.8788932926399279,0.8810916179337231,133,8.0,4,7,log2,0.001,133,8.0,8,13823,103.93233082706767
grid,1,0.0923469999979715,0.8788645324801679,0.8810916179337231,50,8.0,1,7,sqrt,0.001,50,8.0,8,5220,104.4
grid,1,0.1914202080079121,0.8788572773432792,0.8810916179337231,133,8.0,4,10,sqrt,0.0001,133,8.0,8,14819,111.42105263157896
grid,1,0.1909166669938713,0.8788572773432792,0.8810916179337231,133,8.0,4,10,sqrt,1e-05,133,8.0,8,14939,112.32330827067668
grid,1,0.1898534590000054,0.8788572773432792,0.8810916179337231,133,8.0,4,10,sqrt,0.0,133,8.0,8,15405,115.82706766917292
grid,1,0.192850666004233,0.8787554422142762,0.8810916179337231,133,,4,2,log2,0.001,133,18.76691729323308,25,31675,238.1578947368421
grid,1,0.1947435419860994,0.8787554422142762,0.8810916179337231,133,,4,5,log2,0.001,133,18.76691729323308,25,31675,238.1578947368421
grid,1,0.1902622920024441,0.8787554422142762,0.8810916179337231,133,,4,7,log2,0.001,133,18.76691729323308,25,31675,238.1578947368421
grid,1,0.3085622920043533,0.878685109792066,0.8810916179337231,217,12.0,4,10,log2,0.0001,217,12.0,12,49029,225.94009216589865
grid,1,0.2942290840001078,0.878685109792066,0.8810916179337231,217,12.0,4,10,log2,1e-05,217,12.0,12,50027,230.53917050691248
grid,1,0.2845451660105027,0.878685109792066,0.8810916179337231,217,12.0,4,10,log2,0.0,217,12.0,12,51669,238.10599078341016
grid,1,0.0959520839969627,0.8786290957348118,0.8810916179337231,50,20.0,10,2,sqrt,0.0001,50,17.56,20,8630,172.6
grid,1,0.0965390829951502,0.8786290957348118,0.8810916179337231,50,20.0,10,5,sqrt,0.0001,50,17.56,20,8630,172.6
grid,1,0.0932969579880591,0.8786290957348118,0.8810916179337231,50,20.0,10,7,sqrt,0.0001,50,17.56,20,8630,172.6
grid,1,0.0949462080025114,0.8786290957348118,0.8810916179337231,50,20.0,10,10,sqrt,0.0001,50,17.56,20,8630,172.6
grid,1,0.9366769999905956,0.8784734234819839,0.8810916179337231,217,16.0,7,2,0.5,0.0001,217,16.0,16,28099,129.4884792626728
grid,1,0.9469346660043813,0.8784734234819839,0.8810916179337231,217,16.0,7,5,0.5,0.0001,217,16.0,16,28099,129.4884792626728
grid,1,0.9524290829867824,0.8784734234819839,0.8810916179337231,217,16.0,7,7,0.5,0.0001,217,16.0,16,28099,129.4884792626728
grid,1,0.950273249996826,0.8784734234819839,0.8810916179337231,217,16.0,7,10,0.5,0.0001,217,16.0,16,28099,129.4884792626728
grid,1,0.9327237910038092,0.8784734234819839,0.8810916179337231,217,16.0,7,2,0.5,1e-05,217,16.0,16,29771,137.19354838709677
grid,1,0.9439185410010396,0.8784734234819839,0.8810916179337231,217,16.0,7,5,0.5,1e-05,217,16.0,16,29771,137.19354838709677
grid,1,0.9403064579964848,0.8784734234819839,0.8810916179337231,217,16.0,7,7,0.5,1e-05,217,16.0,16,29771,137.19354838709677
grid,1,0.9485940000013215,0.8784734234819839,0.8810916179337231,217,16.0,7,10,0.5,1e-05,217,16.0,16,29771,137.19354838709677
grid,1,0.947202457988169,0.8784734234819839,0.8810916179337231,217,16.0,7,2,0.5,0.0,217,16.0,16,31799,146.53917050691246
grid,1,0.9375077090080596,0.8784734234819839,0.8810916179337231,217,16.0,7,5,0.5,0.0,217,16.0,16,31799,146.53917050691246
grid,1,0.9405930409993744,0.8784734234819839,0.8810916179337231,217,16.0,7,7,0.5,0.0,217,16.0,16,31799,146.53917050691246
grid,1,0.946385041999747,0.8784734234819839,0.8810916179337231,217,16.0,7,10,0.5,0.0,217,16.0,16,31799,146.53917050691246
grid,1,0.5674136250017909,0.8784284542280812,0.8810916179337231,133,12.0,1,2,0.5,0.0001,133,12.0,12,22327,167.87218045112783
grid,1,0.5860876670049038,0.8784284542280812,0.8810916179337231,133,12.0,1,2,0.5,1e-05,133,12.0,12,22329,167.88721804511275
grid,1,0.5668909160012845,0.8784284542280812,0.8810916179337231,133,12.0,1,2,0.5,0.0,133,12.0,12,23797,178.9248120300752
grid,1,0.2596374999993713,0.8784104131447703,0.8810916179337231,50,20.0,4,10,0.5,0.001,50,20.0,20,7140,142.8
grid,1,0.2532082499965327,0.8783806130713777,0.8810916179337231,50,12.0,1,7,0.5,1e-05,50,12.0,12,6578,131.56
grid,1,0.2902197079965845,0.8783806130713777,0.8810916179337231,50,12.0,1,7,0.5,0.0001,50,12.0,12,6578,131.56
grid,1,0.2497449580114334,0.8783806130713777,0.8810916179337231,50,12.0,1,7,0.5,0.0,50,12.0,12,6916,138.32
grid,1,0.3002884590096073,0.8783648111828118,0.8810916179337231,217,12.0,4,2,log2,0.001,217,12.0,12,39105,180.2073732718894
grid,1,0.2946421669912524,0.8783648111828118,0.8810916179337231,217,12.0,4,5,log2,0.001,217,12.0,12,39105,180.2073732718894
grid,1,0.3001128749892814,0.8783648111828118,0.8810916179337231,217,12.0,4,7,log2,0.001,217,12.0,12,39105,180.2073732718894
grid,1,0.3310107919969596,0.8783329125554429,0.8810916179337231,217,16.0,10,2,sqrt,0.001,217,15.612903225806452,16,28999,133.63594470046084
grid,1,0.3328892089921282,0.8783329125554429,0.8810916179337231,217,16.0,10,5,sqrt,0.001,217,15.612903225806452,16,28999,133.63594470046084
grid,1,0.3222494169895071,0.8783329125554429,0.8810916179337231,217,16.0,10,7,sqrt,0.001,217,15.612903225806452,16,28999,133.63594470046084
grid,1,0.096673791995272,0.8782508856133252,0.8810916179337231,50,16.0,7,2,sqrt,0.0001,50,15.92,16,9894,197.88
grid,1,0.095940667000832,0.8782508856133252,0.8810916179337231,50,16.0,7,5,sqrt,0.0001,50,15.92,16,9894,197.88
grid,1,0.0951367910020053,0.8782508856133252,0.8810916179337231,50,16.0,7,7,sqrt,0.0001,50,15.92,16,9894,197.88
grid,1,0.0937817920057568,0.8782508856133252,0.8810916179337231,50,16.0,7,10,sqrt,0.0001,50,15.92,16,9894,197.88
grid,1,0.2657087499974295,0.8781784518128649,0.8810916179337231,50,,4,10,0.5,0.001,50,25.38,30,7908,158.16
grid,1,0.0960645409941207,0.8781655065855826,0.8810916179337231,50,16.0,7,2,sqrt,0.001,50,15.9,16,7848,156.96
grid,1,0.0930272080004215,0.8781655065855826,0.8810916179337231,50,16.0,7,5,sqrt,0.001,50,15.9,16,7848,156.96
grid,1,0.0947250829922268,0.8781655065855826,0.8810916179337231,50,16.0,7,7,sqrt,0.001,50,15.9,16,7848,156.96
grid,1,0.0914548750006361,0.8781655065855826,0.8810916179337231,50,16.0,7,10,sqrt,0.001,50,15.9,16,7848,156.96
grid,1,0.0936842079972848,0.878021582807739,0.8810916179337231,50,16.0,10,2,sqrt,0.001,50,15.58,16,6566,131.32
grid,1,0.0950236250064335,0.878021582807739,0.8810916179337231,50,16.0,10,5,sqrt,0.001,50,15.58,16,6566,131.32
grid,1,0.0957580829999642,0.878021582807739,0.8810916179337231,50,16.0,10,7,sqrt,0.001,50,15.58,16,6566,131.32
grid,1,0.0968883330060634,0.878021582807739,0.8810916179337231,50,16.0,10,10,sqrt,0.001,50,15.58,16,6566,131.32
grid,1,0.095298415995785,0.8779887568933676,0.8810916179337231,50,20.0,10,2,sqrt,0.001,50,17.22,20,6868,137.36
grid,1,0.0975357499992242,0.8779887568933676,0.8810916179337231,50,20.0,10,5,sqrt,0.001,50,17.22,20,6868,137.36
grid,1,0.0957717080018483,0.8779887568933676,0.8810916179337231,50,20.0,10,7,sqrt,0.001,50,17.22,20,6868,137.36
grid,1,0.0955970000068191,0.8779887568933676,0.8810916179337231,50,20.0,10,10,sqrt,0.001,50,17.22,20,6868,137.36
grid,1,0.2771145000006072,0.8778527500951587,0.8791423001949318,217,8.0,1,5,log2,0.0001,217,8.0,8,32723,150.79723502304148
grid,1,0.2807739580021007,0.8778527500951587,0.8791423001949318,217,8.0,1,5,log2,1e-05,217,8.0,8,32879,151.51612903225808
grid,1,0.2903293329873122,0.8778527500951587,0.8791423001949318,217,8.0,1,5,log2,0.0,217,8.0,8,33677,155.19354838709677
grid,1,0.0789194579992909,0.8777522862571027,0.8791423001949318,50,,7,2,log2,0.001,50,17.76,24,8812,176.24
grid,1,0.0811661249899771,0.8777522862571027,0.8791423001949318,50,,7,5,log2,0.001,50,17.76,24,8812,176.24
grid,1,0.0848132910032291,0.8777522862571027,0.8791423001949318,50,,7,7,log2,0.001,50,17.76,24,8812,176.24
grid,1,0.0813182910060277,0.8777522862571027,0.8791423001949318,50,,7,10,log2,0.001,50,17.76,24,8812,176.24
grid,1,0.3132461669883923,0.877691450856274,0.8791423001949318,217,8.0,1,5,sqrt,0.001,217,8.0,8,24091,111.0184331797235
grid,1,0.9243992499978048,0.877672523417552,0.8791423001949318,217,12.0,1,2,0.5,0.0001,217,12.0,12,36553,168.44700460829492
grid,1,0.9245346669922584,0.877672523417552,0.8791423001949318,217,12.0,1,2,0.5,1e-05,217,12.0,12,36557,168.46543778801842
grid,1,0.912210166992736,0.877672523417552,0.8791423001949318,217,12.0,1,2,0.5,0.0,217,12.0,12,39085,180.1152073732719
grid,1,0.1836170830065384,0.877525821045261,0.8791423001949318,133,20.0,10,2,log2,0.001,133,16.383458646616543,20,19285,145.0
grid,1,0.1800485830026446,0.877525821045261,0.8791423001949318,133,20.0,10,5,log2,0.001,133,16.383458646616543,20,19285,145.0
grid,1,0.1831305419909767,0.877525821045261,0.8791423001949318,133,20.0,10,7,log2,0.001,133,16.383458646616543,20,19285,145.0
grid,1,0.1754964170104358,0.877525821045261,0.8791423001949318,133,20.0,10,10,log2,0.001,133,16.383458646616543,20,19285,145.0
grid,1,0.1840962919959565,0.877525821045261,0.8791423001949318,133,,10,2,log2,0.001,133,16.51127819548872,25,19339,145.406015037594
grid,1,0.1873963340040063,0.877525821045261,0.8791423001949318,133,,10,5,log2,0.001,133,16.51127819548872,25,19339,145.406015037594
grid,1,0.1852543749992037,0.877525821045261,0.8791423001949318,133,,10,7,log2,0.001,133,16.51127819548872,25,19339,145.406015037594
grid,1,0.189633917005267,0.877525821045261,0.8791423001949318,133,,10,10,log2,0.001,133,16.51127819548872,25,19339,145.406015037594
grid,1,0.0813221669959602,0.8773290248345357,0.8791423001949318,50,16.0,7,2,log2,0.0001,50,15.68,16,10880,217.6
grid,1,0.0971978339948691,0.8773290248345357,0.8791423001949318,50,16.0,7,5,log2,0.0001,50,15.68,16,10880,217.6
grid,1,0.0918912080087466,0.8773290248345357,0.8791423001949318,50,16.0,7,7,log2,0.0001,50,15.68,16,10880,217.6
grid,1,0.0837385419872589,0.8773290248345357,0.8791423001949318,50,16.0,7,10,log2,0.0001,50,15.68,16,10880,217.6
grid,1,0.0792662909952923,0.8773290248345357,0.8791423001949318,50,16.0,7,2,log2,1e-05,50,15.7,16,11628,232.56
grid,1,0.0836679579952033,0.8773290248345357,0.8791423001949318,50,16.0,7,5,log2,1e-05,50,15.7,16,11628,232.56
grid,1,0.0832729579997249,0.8773290248345357,0.8791423001949318,50,16.0,7,7,log2,1e-05,50,15.7,16,11628,232.56
grid,1,0.08399158300017,0.8773290248345357,0.8791423001949318,50,16.0,7,10,log2,1e-05,50,15.7,16,11628,232.56
grid,1,0.0798249999934341,0.8773290248345357,0.8791423001949318,50,16.0,7,2,log2,0.0,50,15.72,16,11994,239.88
grid,1,0.0793592499976512,0.8773290248345357,0.8791423001949318,50,16.0,7,5,log2,0.0,50,15.72,16,11994,239.88
grid,1,0.0804880409996258,0.8773290248345357,0.8791423001949318,50,16.0,7,7,log2,0.0,50,15.72,16,11994,239.88
grid,1,0.0802198750025127,0.8773290248345357,0.8791423001949318,50,16.0,7,10,log2,0.0,50,15.72,16,11994,239.88
grid,1,0.199021749998792,0.8772665060401804,0.8791423001949318,133,8.0,1,2,sqrt,0.001,133,8.0,8,15309,115.10526315789474
grid,1,0.2021589169889921,0.877261642887845,0.8791423001949318,133,16.0,10,2,sqrt,0.0001,133,15.774436090225564,16,22213,167.01503759398497
grid,1,0.2023793330008629,0.877261642887845,0.8791423001949318,133,16.0,10,5,sqrt,0.0001,133,15.774436090225564,16,22213,167.01503759398497
grid,1,0.2015026250010123,0.877261642887845,0.8791423001949318,133,16.0,10,7,sqrt,0.0001,133,15.774436090225564,16,22213,167.01503759398497
grid,1,0.1999171250063227,0.877261642887845,0.8791423001949318,133,16.0,10,10,sqrt,0.0001,133,15.774436090225564,16,22213,167.01503759398497
grid,1,0.1981536250095814,0.877261642887845,0.8791423001949318,133,16.0,10,2,sqrt,1e-05,133,15.781954887218046,16,23783,178.81954887218046
grid,1,0.1991165409999666,0.877261642887845,0.8791423001949318,133,16.0,10,5,sqrt,1e-05,133,15.781954887218046,16,23783,178.81954887218046
grid,1,0.2027370830037398,0.877261642887845,0.8791423001949318,133,16.0,10,7,sqrt,1e-05,133,15.781954887218046,16,23783,178.81954887218046
grid,1,0.2067792090092552,0.877261642887845,0.8791423001949318,133,16.0,10,10,sqrt,1e-05,133,15.781954887218046,16,23783,178.81954887218046
grid,1,0.1999067089927848,0.877261642887845,0.8791423001949318,133,16.0,10,2,sqrt,0.0,133,15.789473684210526,16,24705,185.75187969924812
grid,1,0.2044947919930564,0.877261642887845,0.8791423001949318,133,16.0,10,5,sqrt,0.0,133,15.789473684210526,16,24705,185.75187969924812
grid,1,0.2004288750031264,0.877261642887845,0.8791423001949318,133,16.0,10,7,sqrt,0.0,133,15.789473684210526,16,24705,185.75187969924812
grid,1,0.1957083750021411,0.877261642887845,0.8791423001949318,133,16.0,10,10,sqrt,0.0,133,15.789473684210526,16,24705,185.75187969924812
grid,1,0.2155072919995291,0.8772449571062589,0.8791423001949318,133,20.0,10,2,sqrt,0.0001,133,17.646616541353385,20,23087,173.58646616541353
grid,1,0.2056459580053342,0.8772449571062589,0.8791423001949318,133,20.0,10,5,sqrt,0.0001,133,17.646616541353385,20,23087,173.58646616541353
grid,1,0.1988813749921973,0.8772449571062589,0.8791423001949318,133,20.0,10,7,sqrt,0.0001,133,17.646616541353385,20,23087,173.58646616541353
grid,1,0.2289725000009639,0.8772449571062589,0.8791423001949318,133,20.0,10,10,sqrt,0.0001,133,17.646616541353385,20,23087,173.58646616541353
grid,1,0.2141805419960292,0.8772449571062589,0.8791423001949318,133,20.0,10,2,sqrt,1e-05,133,17.67669172932331,20,24753,186.11278195488725
grid,1,0.2053939170000376,0.8772449571062589,0.8791423001949318,133,20.0,10,5,sqrt,1e-05,133,17.67669172932331,20,24753,186.11278195488725
grid,1,0.2071056669956306,0.8772449571062589,0.8791423001949318,133,20.0,10,7,sqrt,1e-05,133,17.67669172932331,20,24753,186.11278195488725
grid,1,0.2055397910007741,0.8772449571062589,0.8791423001949318,133,20.0,10,10,sqrt,1e-05,133,17.67669172932331,20,24753,186.11278195488725
grid,1,0.2024697919987375,0.8772449571062589,0.8791423001949318,133,20.0,10,2,sqrt,0.0,133,17.69924812030075,20,25689,193.1503759398496
grid,1,0.1989584159891819,0.8772449571062589,0.8791423001949318,133,20.0,10,5,sqrt,0.0,133,17.69924812030075,20,25689,193.1503759398496
grid,1,0.1949405839986866,0.8772449571062589,0.8791423001949318,133,20.0,10,7,sqrt,0.0,133,17.69924812030075,20,25689,193.1503759398496
grid,1,0.2091336669982411,0.8772449571062589,0.8791423001949318,133,20.0,10,10,sqrt,0.0,133,17.69924812030075,20,25689,193.1503759398496
grid,1,0.1880017499934183,0.8772042131701163,0.8791423001949318,133,,10,2,log2,0.0001,133,16.962406015037594,25,24635,185.2255639097744
grid,1,0.1951030829950468,0.8772042131701163,0.8791423001949318,133,,10,5,log2,0.0001,133,16.962406015037594,25,24635,185.2255639097744
grid,1,0.1901973329950124,0.8772042131701163,0.8791423001949318,133,,10,7,log2,0.0001,133,16.962406015037594,25,24635,185.2255639097744
grid,1,0.1784184169955551,0.8772042131701163,0.8791423001949318,133,,10,10,log2,0.0001,133,16.962406015037594,25,24635,185.2255639097744
grid,1,0.180282333996729,0.8772042131701163,0.8791423001949318,133,,10,2,log2,1e-05,133,17.030075187969924,25,26231,197.2255639097744
grid,1,0.1774810000060824,0.8772042131701163,0.8791423001949318,133,,10,5,log2,1e-05,133,17.030075187969924,25,26231,197.2255639097744
grid,1,0.1819855000067036,0.8772042131701163,0.8791423001949318,133,,10,7,log2,1e-05,133,17.030075187969924,25,26231,197.2255639097744
grid,1,0.1819312919978983,0.8772042131701163,0.8791423001949318,133,,10,10,log2,1e-05,133,17.030075187969924,25,26231,197.2255639097744
grid,1,0.1991139999881852,0.8772042131701163,0.8791423001949318,133,,10,2,log2,0.0,133,17.06015037593985,25,26917,202.38345864661653
grid,1,0.1818089159933151,0.8772042131701163,0.8791423001949318,133,,10,5,log2,0.0,133,17.06015037593985,25,26917,202.38345864661653
grid,1,0.1911795420019189,0.8772042131701163,0.8791423001949318,133,,10,7,log2,0.0,133,17.06015037593985,25,26917,202.38345864661653
grid,1,0.182534375009709,0.8772042131701163,0.8791423001949318,133,,10,10,log2,0.0,133,17.06015037593985,25,26917,202.38345864661653
grid,1,0.0803975000017089,0.8771552317663885,0.8791423001949318,50,,10,2,log2,0.001,50,16.48,24,7232,144.64
grid,1,0.0819708750059362,0.8771552317663885,0.8791423001949318,50,,10,5,log2,0.001,50,16.48,24,7232,144.64
grid,1,0.081870332986,0.8771552317663885,0.8791423001949318,50,,10,7,log2,0.001,50,16.48,24,7232,144.64
grid,1,0.0846722080023028,0.8771552317663885,0.8791423001949318,50,,10,10,log2,0.001,50,16.48,24,7232,144.64
grid,1,0.289583459001733,0.8771529860347266,0.8791423001949318,217,8.0,1,2,log2,0.001,217,8.0,8,28609,131.83870967741936
grid,1,0.2794525409990456,0.8770719647743896,0.8791423001949318,217,8.0,1,5,log2,0.001,217,8.0,8,26923,124.06912442396312
grid,1,0.1767062919971067,0.8770520227986581,0.8791423001949318,133,8.0,4,2,log2,0.0001,133,8.0,8,17297,130.05263157894737
grid,1,0.1713183329993626,0.8770520227986581,0.8791423001949318,133,8.0,4,5,log2,0.0001,133,8.0,8,17297,130.05263157894737
grid,1,0.1771520000038435,0.8770520227986581,0.8791423001949318,133,8.0,4,7,log2,0.0001,133,8.0,8,17297,130.05263157894737
grid,1,0.1712276670004939,0.8770520227986581,0.8791423001949318,133,8.0,4,2,log2,1e-05,133,8.0,8,17645,132.66917293233084
grid,1,0.1904745829961029,0.8770520227986581,0.8791423001949318,133,8.0,4,5,log2,1e-05,133,8.0,8,17645,132.66917293233084
grid,1,0.1744381669996073,0.8770520227986581,0.8791423001949318,133,8.0,4,7,log2,1e-05,133,8.0,8,17645,132.66917293233084
grid,1,0.1726878749905154,0.8770520227986581,0.8791423001949318,133,8.0,4,2,log2,0.0,133,8.0,8,18079,135.93233082706766
grid,1,0.1753489580005407,0.8770520227986581,0.8791423001949318,133,8.0,4,5,log2,0.0,133,8.0,8,18079,135.93233082706766
grid,1,0.1648951249953825,0.8770520227986581,0.8791423001949318,133,8.0,4,7,log2,0.0,133,8.0,8,18079,135.93233082706766
grid,1,0.0836595840082736,0.8769867590435341,0.8791423001949318,50,20.0,7,2,log2,0.001,50,17.44,20,8778,175.56
grid,1,0.078459209005814,0.8769867590435341,0.8791423001949318,50,20.0,7,5,log2,0.001,50,17.44,20,8778,175.56
grid,1,0.0829610829969169,0.8769867590435341,0.8791423001949318,50,20.0,7,7,log2,0.001,50,17.44,20,8778,175.56
grid,1,0.0820844999980181,0.8769867590435341,0.8791423001949318,50,20.0,7,10,log2,0.001,50,17.44,20,8778,175.56
grid,1,0.2939298749988666,0.8769739933738274,0.8791423001949318,217,12.0,1,7,log2,0.001,217,12.0,12,47411,218.48387096774192
grid,1,0.1663495829998282,0.8768265021995076,0.8791423001949318,133,8.0,4,10,log2,0.0001,133,8.0,8,16379,123.15037593984962
grid,1,0.1830800839961739,0.8768265021995076,0.8791423001949318,133,8.0,4,10,log2,1e-05,133,8.0,8,16661,125.27067669172932
grid,1,0.1641264579957351,0.8768265021995076,0.8791423001949318,133,8.0,4,10,log2,0.0,133,8.0,8,17053,128.21804511278197
grid,1,0.2114128329994855,0.8767990596572921,0.8791423001949318,133,8.0,1,7,sqrt,0.001,133,8.0,8,14225,106.95488721804512
grid,1,0.3212802079942776,0.8767414976373613,0.8791423001949318,217,12.0,7,2,sqrt,0.0001,217,12.0,12,35769,164.83410138248848
grid,1,0.3428514159895712,0.8767414976373613,0.8791423001949318,217,12.0,7,5,sqrt,0.0001,217,12.0,12,35769,164.83410138248848
grid,1,0.3509918329946231,0.8767414976373613,0.8791423001949318,217,12.0,7,7,sqrt,0.0001,217,12.0,12,35769,164.83410138248848
grid,1,0.347672333009541,0.8767414976373613,0.8791423001949318,217,12.0,7,10,sqrt,0.0001,217,12.0,12,35769,164.83410138248848
grid,1,0.3167077920079464,0.8767414976373613,0.8791423001949318,217,12.0,7,2,sqrt,1e-05,217,12.0,12,38255,176.29032258064515
grid,1,0.3217905829951633,0.8767414976373613,0.8791423001949318,217,12.0,7,5,sqrt,1e-05,217,12.0,12,38255,176.29032258064515
grid,1,0.3737401249964023,0.8767414976373613,0.8791423001949318,217,12.0,7,7,sqrt,1e-05,217,12.0,12,38255,176.29032258064515
grid,1,0.3492739590001292,0.8767414976373613,0.8791423001949318,217,12.0,7,10,sqrt,1e-05,217,12.0,12,38255,176.29032258064515
grid,1,0.3154412080039037,0.8767414976373613,0.8791423001949318,217,12.0,7,2,sqrt,0.0,217,12.0,12,39765,183.24884792626727
grid,1,0.3275282499962486,0.8767414976373613,0.8791423001949318,217,12.0,7,5,sqrt,0.0,217,12.0,12,39765,183.24884792626727
grid,1,0.3264199169934727,0.8767414976373613,0.8791423001949318,217,12.0,7,7,sqrt,0.0,217,12.0,12,39765,183.24884792626727
grid,1,0.3458089999912772,0.8767414976373613,0.8791423001949318,217,12.0,7,10,sqrt,0.0,217,12.0,12,39765,183.24884792626727
grid,1,0.2043887920008273,0.8767298321306182,0.8791423001949318,133,20.0,7,2,sqrt,0.001,133,18.015037593984964,20,22065,165.90225563909777
grid,1,0.2036577500111889,0.8767298321306182,0.8791423001949318,133,20.0,7,5,sqrt,0.001,133,18.015037593984964,20,22065,165.90225563909777
grid,1,0.2107180419989163,0.8767298321306182,0.8791423001949318,133,20.0,7,7,sqrt,0.001,133,18.015037593984964,20,22065,165.90225563909777
grid,1,0.2085010000009788,0.8767298321306182,0.8791423001949318,133,20.0,7,10,sqrt,0.001,133,18.015037593984964,20,22065,165.90225563909777
grid,1,0.2991218329989351,0.876703690641096,0.8791423001949318,217,12.0,4,10,log2,0.001,217,12.0,12,37623,173.3778801843318
grid,1,0.1757510830066166,0.8762862492921546,0.8791423001949318,133,12.0,7,2,log2,0.0001,133,12.0,12,24093,181.1503759398496
grid,1,0.176582291998784,0.8762862492921546,0.8791423001949318,133,12.0,7,5,log2,0.0001,133,12.0,12,24093,181.1503759398496
grid,1,0.169095457997173,0.8762862492921546,0.8791423001949318,133,12.0,7,7,log2,0.0001,133,12.0,12,24093,181.1503759398496
grid,1,0.1759681249968707,0.8762862492921546,0.8791423001949318,133,12.0,7,10,log2,0.0001,133,12.0,12,24093,181.1503759398496
grid,1,0.179012499997043,0.8762862492921546,0.8791423001949318,133,12.0,7,2,log2,1e-05,133,12.0,12,25697,193.21052631578948
grid,1,0.1772695410036249,0.8762862492921546,0.8791423001949318,133,12.0,7,5,log2,1e-05,133,12.0,12,25697,193.21052631578948
grid,1,0.1880894169880775,0.8762862492921546,0.8791423001949318,133,12.0,7,7,log2,1e-05,133,12.0,12,25697,193.21052631578948
grid,1,0.1768880839954363,0.8762862492921546,0.8791423001949318,133,12.0,7,10,log2,1e-05,133,12.0,12,25697,193.21052631578948
grid,1,0.1834090000047581,0.8762862492921546,0.8791423001949318,133,12.0,7,2,log2,0.0,133,12.0,12,26499,199.2406015037594
grid,1,0.1736562919977586,0.8762862492921546,0.8791423001949318,133,12.0,7,5,log2,0.0,133,12.0,12,26499,199.2406015037594
grid,1,0.1736612079985207,0.8762862492921546,0.8791423001949318,133,12.0,7,7,log2,0.0,133,12.0,12,26499,199.2406015037594
grid,1,0.1780581249913666,0.8762862492921546,0.8791423001949318,133,12.0,7,10,log2,0.0,133,12.0,12,26499,199.2406015037594
grid,1,0.3064431249949848,0.8762393697351054,0.8791423001949318,217,8.0,1,10,sqrt,0.0001,217,8.0,8,24839,114.46543778801843
grid,1,0.3174362919962732,0.8762393697351054,0.8791423001949318,217,8.0,1,10,sqrt,1e-05,217,8.0,8,24919,114.83410138248848
grid,1,0.3155833750060992,0.8762393697351054,0.8791423001949318,217,8.0,1,10,sqrt,0.0,217,8.0,8,25555,117.76497695852537
grid,1,0.2832945830014068,0.8761626919490457,0.8791423001949318,217,12.0,7,2,log2,0.0001,217,12.0,12,39421,181.6635944700461
grid,1,0.2876220409962116,0.8761626919490457,0.8791423001949318,217,12.0,7,5,log2,0.0001,217,12.0,12,39421,181.6635944700461
grid,1,0.3125792909995653,0.8761626919490457,0.8791423001949318,217,12.0,7,7,log2,0.0001,217,12.0,12,39421,181.6635944700461
grid,1,0.2980340420035645,0.8761626919490457,0.8791423001949318,217,12.0,7,10,log2,0.0001,217,12.0,12,39421,181.6635944700461
grid,1,0.2865278330136789,0.8761626919490457,0.8791423001949318,217,12.0,7,2,log2,1e-05,217,12.0,12,42081,193.92165898617512
grid,1,0.2911857499857433,0.8761626919490457,0.8791423001949318,217,12.0,7,5,log2,1e-05,217,12.0,12,42081,193.92165898617512
grid,1,0.3060528339992743,0.8761626919490457,0.8791423001949318,217,12.0,7,7,log2,1e-05,217,12.0,12,42081,193.92165898617512
grid,1,0.3080635420046747,0.8761626919490457,0.8791423001949318,217,12.0,7,10,log2,1e-05,217,12.0,12,42081,193.92165898617512
grid,1,0.2799176659900695,0.8761626919490457,0.8791423001949318,217,12.0,7,2,log2,0.0,217,12.0,12,43425,200.1152073732719
grid,1,0.2828841669979738,0.8761626919490457,0.8791423001949318,217,12.0,7,5,log2,0.0,217,12.0,12,43425,200.1152073732719
grid,1,0.305557083003805,0.8761626919490457,0.8791423001949318,217,12.0,7,7,log2,0.0,217,12.0,12,43425,200.1152073732719
grid,1,0.2955622090084944,0.8761626919490457,0.8791423001949318,217,12.0,7,10,log2,0.0,217,12.0,12,43425,200.1152073732719
grid,1,0.0951298750005662,0.8761224231544668,0.8791423001949318,50,,10,2,sqrt,0.001,50,17.46,27,6898,137.96
grid,1,0.0943041659920709,0.8761224231544668,0.8791423001949318,50,,10,5,sqrt,0.001,50,17.46,27,6898,137.96
grid,1,0.0960623330029193,0.8761224231544668,0.8791423001949318,50,,10,7,sqrt,0.001,50,17.46,27,6898,137.96
grid,1,0.0916631660074926,0.8761224231544668,0.8791423001949318,50,,10,10,sqrt,0.001,50,17.46,27,6898,137.96
grid,1,0.1907863750093383,0.8761223078264259,0.8771929824561403,133,8.0,1,5,sqrt,0.0001,133,8.0,8,17491,131.51127819548873
grid,1,0.1907324999920092,0.8761223078264259,0.8771929824561403,133,8.0,1,5,sqrt,1e-05,133,8.0,8,17523,131.75187969924812
grid,1,0.1863147499971091,0.8761223078264259,0.8771929824561403,133,8.0,1,5,sqrt,0.0,133,8.0,8,18035,135.6015037593985
grid,1,0.2860352499992586,0.8760504477233844,0.8791423001949318,217,16.0,7,2,log2,0.001,217,15.705069124423964,16,37009,170.5483870967742
grid,1,0.2932326660084072,0.8760504477233844,0.8791423001949318,217,16.0,7,5,log2,0.001,217,15.705069124423964,16,37009,170.5483870967742
grid,1,0.2928456249937881,0.8760504477233844,0.8791423001949318,217,16.0,7,7,log2,0.001,217,15.705069124423964,16,37009,170.5483870967742
grid,1,0.2931977910047862,0.8760504477233844,0.8791423001949318,217,16.0,7,10,log2,0.001,217,15.705069124423964,16,37009,170.5483870967742
grid,1,0.9163293750025332,0.8758032895458324,0.8771929824561403,217,12.0,1,5,0.5,0.0001,217,12.0,12,30317,139.70967741935485
grid,1,0.922485749993939,0.8758032895458324,0.8771929824561403,217,12.0,1,5,0.5,1e-05,217,12.0,12,30325,139.74654377880185
grid,1,0.9120036249951228,0.8758032895458324,0.8771929824561403,217,12.0,1,5,0.5,0.0,217,12.0,12,31953,147.24884792626727
grid,1,0.2342466249974677,0.875729761526925,0.8771929824561403,50,12.0,1,2,0.5,0.0001,50,12.0,12,8498,169.96
grid,1,0.2337115410045953,0.875729761526925,0.8771929824561403,50,12.0,1,2,0.5,1e-05,50,12.0,12,8500,170.0
grid,1,0.236225334010669,0.875729761526925,0.8771929824561403,50,12.0,1,2,0.5,0.0,50,12.0,12,9058,181.16
grid,1,0.59890991600696,0.8756899982790158,0.8791423001949318,133,20.0,7,2,0.5,0.001,133,19.887218045112785,20,16327,122.7593984962406
grid,1,0.6180875839927467,0.8756899982790158,0.8791423001949318,133,20.0,7,5,0.5,0.001,133,19.887218045112785,20,16327,122.7593984962406
grid,1,0.6010317909967853,0.8756899982790158,0.8791423001949318,133,20.0,7,7,0.5,0.001,133,19.887218045112785,20,16327,122.7593984962406
grid,1,0.598744707996957,0.8756899982790158,0.8791423001949318,133,20.0,7,10,0.5,0.001,133,19.887218045112785,20,16327,122.7593984962406
grid,1,0.6132173750083894,0.8756501294466443,0.8791423001949318,133,,7,2,0.5,0.001,133,23.1203007518797,29,17525,131.7669172932331
grid,1,0.609434792000684,0.8756501294466443,0.8791423001949318,133,,7,5,0.5,0.001,133,23.1203007518797,29,17525,131.7669172932331
grid,1,0.6107005000085337,0.8756501294466443,0.8791423001949318,133,,7,7,0.5,0.001,133,23.1203007518797,29,17525,131.7669172932331
grid,1,0.6081181250046939,0.8756501294466443,0.8791423001949318,133,,7,10,0.5,0.001,133,23.1203007518797,29,17525,131.7669172932331
grid,1,0.0824910410010488,0.8756449679948198,0.8771929824561403,50,8.0,1,5,log2,0.0001,50,8.0,8,7466,149.32
grid,1,0.0963518339995062,0.8756449679948198,0.8771929824561403,50,8.0,1,5,log2,1e-05,50,8.0,8,7508,150.16
grid,1,0.0830813750071683,0.8756449679948198,0.8771929824561403,50,8.0,1,5,log2,0.0,50,8.0,8,7678,153.56
grid,1,0.6076749170024414,0.8755998135599387,0.8791423001949318,133,20.0,7,2,0.5,0.0001,133,19.924812030075188,20,20215,151.99248120300751
grid,1,0.6290371249924647,0.8755998135599387,0.8791423001949318,133,20.0,7,5,0.5,0.0001,133,19.924812030075188,20,20215,151.99248120300751
grid,1,0.6108203339972533,0.8755998135599387,0.8791423001949318,133,20.0,7,7,0.5,0.0001,133,19.924812030075188,20,20215,151.99248120300751
grid,1,0.5974332920013694,0.8755998135599387,0.8791423001949318,133,20.0,7,10,0.5,0.0001,133,19.924812030075188,20,20215,151.99248120300751
grid,1,0.5689132910047192,0.8754608703938863,0.8771929824561403,133,12.0,1,10,0.5,0.0001,133,12.0,12,16279,122.3984962406015
grid,1,0.564931290995446,0.8754608703938863,0.8771929824561403,133,12.0,1,10,0.5,1e-05,133,12.0,12,16287,122.45864661654136
grid,1,0.5568206249881769,0.8754608703938863,0.8771929824561403,133,12.0,1,10,0.5,0.0,133,12.0,12,17115,128.68421052631578
grid,1,0.2442883329931646,0.8754433476353832,0.8771929824561403,50,16.0,7,2,0.5,0.0001,50,16.0,16,6494,129.88
grid,1,0.2455373330012662,0.8754433476353832,0.8771929824561403,50,16.0,7,5,0.5,0.0001,50,16.0,16,6494,129.88
grid,1,0.2487142919999314,0.8754433476353832,0.8771929824561403,50,16.0,7,7,0.5,0.0001,50,16.0,16,6494,129.88
grid,1,0.2414060000010067,0.8754433476353832,0.8771929824561403,50,16.0,7,10,0.5,0.0001,50,16.0,16,6494,129.88
grid,1,0.2453625829948578,0.8754433476353832,0.8771929824561403,50,16.0,7,2,0.5,1e-05,50,16.0,16,6890,137.8
grid,1,0.2448990830016555,0.8754433476353832,0.8771929824561403,50,16.0,7,5,0.5,1e-05,50,16.0,16,6890,137.8
grid,1,0.246783292008331,0.8754433476353832,0.8771929824561403,50,16.0,7,7,0.5,1e-05,50,16.0,16,6890,137.8
grid,1,0.2523385829990729,0.8754433476353832,0.8771929824561403,50,16.0,7,10,0.5,1e-05,50,16.0,16,6890,137.8
grid,1,0.2469197919999715,0.8754433476353832,0.8771929824561403,50,16.0,7,2,0.5,0.0,50,16.0,16,7346,146.92
grid,1,0.2435472499928437,0.8754433476353832,0.8771929824561403,50,16.0,7,5,0.5,0.0,50,16.0,16,7346,146.92
grid,1,0.2388716249988647,0.8754433476353832,0.8771929824561403,50,16.0,7,7,0.5,0.0,50,16.0,16,7346,146.92
grid,1,0.250138582996442,0.8754433476353832,0.8771929824561403,50,16.0,7,10,0.5,0.0,50,16.0,16,7346,146.92
grid,1,0.1833489159907912,0.8753814229235013,0.8771929824561403,133,20.0,10,2,log2,0.0001,133,16.827067669172934,20,24601,184.9699248120301
grid,1,0.1772293750109383,0.8753814229235013,0.8771929824561403,133,20.0,10,5,log2,0.0001,133,16.827067669172934,20,24601,184.9699248120301
grid,1,0.1813729999994393,0.8753814229235013,0.8771929824561403,133,20.0,10,7,log2,0.0001,133,16.827067669172934,20,24601,184.9699248120301
grid,1,0.1780711250030435,0.8753814229235013,0.8771929824561403,133,20.0,10,10,log2,0.0001,133,16.827067669172934,20,24601,184.9699248120301
grid,1,0.1802790419897064,0.8753814229235013,0.8771929824561403,133,20.0,10,2,log2,1e-05,133,16.894736842105264,20,26185,196.8796992481203
grid,1,0.1885178340016864,0.8753814229235013,0.8771929824561403,133,20.0,10,5,log2,1e-05,133,16.894736842105264,20,26185,196.8796992481203
grid,1,0.1749109999946085,0.8753814229235013,0.8771929824561403,133,20.0,10,7,log2,1e-05,133,16.894736842105264,20,26185,196.8796992481203
grid,1,0.1812594999937573,0.8753814229235013,0.8771929824561403,133,20.0,10,10,log2,1e-05,133,16.894736842105264,20,26185,196.8796992481203
grid,1,0.1785894579952582,0.8753814229235013,0.8771929824561403,133,20.0,10,2,log2,0.0,133,16.924812030075188,20,26859,201.94736842105263
grid,1,0.182730165994144,0.8753814229235013,0.8771929824561403,133,20.0,10,5,log2,0.0,133,16.924812030075188,20,26859,201.94736842105263
grid,1,0.1844846250023692,0.8753814229235013,0.8771929824561403,133,20.0,10,7,log2,0.0,133,16.924812030075188,20,26859,201.94736842105263
grid,1,0.1875314580101985,0.8753814229235013,0.8771929824561403,133,20.0,10,10,log2,0.0,133,16.924812030075188,20,26859,201.94736842105263
grid,1,0.2859570410073502,0.8753460455002898,0.8771929824561403,217,8.0,1,7,log2,0.0001,217,8.0,8,30471,140.4193548387097
grid,1,0.2842584169993642,0.8753460455002898,0.8771929824561403,217,8.0,1,7,log2,1e-05,217,8.0,8,30659,141.28571428571428
grid,1,0.274233791991719,0.8753460455002898,0.8771929824561403,217,8.0,1,7,log2,0.0,217,8.0,8,31345,144.44700460829492
grid,1,0.0792454580077901,0.8753300828854716,0.8771929824561403,50,8.0,1,5,log2,0.001,50,8.0,8,6144,122.88
grid,1,0.6056199580052635,0.8752751968505945,0.8791423001949318,133,,7,2,0.5,0.0001,133,23.804511278195488,29,21761,163.61654135338347
grid,1,0.6110000000044238,0.8752751968505945,0.8791423001949318,133,,7,5,0.5,0.0001,133,23.804511278195488,29,21761,163.61654135338347
grid,1,0.6041168329975335,0.8752751968505945,0.8791423001949318,133,,7,7,0.5,0.0001,133,23.804511278195488,29,21761,163.61654135338347
grid,1,0.5978755830001319,0.8752751968505945,0.8791423001949318,133,,7,10,0.5,0.0001,133,23.804511278195488,29,21761,163.61654135338347
grid,1,0.6084204999933718,0.8752751968505945,0.8791423001949318,133,,7,2,0.5,1e-05,133,23.93984962406015,29,23099,173.6766917293233
grid,1,0.6360127090010792,0.8752751968505945,0.8791423001949318,133,,7,5,0.5,1e-05,133,23.93984962406015,29,23099,173.6766917293233
grid,1,0.6051394579990301,0.8752751968505945,0.8791423001949318,133,,7,7,0.5,1e-05,133,23.93984962406015,29,23099,173.6766917293233
grid,1,0.6004956249962561,0.8752751968505945,0.8791423001949318,133,,7,10,0.5,1e-05,133,23.93984962406015,29,23099,173.6766917293233
grid,1,0.6133539579896023,0.8752751968505945,0.8791423001949318,133,,7,2,0.5,0.0,133,23.969924812030076,29,24469,183.97744360902257
grid,1,0.6033595829940168,0.8752751968505945,0.8791423001949318,133,,7,5,0.5,0.0,133,23.969924812030076,29,24469,183.97744360902257
grid,1,0.6118505420017755,0.8752751968505945,0.8791423001949318,133,,7,7,0.5,0.0,133,23.969924812030076,29,24469,183.97744360902257
grid,1,0.6054529579996597,0.8752751968505945,0.8791423001949318,133,,7,10,0.5,0.0,133,23.969924812030076,29,24469,183.97744360902257
grid,1,0.9042720420111436,0.8752621868340054,0.8771929824561403,217,12.0,1,7,0.5,0.0001,217,12.0,12,28207,129.98617511520737
grid,1,0.9147868330037454,0.8752621868340054,0.8771929824561403,217,12.0,1,7,0.5,1e-05,217,12.0,12,28221,130.05069124423963
grid,1,0.9106074160081334,0.8752621868340054,0.8771929824561403,217,12.0,1,7,0.5,0.0,217,12.0,12,29689,136.81566820276498
grid,1,0.07913929100323,0.8752249028299881,0.8771929824561403,50,8.0,4,2,log2,0.001,50,8.0,8,5166,103.32
grid,1,0.0806242499966174,0.8752249028299881,0.8771929824561403,50,8.0,4,5,log2,0.001,50,8.0,8,5166,103.32
grid,1,0.0848255830060225,0.8752249028299881,0.8771929824561403,50,8.0,4,7,log2,0.001,50,8.0,8,5166,103.32
grid,1,0.0799050420027924,0.8751912354531501,0.8771929824561403,50,8.0,4,2,log2,0.0001,50,8.0,8,6452,129.04
grid,1,0.0826419999939389,0.8751912354531501,0.8771929824561403,50,8.0,4,5,log2,0.0001,50,8.0,8,6452,129.04
grid,1,0.0818527500086929,0.8751912354531501,0.8771929824561403,50,8.0,4,7,log2,0.0001,50,8.0,8,6452,129.04
grid,1,0.0802293329907115,0.8751912354531501,0.8771929824561403,50,8.0,4,2,log2,1e-05,50,8.0,8,6590,131.8
grid,1,0.083410167004331,0.8751912354531501,0.8771929824561403,50,8.0,4,5,log2,1e-05,50,8.0,8,6590,131.8
grid,1,0.0776258749974658,0.8751912354531501,0.8771929824561403,50,8.0,4,7,log2,1e-05,50,8.0,8,6590,131.8
grid,1,0.0824460419971728,0.8751912354531501,0.8771929824561403,50,8.0,4,2,log2,0.0,50,8.0,8,6760,135.2
grid,1,0.0846553330047754,0.8751912354531501,0.8771929824561403,50,8.0,4,5,log2,0.0,50,8.0,8,6760,135.2
grid,1,0.0791879169992171,0.8751912354531501,0.8771929824561403,50,8.0,4,7,log2,0.0,50,8.0,8,6760,135.2
grid,1,0.1711804579972522,0.8751829813668255,0.8771929824561403,133,16.0,10,2,log2,0.001,133,15.210526315789474,16,18825,141.54135338345864
grid,1,0.1794621249864576,0.8751829813668255,0.8771929824561403,133,16.0,10,5,log2,0.001,133,15.210526315789474,16,18825,141.54135338345864
grid,1,0.1725644580001244,0.8751829813668255,0.8771929824561403,133,16.0,10,7,log2,0.001,133,15.210526315789474,16,18825,141.54135338345864
grid,1,0.1819678750034654,0.8751829813668255,0.8771929824561403,133,16.0,10,10,log2,0.001,133,15.210526315789474,16,18825,141.54135338345864
grid,1,0.2937505839945515,0.8751795918420464,0.8771929824561403,217,8.0,4,2,log2,0.0001,217,8.0,8,28147,129.70967741935485
grid,1,0.2810394160042051,0.8751795918420464,0.8771929824561403,217,8.0,4,5,log2,0.0001,217,8.0,8,28147,129.70967741935485
grid,1,0.3021129580010893,0.8751795918420464,0.8771929824561403,217,8.0,4,7,log2,0.0001,217,8.0,8,28147,129.70967741935485
grid,1,0.2663782090094173,0.8751795918420464,0.8771929824561403,217,8.0,4,2,log2,1e-05,217,8.0,8,28707,132.29032258064515
grid,1,0.2899792499956675,0.8751795918420464,0.8771929824561403,217,8.0,4,5,log2,1e-05,217,8.0,8,28707,132.29032258064515
grid,1,0.2743951250013197,0.8751795918420464,0.8771929824561403,217,8.0,4,7,log2,1e-05,217,8.0,8,28707,132.29032258064515
grid,1,0.2863540410035057,0.8751795918420464,0.8771929824561403,217,8.0,4,2,log2,0.0,217,8.0,8,29463,135.7741935483871
grid,1,0.3027852499944856,0.8751795918420464,0.8771929824561403,217,8.0,4,5,log2,0.0,217,8.0,8,29463,135.7741935483871
grid,1,0.2813759589917026,0.8751795918420464,0.8771929824561403,217,8.0,4,7,log2,0.0,217,8.0,8,29463,135.7741935483871
grid,1,0.277815333000035,0.875108242953239,0.8771929824561403,217,8.0,4,2,log2,0.001,217,8.0,8,22539,103.8663594470046
grid,1,0.2819547920080367,0.875108242953239,0.8771929824561403,217,8.0,4,5,log2,0.001,217,8.0,8,22539,103.8663594470046
grid,1,0.2804202089901082,0.875108242953239,0.8771929824561403,217,8.0,4,7,log2,0.001,217,8.0,8,22539,103.8663594470046
grid,1,0.0809846659976756,0.8750919127345578,0.8771929824561403,50,12.0,4,2,log2,0.001,50,12.0,12,8740,174.8
grid,1,0.0824870420037768,0.8750919127345578,0.8771929824561403,50,12.0,4,5,log2,0.001,50,12.0,12,8740,174.8
grid,1,0.0830517499998677,0.8750919127345578,0.8771929824561403,50,12.0,4,7,log2,0.001,50,12.0,12,8740,174.8
grid,1,0.0832067919982364,0.874907000081537,0.8771929824561403,50,20.0,10,2,log2,0.0001,50,16.74,20,9220,184.4
grid,1,0.0826982500002486,0.874907000081537,0.8771929824561403,50,20.0,10,5,log2,0.0001,50,16.74,20,9220,184.4
grid,1,0.0840380000008735,0.874907000081537,0.8771929824561403,50,20.0,10,7,log2,0.0001,50,16.74,20,9220,184.4
grid,1,0.0837677079980494,0.874907000081537,0.8771929824561403,50,20.0,10,10,log2,0.0001,50,16.74,20,9220,184.4
grid,1,0.0833110409876098,0.874907000081537,0.8771929824561403,50,20.0,10,2,log2,1e-05,50,16.84,20,9832,196.64
grid,1,0.0833117919974029,0.874907000081537,0.8771929824561403,50,20.0,10,5,log2,1e-05,50,16.84,20,9832,196.64
grid,1,0.0830127499939408,0.874907000081537,0.8771929824561403,50,20.0,10,7,log2,1e-05,50,16.84,20,9832,196.64
grid,1,0.0815507499937666,0.874907000081537,0.8771929824561403,50,20.0,10,10,log2,1e-05,50,16.84,20,9832,196.64
grid,1,0.0819856249872827,0.874907000081537,0.8771929824561403,50,20.0,10,2,log2,0.0,50,16.88,20,10092,201.84
grid,1,0.083423167001456,0.874907000081537,0.8771929824561403,50,20.0,10,5,log2,0.0,50,16.88,20,10092,201.84
grid,1,0.0825635830115061,0.874907000081537,0.8771929824561403,50,20.0,10,7,log2,0.0,50,16.88,20,10092,201.84
grid,1,0.0793203330104006,0.874907000081537,0.8771929824561403,50,20.0,10,10,log2,0.0,50,16.88,20,10092,201.84
grid,1,0.2016071249963715,0.8748755703313139,0.8771929824561403,133,20.0,10,2,sqrt,0.001,133,17.285714285714285,20,18385,138.2330827067669
grid,1,0.203180666998378,0.8748755703313139,0.8771929824561403,133,20.0,10,5,sqrt,0.001,133,17.285714285714285,20,18385,138.2330827067669
grid,1,0.2042778750037541,0.8748755703313139,0.8771929824561403,133,20.0,10,7,sqrt,0.001,133,17.285714285714285,20,18385,138.2330827067669
grid,1,0.2365595000010216,0.8748755703313139,0.8771929824561403,133,20.0,10,10,sqrt,0.001,133,17.285714285714285,20,18385,138.2330827067669
grid,1,0.2094865830003982,0.8748755703313139,0.8771929824561403,133,,10,2,sqrt,0.001,133,17.49624060150376,27,18449,138.71428571428572
grid,1,0.2084746659966185,0.8748755703313139,0.8771929824561403,133,,10,5,sqrt,0.001,133,17.49624060150376,27,18449,138.71428571428572
grid,1,0.2052563750039553,0.8748755703313139,0.8771929824561403,133,,10,7,sqrt,0.001,133,17.49624060150376,27,18449,138.71428571428572
grid,1,0.2063234590023057,0.8748755703313139,0.8771929824561403,133,,10,10,sqrt,0.001,133,17.49624060150376,27,18449,138.71428571428572
grid,1,0.1040663750027306,0.8747826799572169,0.8771929824561403,50,20.0,10,2,log2,0.001,50,16.32,20,7216,144.32
grid,1,0.0813690420036437,0.8747826799572169,0.8771929824561403,50,20.0,10,5,log2,0.001,50,16.32,20,7216,144.32
grid,1,0.0820448330050567,0.8747826799572169,0.8771929824561403,50,20.0,10,7,log2,0.001,50,16.32,20,7216,144.32
grid,1,0.0771059170074295,0.8747826799572169,0.8771929824561403,50,20.0,10,10,log2,0.001,50,16.32,20,7216,144.32
grid,1,0.1867418340116273,0.8747542586844178,0.8771929824561403,133,16.0,7,2,log2,0.0001,133,15.789473684210526,16,29039,218.33834586466165
grid,1,0.1727059580007335,0.8747542586844178,0.8771929824561403,133,16.0,7,5,log2,0.0001,133,15.789473684210526,16,29039,218.33834586466165
grid,1,0.1776262080093147,0.8747542586844178,0.8771929824561403,133,16.0,7,7,log2,0.0001,133,15.789473684210526,16,29039,218.33834586466165
grid,1,0.1798858749971259,0.8747542586844178,0.8771929824561403,133,16.0,7,10,log2,0.0001,133,15.789473684210526,16,29039,218.33834586466165
grid,1,0.2019495409913361,0.8747542586844178,0.8771929824561403,133,16.0,7,2,log2,1e-05,133,15.80451127819549,16,31025,233.27067669172936
grid,1,0.1780437090055784,0.8747542586844178,0.8771929824561403,133,16.0,7,5,log2,1e-05,133,15.80451127819549,16,31025,233.27067669172936
grid,1,0.1750672080088406,0.8747542586844178,0.8771929824561403,133,16.0,7,7,log2,1e-05,133,15.80451127819549,16,31025,233.27067669172936
grid,1,0.1801564170018537,0.8747542586844178,0.8771929824561403,133,16.0,7,10,log2,1e-05,133,15.80451127819549,16,31025,233.27067669172936
grid,1,0.1783231659937882,0.8747542586844178,0.8771929824561403,133,16.0,7,2,log2,0.0,133,15.81203007518797,16,32019,240.74436090225564
grid,1,0.1778405419900082,0.8747542586844178,0.8771929824561403,133,16.0,7,5,log2,0.0,133,15.81203007518797,16,32019,240.74436090225564
grid,1,0.172949208994396,0.8747542586844178,0.8771929824561403,133,16.0,7,7,log2,0.0,133,15.81203007518797,16,32019,240.74436090225564
grid,1,0.1732321660092566,0.8747542586844178,0.8771929824561403,133,16.0,7,10,log2,0.0,133,15.81203007518797,16,32019,240.74436090225564
grid,1,0.5670780840009684,0.8747368405404309,0.8771929824561403,133,12.0,1,7,0.5,0.0001,133,12.0,12,17327,130.2781954887218
grid,1,0.5679042080009822,0.8747368405404309,0.8771929824561403,133,12.0,1,7,0.5,1e-05,133,12.0,12,17333,130.3233082706767
grid,1,0.5627362909872318,0.8747368405404309,0.8771929824561403,133,12.0,1,7,0.5,0.0,133,12.0,12,18205,136.8796992481203
grid,1,0.2400508749997243,0.8746681719988348,0.8771929824561403,50,16.0,7,2,0.5,0.001,50,16.0,16,5252,105.04
grid,1,0.236035666996031,0.8746681719988348,0.8771929824561403,50,16.0,7,5,0.5,0.001,50,16.0,16,5252,105.04
grid,1,0.2487049999908777,0.8746681719988348,0.8771929824561403,50,16.0,7,7,0.5,0.001,50,16.0,16,5252,105.04
grid,1,0.2405863330059219,0.8746681719988348,0.8771929824561403,50,16.0,7,10,0.5,0.001,50,16.0,16,5252,105.04
grid,1,0.2079134999949019,0.8746336768148597,0.8771929824561403,133,12.0,7,2,sqrt,0.001,133,12.0,12,17467,131.33082706766916
grid,1,0.2033194169925991,0.8746336768148597,0.8771929824561403,133,12.0,7,5,sqrt,0.001,133,12.0,12,17467,131.33082706766916
grid,1,0.2062790829950245,0.8746336768148597,0.8771929824561403,133,12.0,7,7,sqrt,0.001,133,12.0,12,17467,131.33082706766916
grid,1,0.1952541250066133,0.8746336768148597,0.8771929824561403,133,12.0,7,10,sqrt,0.001,133,12.0,12,17467,131.33082706766916
grid,1,0.1772947080025915,0.8746139370674914,0.8771929824561403,133,8.0,4,10,log2,0.001,133,8.0,8,13409,100.81954887218043
grid,1,0.9251567909959704,0.874367575767632,0.8791423001949318,217,12.0,1,10,0.5,0.001,217,12.0,12,22763,104.89861751152074
grid,1,0.3130730829871027,0.8743295495370391,0.8771929824561403,217,8.0,1,10,sqrt,0.001,217,8.0,8,21921,101.0184331797235
grid,1,0.566575290999026,0.8740210161179954,0.8752436647173489,133,12.0,1,5,0.5,0.0001,133,12.0,12,18469,138.86466165413535
grid,1,0.5681100829970092,0.8740210161179954,0.8752436647173489,133,12.0,1,5,0.5,1e-05,133,12.0,12,18473,138.89473684210526
grid,1,0.569368124997709,0.8740210161179954,0.8752436647173489,133,12.0,1,5,0.5,0.0,133,12.0,12,19441,146.17293233082708
grid,1,0.594992332989932,0.8739610556939816,0.8771929824561403,133,20.0,7,2,0.5,1e-05,133,19.93233082706767,20,21463,161.37593984962405
grid,1,0.6243542089941911,0.8739610556939816,0.8771929824561403,133,20.0,7,5,0.5,1e-05,133,19.93233082706767,20,21463,161.37593984962405
grid,1,0.596848332992522,0.8739610556939816,0.8771929824561403,133,20.0,7,7,0.5,1e-05,133,19.93233082706767,20,21463,161.37593984962405
grid,1,0.6168898749892833,0.8739610556939816,0.8771929824561403,133,20.0,7,10,0.5,1e-05,133,19.93233082706767,20,21463,161.37593984962405
grid,1,0.6086598330002744,0.8739610556939816,0.8771929824561403,133,20.0,7,2,0.5,0.0,133,19.93233082706767,20,22829,171.64661654135338
grid,1,0.6001957920088898,0.8739610556939816,0.8771929824561403,133,20.0,7,5,0.5,0.0,133,19.93233082706767,20,22829,171.64661654135338
grid,1,0.6135474170005182,0.8739610556939816,0.8771929824561403,133,20.0,7,7,0.5,0.0,133,19.93233082706767,20,22829,171.64661654135338
grid,1,0.6067041669884929,0.8739610556939816,0.8771929824561403,133,20.0,7,10,0.5,0.0,133,19.93233082706767,20,22829,171.64661654135338
grid,1,0.1740712080063531,0.8739220372330603,0.8752436647173489,133,8.0,1,5,log2,0.0001,133,8.0,8,20161,151.58646616541353
grid,1,0.1747483749932143,0.8739220372330603,0.8752436647173489,133,8.0,1,5,log2,1e-05,133,8.0,8,20259,152.3233082706767
grid,1,0.1781833330023801,0.8739220372330603,0.8752436647173489,133,8.0,1,5,log2,0.0,133,8.0,8,20713,155.73684210526315
grid,1,0.555517457993119,0.87387078086353,0.8771929824561403,133,12.0,1,7,0.5,0.001,133,12.0,12,14515,109.13533834586468
grid,1,0.1919235000095795,0.8737055906854141,0.8752436647173489,133,8.0,1,5,sqrt,0.001,133,8.0,8,14631,110.00751879699249
grid,1,0.0822525830008089,0.8736022642061757,0.8752436647173489,50,16.0,7,2,log2,0.001,50,15.52,16,8406,168.12
grid,1,0.0826997080002911,0.8736022642061757,0.8752436647173489,50,16.0,7,5,log2,0.001,50,15.52,16,8406,168.12
grid,1,0.0831652920023771,0.8736022642061757,0.8752436647173489,50,16.0,7,7,log2,0.001,50,15.52,16,8406,168.12
grid,1,0.0824311670003226,0.8736022642061757,0.8752436647173489,50,16.0,7,10,log2,0.001,50,15.52,16,8406,168.12
grid,1,0.3207368750008754,0.8735699066029121,0.8752436647173489,217,8.0,4,10,sqrt,0.0001,217,8.0,8,23863,109.96774193548389
grid,1,0.3097098330035805,0.8735699066029121,0.8752436647173489,217,8.0,4,10,sqrt,1e-05,217,8.0,8,24033,110.75115207373273
grid,1,0.3073082499904558,0.8735699066029121,0.8752436647173489,217,8.0,4,10,sqrt,0.0,217,8.0,8,24767,114.1336405529954
grid,1,0.0787763749976875,0.8733840505601883,0.8752436647173489,50,8.0,1,7,log2,0.0001,50,8.0,8,7010,140.2
grid,1,0.0838262499892152,0.8733840505601883,0.8752436647173489,50,8.0,1,7,log2,1e-05,50,8.0,8,7050,141.0
grid,1,0.0821977500017965,0.8733840505601883,0.8752436647173489,50,8.0,1,7,log2,0.0,50,8.0,8,7198,143.96
grid,1,0.1957255409943172,0.8733036075860354,0.8752436647173489,133,16.0,10,2,sqrt,0.001,133,15.676691729323307,16,17699,133.0751879699248
grid,1,0.2018490419868612,0.8733036075860354,0.8752436647173489,133,16.0,10,5,sqrt,0.001,133,15.676691729323307,16,17699,133.0751879699248
grid,1,0.2081022500060498,0.8733036075860354,0.8752436647173489,133,16.0,10,7,sqrt,0.001,133,15.676691729323307,16,17699,133.0751879699248
grid,1,0.2106027499976335,0.8733036075860354,0.8752436647173489,133,16.0,10,10,sqrt,0.001,133,15.676691729323307,16,17699,133.0751879699248
grid,1,0.1815933749894611,0.8731674593218378,0.8752436647173489,133,,7,2,log2,0.0001,133,18.398496240601503,25,30499,229.31578947368425
grid,1,0.1726832910062512,0.8731674593218378,0.8752436647173489,133,,7,5,log2,0.0001,133,18.398496240601503,25,30499,229.31578947368425
grid,1,0.1857583750097546,0.8731674593218378,0.8752436647173489,133,,7,7,log2,0.0001,133,18.398496240601503,25,30499,229.31578947368425
grid,1,0.1871605409978656,0.8731674593218378,0.8752436647173489,133,,7,10,log2,0.0001,133,18.398496240601503,25,30499,229.31578947368425
grid,1,0.182689291992574,0.8731674593218378,0.8752436647173489,133,,7,2,log2,1e-05,133,18.526315789473685,25,32587,245.01503759398497
grid,1,0.1905079590069363,0.8731674593218378,0.8752436647173489,133,,7,5,log2,1e-05,133,18.526315789473685,25,32587,245.01503759398497
grid,1,0.1805413749971194,0.8731674593218378,0.8752436647173489,133,,7,7,log2,1e-05,133,18.526315789473685,25,32587,245.01503759398497
grid,1,0.1831277089950163,0.8731674593218378,0.8752436647173489,133,,7,10,log2,1e-05,133,18.526315789473685,25,32587,245.01503759398497
grid,1,0.1768329580081626,0.8731674593218378,0.8752436647173489,133,,7,2,log2,0.0,133,18.56390977443609,25,33637,252.90977443609023
grid,1,0.1736910000036005,0.8731674593218378,0.8752436647173489,133,,7,5,log2,0.0,133,18.56390977443609,25,33637,252.90977443609023
grid,1,0.1760817500035045,0.8731674593218378,0.8752436647173489,133,,7,7,log2,0.0,133,18.56390977443609,25,33637,252.90977443609023
grid,1,0.1867489169962937,0.8731674593218378,0.8752436647173489,133,,7,10,log2,0.0,133,18.56390977443609,25,33637,252.90977443609023
grid,1,0.176260332998936,0.8731538318732253,0.8752436647173489,133,20.0,7,2,log2,0.001,133,17.36842105263158,20,23323,175.3609022556391
grid,1,0.1893131660035578,0.8731538318732253,0.8752436647173489,133,20.0,7,5,log2,0.001,133,17.36842105263158,20,23323,175.3609022556391
grid,1,0.1820175419998122,0.8731538318732253,0.8752436647173489,133,20.0,7,7,log2,0.001,133,17.36842105263158,20,23323,175.3609022556391
grid,1,0.180594416000531,0.8731538318732253,0.8752436647173489,133,20.0,7,10,log2,0.001,133,17.36842105263158,20,23323,175.3609022556391
grid,1,0.1890520829911111,0.8731262266282287,0.8752436647173489,133,,7,2,log2,0.001,133,17.661654135338345,24,23421,176.09774436090223
grid,1,0.1944693750119768,0.8731262266282287,0.8752436647173489,133,,7,5,log2,0.001,133,17.661654135338345,24,23421,176.09774436090223
grid,1,0.1839863750064978,0.8731262266282287,0.8752436647173489,133,,7,7,log2,0.001,133,17.661654135338345,24,23421,176.09774436090223
grid,1,0.1862061669962713,0.8731262266282287,0.8752436647173489,133,,7,10,log2,0.001,133,17.661654135338345,24,23421,176.09774436090223
grid,1,0.0776972080057021,0.8729652131418578,0.8752436647173489,50,8.0,1,2,log2,0.001,50,8.0,8,6390,127.8
grid,1,0.1775367500085849,0.8727205774138425,0.8752436647173489,133,8.0,1,7,log2,0.001,133,8.0,8,15977,120.12781954887218
grid,1,0.1877405420091236,0.8726398247661145,0.8752436647173489,133,12.0,4,2,log2,0.001,133,12.0,12,24107,181.25563909774436
grid,1,0.179616666995571,0.8726398247661145,0.8752436647173489,133,12.0,4,5,log2,0.001,133,12.0,12,24107,181.25563909774436
grid,1,0.1785118749976391,0.8726398247661145,0.8752436647173489,133,12.0,4,7,log2,0.001,133,12.0,12,24107,181.25563909774436
grid,1,0.0823994999955175,0.872628137754486,0.8752436647173489,50,16.0,10,2,log2,0.001,50,15.28,16,7048,140.96
grid,1,0.0811885000002803,0.872628137754486,0.8752436647173489,50,16.0,10,5,log2,0.001,50,15.28,16,7048,140.96
grid,1,0.0820550839998759,0.872628137754486,0.8752436647173489,50,16.0,10,7,log2,0.001,50,15.28,16,7048,140.96
grid,1,0.0786074589996133,0.872628137754486,0.8752436647173489,50,16.0,10,10,log2,0.001,50,15.28,16,7048,140.96
grid,1,0.3250848749885335,0.872604973998853,0.8752436647173489,217,8.0,1,7,sqrt,0.001,217,8.0,8,23385,107.76497695852537
grid,1,0.0827935830020578,0.8725775006393567,0.8752436647173489,50,16.0,10,2,log2,0.0001,50,15.46,16,8962,179.24
grid,1,0.0835926250001648,0.8725775006393567,0.8752436647173489,50,16.0,10,5,log2,0.0001,50,15.46,16,8962,179.24
grid,1,0.0817036670050583,0.8725775006393567,0.8752436647173489,50,16.0,10,7,log2,0.0001,50,15.46,16,8962,179.24
grid,1,0.0803721669944934,0.8725775006393567,0.8752436647173489,50,16.0,10,10,log2,0.0001,50,15.46,16,8962,179.24
grid,1,0.0955416670039994,0.8725775006393567,0.8752436647173489,50,16.0,10,2,log2,1e-05,50,15.52,16,9576,191.52
grid,1,0.0796787080034846,0.8725775006393567,0.8752436647173489,50,16.0,10,5,log2,1e-05,50,15.52,16,9576,191.52
grid,1,0.0824674159957794,0.8725775006393567,0.8752436647173489,50,16.0,10,7,log2,1e-05,50,15.52,16,9576,191.52
grid,1,0.0833897499978775,0.8725775006393567,0.8752436647173489,50,16.0,10,10,log2,1e-05,50,15.52,16,9576,191.52
grid,1,0.0843455830035964,0.8725775006393567,0.8752436647173489,50,16.0,10,2,log2,0.0,50,15.52,16,9842,196.84
grid,1,0.082841459006886,0.8725775006393567,0.8752436647173489,50,16.0,10,5,log2,0.0,50,15.52,16,9842,196.84
grid,1,0.0827266669948585,0.8725775006393567,0.8752436647173489,50,16.0,10,7,log2,0.0,50,15.52,16,9842,196.84
grid,1,0.0816864590015029,0.8725775006393567,0.8752436647173489,50,16.0,10,10,log2,0.0,50,15.52,16,9842,196.84
grid,1,0.3207228329993086,0.8725449543106606,0.8752436647173489,217,12.0,7,2,sqrt,0.001,217,12.0,12,28637,131.96774193548387
grid,1,0.3299538330029463,0.8725449543106606,0.8752436647173489,217,12.0,7,5,sqrt,0.001,217,12.0,12,28637,131.96774193548387
grid,1,0.3491864170064218,0.8725449543106606,0.8752436647173489,217,12.0,7,7,sqrt,0.001,217,12.0,12,28637,131.96774193548387
grid,1,0.3493282090057619,0.8725449543106606,0.8752436647173489,217,12.0,7,10,sqrt,0.001,217,12.0,12,28637,131.96774193548387
grid,1,0.1761531249940162,0.8724259570035705,0.8752436647173489,133,12.0,7,2,log2,0.001,133,12.0,12,18987,142.7593984962406
grid,1,0.1737013340025441,0.8724259570035705,0.8752436647173489,133,12.0,7,5,log2,0.001,133,12.0,12,18987,142.7593984962406
grid,1,0.2061712499998975,0.8724259570035705,0.8752436647173489,133,12.0,7,7,log2,0.001,133,12.0,12,18987,142.7593984962406
grid,1,0.1715581659955205,0.8724259570035705,0.8752436647173489,133,12.0,7,10,log2,0.001,133,12.0,12,18987,142.7593984962406
grid,1,0.2819714170036604,0.8719233636797835,0.8752436647173489,217,8.0,4,10,log2,0.0001,217,8.0,8,27061,124.70506912442396
grid,1,0.2804519579949556,0.8719233636797835,0.8752436647173489,217,8.0,4,10,log2,1e-05,217,8.0,8,27507,126.76036866359448
grid,1,0.281719124992378,0.8719233636797835,0.8752436647173489,217,8.0,4,10,log2,0.0,217,8.0,8,28169,129.8110599078341
grid,1,0.2608820839959662,0.871814103906928,0.8732943469785575,50,16.0,4,10,0.5,0.0001,50,16.0,16,7370,147.4
grid,1,0.2787283749930793,0.871814103906928,0.8732943469785575,50,16.0,4,10,0.5,1e-05,50,16.0,16,7384,147.68
grid,1,0.2564248749986291,0.871814103906928,0.8732943469785575,50,16.0,4,10,0.5,0.0,50,16.0,16,7804,156.08
grid,1,0.9383467919979012,0.8715392452202829,0.8752436647173489,217,16.0,7,2,0.5,0.001,217,16.0,16,22715,104.6774193548387
grid,1,0.9464000839943764,0.8715392452202829,0.8752436647173489,217,16.0,7,5,0.5,0.001,217,16.0,16,22715,104.6774193548387
grid,1,0.9449928749963874,0.8715392452202829,0.8752436647173489,217,16.0,7,7,0.5,0.001,217,16.0,16,22715,104.6774193548387
grid,1,0.973227082999074,0.8715392452202829,0.8752436647173489,217,16.0,7,10,0.5,0.001,217,16.0,16,22715,104.6774193548387
grid,1,0.1901219999999739,0.8715074231129961,0.8732943469785575,133,8.0,1,10,sqrt,0.0001,133,8.0,8,15251,114.66917293233082
grid,1,0.1906516250019194,0.8715074231129961,0.8732943469785575,133,8.0,1,10,sqrt,1e-05,133,8.0,8,15307,115.09022556390975
grid,1,0.1924140420014737,0.8715074231129961,0.8732943469785575,133,8.0,1,10,sqrt,0.0,133,8.0,8,15701,118.05263157894736
grid,1,0.1879998340009478,0.8712730579494348,0.8732943469785575,133,20.0,7,2,log2,0.0001,133,17.954887218045112,20,30321,227.97744360902257
grid,1,0.1757327920058742,0.8712730579494348,0.8732943469785575,133,20.0,7,5,log2,0.0001,133,17.954887218045112,20,30321,227.97744360902257
grid,1,0.1802731249917997,0.8712730579494348,0.8732943469785575,133,20.0,7,7,log2,0.0001,133,17.954887218045112,20,30321,227.97744360902257
grid,1,0.1894463750068098,0.8712730579494348,0.8732943469785575,133,20.0,7,10,log2,0.0001,133,17.954887218045112,20,30321,227.97744360902257
grid,1,0.1842790829978184,0.8712730579494348,0.8732943469785575,133,20.0,7,2,log2,1e-05,133,18.03759398496241,20,32401,243.61654135338347
grid,1,0.1902568330115173,0.8712730579494348,0.8732943469785575,133,20.0,7,5,log2,1e-05,133,18.03759398496241,20,32401,243.61654135338347
grid,1,0.1870323329931125,0.8712730579494348,0.8732943469785575,133,20.0,7,7,log2,1e-05,133,18.03759398496241,20,32401,243.61654135338347
grid,1,0.1830785420024767,0.8712730579494348,0.8732943469785575,133,20.0,7,10,log2,1e-05,133,18.03759398496241,20,32401,243.61654135338347
grid,1,0.1862790419982047,0.8712730579494348,0.8732943469785575,133,20.0,7,2,log2,0.0,133,18.075187969924812,20,33459,251.57142857142856
grid,1,0.1718914999946719,0.8712730579494348,0.8732943469785575,133,20.0,7,5,log2,0.0,133,18.075187969924812,20,33459,251.57142857142856
grid,1,0.1789860830031102,0.8712730579494348,0.8732943469785575,133,20.0,7,7,log2,0.0,133,18.075187969924812,20,33459,251.57142857142856
grid,1,0.1845963750092778,0.8712730579494348,0.8732943469785575,133,20.0,7,10,log2,0.0,133,18.075187969924812,20,33459,251.57142857142856
grid,1,0.0825987499993061,0.8710698838423849,0.8732943469785575,50,8.0,1,7,log2,0.001,50,8.0,8,5932,118.64
grid,1,0.0932236249936977,0.8710234555133579,0.8732943469785575,50,12.0,10,2,sqrt,1e-05,50,12.0,12,7532,150.64
grid,1,0.0942566670128144,0.8710234555133579,0.8732943469785575,50,12.0,10,5,sqrt,1e-05,50,12.0,12,7532,150.64
grid,1,0.0944339159905212,0.8710234555133579,0.8732943469785575,50,12.0,10,7,sqrt,1e-05,50,12.0,12,7532,150.64
grid,1,0.097631958007696,0.8710234555133579,0.8732943469785575,50,12.0,10,10,sqrt,1e-05,50,12.0,12,7532,150.64
grid,1,0.0959364169975742,0.8710234555133579,0.8732943469785575,50,12.0,10,2,sqrt,0.0,50,12.0,12,7828,156.56
grid,1,0.0834893749997718,0.8710234555133579,0.8732943469785575,50,12.0,10,5,sqrt,0.0,50,12.0,12,7828,156.56
grid,1,0.0911935829935828,0.8710234555133579,0.8732943469785575,50,12.0,10,7,sqrt,0.0,50,12.0,12,7828,156.56
grid,1,0.0905053750029765,0.8710234555133579,0.8732943469785575,50,12.0,10,10,sqrt,0.0,50,12.0,12,7828,156.56
grid,1,0.0931388750032056,0.8709977942996991,0.8732943469785575,50,12.0,10,2,sqrt,0.0001,50,12.0,12,6986,139.72
grid,1,0.0844804579974152,0.8709977942996991,0.8732943469785575,50,12.0,10,5,sqrt,0.0001,50,12.0,12,6986,139.72
grid,1,0.0943449170008534,0.8709977942996991,0.8732943469785575,50,12.0,10,7,sqrt,0.0001,50,12.0,12,6986,139.72
grid,1,0.0929471660056151,0.8709977942996991,0.8732943469785575,50,12.0,10,10,sqrt,0.0001,50,12.0,12,6986,139.72
grid,1,0.1943759999994654,0.8709778013197036,0.8732943469785575,133,8.0,4,10,sqrt,0.001,133,8.0,8,12201,91.73684210526316
grid,1,0.1821060420043068,0.8709427187204161,0.8732943469785575,133,16.0,7,2,log2,0.001,133,15.676691729323307,16,22563,169.64661654135338
grid,1,0.1918067499937024,0.8709427187204161,0.8732943469785575,133,16.0,7,5,log2,0.001,133,15.676691729323307,16,22563,169.64661654135338
grid,1,0.1777040000015404,0.8709427187204161,0.8732943469785575,133,16.0,7,7,log2,0.001,133,15.676691729323307,16,22563,169.64661654135338
grid,1,0.1784131669992348,0.8709427187204161,0.8732943469785575,133,16.0,7,10,log2,0.001,133,15.676691729323307,16,22563,169.64661654135338
grid,1,0.5727374169946415,0.8707104440453279,0.8732943469785575,133,12.0,1,5,0.5,0.001,133,12.0,12,15219,114.42857142857144
grid,1,0.3480914590036263,0.8701932668745749,0.8732943469785575,217,12.0,10,2,sqrt,0.001,217,12.0,12,24597,113.35023041474656
grid,1,0.3540417499898467,0.8701932668745749,0.8732943469785575,217,12.0,10,5,sqrt,0.001,217,12.0,12,24597,113.35023041474656
grid,1,0.3241377910017036,0.8701932668745749,0.8732943469785575,217,12.0,10,7,sqrt,0.001,217,12.0,12,24597,113.35023041474656
grid,1,0.338375791994622,0.8701932668745749,0.8732943469785575,217,12.0,10,10,sqrt,0.001,217,12.0,12,24597,113.35023041474656
grid,1,0.9328194159897976,0.8701746879338096,0.8732943469785575,217,12.0,1,5,0.5,0.001,217,12.0,12,25001,115.21198156682028
grid,1,0.2503789579932345,0.8700293372533093,0.8693957115009746,50,12.0,1,10,0.5,0.0001,50,12.0,12,6228,124.56
grid,1,0.2347897919971728,0.8700293372533093,0.8693957115009746,50,12.0,1,10,0.5,1e-05,50,12.0,12,6234,124.68
grid,1,0.2462245829956373,0.8700293372533093,0.8693957115009746,50,12.0,1,10,0.5,0.0,50,12.0,12,6538,130.76
grid,1,0.2831095419969642,0.8698298486213093,0.8732943469785575,217,12.0,7,2,log2,0.001,217,12.0,12,31011,142.9078341013825
grid,1,0.2859962079965044,0.8698298486213093,0.8732943469785575,217,12.0,7,5,log2,0.001,217,12.0,12,31011,142.9078341013825
grid,1,0.3286997079994762,0.8698298486213093,0.8732943469785575,217,12.0,7,7,log2,0.001,217,12.0,12,31011,142.9078341013825
grid,1,0.3107682080008089,0.8698298486213093,0.8732943469785575,217,12.0,7,10,log2,0.001,217,12.0,12,31011,142.9078341013825
grid,1,0.3022378329915227,0.8696748591929583,0.8713450292397661,217,8.0,4,10,sqrt,0.001,217,8.0,8,19681,90.6958525345622
grid,1,0.2540553330036346,0.8696027786904259,0.8713450292397661,50,16.0,4,10,0.5,0.001,50,16.0,16,5822,116.44
grid,1,0.1904729170055361,0.8694703536624875,0.8713450292397661,133,8.0,1,10,sqrt,0.001,133,8.0,8,13433,101.0
grid,1,0.0797104999946896,0.8693543774504039,0.8713450292397661,50,8.0,7,2,log2,0.0001,50,8.0,8,5262,105.24
grid,1,0.0821211250004125,0.8693543774504039,0.8713450292397661,50,8.0,7,5,log2,0.0001,50,8.0,8,5262,105.24
grid,1,0.0813992500043241,0.8693543774504039,0.8713450292397661,50,8.0,7,7,log2,0.0001,50,8.0,8,5262,105.24
grid,1,0.0821041669987607,0.8693543774504039,0.8713450292397661,50,8.0,7,10,log2,0.0001,50,8.0,8,5262,105.24
grid,1,0.2467131250014063,0.8690252677870761,0.8713450292397661,50,12.0,1,5,0.5,0.001,50,12.0,12,5736,114.72
grid,1,0.1787457919999724,0.8689210073724948,0.8713450292397661,133,16.0,10,2,log2,0.0001,133,15.38345864661654,16,23933,179.94736842105263
grid,1,0.1765778340050019,0.8689210073724948,0.8713450292397661,133,16.0,10,5,log2,0.0001,133,15.38345864661654,16,23933,179.94736842105263
grid,1,0.1779307920078281,0.8689210073724948,0.8713450292397661,133,16.0,10,7,log2,0.0001,133,15.38345864661654,16,23933,179.94736842105263
grid,1,0.1714835839957231,0.8689210073724948,0.8713450292397661,133,16.0,10,10,log2,0.0001,133,15.38345864661654,16,23933,179.94736842105263
grid,1,0.1856609159876825,0.8689210073724948,0.8713450292397661,133,16.0,10,2,log2,1e-05,133,15.421052631578949,16,25467,191.4812030075188
grid,1,0.1802681249973829,0.8689210073724948,0.8713450292397661,133,16.0,10,5,log2,1e-05,133,15.421052631578949,16,25467,191.4812030075188
grid,1,0.1756705830048304,0.8689210073724948,0.8713450292397661,133,16.0,10,7,log2,1e-05,133,15.421052631578949,16,25467,191.4812030075188
grid,1,0.1763038749922998,0.8689210073724948,0.8713450292397661,133,16.0,10,10,log2,1e-05,133,15.421052631578949,16,25467,191.4812030075188
grid,1,0.1779616250132676,0.8689210073724948,0.8713450292397661,133,16.0,10,2,log2,0.0,133,15.436090225563907,16,26175,196.8045112781955
grid,1,0.1703871250065276,0.8689210073724948,0.8713450292397661,133,16.0,10,5,log2,0.0,133,15.436090225563907,16,26175,196.8045112781955
grid,1,0.1813957089907489,0.8689210073724948,0.8713450292397661,133,16.0,10,7,log2,0.0,133,15.436090225563907,16,26175,196.8045112781955
grid,1,0.1770662909984821,0.8689210073724948,0.8713450292397661,133,16.0,10,10,log2,0.0,133,15.436090225563907,16,26175,196.8045112781955
grid,1,0.3000204579875571,0.868838381946328,0.8713450292397661,217,8.0,4,2,sqrt,0.0001,217,8.0,8,24989,115.15668202764977
grid,1,0.3082235839974601,0.868838381946328,0.8713450292397661,217,8.0,4,5,sqrt,0.0001,217,8.0,8,24989,115.15668202764977
grid,1,0.3152314579929225,0.868838381946328,0.8713450292397661,217,8.0,4,7,sqrt,0.0001,217,8.0,8,24989,115.15668202764977
grid,1,0.3111552089976612,0.868838381946328,0.8713450292397661,217,8.0,4,2,sqrt,1e-05,217,8.0,8,25261,116.41013824884791
grid,1,0.3214333330106456,0.868838381946328,0.8713450292397661,217,8.0,4,5,sqrt,1e-05,217,8.0,8,25261,116.41013824884791
grid,1,0.314371292013675,0.868838381946328,0.8713450292397661,217,8.0,4,7,sqrt,1e-05,217,8.0,8,25261,116.41013824884791
grid,1,0.3073377910041017,0.868838381946328,0.8713450292397661,217,8.0,4,2,sqrt,0.0,217,8.0,8,25999,119.8110599078341
grid,1,0.3032882920088013,0.868838381946328,0.8713450292397661,217,8.0,4,5,sqrt,0.0,217,8.0,8,25999,119.8110599078341
grid,1,0.2913624170032562,0.868838381946328,0.8713450292397661,217,8.0,4,7,sqrt,0.0,217,8.0,8,25999,119.8110599078341
grid,1,0.2825727080053184,0.8685974354439653,0.8713450292397661,217,8.0,1,7,log2,0.001,217,8.0,8,25883,119.27649769585254
grid,1,0.1766172079951502,0.8685959686010629,0.8713450292397661,133,8.0,7,2,log2,0.0001,133,8.0,8,14257,107.19548872180452
grid,1,0.17353675000777,0.8685959686010629,0.8713450292397661,133,8.0,7,5,log2,0.0001,133,8.0,8,14257,107.19548872180452
grid,1,0.17581870900176,0.8685959686010629,0.8713450292397661,133,8.0,7,7,log2,0.0001,133,8.0,8,14257,107.19548872180452
grid,1,0.1761530419898918,0.8685959686010629,0.8713450292397661,133,8.0,7,10,log2,0.0001,133,8.0,8,14257,107.19548872180452
grid,1,0.1660354170016944,0.8685959686010629,0.8713450292397661,133,8.0,7,2,log2,1e-05,133,8.0,8,15087,113.43609022556392
grid,1,0.1774670419981703,0.8685959686010629,0.8713450292397661,133,8.0,7,5,log2,1e-05,133,8.0,8,15087,113.43609022556392
grid,1,0.16634054100723,0.8685959686010629,0.8713450292397661,133,8.0,7,7,log2,1e-05,133,8.0,8,15087,113.43609022556392
grid,1,0.1762199999939184,0.8685959686010629,0.8713450292397661,133,8.0,7,10,log2,1e-05,133,8.0,8,15087,113.43609022556392
grid,1,0.1756787500053178,0.8685959686010629,0.8713450292397661,133,8.0,7,2,log2,0.0,133,8.0,8,15451,116.17293233082708
grid,1,0.1727360420045443,0.8685959686010629,0.8713450292397661,133,8.0,7,5,log2,0.0,133,8.0,8,15451,116.17293233082708
grid,1,0.1728480419988045,0.8685959686010629,0.8713450292397661,133,8.0,7,7,log2,0.0,133,8.0,8,15451,116.17293233082708
grid,1,0.1635843340045539,0.8685959686010629,0.8713450292397661,133,8.0,7,10,log2,0.0,133,8.0,8,15451,116.17293233082708
grid,1,0.2017602080013603,0.8685164946422487,0.8713450292397661,133,12.0,10,2,sqrt,0.0001,133,12.0,12,18773,141.15037593984962
grid,1,0.2044822500029113,0.8685164946422487,0.8713450292397661,133,12.0,10,5,sqrt,0.0001,133,12.0,12,18773,141.15037593984962
grid,1,0.200150125005166,0.8685164946422487,0.8713450292397661,133,12.0,10,7,sqrt,0.0001,133,12.0,12,18773,141.15037593984962
grid,1,0.2006342499953461,0.8685164946422487,0.8713450292397661,133,12.0,10,10,sqrt,0.0001,133,12.0,12,18773,141.15037593984962
grid,1,0.1905311250011436,0.8685164946422487,0.8713450292397661,133,12.0,10,2,sqrt,1e-05,133,12.0,12,20109,151.1954887218045
grid,1,0.202509208000265,0.8685164946422487,0.8713450292397661,133,12.0,10,5,sqrt,1e-05,133,12.0,12,20109,151.1954887218045
grid,1,0.2004862500034505,0.8685164946422487,0.8713450292397661,133,12.0,10,7,sqrt,1e-05,133,12.0,12,20109,151.1954887218045
grid,1,0.2039937500085216,0.8685164946422487,0.8713450292397661,133,12.0,10,10,sqrt,1e-05,133,12.0,12,20109,151.1954887218045
grid,1,0.2003987500065704,0.8685164946422487,0.8713450292397661,133,12.0,10,2,sqrt,0.0,133,12.0,12,20847,156.74436090225564
grid,1,0.1905745000112801,0.8685164946422487,0.8713450292397661,133,12.0,10,5,sqrt,0.0,133,12.0,12,20847,156.74436090225564
grid,1,0.190844750002725,0.8685164946422487,0.8713450292397661,133,12.0,10,7,sqrt,0.0,133,12.0,12,20847,156.74436090225564
grid,1,0.1915553330036346,0.8685164946422487,0.8713450292397661,133,12.0,10,10,sqrt,0.0,133,12.0,12,20847,156.74436090225564
grid,1,0.3086999160004779,0.8683678530490269,0.8713450292397661,217,8.0,7,2,sqrt,0.001,217,8.0,8,17395,80.16129032258064
grid,1,0.308603999990737,0.8683678530490269,0.8713450292397661,217,8.0,7,5,sqrt,0.001,217,8.0,8,17395,80.16129032258064
grid,1,0.3104998749913648,0.8683678530490269,0.8713450292397661,217,8.0,7,7,sqrt,0.001,217,8.0,8,17395,80.16129032258064
grid,1,0.3130787919944851,0.8683678530490269,0.8713450292397661,217,8.0,7,10,sqrt,0.001,217,8.0,8,17395,80.16129032258064
grid,1,0.2825988339900505,0.8682870848201325,0.8713450292397661,217,8.0,4,10,log2,0.001,217,8.0,8,22113,101.90322580645162
grid,1,0.3487604999972973,0.8682790112981336,0.8713450292397661,217,12.0,10,2,sqrt,0.0001,217,12.0,12,30723,141.5806451612903
grid,1,0.344910792002338,0.8682790112981336,0.8713450292397661,217,12.0,10,5,sqrt,0.0001,217,12.0,12,30723,141.5806451612903
grid,1,0.320107082996401,0.8682790112981336,0.8713450292397661,217,12.0,10,7,sqrt,0.0001,217,12.0,12,30723,141.5806451612903
grid,1,0.3228729170077713,0.8682790112981336,0.8713450292397661,217,12.0,10,10,sqrt,0.0001,217,12.0,12,30723,141.5806451612903
grid,1,0.3487715840019518,0.8682790112981336,0.8713450292397661,217,12.0,10,2,sqrt,1e-05,217,12.0,12,32881,151.52534562211983
grid,1,0.3433670839876868,0.8682790112981336,0.8713450292397661,217,12.0,10,5,sqrt,1e-05,217,12.0,12,32881,151.52534562211983
grid,1,0.3237991250061895,0.8682790112981336,0.8713450292397661,217,12.0,10,7,sqrt,1e-05,217,12.0,12,32881,151.52534562211983
grid,1,0.3185160830034874,0.8682790112981336,0.8713450292397661,217,12.0,10,10,sqrt,1e-05,217,12.0,12,32881,151.52534562211983
grid,1,0.3357001249969471,0.8682790112981336,0.8713450292397661,217,12.0,10,2,sqrt,0.0,217,12.0,12,34093,157.110599078341
grid,1,0.3462250000011408,0.8682790112981336,0.8713450292397661,217,12.0,10,5,sqrt,0.0,217,12.0,12,34093,157.110599078341
grid,1,0.3101333749946207,0.8682790112981336,0.8713450292397661,217,12.0,10,7,sqrt,0.0,217,12.0,12,34093,157.110599078341
grid,1,0.3151821250066859,0.8682790112981336,0.8713450292397661,217,12.0,10,10,sqrt,0.0,217,12.0,12,34093,157.110599078341
grid,1,0.0821977080049691,0.8678079851577903,0.8693957115009746,50,8.0,1,10,log2,0.001,50,8.0,8,5650,113.0
grid,1,0.1802734169905306,0.867689117812546,0.8693957115009746,133,8.0,1,5,log2,0.001,133,8.0,8,16555,124.47368421052632
grid,1,0.2778252090065507,0.8676792435078717,0.8732943469785575,50,12.0,1,7,0.5,0.001,50,12.0,12,5508,110.16
grid,1,0.0820883340056752,0.8674546075560996,0.8693957115009746,50,8.0,7,2,log2,1e-05,50,8.0,8,5578,111.56
grid,1,0.0821579589974135,0.8674546075560996,0.8693957115009746,50,8.0,7,5,log2,1e-05,50,8.0,8,5578,111.56
grid,1,0.081684500008123,0.8674546075560996,0.8693957115009746,50,8.0,7,7,log2,1e-05,50,8.0,8,5578,111.56
grid,1,0.0834484999941196,0.8674546075560996,0.8693957115009746,50,8.0,7,10,log2,1e-05,50,8.0,8,5578,111.56
grid,1,0.0832907500007422,0.8674546075560996,0.8693957115009746,50,8.0,7,2,log2,0.0,50,8.0,8,5708,114.16
grid,1,0.0802590410021366,0.8674546075560996,0.8693957115009746,50,8.0,7,5,log2,0.0,50,8.0,8,5708,114.16
grid,1,0.0806327919999603,0.8674546075560996,0.8693957115009746,50,8.0,7,7,log2,0.0,50,8.0,8,5708,114.16
grid,1,0.0831407910009147,0.8674546075560996,0.8693957115009746,50,8.0,7,10,log2,0.0,50,8.0,8,5708,114.16
grid,1,0.0805012910132063,0.8674093441839802,0.8693957115009746,50,8.0,7,2,log2,0.001,50,8.0,8,4350,87.0
grid,1,0.0832209159998456,0.8674093441839802,0.8693957115009746,50,8.0,7,5,log2,0.001,50,8.0,8,4350,87.0
grid,1,0.0777482499979669,0.8674093441839802,0.8693957115009746,50,8.0,7,7,log2,0.001,50,8.0,8,4350,87.0
grid,1,0.081677291993401,0.8674093441839802,0.8693957115009746,50,8.0,7,10,log2,0.001,50,8.0,8,4350,87.0
grid,1,0.1757182909932453,0.8670837083156007,0.8693957115009746,133,8.0,1,10,log2,0.0001,133,8.0,8,17583,132.203007518797
grid,1,0.1911450420011533,0.8670459842471793,0.8693957115009746,133,8.0,7,2,sqrt,0.001,133,8.0,8,10669,80.21804511278195
grid,1,0.1898958329984452,0.8670459842471793,0.8693957115009746,133,8.0,7,5,sqrt,0.001,133,8.0,8,10669,80.21804511278195
grid,1,0.1934553750033956,0.8670459842471793,0.8693957115009746,133,8.0,7,7,sqrt,0.001,133,8.0,8,10669,80.21804511278195
grid,1,0.1850579589954577,0.8670459842471793,0.8693957115009746,133,8.0,7,10,sqrt,0.001,133,8.0,8,10669,80.21804511278195
grid,1,0.2864077920094132,0.8669711284798104,0.8693957115009746,217,16.0,10,2,log2,0.0001,217,15.47004608294931,16,39079,180.08755760368663
grid,1,0.2822806659969501,0.8669711284798104,0.8693957115009746,217,16.0,10,5,log2,0.0001,217,15.47004608294931,16,39079,180.08755760368663
grid,1,0.2860676659911405,0.8669711284798104,0.8693957115009746,217,16.0,10,7,log2,0.0001,217,15.47004608294931,16,39079,180.08755760368663
grid,1,0.2792318329884438,0.8669711284798104,0.8693957115009746,217,16.0,10,2,log2,1e-05,217,15.497695852534562,16,41619,191.7926267281106
grid,1,0.293237042002147,0.8669711284798104,0.8693957115009746,217,16.0,10,5,log2,1e-05,217,15.497695852534562,16,41619,191.7926267281106
grid,1,0.2942624160059495,0.8669711284798104,0.8693957115009746,217,16.0,10,7,log2,1e-05,217,15.497695852534562,16,41619,191.7926267281106
grid,1,0.2816321249993052,0.8669711284798104,0.8693957115009746,217,16.0,10,2,log2,0.0,217,15.52073732718894,16,42745,196.9815668202765
grid,1,0.2810027919913409,0.8669711284798104,0.8693957115009746,217,16.0,10,5,log2,0.0,217,15.52073732718894,16,42745,196.9815668202765
grid,1,0.2806933750107419,0.8669711284798104,0.8693957115009746,217,16.0,10,7,log2,0.0,217,15.52073732718894,16,42745,196.9815668202765
grid,1,0.3172819160099607,0.8668502711666509,0.8693957115009746,217,8.0,4,2,sqrt,0.001,217,8.0,8,20151,92.86175115207374
grid,1,0.3176304579974385,0.8668502711666509,0.8693957115009746,217,8.0,4,5,sqrt,0.001,217,8.0,8,20151,92.86175115207374
grid,1,0.3156159999925876,0.8668502711666509,0.8693957115009746,217,8.0,4,7,sqrt,0.001,217,8.0,8,20151,92.86175115207374
grid,1,0.0927392079902347,0.8665079144585286,0.8674463937621832,50,8.0,1,2,sqrt,0.0001,50,8.0,8,7560,151.2
grid,1,0.0942030419973889,0.8665079144585286,0.8674463937621832,50,8.0,1,2,sqrt,1e-05,50,8.0,8,7568,151.36
grid,1,0.1006927500129677,0.8665079144585286,0.8674463937621832,50,8.0,1,2,sqrt,0.0,50,8.0,8,7892,157.84
grid,1,0.1931785830092849,0.8664995253070356,0.8693957115009746,133,8.0,7,2,log2,0.001,133,8.0,8,11871,89.25563909774436
grid,1,0.1739555410022149,0.8664995253070356,0.8693957115009746,133,8.0,7,5,log2,0.001,133,8.0,8,11871,89.25563909774436
grid,1,0.1770605000056093,0.8664995253070356,0.8693957115009746,133,8.0,7,7,log2,0.001,133,8.0,8,11871,89.25563909774436
grid,1,0.1755971670063445,0.8664995253070356,0.8693957115009746,133,8.0,7,10,log2,0.001,133,8.0,8,11871,89.25563909774436
grid,1,0.0819001250056317,0.8664303661915779,0.8693957115009746,50,12.0,10,2,log2,0.0001,50,12.0,12,7548,150.96
grid,1,0.0805051249917596,0.8664303661915779,0.8693957115009746,50,12.0,10,5,log2,0.0001,50,12.0,12,7548,150.96
grid,1,0.0833312079921597,0.8664303661915779,0.8693957115009746,50,12.0,10,7,log2,0.0001,50,12.0,12,7548,150.96
grid,1,0.0820595410041278,0.8664303661915779,0.8693957115009746,50,12.0,10,10,log2,0.0001,50,12.0,12,7548,150.96
grid,1,0.0850157499953638,0.8664303661915779,0.8693957115009746,50,12.0,10,2,log2,1e-05,50,12.0,12,8016,160.32
grid,1,0.0842062919982709,0.8664303661915779,0.8693957115009746,50,12.0,10,5,log2,1e-05,50,12.0,12,8016,160.32
grid,1,0.080936708007357,0.8664303661915779,0.8693957115009746,50,12.0,10,7,log2,1e-05,50,12.0,12,8016,160.32
grid,1,0.0831146249984158,0.8664303661915779,0.8693957115009746,50,12.0,10,10,log2,1e-05,50,12.0,12,8016,160.32
grid,1,0.0793805420107673,0.8664303661915779,0.8693957115009746,50,12.0,10,2,log2,0.0,50,12.0,12,8256,165.12
grid,1,0.0826497499947436,0.8664303661915779,0.8693957115009746,50,12.0,10,5,log2,0.0,50,12.0,12,8256,165.12
grid,1,0.0782593339972663,0.8664303661915779,0.8693957115009746,50,12.0,10,7,log2,0.0,50,12.0,12,8256,165.12
grid,1,0.0782168339937925,0.8664303661915779,0.8693957115009746,50,12.0,10,10,log2,0.0,50,12.0,12,8256,165.12
grid,1,0.1756338749983115,0.8663112030734407,0.8693957115009746,133,12.0,10,2,log2,0.0001,133,12.0,12,20419,153.52631578947367
grid,1,0.1800259169976925,0.8663112030734407,0.8693957115009746,133,12.0,10,5,log2,0.0001,133,12.0,12,20419,153.52631578947367
grid,1,0.1772737090068403,0.8663112030734407,0.8693957115009746,133,12.0,10,7,log2,0.0001,133,12.0,12,20419,153.52631578947367
grid,1,0.1841155839938437,0.8663112030734407,0.8693957115009746,133,12.0,10,10,log2,0.0001,133,12.0,12,20419,153.52631578947367
grid,1,0.1761098330025561,0.8663112030734407,0.8693957115009746,133,12.0,10,2,log2,1e-05,133,12.0,12,21731,163.39097744360902
grid,1,0.1966962080041412,0.8663112030734407,0.8693957115009746,133,12.0,10,5,log2,1e-05,133,12.0,12,21731,163.39097744360902
grid,1,0.1767819590022554,0.8663112030734407,0.8693957115009746,133,12.0,10,7,log2,1e-05,133,12.0,12,21731,163.39097744360902
grid,1,0.1966509159974521,0.8663112030734407,0.8693957115009746,133,12.0,10,10,log2,1e-05,133,12.0,12,21731,163.39097744360902
grid,1,0.1754976249940227,0.8663112030734407,0.8693957115009746,133,12.0,10,2,log2,0.0,133,12.0,12,22345,168.00751879699249
grid,1,0.1728438749996712,0.8663112030734407,0.8693957115009746,133,12.0,10,5,log2,0.0,133,12.0,12,22345,168.00751879699249
grid,1,0.180097916003433,0.8663112030734407,0.8693957115009746,133,12.0,10,7,log2,0.0,133,12.0,12,22345,168.00751879699249
grid,1,0.1707003749907016,0.8663112030734407,0.8693957115009746,133,12.0,10,10,log2,0.0,133,12.0,12,22345,168.00751879699249
grid,1,0.5877265419985633,0.8663028609825212,0.8693957115009746,133,16.0,7,2,0.5,0.001,133,16.0,16,13873,104.30827067669172
grid,1,0.5825209580070805,0.8663028609825212,0.8693957115009746,133,16.0,7,5,0.5,0.001,133,16.0,16,13873,104.30827067669172
grid,1,0.5902946249989327,0.8663028609825212,0.8693957115009746,133,16.0,7,7,0.5,0.001,133,16.0,16,13873,104.30827067669172
grid,1,0.5972344999900088,0.8663028609825212,0.8693957115009746,133,16.0,7,10,0.5,0.001,133,16.0,16,13873,104.30827067669172
grid,1,0.290146832994651,0.8662633518216107,0.8693957115009746,217,8.0,1,10,log2,0.0001,217,8.0,8,28373,130.75115207373273
grid,1,0.2915056670026388,0.8662633518216107,0.8693957115009746,217,8.0,1,10,log2,1e-05,217,8.0,8,28611,131.8479262672811
grid,1,0.2955089159950148,0.8662633518216107,0.8693957115009746,217,8.0,1,10,log2,0.0,217,8.0,8,29257,134.82488479262673
grid,1,0.0820173749962123,0.8662448363143244,0.8693957115009746,50,12.0,10,2,log2,0.001,50,11.98,12,5948,118.96
grid,1,0.0844107919983798,0.8662448363143244,0.8693957115009746,50,12.0,10,5,log2,0.001,50,11.98,12,5948,118.96
grid,1,0.0985808330005966,0.8662448363143244,0.8693957115009746,50,12.0,10,7,log2,0.001,50,11.98,12,5948,118.96
grid,1,0.0836963330075377,0.8662448363143244,0.8693957115009746,50,12.0,10,10,log2,0.001,50,11.98,12,5948,118.96
grid,1,0.3114206669997656,0.8662402515184403,0.8693957115009746,217,8.0,7,2,sqrt,0.0001,217,8.0,8,20803,95.8663594470046
grid,1,0.3404939169995487,0.8662402515184403,0.8693957115009746,217,8.0,7,5,sqrt,0.0001,217,8.0,8,20803,95.8663594470046
grid,1,0.3118602920003468,0.8662402515184403,0.8693957115009746,217,8.0,7,7,sqrt,0.0001,217,8.0,8,20803,95.8663594470046
grid,1,0.313311749996501,0.8662402515184403,0.8693957115009746,217,8.0,7,10,sqrt,0.0001,217,8.0,8,20803,95.8663594470046
grid,1,0.3108685410115868,0.8662402515184403,0.8693957115009746,217,8.0,7,2,sqrt,1e-05,217,8.0,8,21965,101.22119815668202
grid,1,0.31071604200406,0.8662402515184403,0.8693957115009746,217,8.0,7,5,sqrt,1e-05,217,8.0,8,21965,101.22119815668202
grid,1,0.3019995000067865,0.8662402515184403,0.8693957115009746,217,8.0,7,7,sqrt,1e-05,217,8.0,8,21965,101.22119815668202
grid,1,0.3155655000009574,0.8662402515184403,0.8693957115009746,217,8.0,7,10,sqrt,1e-05,217,8.0,8,21965,101.22119815668202
grid,1,0.3147690409969073,0.8662402515184403,0.8693957115009746,217,8.0,7,2,sqrt,0.0,217,8.0,8,22707,104.6405529953917
grid,1,0.2963378749991534,0.8662402515184403,0.8693957115009746,217,8.0,7,5,sqrt,0.0,217,8.0,8,22707,104.6405529953917
grid,1,0.3306853750109439,0.8662402515184403,0.8693957115009746,217,8.0,7,7,sqrt,0.0,217,8.0,8,22707,104.6405529953917
grid,1,0.3106681250064866,0.8662402515184403,0.8693957115009746,217,8.0,7,10,sqrt,0.0,217,8.0,8,22707,104.6405529953917
grid,1,0.0822391660040011,0.8661251565498616,0.8693957115009746,50,8.0,4,10,log2,0.0001,50,8.0,8,5974,119.48
grid,1,0.0820570420037256,0.8661251565498616,0.8693957115009746,50,8.0,4,10,log2,1e-05,50,8.0,8,6096,121.92
grid,1,0.082444250001572,0.8661251565498616,0.8693957115009746,50,8.0,4,10,log2,0.0,50,8.0,8,6218,124.36
grid,1,0.082218958006706,0.8661159299936327,0.8693957115009746,50,8.0,4,10,log2,0.001,50,8.0,8,4888,97.76
grid,1,0.2842199160077143,0.8660374547198412,0.8693957115009746,217,8.0,1,10,log2,0.001,217,8.0,8,24751,114.05990783410138
grid,1,0.2006133329996373,0.8658247414420404,0.8693957115009746,133,12.0,10,2,sqrt,0.001,133,12.0,12,15025,112.96992481203009
grid,1,0.2013871670060325,0.8658247414420404,0.8693957115009746,133,12.0,10,5,sqrt,0.001,133,12.0,12,15025,112.96992481203009
grid,1,0.1916281659941887,0.8658247414420404,0.8693957115009746,133,12.0,10,7,sqrt,0.001,133,12.0,12,15025,112.96992481203009
grid,1,0.2040799999958835,0.8658247414420404,0.8693957115009746,133,12.0,10,10,sqrt,0.001,133,12.0,12,15025,112.96992481203009
grid,1,0.8841952090006089,0.8656899739582437,0.8674463937621832,217,12.0,4,10,0.5,0.0001,217,12.0,12,25561,117.7926267281106
grid,1,0.909556665996206,0.8656899739582437,0.8674463937621832,217,12.0,4,10,0.5,1e-05,217,12.0,12,25599,117.96774193548389
grid,1,0.8885311249905499,0.8656899739582437,0.8674463937621832,217,12.0,4,10,0.5,0.0,217,12.0,12,26995,124.40092165898618
grid,1,0.2474578339897561,0.8653414867667224,0.8674463937621832,50,12.0,1,10,0.5,0.001,50,12.0,12,5278,105.56
grid,1,0.5661166250065435,0.8652443176257465,0.8693957115009746,133,12.0,1,10,0.5,0.001,133,12.0,12,13833,104.00751879699249
grid,1,0.1772845000086818,0.8650860871294151,0.8674463937621832,133,8.0,1,10,log2,1e-05,133,8.0,8,17737,133.3609022556391
grid,1,0.1605715000041527,0.8650860871294151,0.8674463937621832,133,8.0,1,10,log2,0.0,133,8.0,8,18121,136.24812030075188
grid,1,0.2836836669885088,0.865082016029579,0.8674463937621832,217,16.0,10,2,log2,0.001,217,15.299539170506913,16,30793,141.90322580645162
grid,1,0.2846504580084001,0.865082016029579,0.8674463937621832,217,16.0,10,5,log2,0.001,217,15.299539170506913,16,30793,141.90322580645162
grid,1,0.2887015830056043,0.865082016029579,0.8674463937621832,217,16.0,10,7,log2,0.001,217,15.299539170506913,16,30793,141.90322580645162
grid,1,0.2463079170120181,0.8650430770195836,0.8693957115009746,50,12.0,1,2,0.5,0.001,50,12.0,12,6074,121.48
grid,1,0.084366625000257,0.8649612955084925,0.8674463937621832,50,8.0,1,5,sqrt,0.0001,50,8.0,8,6274,125.48
grid,1,0.1168640840041916,0.8649612955084925,0.8674463937621832,50,8.0,1,5,sqrt,1e-05,50,8.0,8,6290,125.8
grid,1,0.0949614999990444,0.8649612955084925,0.8674463937621832,50,8.0,1,5,sqrt,0.0,50,8.0,8,6462,129.24
grid,1,0.1868232499982696,0.8647770801493279,0.8674463937621832,133,8.0,7,2,sqrt,0.0001,133,8.0,8,12809,96.30827067669172
grid,1,0.1964076250005746,0.8647770801493279,0.8674463937621832,133,8.0,7,5,sqrt,0.0001,133,8.0,8,12809,96.30827067669172
grid,1,0.1975604580075014,0.8647770801493279,0.8674463937621832,133,8.0,7,7,sqrt,0.0001,133,8.0,8,12809,96.30827067669172
grid,1,0.1902215000009164,0.8647770801493279,0.8674463937621832,133,8.0,7,10,sqrt,0.0001,133,8.0,8,12809,96.30827067669172
grid,1,0.5968907079950441,0.8644940812296533,0.8674463937621832,133,16.0,7,2,0.5,0.0001,133,16.0,16,17179,129.1654135338346
grid,1,0.6065407919959398,0.8644940812296533,0.8674463937621832,133,16.0,7,5,0.5,0.0001,133,16.0,16,17179,129.1654135338346
grid,1,0.5900809160084464,0.8644940812296533,0.8674463937621832,133,16.0,7,7,0.5,0.0001,133,16.0,16,17179,129.1654135338346
grid,1,0.5782018750032876,0.8644940812296533,0.8674463937621832,133,16.0,7,10,0.5,0.0001,133,16.0,16,17179,129.1654135338346
grid,1,0.5958691660052864,0.8644940812296533,0.8674463937621832,133,16.0,7,2,0.5,1e-05,133,16.0,16,18239,137.13533834586465
grid,1,0.6108941249985946,0.8644940812296533,0.8674463937621832,133,16.0,7,5,0.5,1e-05,133,16.0,16,18239,137.13533834586465
grid,1,0.5781828340113861,0.8644940812296533,0.8674463937621832,133,16.0,7,7,0.5,1e-05,133,16.0,16,18239,137.13533834586465
grid,1,0.5968280419911025,0.8644940812296533,0.8674463937621832,133,16.0,7,10,0.5,1e-05,133,16.0,16,18239,137.13533834586465
grid,1,0.5827451670047594,0.8644940812296533,0.8674463937621832,133,16.0,7,2,0.5,0.0,133,16.0,16,19471,146.3984962406015
grid,1,0.5819859170005657,0.8644940812296533,0.8674463937621832,133,16.0,7,5,0.5,0.0,133,16.0,16,19471,146.3984962406015
grid,1,0.5782635000068694,0.8644940812296533,0.8674463937621832,133,16.0,7,7,0.5,0.0,133,16.0,16,19471,146.3984962406015
grid,1,0.5896540409885347,0.8644940812296533,0.8674463937621832,133,16.0,7,10,0.5,0.0,133,16.0,16,19471,146.3984962406015
grid,1,0.0837109170097392,0.8644917240803007,0.8674463937621832,50,8.0,4,10,sqrt,0.0001,50,8.0,8,5420,108.4
grid,1,0.0932904170040274,0.8644917240803007,0.8674463937621832,50,8.0,4,10,sqrt,1e-05,50,8.0,8,5470,109.4
grid,1,0.082794667003327,0.8644917240803007,0.8674463937621832,50,8.0,4,10,sqrt,0.0,50,8.0,8,5626,112.52
grid,1,0.2969857080024667,0.8643592921697733,0.8674463937621832,217,12.0,10,2,log2,0.0001,217,12.0,12,33189,152.9447004608295
grid,1,0.2945383329933975,0.8643592921697733,0.8674463937621832,217,12.0,10,5,log2,0.0001,217,12.0,12,33189,152.9447004608295
grid,1,0.2881647500034887,0.8643592921697733,0.8674463937621832,217,12.0,10,7,log2,0.0001,217,12.0,12,33189,152.9447004608295
grid,1,0.2862693749921163,0.8643592921697733,0.8674463937621832,217,12.0,10,10,log2,0.0001,217,12.0,12,33189,152.9447004608295
grid,1,0.3320715000008931,0.8643592921697733,0.8674463937621832,217,12.0,10,2,log2,1e-05,217,12.0,12,35389,163.08294930875576
grid,1,0.3030677909991937,0.8643592921697733,0.8674463937621832,217,12.0,10,5,log2,1e-05,217,12.0,12,35389,163.08294930875576
grid,1,0.3130448330048239,0.8643592921697733,0.8674463937621832,217,12.0,10,7,log2,1e-05,217,12.0,12,35389,163.08294930875576
grid,1,0.2851390830037417,0.8643592921697733,0.8674463937621832,217,12.0,10,10,log2,1e-05,217,12.0,12,35389,163.08294930875576
grid,1,0.3015844999899855,0.8643592921697733,0.8674463937621832,217,12.0,10,2,log2,0.0,217,12.0,12,36359,167.55299539170508
grid,1,0.2969554580049589,0.8643592921697733,0.8674463937621832,217,12.0,10,5,log2,0.0,217,12.0,12,36359,167.55299539170508
grid,1,0.2830630829994334,0.8643592921697733,0.8674463937621832,217,12.0,10,7,log2,0.0,217,12.0,12,36359,167.55299539170508
grid,1,0.2804309580096742,0.8643592921697733,0.8674463937621832,217,12.0,10,10,log2,0.0,217,12.0,12,36359,167.55299539170508
grid,1,0.3017108329950133,0.8643406389648773,0.8674463937621832,217,12.0,10,2,log2,0.001,217,11.990783410138247,12,26463,121.94930875576036
grid,1,0.3043346250051399,0.8643406389648773,0.8674463937621832,217,12.0,10,5,log2,0.001,217,11.990783410138247,12,26463,121.94930875576036
grid,1,0.2820022500090999,0.8643406389648773,0.8674463937621832,217,12.0,10,7,log2,0.001,217,11.990783410138247,12,26463,121.94930875576036
grid,1,0.2877500839967979,0.8643406389648773,0.8674463937621832,217,12.0,10,10,log2,0.001,217,11.990783410138247,12,26463,121.94930875576036
grid,1,0.0801697079878067,0.8643316761967358,0.8674463937621832,50,12.0,7,2,log2,0.0001,50,12.0,12,9092,181.84
grid,1,0.0759807499998714,0.8643316761967358,0.8674463937621832,50,12.0,7,5,log2,0.0001,50,12.0,12,9092,181.84
grid,1,0.0819321250019129,0.8643316761967358,0.8674463937621832,50,12.0,7,7,log2,0.0001,50,12.0,12,9092,181.84
grid,1,0.0822479999915231,0.8643316761967358,0.8674463937621832,50,12.0,7,10,log2,0.0001,50,12.0,12,9092,181.84
grid,1,0.1168904999940423,0.8642024648197307,0.8674463937621832,50,12.0,7,2,log2,1e-05,50,12.0,12,9676,193.52
grid,1,0.0816829999967012,0.8642024648197307,0.8674463937621832,50,12.0,7,5,log2,1e-05,50,12.0,12,9676,193.52
grid,1,0.0834142910025548,0.8642024648197307,0.8674463937621832,50,12.0,7,7,log2,1e-05,50,12.0,12,9676,193.52
grid,1,0.0805832090118201,0.8642024648197307,0.8674463937621832,50,12.0,7,10,log2,1e-05,50,12.0,12,9676,193.52
grid,1,0.0850135410000803,0.8642024648197307,0.8674463937621832,50,12.0,7,2,log2,0.0,50,12.0,12,9986,199.72
grid,1,0.0826189590006833,0.8642024648197307,0.8674463937621832,50,12.0,7,5,log2,0.0,50,12.0,12,9986,199.72
grid,1,0.0826485830039018,0.8642024648197307,0.8674463937621832,50,12.0,7,7,log2,0.0,50,12.0,12,9986,199.72
grid,1,0.0818566249945433,0.8642024648197307,0.8674463937621832,50,12.0,7,10,log2,0.0,50,12.0,12,9986,199.72
grid,1,0.08394875000522,0.8640376077497319,0.8654970760233918,50,8.0,1,10,log2,0.0001,50,8.0,8,6488,129.76
grid,1,0.0808795829943846,0.8640376077497319,0.8654970760233918,50,8.0,1,10,log2,1e-05,50,8.0,8,6550,131.0
grid,1,0.0831710829952498,0.8640376077497319,0.8654970760233918,50,8.0,1,10,log2,0.0,50,8.0,8,6674,133.48
grid,1,0.1799875829892698,0.8639641298568023,0.8674463937621832,133,12.0,10,2,log2,0.001,133,11.984962406015038,12,16247,122.15789473684212
grid,1,0.1764019160036696,0.8639641298568023,0.8674463937621832,133,12.0,10,5,log2,0.001,133,11.984962406015038,12,16247,122.15789473684212
grid,1,0.1798811249900609,0.8639641298568023,0.8674463937621832,133,12.0,10,7,log2,0.001,133,11.984962406015038,12,16247,122.15789473684212
grid,1,0.17430537501059,0.8639641298568023,0.8674463937621832,133,12.0,10,10,log2,0.001,133,11.984962406015038,12,16247,122.15789473684212
grid,1,0.95459400000982,0.8638550647297397,0.8674463937621832,217,16.0,10,2,0.5,0.0001,217,15.995391705069125,16,25279,116.49308755760369
grid,1,0.9207282499992288,0.8638550647297397,0.8674463937621832,217,16.0,10,5,0.5,0.0001,217,15.995391705069125,16,25279,116.49308755760369
grid,1,0.9303434579924216,0.8638550647297397,0.8674463937621832,217,16.0,10,2,0.5,1e-05,217,15.995391705069125,16,27487,126.66820276497695
grid,1,0.9407175829983316,0.8638550647297397,0.8674463937621832,217,16.0,10,5,0.5,1e-05,217,15.995391705069125,16,27487,126.66820276497695
grid,1,0.948638125002617,0.8638550647297397,0.8674463937621832,217,16.0,10,7,0.5,1e-05,217,15.995391705069125,16,27487,126.66820276497695
grid,1,0.9182675420015584,0.8638550647297397,0.8674463937621832,217,16.0,10,2,0.5,0.0,217,15.995391705069125,16,29507,135.97695852534562
grid,1,0.9287857080053072,0.8638550647297397,0.8674463937621832,217,16.0,10,5,0.5,0.0,217,15.995391705069125,16,29507,135.97695852534562
grid,1,0.9441690419916996,0.8638550647297397,0.8674463937621832,217,16.0,10,7,0.5,0.0,217,15.995391705069125,16,29507,135.97695852534562
grid,1,0.9055985000013608,0.863654310664148,0.8674463937621832,217,12.0,4,2,0.5,0.0001,217,12.0,12,26611,122.63133640552996
grid,1,0.8940057500003604,0.863654310664148,0.8674463937621832,217,12.0,4,5,0.5,0.0001,217,12.0,12,26611,122.63133640552996
grid,1,0.8970349579903996,0.863654310664148,0.8674463937621832,217,12.0,4,7,0.5,0.0001,217,12.0,12,26611,122.63133640552996
grid,1,0.8753509590023896,0.863654310664148,0.8674463937621832,217,12.0,4,2,0.5,1e-05,217,12.0,12,26675,122.926267281106
grid,1,0.9074609169911128,0.863654310664148,0.8674463937621832,217,12.0,4,5,0.5,1e-05,217,12.0,12,26675,122.926267281106
grid,1,0.8819776660093339,0.863654310664148,0.8674463937621832,217,12.0,4,7,0.5,1e-05,217,12.0,12,26675,122.926267281106
grid,1,0.9013124589982908,0.863654310664148,0.8674463937621832,217,12.0,4,2,0.5,0.0,217,12.0,12,28183,129.87557603686636
grid,1,0.8769079579942627,0.863654310664148,0.8674463937621832,217,12.0,4,5,0.5,0.0,217,12.0,12,28183,129.87557603686636
grid,1,0.9088500420039054,0.863654310664148,0.8674463937621832,217,12.0,4,7,0.5,0.0,217,12.0,12,28183,129.87557603686636
grid,1,0.1780302500119432,0.8634580849206885,0.8654970760233918,133,8.0,1,2,log2,0.001,133,8.0,8,17465,131.31578947368422
grid,1,0.0935302500001853,0.863240041426234,0.8654970760233918,50,8.0,1,10,sqrt,0.0001,50,8.0,8,5542,110.84
grid,1,0.0848336249910062,0.863240041426234,0.8654970760233918,50,8.0,1,10,sqrt,1e-05,50,8.0,8,5566,111.32
grid,1,0.0906998749997001,0.863240041426234,0.8654970760233918,50,8.0,1,10,sqrt,0.0,50,8.0,8,5704,114.08
grid,1,0.1896464589954121,0.8629395010001049,0.8654970760233918,133,8.0,7,2,sqrt,1e-05,133,8.0,8,13503,101.52631578947368
grid,1,0.1914825839921832,0.8629395010001049,0.8654970760233918,133,8.0,7,5,sqrt,1e-05,133,8.0,8,13503,101.52631578947368
grid,1,0.1878285410057287,0.8629395010001049,0.8654970760233918,133,8.0,7,7,sqrt,1e-05,133,8.0,8,13503,101.52631578947368
grid,1,0.1858627919864375,0.8629395010001049,0.8654970760233918,133,8.0,7,10,sqrt,1e-05,133,8.0,8,13503,101.52631578947368
grid,1,0.1885272500076098,0.8629395010001049,0.8654970760233918,133,8.0,7,2,sqrt,0.0,133,8.0,8,13967,105.01503759398496
grid,1,0.1910950419987784,0.8629395010001049,0.8654970760233918,133,8.0,7,5,sqrt,0.0,133,8.0,8,13967,105.01503759398496
grid,1,0.1863704170100391,0.8629395010001049,0.8654970760233918,133,8.0,7,7,sqrt,0.0,133,8.0,8,13967,105.01503759398496
grid,1,0.1869803330046124,0.8629395010001049,0.8654970760233918,133,8.0,7,10,sqrt,0.0,133,8.0,8,13967,105.01503759398496
grid,1,0.0786811250000028,0.8628732054895499,0.8654970760233918,50,8.0,1,2,log2,0.0001,50,8.0,8,8712,174.24
grid,1,0.0796710420108866,0.8628732054895499,0.8654970760233918,50,8.0,1,2,log2,1e-05,50,8.0,8,8742,174.84
grid,1,0.0820762499934062,0.8628732054895499,0.8654970760233918,50,8.0,1,2,log2,0.0,50,8.0,8,9042,180.84
grid,1,0.1947938750090543,0.8628153151856128,0.8654970760233918,133,8.0,4,2,sqrt,0.0001,133,8.0,8,15475,116.35338345864662
grid,1,0.192737165998551,0.8628153151856128,0.8654970760233918,133,8.0,4,5,sqrt,0.0001,133,8.0,8,15475,116.35338345864662
grid,1,0.2012046660092892,0.8628153151856128,0.8654970760233918,133,8.0,4,7,sqrt,0.0001,133,8.0,8,15475,116.35338345864662
grid,1,0.2006508330086944,0.8628153151856128,0.8654970760233918,133,8.0,4,2,sqrt,1e-05,133,8.0,8,15663,117.76691729323308
grid,1,0.1821469580027042,0.8628153151856128,0.8654970760233918,133,8.0,4,5,sqrt,1e-05,133,8.0,8,15663,117.76691729323308
grid,1,0.1873313329997472,0.8628153151856128,0.8654970760233918,133,8.0,4,7,sqrt,1e-05,133,8.0,8,15663,117.76691729323308
grid,1,0.1834702920023119,0.8628153151856128,0.8654970760233918,133,8.0,4,2,sqrt,0.0,133,8.0,8,16125,121.2406015037594
grid,1,0.1853139579907292,0.8628153151856128,0.8654970760233918,133,8.0,4,5,sqrt,0.0,133,8.0,8,16125,121.2406015037594
grid,1,0.1776450000033946,0.8628153151856128,0.8654970760233918,133,8.0,4,7,sqrt,0.0,133,8.0,8,16125,121.2406015037594
grid,1,0.9099554580025142,0.8627616479101913,0.8674463937621832,217,12.0,1,7,0.5,0.001,217,12.0,12,23673,109.09216589861752
grid,1,0.9252121669996995,0.8627422002722213,0.8674463937621832,217,12.0,1,2,0.5,0.001,217,12.0,12,25837,119.06451612903226
grid,1,0.2781867910089204,0.8625279978838041,0.8654970760233918,217,8.0,7,2,log2,0.0001,217,8.0,8,23307,107.40552995391704
grid,1,0.2800674999889452,0.8625279978838041,0.8654970760233918,217,8.0,7,5,log2,0.0001,217,8.0,8,23307,107.40552995391704
grid,1,0.2888539169944124,0.8625279978838041,0.8654970760233918,217,8.0,7,7,log2,0.0001,217,8.0,8,23307,107.40552995391704
grid,1,0.2787374170002294,0.8625279978838041,0.8654970760233918,217,8.0,7,10,log2,0.0001,217,8.0,8,23307,107.40552995391704
grid,1,0.2633261669980129,0.8625279978838041,0.8654970760233918,217,8.0,7,2,log2,1e-05,217,8.0,8,24667,113.67281105990784
grid,1,0.2736713339982088,0.8625279978838041,0.8654970760233918,217,8.0,7,5,log2,1e-05,217,8.0,8,24667,113.67281105990784
grid,1,0.2960717919922899,0.8625279978838041,0.8654970760233918,217,8.0,7,7,log2,1e-05,217,8.0,8,24667,113.67281105990784
grid,1,0.307513249994372,0.8625279978838041,0.8654970760233918,217,8.0,7,10,log2,1e-05,217,8.0,8,24667,113.67281105990784
grid,1,0.2979097909992561,0.8625279978838041,0.8654970760233918,217,8.0,7,2,log2,0.0,217,8.0,8,25299,116.5852534562212
grid,1,0.2965699579945067,0.8625279978838041,0.8654970760233918,217,8.0,7,5,log2,0.0,217,8.0,8,25299,116.5852534562212
grid,1,0.2768244589969981,0.8625279978838041,0.8654970760233918,217,8.0,7,7,log2,0.0,217,8.0,8,25299,116.5852534562212
grid,1,0.2833632090041647,0.8625279978838041,0.8654970760233918,217,8.0,7,10,log2,0.0,217,8.0,8,25299,116.5852534562212
grid,1,0.0941166250122478,0.8624990138347371,0.8654970760233918,50,8.0,4,10,sqrt,0.001,50,8.0,8,4412,88.24
grid,1,0.5837160830124049,0.8620058824345053,0.8654970760233918,133,20.0,10,2,0.5,0.0001,133,19.894736842105264,20,17771,133.61654135338347
grid,1,0.5907228750002105,0.8620058824345053,0.8654970760233918,133,20.0,10,5,0.5,0.0001,133,19.894736842105264,20,17771,133.61654135338347
grid,1,0.5889766670006793,0.8620058824345053,0.8654970760233918,133,20.0,10,7,0.5,0.0001,133,19.894736842105264,20,17771,133.61654135338347
grid,1,0.5903925419988809,0.8620058824345053,0.8654970760233918,133,20.0,10,10,0.5,0.0001,133,19.894736842105264,20,17771,133.61654135338347
grid,1,0.587006375004421,0.8620058824345053,0.8654970760233918,133,20.0,10,2,0.5,1e-05,133,19.894736842105264,20,19261,144.81954887218046
grid,1,0.5829045409918763,0.8620058824345053,0.8654970760233918,133,20.0,10,5,0.5,1e-05,133,19.894736842105264,20,19261,144.81954887218046
grid,1,0.5943547500064597,0.8620058824345053,0.8654970760233918,133,20.0,10,7,0.5,1e-05,133,19.894736842105264,20,19261,144.81954887218046
grid,1,0.5779598749941215,0.8620058824345053,0.8654970760233918,133,20.0,10,10,0.5,1e-05,133,19.894736842105264,20,19261,144.81954887218046
grid,1,0.6072901250008726,0.8620058824345053,0.8654970760233918,133,20.0,10,2,0.5,0.0,133,19.894736842105264,20,20593,154.8345864661654
grid,1,0.5913609160052147,0.8620058824345053,0.8654970760233918,133,20.0,10,5,0.5,0.0,133,19.894736842105264,20,20593,154.8345864661654
grid,1,0.5986960000009276,0.8620058824345053,0.8654970760233918,133,20.0,10,7,0.5,0.0,133,19.894736842105264,20,20593,154.8345864661654
grid,1,0.5825037080066977,0.8620058824345053,0.8654970760233918,133,20.0,10,10,0.5,0.0,133,19.894736842105264,20,20593,154.8345864661654
grid,1,0.1758206249942304,0.8615995798248275,0.8635477582846004,133,8.0,1,2,log2,0.0001,133,8.0,8,23807,179.0
grid,1,0.176229125005193,0.8615995798248275,0.8635477582846004,133,8.0,1,2,log2,1e-05,133,8.0,8,23879,179.54135338345864
grid,1,0.1618904579954687,0.8615995798248275,0.8635477582846004,133,8.0,1,2,log2,0.0,133,8.0,8,24731,185.94736842105263
grid,1,0.0947449169907486,0.8611251705881516,0.8635477582846004,50,8.0,1,10,sqrt,0.001,50,8.0,8,4858,97.16
grid,1,0.0816096249909605,0.860920093277718,0.8635477582846004,50,8.0,4,2,sqrt,0.0001,50,8.0,8,5652,113.04
grid,1,0.0949138750002021,0.860920093277718,0.8635477582846004,50,8.0,4,5,sqrt,0.0001,50,8.0,8,5652,113.04
grid,1,0.0919786249869503,0.860920093277718,0.8635477582846004,50,8.0,4,7,sqrt,0.0001,50,8.0,8,5652,113.04
grid,1,0.0944777920085471,0.8606765521793542,0.8635477582846004,50,8.0,1,5,sqrt,0.001,50,8.0,8,5248,104.96
grid,1,0.1987304590002168,0.8606192448463701,0.8635477582846004,133,8.0,10,2,sqrt,0.0001,133,8.0,8,11737,88.24812030075188
grid,1,0.1908978749997913,0.8606192448463701,0.8635477582846004,133,8.0,10,5,sqrt,0.0001,133,8.0,8,11737,88.24812030075188
grid,1,0.1869630830042297,0.8606192448463701,0.8635477582846004,133,8.0,10,7,sqrt,0.0001,133,8.0,8,11737,88.24812030075188
grid,1,0.1889377920015249,0.8606192448463701,0.8635477582846004,133,8.0,10,10,sqrt,0.0001,133,8.0,8,11737,88.24812030075188
grid,1,0.1879365839995443,0.8606192448463701,0.8635477582846004,133,8.0,10,2,sqrt,1e-05,133,8.0,8,12435,93.49624060150376
grid,1,0.1864825420052511,0.8606192448463701,0.8635477582846004,133,8.0,10,5,sqrt,1e-05,133,8.0,8,12435,93.49624060150376
grid,1,0.1908298749913228,0.8606192448463701,0.8635477582846004,133,8.0,10,7,sqrt,1e-05,133,8.0,8,12435,93.49624060150376
grid,1,0.2125060419930378,0.8606192448463701,0.8635477582846004,133,8.0,10,10,sqrt,1e-05,133,8.0,8,12435,93.49624060150376
grid,1,0.1871673749992624,0.8606192448463701,0.8635477582846004,133,8.0,10,2,sqrt,0.0,133,8.0,8,12869,96.7593984962406
grid,1,0.1877972500078613,0.8606192448463701,0.8635477582846004,133,8.0,10,5,sqrt,0.0,133,8.0,8,12869,96.7593984962406
grid,1,0.186701250000624,0.8606192448463701,0.8635477582846004,133,8.0,10,7,sqrt,0.0,133,8.0,8,12869,96.7593984962406
grid,1,0.1888304169988259,0.8606192448463701,0.8635477582846004,133,8.0,10,10,sqrt,0.0,133,8.0,8,12869,96.7593984962406
grid,1,0.1905051249923417,0.8604049684581806,0.8635477582846004,133,8.0,10,2,sqrt,0.001,133,8.0,8,9743,73.25563909774436
grid,1,0.1906444580090465,0.8604049684581806,0.8635477582846004,133,8.0,10,5,sqrt,0.001,133,8.0,8,9743,73.25563909774436
grid,1,0.1920938749972265,0.8604049684581806,0.8635477582846004,133,8.0,10,7,sqrt,0.001,133,8.0,8,9743,73.25563909774436
grid,1,0.1858553330093855,0.8604049684581806,0.8635477582846004,133,8.0,10,10,sqrt,0.001,133,8.0,8,9743,73.25563909774436
grid,1,0.5752741250034887,0.8602434431246012,0.8654970760233918,133,12.0,1,2,0.5,0.001,133,12.0,12,15847,119.15037593984962
grid,1,0.3102259159932146,0.8602304932130506,0.8635477582846004,217,8.0,10,2,sqrt,0.001,217,8.0,8,15795,72.78801843317973
grid,1,0.3159226249990752,0.8602304932130506,0.8635477582846004,217,8.0,10,5,sqrt,0.001,217,8.0,8,15795,72.78801843317973
grid,1,0.3102940829994622,0.8602304932130506,0.8635477582846004,217,8.0,10,7,sqrt,0.001,217,8.0,8,15795,72.78801843317973
grid,1,0.3061842919996707,0.8602304932130506,0.8635477582846004,217,8.0,10,10,sqrt,0.001,217,8.0,8,15795,72.78801843317973
grid,1,0.245975833007833,0.8598514988734592,0.8635477582846004,50,20.0,10,2,0.5,0.0001,50,19.88,20,6696,133.92
grid,1,0.2418838330049766,0.8598514988734592,0.8635477582846004,50,20.0,10,5,0.5,0.0001,50,19.88,20,6696,133.92
grid,1,0.2669536250032251,0.8598514988734592,0.8635477582846004,50,20.0,10,7,0.5,0.0001,50,19.88,20,6696,133.92
grid,1,0.2475339579978026,0.8598514988734592,0.8635477582846004,50,20.0,10,10,0.5,0.0001,50,19.88,20,6696,133.92
grid,1,0.590676457999507,0.8597239178984172,0.8635477582846004,133,,10,2,0.5,0.0001,133,22.345864661654137,27,18703,140.62406015037595
grid,1,0.6290022500033956,0.8597239178984172,0.8635477582846004,133,,10,5,0.5,0.0001,133,22.345864661654137,27,18703,140.62406015037595
grid,1,0.5969899999909103,0.8597239178984172,0.8635477582846004,133,,10,7,0.5,0.0001,133,22.345864661654137,27,18703,140.62406015037595
grid,1,0.5929503340012161,0.8597239178984172,0.8635477582846004,133,,10,10,0.5,0.0001,133,22.345864661654137,27,18703,140.62406015037595
grid,1,0.59194004200981,0.8597239178984172,0.8635477582846004,133,,10,2,0.5,1e-05,133,22.39097744360902,27,20243,152.203007518797
grid,1,0.6107759169972269,0.8597239178984172,0.8635477582846004,133,,10,5,0.5,1e-05,133,22.39097744360902,27,20243,152.203007518797
grid,1,0.6016617499990389,0.8597239178984172,0.8635477582846004,133,,10,7,0.5,1e-05,133,22.39097744360902,27,20243,152.203007518797
grid,1,0.591660750011215,0.8597239178984172,0.8635477582846004,133,,10,10,0.5,1e-05,133,22.39097744360902,27,20243,152.203007518797
grid,1,0.5896265410119668,0.8597239178984172,0.8635477582846004,133,,10,2,0.5,0.0,133,22.398496240601503,27,21627,162.60902255639098
grid,1,0.5851781669916818,0.8597239178984172,0.8635477582846004,133,,10,5,0.5,0.0,133,22.398496240601503,27,21627,162.60902255639098
grid,1,0.5958150829974329,0.8597239178984172,0.8635477582846004,133,,10,7,0.5,0.0,133,22.398496240601503,27,21627,162.60902255639098
grid,1,0.5868036660103826,0.8597239178984172,0.8635477582846004,133,,10,10,0.5,0.0,133,22.398496240601503,27,21627,162.60902255639098
grid,1,0.8916137909982353,0.8595138555708797,0.8635477582846004,217,12.0,4,2,0.5,0.001,217,12.0,12,20979,96.6774193548387
grid,1,0.9885714580013882,0.8595138555708797,0.8635477582846004,217,12.0,4,5,0.5,0.001,217,12.0,12,20979,96.6774193548387
grid,1,0.88820274999307,0.8595138555708797,0.8635477582846004,217,12.0,4,7,0.5,0.001,217,12.0,12,20979,96.6774193548387
grid,1,0.0926876670127967,0.8595047584831491,0.8615984405458089,50,8.0,7,2,sqrt,0.001,50,8.0,8,3996,79.92
grid,1,0.0825820419995579,0.8595047584831491,0.8615984405458089,50,8.0,7,5,sqrt,0.001,50,8.0,8,3996,79.92
grid,1,0.0928749579907162,0.8595047584831491,0.8615984405458089,50,8.0,7,7,sqrt,0.001,50,8.0,8,3996,79.92
grid,1,0.0815004589967429,0.8595047584831491,0.8615984405458089,50,8.0,7,10,sqrt,0.001,50,8.0,8,3996,79.92
grid,1,0.0812135000014677,0.8595047584831491,0.8615984405458089,50,8.0,7,2,sqrt,0.0001,50,8.0,8,4794,95.88
grid,1,0.082274459011387,0.8595047584831491,0.8615984405458089,50,8.0,7,5,sqrt,0.0001,50,8.0,8,4794,95.88
grid,1,0.0827407089964253,0.8595047584831491,0.8615984405458089,50,8.0,7,7,sqrt,0.0001,50,8.0,8,4794,95.88
grid,1,0.0911434170120628,0.8595047584831491,0.8615984405458089,50,8.0,7,10,sqrt,0.0001,50,8.0,8,4794,95.88
grid,1,0.0799504169990541,0.8595047584831491,0.8615984405458089,50,8.0,7,2,sqrt,1e-05,50,8.0,8,5068,101.36
grid,1,0.0939468340075109,0.8595047584831491,0.8615984405458089,50,8.0,7,5,sqrt,1e-05,50,8.0,8,5068,101.36
grid,1,0.095928750000894,0.8595047584831491,0.8615984405458089,50,8.0,7,7,sqrt,1e-05,50,8.0,8,5068,101.36
grid,1,0.0943062910082517,0.8595047584831491,0.8615984405458089,50,8.0,7,10,sqrt,1e-05,50,8.0,8,5068,101.36
grid,1,0.0940499999996973,0.8595047584831491,0.8615984405458089,50,8.0,7,2,sqrt,0.0,50,8.0,8,5250,105.0
grid,1,0.082143209001515,0.8595047584831491,0.8615984405458089,50,8.0,7,5,sqrt,0.0,50,8.0,8,5250,105.0
grid,1,0.1109519589954288,0.8595047584831491,0.8615984405458089,50,8.0,7,7,sqrt,0.0,50,8.0,8,5250,105.0
grid,1,0.0920207909948658,0.8595047584831491,0.8615984405458089,50,8.0,7,10,sqrt,0.0,50,8.0,8,5250,105.0
grid,1,0.5900394999916898,0.8591617614272837,0.8635477582846004,133,,10,2,0.5,0.001,133,21.8796992481203,26,15165,114.02255639097744
grid,1,0.5909547089977423,0.8591617614272837,0.8635477582846004,133,,10,5,0.5,0.001,133,21.8796992481203,26,15165,114.02255639097744
grid,1,0.5924948750034673,0.8591617614272837,0.8635477582846004,133,,10,7,0.5,0.001,133,21.8796992481203,26,15165,114.02255639097744
grid,1,0.5822783329931553,0.8591617614272837,0.8635477582846004,133,,10,10,0.5,0.001,133,21.8796992481203,26,15165,114.02255639097744
grid,1,0.0915624999906867,0.859098230609236,0.8615984405458089,50,8.0,4,2,sqrt,0.001,50,8.0,8,4556,91.12
grid,1,0.0948244159953901,0.859098230609236,0.8615984405458089,50,8.0,4,5,sqrt,0.001,50,8.0,8,4556,91.12
grid,1,0.0846263749990612,0.859098230609236,0.8615984405458089,50,8.0,4,7,sqrt,0.001,50,8.0,8,4556,91.12
grid,1,0.0916596249880967,0.85880577557018,0.8615984405458089,50,8.0,4,2,sqrt,1e-05,50,8.0,8,5726,114.52
grid,1,0.0941984579985728,0.85880577557018,0.8615984405458089,50,8.0,4,5,sqrt,1e-05,50,8.0,8,5726,114.52
grid,1,0.0931791670009261,0.85880577557018,0.8615984405458089,50,8.0,4,7,sqrt,1e-05,50,8.0,8,5726,114.52
grid,1,0.1111007500003324,0.85880577557018,0.8615984405458089,50,8.0,4,2,sqrt,0.0,50,8.0,8,5880,117.6
grid,1,0.0924806660041213,0.85880577557018,0.8615984405458089,50,8.0,4,5,sqrt,0.0,50,8.0,8,5880,117.6
grid,1,0.091914333999739,0.85880577557018,0.8615984405458089,50,8.0,4,7,sqrt,0.0,50,8.0,8,5880,117.6
grid,1,0.1914686249947408,0.8587776504021853,0.8615984405458089,133,8.0,4,2,sqrt,0.001,133,8.0,8,12445,93.57142857142856
grid,1,0.1877716250019148,0.8587776504021853,0.8615984405458089,133,8.0,4,5,sqrt,0.001,133,8.0,8,12445,93.57142857142856
grid,1,0.1929045829892857,0.8587776504021853,0.8615984405458089,133,8.0,4,7,sqrt,0.001,133,8.0,8,12445,93.57142857142856
grid,1,0.1791284999926574,0.858557574877595,0.8615984405458089,133,8.0,1,10,log2,0.001,133,8.0,8,15337,115.3157894736842
grid,1,0.0902539590024389,0.8585142454737476,0.8615984405458089,50,12.0,7,2,log2,0.001,50,12.0,12,7160,143.2
grid,1,0.0839848339965101,0.8585142454737476,0.8615984405458089,50,12.0,7,5,log2,0.001,50,12.0,12,7160,143.2
grid,1,0.0833186249947175,0.8585142454737476,0.8615984405458089,50,12.0,7,7,log2,0.001,50,12.0,12,7160,143.2
grid,1,0.0806319999974221,0.8585142454737476,0.8615984405458089,50,12.0,7,10,log2,0.001,50,12.0,12,7160,143.2
grid,1,0.3033961250039283,0.8583311771816481,0.8615984405458089,217,8.0,10,2,sqrt,0.0001,217,8.0,8,19055,87.8110599078341
grid,1,0.3212158750102389,0.8583311771816481,0.8615984405458089,217,8.0,10,5,sqrt,0.0001,217,8.0,8,19055,87.8110599078341
grid,1,0.315022124996176,0.8583311771816481,0.8615984405458089,217,8.0,10,7,sqrt,0.0001,217,8.0,8,19055,87.8110599078341
grid,1,0.3064507090020925,0.8583311771816481,0.8615984405458089,217,8.0,10,10,sqrt,0.0001,217,8.0,8,19055,87.8110599078341
grid,1,0.3124605000048177,0.8583311771816481,0.8615984405458089,217,8.0,10,2,sqrt,1e-05,217,8.0,8,20189,93.036866359447
grid,1,0.3039586250088177,0.8583311771816481,0.8615984405458089,217,8.0,10,5,sqrt,1e-05,217,8.0,8,20189,93.036866359447
grid,1,0.3003979999921284,0.8583311771816481,0.8615984405458089,217,8.0,10,7,sqrt,1e-05,217,8.0,8,20189,93.036866359447
grid,1,0.3071627500030445,0.8583311771816481,0.8615984405458089,217,8.0,10,10,sqrt,1e-05,217,8.0,8,20189,93.036866359447
grid,1,0.2969936669978779,0.8583311771816481,0.8615984405458089,217,8.0,10,2,sqrt,0.0,217,8.0,8,20879,96.21658986175116
grid,1,0.3040597079962026,0.8583311771816481,0.8615984405458089,217,8.0,10,5,sqrt,0.0,217,8.0,8,20879,96.21658986175116
grid,1,0.3149187079980038,0.8583311771816481,0.8615984405458089,217,8.0,10,7,sqrt,0.0,217,8.0,8,20879,96.21658986175116
grid,1,0.307111750007607,0.8583311771816481,0.8615984405458089,217,8.0,10,10,sqrt,0.0,217,8.0,8,20879,96.21658986175116
grid,1,0.2671934170066379,0.8582294123050848,0.8615984405458089,50,20.0,10,2,0.5,1e-05,50,19.88,20,7254,145.08
grid,1,0.2473324169986881,0.8582294123050848,0.8615984405458089,50,20.0,10,5,0.5,1e-05,50,19.88,20,7254,145.08
grid,1,0.2591739579947898,0.8582294123050848,0.8615984405458089,50,20.0,10,7,0.5,1e-05,50,19.88,20,7254,145.08
grid,1,0.2427742919971933,0.8582294123050848,0.8615984405458089,50,20.0,10,10,0.5,1e-05,50,19.88,20,7254,145.08
grid,1,0.2697610409959452,0.8582294123050848,0.8615984405458089,50,20.0,10,2,0.5,0.0,50,19.88,20,7760,155.2
grid,1,0.240333499998087,0.8582294123050848,0.8615984405458089,50,20.0,10,5,0.5,0.0,50,19.88,20,7760,155.2
grid,1,0.2428512499900534,0.8582294123050848,0.8615984405458089,50,20.0,10,7,0.5,0.0,50,19.88,20,7760,155.2
grid,1,0.2536412909976206,0.8582294123050848,0.8615984405458089,50,20.0,10,10,0.5,0.0,50,19.88,20,7760,155.2
grid,1,0.2909672500099987,0.8581921720987589,0.8615984405458089,217,8.0,7,2,log2,0.001,217,8.0,8,19313,89.0
grid,1,0.2813098339975113,0.8581921720987589,0.8615984405458089,217,8.0,7,5,log2,0.001,217,8.0,8,19313,89.0
grid,1,0.2869916670024395,0.8581921720987589,0.8615984405458089,217,8.0,7,7,log2,0.001,217,8.0,8,19313,89.0
grid,1,0.287343250005506,0.8581921720987589,0.8615984405458089,217,8.0,7,10,log2,0.001,217,8.0,8,19313,89.0
grid,1,0.0971579589968314,0.8580714838447075,0.8615984405458089,50,12.0,10,2,sqrt,0.001,50,12.0,12,5566,111.32
grid,1,0.0835610409994842,0.8580714838447075,0.8615984405458089,50,12.0,10,5,sqrt,0.001,50,12.0,12,5566,111.32
grid,1,0.0954811249976046,0.8580714838447075,0.8615984405458089,50,12.0,10,7,sqrt,0.001,50,12.0,12,5566,111.32
grid,1,0.0959096669976133,0.8580714838447075,0.8615984405458089,50,12.0,10,10,sqrt,0.001,50,12.0,12,5566,111.32
grid,1,0.087001666004653,0.8576159941523752,0.8596491228070176,50,8.0,1,2,sqrt,0.001,50,8.0,8,5512,110.24
grid,1,0.890182792005362,0.8575460318390854,0.8615984405458089,217,12.0,4,10,0.5,0.001,217,12.0,12,20263,93.3778801843318
grid,1,0.2473295420059003,0.8574227908826804,0.8615984405458089,50,,10,2,0.5,0.0001,50,22.02,25,6988,139.76
grid,1,0.2529754169954685,0.8574227908826804,0.8615984405458089,50,,10,5,0.5,0.0001,50,22.02,25,6988,139.76
grid,1,0.2386747499986086,0.8574227908826804,0.8615984405458089,50,,10,7,0.5,0.0001,50,22.02,25,6988,139.76
grid,1,0.241636833990924,0.8574227908826804,0.8615984405458089,50,,10,10,0.5,0.0001,50,22.02,25,6988,139.76
grid,1,0.2504100420046597,0.8574227908826804,0.8615984405458089,50,,10,2,0.5,1e-05,50,22.1,25,7566,151.32
grid,1,0.2374751659954199,0.8574227908826804,0.8615984405458089,50,,10,5,0.5,1e-05,50,22.1,25,7566,151.32
grid,1,0.2440977500082226,0.8574227908826804,0.8615984405458089,50,,10,7,0.5,1e-05,50,22.1,25,7566,151.32
grid,1,0.2471696659922599,0.8574227908826804,0.8615984405458089,50,,10,10,0.5,1e-05,50,22.1,25,7566,151.32
grid,1,0.2394372909911908,0.8574227908826804,0.8615984405458089,50,,10,2,0.5,0.0,50,22.12,25,8100,162.0
grid,1,0.2463482080056565,0.8574227908826804,0.8615984405458089,50,,10,5,0.5,0.0,50,22.12,25,8100,162.0
grid,1,0.2408965829963563,0.8574227908826804,0.8615984405458089,50,,10,7,0.5,0.0,50,22.12,25,8100,162.0
grid,1,0.2479946250095963,0.8574227908826804,0.8615984405458089,50,,10,10,0.5,0.0,50,22.12,25,8100,162.0
grid,1,0.2406991250027204,0.8572170731140211,0.8615984405458089,50,12.0,4,2,0.5,0.0001,50,12.0,12,6098,121.96
grid,1,0.2309195419948082,0.8572170731140211,0.8615984405458089,50,12.0,4,5,0.5,0.0001,50,12.0,12,6098,121.96
grid,1,0.2425710419920506,0.8572170731140211,0.8615984405458089,50,12.0,4,7,0.5,0.0001,50,12.0,12,6098,121.96
grid,1,0.2439769170014187,0.8572170731140211,0.8615984405458089,50,12.0,4,2,0.5,1e-05,50,12.0,12,6116,122.32
grid,1,0.2446297910064458,0.8572170731140211,0.8615984405458089,50,12.0,4,5,0.5,1e-05,50,12.0,12,6116,122.32
grid,1,0.2358482920099049,0.8572170731140211,0.8615984405458089,50,12.0,4,7,0.5,1e-05,50,12.0,12,6116,122.32
grid,1,0.233005083995522,0.8572170731140211,0.8615984405458089,50,12.0,4,2,0.5,0.0,50,12.0,12,6460,129.2
grid,1,0.2323291670036269,0.8572170731140211,0.8615984405458089,50,12.0,4,5,0.5,0.0,50,12.0,12,6460,129.2
grid,1,0.2389528329949826,0.8572170731140211,0.8615984405458089,50,12.0,4,7,0.5,0.0,50,12.0,12,6460,129.2
grid,1,0.579052082990529,0.8570053748047477,0.8615984405458089,133,20.0,10,2,0.5,0.001,133,19.79699248120301,20,14453,108.66917293233082
grid,1,0.6152311670011841,0.8570053748047477,0.8615984405458089,133,20.0,10,5,0.5,0.001,133,19.79699248120301,20,14453,108.66917293233082
grid,1,0.5807942089886637,0.8570053748047477,0.8615984405458089,133,20.0,10,7,0.5,0.001,133,19.79699248120301,20,14453,108.66917293233082
grid,1,0.5857808330038097,0.8570053748047477,0.8615984405458089,133,20.0,10,10,0.5,0.001,133,19.79699248120301,20,14453,108.66917293233082
grid,1,0.5549145410041092,0.8565336996293863,0.8596491228070176,133,12.0,4,2,0.5,0.0001,133,12.0,12,16207,121.85714285714286
grid,1,0.5539410420024069,0.8565336996293863,0.8596491228070176,133,12.0,4,5,0.5,0.0001,133,12.0,12,16207,121.85714285714286
grid,1,0.5468946670007426,0.8565336996293863,0.8596491228070176,133,12.0,4,7,0.5,0.0001,133,12.0,12,16207,121.85714285714286
grid,1,0.546274332999019,0.8565336996293863,0.8596491228070176,133,12.0,4,2,0.5,1e-05,133,12.0,12,16239,122.09774436090224
grid,1,0.5522720839944668,0.8565336996293863,0.8596491228070176,133,12.0,4,5,0.5,1e-05,133,12.0,12,16239,122.09774436090224
grid,1,0.5545016249961918,0.8565336996293863,0.8596491228070176,133,12.0,4,7,0.5,1e-05,133,12.0,12,16239,122.09774436090224
grid,1,0.5402682499989169,0.8565336996293863,0.8596491228070176,133,12.0,4,2,0.5,0.0,133,12.0,12,17151,128.95488721804512
grid,1,0.5570575419988018,0.8565336996293863,0.8596491228070176,133,12.0,4,5,0.5,0.0,133,12.0,12,17151,128.95488721804512
grid,1,0.5406426249974174,0.8565336996293863,0.8596491228070176,133,12.0,4,7,0.5,0.0,133,12.0,12,17151,128.95488721804512
grid,1,0.2356276249920483,0.8553335938287199,0.8576998050682261,50,16.0,10,2,0.5,0.0001,50,16.0,16,5856,117.12
grid,1,0.2371472499944502,0.8553335938287199,0.8576998050682261,50,16.0,10,5,0.5,0.0001,50,16.0,16,5856,117.12
grid,1,0.2386882080027135,0.8553335938287199,0.8576998050682261,50,16.0,10,7,0.5,0.0001,50,16.0,16,5856,117.12
grid,1,0.2359540829929756,0.8553335938287199,0.8576998050682261,50,16.0,10,10,0.5,0.0001,50,16.0,16,5856,117.12
grid,1,0.231067125001573,0.8553335938287199,0.8576998050682261,50,16.0,10,2,0.5,1e-05,50,16.0,16,6364,127.28
grid,1,0.2358957910037133,0.8553335938287199,0.8576998050682261,50,16.0,10,5,0.5,1e-05,50,16.0,16,6364,127.28
grid,1,0.2367501249973429,0.8553335938287199,0.8576998050682261,50,16.0,10,7,0.5,1e-05,50,16.0,16,6364,127.28
grid,1,0.2451648330024909,0.8553335938287199,0.8576998050682261,50,16.0,10,10,0.5,1e-05,50,16.0,16,6364,127.28
grid,1,0.2397259999997913,0.8553335938287199,0.8576998050682261,50,16.0,10,2,0.5,0.0,50,16.0,16,6844,136.88
grid,1,0.2384580000070855,0.8553335938287199,0.8576998050682261,50,16.0,10,5,0.5,0.0,50,16.0,16,6844,136.88
grid,1,0.238593749993015,0.8553335938287199,0.8576998050682261,50,16.0,10,7,0.5,0.0,50,16.0,16,6844,136.88
grid,1,0.245216082999832,0.8553335938287199,0.8576998050682261,50,16.0,10,10,0.5,0.0,50,16.0,16,6844,136.88
grid,1,0.9345238329988206,0.855148265655524,0.8596491228070176,217,16.0,10,2,0.5,0.001,217,15.990783410138247,16,20531,94.61290322580643
grid,1,0.9164431669923944,0.855148265655524,0.8596491228070176,217,16.0,10,5,0.5,0.001,217,15.990783410138247,16,20531,94.61290322580643
grid,1,0.2485748329927446,0.854924849229404,0.8596491228070176,50,12.0,4,2,0.5,0.001,50,12.0,12,4806,96.12
grid,1,0.2312054999929387,0.854924849229404,0.8596491228070176,50,12.0,4,5,0.5,0.001,50,12.0,12,4806,96.12
grid,1,0.2375603330001467,0.854924849229404,0.8596491228070176,50,12.0,4,7,0.5,0.001,50,12.0,12,4806,96.12
grid,1,0.5819895420136163,0.8538967111570245,0.8596491228070176,133,12.0,4,2,0.5,0.001,133,12.0,12,12789,96.15789473684212
grid,1,0.5443843329994706,0.8538967111570245,0.8596491228070176,133,12.0,4,5,0.5,0.001,133,12.0,12,12789,96.15789473684212
grid,1,0.5471895829978166,0.8538967111570245,0.8596491228070176,133,12.0,4,7,0.5,0.001,133,12.0,12,12789,96.15789473684212
grid,1,0.8607478750054725,0.8538102571186373,0.8596491228070176,217,12.0,7,2,0.5,0.001,217,12.0,12,17847,82.2442396313364
grid,1,0.8651055840018671,0.8538102571186373,0.8596491228070176,217,12.0,7,5,0.5,0.001,217,12.0,12,17847,82.2442396313364
grid,1,0.9720467500010272,0.8538102571186373,0.8596491228070176,217,12.0,7,7,0.5,0.001,217,12.0,12,17847,82.2442396313364
grid,1,0.9443542919907486,0.8538102571186373,0.8596491228070176,217,12.0,7,10,0.5,0.001,217,12.0,12,17847,82.2442396313364
grid,1,0.2523601249995408,0.8537359563381054,0.8576998050682261,50,20.0,10,2,0.5,0.001,50,19.78,20,5496,109.92
grid,1,0.2475258749909699,0.8537359563381054,0.8576998050682261,50,20.0,10,5,0.5,0.001,50,19.78,20,5496,109.92
grid,1,0.2502275419974467,0.8537359563381054,0.8576998050682261,50,20.0,10,7,0.5,0.001,50,19.78,20,5496,109.92
grid,1,0.2427019589958945,0.8537359563381054,0.8576998050682261,50,20.0,10,10,0.5,0.001,50,19.78,20,5496,109.92
grid,1,0.5637966250069439,0.8534027387531707,0.8557504873294347,133,16.0,10,2,0.5,0.0001,133,15.992481203007518,16,15429,116.00751879699249
grid,1,0.5737115829979302,0.8534027387531707,0.8557504873294347,133,16.0,10,5,0.5,0.0001,133,15.992481203007518,16,15429,116.00751879699249
grid,1,0.6073243749997346,0.8534027387531707,0.8557504873294347,133,16.0,10,7,0.5,0.0001,133,15.992481203007518,16,15429,116.00751879699249
grid,1,0.5790190410043579,0.8534027387531707,0.8557504873294347,133,16.0,10,10,0.5,0.0001,133,15.992481203007518,16,15429,116.00751879699249
grid,1,0.5761521669919603,0.8534027387531707,0.8557504873294347,133,16.0,10,2,0.5,1e-05,133,15.992481203007518,16,16787,126.21804511278197
grid,1,0.5685118330002297,0.8534027387531707,0.8557504873294347,133,16.0,10,5,0.5,1e-05,133,15.992481203007518,16,16787,126.21804511278197
grid,1,0.5713098330015782,0.8534027387531707,0.8557504873294347,133,16.0,10,7,0.5,1e-05,133,15.992481203007518,16,16787,126.21804511278197
grid,1,0.5746622079896042,0.8534027387531707,0.8557504873294347,133,16.0,10,10,0.5,1e-05,133,15.992481203007518,16,16787,126.21804511278197
grid,1,0.5697188749909401,0.8534027387531707,0.8557504873294347,133,16.0,10,2,0.5,0.0,133,15.992481203007518,16,18041,135.64661654135338
grid,1,0.5903820829989854,0.8534027387531707,0.8557504873294347,133,16.0,10,5,0.5,0.0,133,15.992481203007518,16,18041,135.64661654135338
grid,1,0.567706082991208,0.8534027387531707,0.8557504873294347,133,16.0,10,7,0.5,0.0,133,15.992481203007518,16,18041,135.64661654135338
grid,1,0.5689625419909135,0.8534027387531707,0.8557504873294347,133,16.0,10,10,0.5,0.0,133,15.992481203007518,16,18041,135.64661654135338
grid,1,0.2723885000013979,0.8529771216744525,0.8557504873294347,217,8.0,10,2,log2,0.001,217,8.0,8,17103,78.81566820276498
grid,1,0.2821173330012243,0.8529771216744525,0.8557504873294347,217,8.0,10,5,log2,0.001,217,8.0,8,17103,78.81566820276498
grid,1,0.2880058339942479,0.8529771216744525,0.8557504873294347,217,8.0,10,7,log2,0.001,217,8.0,8,17103,78.81566820276498
grid,1,0.2792924170062179,0.8529771216744525,0.8557504873294347,217,8.0,10,10,log2,0.001,217,8.0,8,17103,78.81566820276498
grid,1,0.2539971660007722,0.852931659058417,0.8576998050682261,50,,10,2,0.5,0.001,50,21.5,25,5714,114.28
grid,1,0.2474787910032319,0.852931659058417,0.8576998050682261,50,,10,5,0.5,0.001,50,21.5,25,5714,114.28
grid,1,0.2520742080087075,0.852931659058417,0.8576998050682261,50,,10,7,0.5,0.001,50,21.5,25,5714,114.28
grid,1,0.2523349169932771,0.852931659058417,0.8576998050682261,50,,10,10,0.5,0.001,50,21.5,25,5714,114.28
grid,1,0.2739229580038227,0.8529292578819927,0.8557504873294347,217,8.0,10,2,log2,0.0001,217,8.0,8,20687,95.33179723502305
grid,1,0.27654579099908,0.8529292578819927,0.8557504873294347,217,8.0,10,5,log2,0.0001,217,8.0,8,20687,95.33179723502305
grid,1,0.2757600829936564,0.8529292578819927,0.8557504873294347,217,8.0,10,7,log2,0.0001,217,8.0,8,20687,95.33179723502305
grid,1,0.3164688750111963,0.8529292578819927,0.8557504873294347,217,8.0,10,10,log2,0.0001,217,8.0,8,20687,95.33179723502305
grid,1,0.1729534580081235,0.852906717833596,0.8557504873294347,133,8.0,10,2,log2,0.001,133,8.0,8,10385,78.0827067669173
grid,1,0.1757161250134231,0.852906717833596,0.8557504873294347,133,8.0,10,5,log2,0.001,133,8.0,8,10385,78.0827067669173
grid,1,0.1698919580085203,0.852906717833596,0.8557504873294347,133,8.0,10,7,log2,0.001,133,8.0,8,10385,78.0827067669173
grid,1,0.1776119159912923,0.852906717833596,0.8557504873294347,133,8.0,10,10,log2,0.001,133,8.0,8,10385,78.0827067669173
grid,1,0.8835902499995427,0.8521036401434892,0.8576998050682261,217,12.0,7,2,0.5,0.0001,217,12.0,12,22157,102.10599078341014
grid,1,0.8720748750056373,0.8521036401434892,0.8576998050682261,217,12.0,7,5,0.5,0.0001,217,12.0,12,22157,102.10599078341014
grid,1,0.9602697910013376,0.8521036401434892,0.8576998050682261,217,12.0,7,7,0.5,0.0001,217,12.0,12,22157,102.10599078341014
grid,1,0.9517183749994728,0.8521036401434892,0.8576998050682261,217,12.0,7,10,0.5,0.0001,217,12.0,12,22157,102.10599078341014
grid,1,0.8717863750061952,0.8521036401434892,0.8576998050682261,217,12.0,7,2,0.5,1e-05,217,12.0,12,23413,107.89400921658986
grid,1,0.871311249997234,0.8521036401434892,0.8576998050682261,217,12.0,7,5,0.5,1e-05,217,12.0,12,23413,107.89400921658986
grid,1,0.9462269590003416,0.8521036401434892,0.8576998050682261,217,12.0,7,7,0.5,1e-05,217,12.0,12,23413,107.89400921658986
grid,1,0.9374363329989136,0.8521036401434892,0.8576998050682261,217,12.0,7,10,0.5,1e-05,217,12.0,12,23413,107.89400921658986
grid,1,0.8658796669915318,0.8521036401434892,0.8576998050682261,217,12.0,7,2,0.5,0.0,217,12.0,12,24969,115.06451612903226
grid,1,0.8666527500026859,0.8521036401434892,0.8576998050682261,217,12.0,7,5,0.5,0.0,217,12.0,12,24969,115.06451612903226
grid,1,0.948937332999776,0.8521036401434892,0.8576998050682261,217,12.0,7,7,0.5,0.0,217,12.0,12,24969,115.06451612903226
grid,1,0.9489411670074333,0.8521036401434892,0.8576998050682261,217,12.0,7,10,0.5,0.0,217,12.0,12,24969,115.06451612903226
grid,1,0.3091032920056022,0.8509656833115236,0.8538011695906432,217,8.0,10,2,log2,1e-05,217,8.0,8,21881,100.83410138248848
grid,1,0.3143814169889083,0.8509656833115236,0.8538011695906432,217,8.0,10,5,log2,1e-05,217,8.0,8,21881,100.83410138248848
grid,1,0.2922818750084843,0.8509656833115236,0.8538011695906432,217,8.0,10,7,log2,1e-05,217,8.0,8,21881,100.83410138248848
grid,1,0.2790998330019647,0.8509656833115236,0.8538011695906432,217,8.0,10,10,log2,1e-05,217,8.0,8,21881,100.83410138248848
grid,1,0.2734417079918785,0.8509656833115236,0.8538011695906432,217,8.0,10,2,log2,0.0,217,8.0,8,22451,103.46082949308756
grid,1,0.2737432499998249,0.8509656833115236,0.8538011695906432,217,8.0,10,5,log2,0.0,217,8.0,8,22451,103.46082949308756
grid,1,0.2801833330013323,0.8509656833115236,0.8538011695906432,217,8.0,10,7,log2,0.0,217,8.0,8,22451,103.46082949308756
grid,1,0.2722754590067779,0.8509656833115236,0.8538011695906432,217,8.0,10,10,log2,0.0,217,8.0,8,22451,103.46082949308756
grid,1,0.0988076250068843,0.8498225370592764,0.8557504873294347,50,20.0,1,2,sqrt,0.01,50,12.32,16,2586,51.72
grid,1,0.5795265000051586,0.8495908972081093,0.8518518518518519,133,12.0,4,10,0.5,0.0001,133,12.0,12,15523,116.71428571428572
grid,1,0.5646374159987317,0.8495908972081093,0.8518518518518519,133,12.0,4,10,0.5,1e-05,133,12.0,12,15543,116.86466165413532
grid,1,0.5766965420043562,0.8495908972081093,0.8518518518518519,133,12.0,4,10,0.5,0.0,133,12.0,12,16395,123.27067669172932
grid,1,0.5690807500068331,0.8489276254280693,0.8518518518518519,133,16.0,10,2,0.5,0.001,133,15.992481203007518,16,12541,94.29323308270676
grid,1,0.5988524580025114,0.8489276254280693,0.8518518518518519,133,16.0,10,5,0.5,0.001,133,15.992481203007518,16,12541,94.29323308270676
grid,1,0.5757127090037102,0.8489276254280693,0.8518518518518519,133,16.0,10,7,0.5,0.001,133,15.992481203007518,16,12541,94.29323308270676
grid,1,0.5681336659908993,0.8489276254280693,0.8518518518518519,133,16.0,10,10,0.5,0.001,133,15.992481203007518,16,12541,94.29323308270676
grid,1,0.0851075829996261,0.8478894186581629,0.8518518518518519,50,8.0,10,2,sqrt,0.0001,50,8.0,8,4304,86.08
grid,1,0.0808689999976195,0.8478894186581629,0.8518518518518519,50,8.0,10,5,sqrt,0.0001,50,8.0,8,4304,86.08
grid,1,0.0898948749963892,0.8478894186581629,0.8518518518518519,50,8.0,10,7,sqrt,0.0001,50,8.0,8,4304,86.08
grid,1,0.095759125004406,0.8478894186581629,0.8518518518518519,50,8.0,10,10,sqrt,0.0001,50,8.0,8,4304,86.08
grid,1,0.0827320829994278,0.8478894186581629,0.8518518518518519,50,8.0,10,2,sqrt,1e-05,50,8.0,8,4582,91.64
grid,1,0.0833240840001963,0.8478894186581629,0.8518518518518519,50,8.0,10,5,sqrt,1e-05,50,8.0,8,4582,91.64
grid,1,0.0832387080008629,0.8478894186581629,0.8518518518518519,50,8.0,10,7,sqrt,1e-05,50,8.0,8,4582,91.64
grid,1,0.082097666003392,0.8478894186581629,0.8518518518518519,50,8.0,10,10,sqrt,1e-05,50,8.0,8,4582,91.64
grid,1,0.0848018329998012,0.8478894186581629,0.8518518518518519,50,8.0,10,2,sqrt,0.0,50,8.0,8,4746,94.92
grid,1,0.0913182079966645,0.8478894186581629,0.8518518518518519,50,8.0,10,5,sqrt,0.0,50,8.0,8,4746,94.92
grid,1,0.0920935409958474,0.8478894186581629,0.8518518518518519,50,8.0,10,7,sqrt,0.0,50,8.0,8,4746,94.92
grid,1,0.0841924580017803,0.8478894186581629,0.8518518518518519,50,8.0,10,10,sqrt,0.0,50,8.0,8,4746,94.92
grid,1,0.246747208002489,0.8471552050027723,0.8499025341130604,50,16.0,10,2,0.5,0.001,50,16.0,16,4782,95.64
grid,1,0.2393437499995343,0.8471552050027723,0.8499025341130604,50,16.0,10,5,0.5,0.001,50,16.0,16,4782,95.64
grid,1,0.2435646249941783,0.8471552050027723,0.8499025341130604,50,16.0,10,7,0.5,0.001,50,16.0,16,4782,95.64
grid,1,0.2383495410031173,0.8471552050027723,0.8499025341130604,50,16.0,10,10,0.5,0.001,50,16.0,16,4782,95.64
grid,1,0.0905252920056227,0.8460281394163002,0.8499025341130604,50,8.0,10,2,sqrt,0.001,50,8.0,8,3564,71.28
grid,1,0.0838495409989263,0.8460281394163002,0.8499025341130604,50,8.0,10,5,sqrt,0.001,50,8.0,8,3564,71.28
grid,1,0.0819428329996299,0.8460281394163002,0.8499025341130604,50,8.0,10,7,sqrt,0.001,50,8.0,8,3564,71.28
grid,1,0.08488758400199,0.8460281394163002,0.8499025341130604,50,8.0,10,10,sqrt,0.001,50,8.0,8,3564,71.28
grid,1,0.5534059170022374,0.8458571812196829,0.8499025341130604,133,12.0,4,10,0.5,0.001,133,12.0,12,12265,92.21804511278197
grid,1,0.0780326249951031,0.8453761990077119,0.847953216374269,50,8.0,10,2,log2,0.001,50,8.0,8,3788,75.76
grid,1,0.0830846250028116,0.8453761990077119,0.847953216374269,50,8.0,10,5,log2,0.001,50,8.0,8,3788,75.76
grid,1,0.082016874992405,0.8453761990077119,0.847953216374269,50,8.0,10,7,log2,0.001,50,8.0,8,3788,75.76
grid,1,0.0770265830069547,0.8453761990077119,0.847953216374269,50,8.0,10,10,log2,0.001,50,8.0,8,3788,75.76
grid,1,0.2371383330028038,0.844949321086257,0.8499025341130604,50,12.0,4,10,0.5,0.0001,50,12.0,12,5812,116.24
grid,1,0.2302086249983403,0.844949321086257,0.8499025341130604,50,12.0,4,10,0.5,1e-05,50,12.0,12,5824,116.48
grid,1,0.2355433339980663,0.844949321086257,0.8499025341130604,50,12.0,4,10,0.5,0.0,50,12.0,12,6126,122.52
grid,1,0.1734910829982254,0.8448731569095853,0.847953216374269,133,8.0,10,2,log2,0.0001,133,8.0,8,12597,94.71428571428572
grid,1,0.1763512500037904,0.8448731569095853,0.847953216374269,133,8.0,10,5,log2,0.0001,133,8.0,8,12597,94.71428571428572
grid,1,0.1758905840106308,0.8448731569095853,0.847953216374269,133,8.0,10,7,log2,0.0001,133,8.0,8,12597,94.71428571428572
grid,1,0.1758047080074902,0.8448731569095853,0.847953216374269,133,8.0,10,10,log2,0.0001,133,8.0,8,12597,94.71428571428572
grid,1,0.1760673750104615,0.8448731569095853,0.847953216374269,133,8.0,10,2,log2,1e-05,133,8.0,8,13327,100.203007518797
grid,1,0.1756159590004244,0.8448731569095853,0.847953216374269,133,8.0,10,5,log2,1e-05,133,8.0,8,13327,100.203007518797
grid,1,0.1630679580121068,0.8448731569095853,0.847953216374269,133,8.0,10,7,log2,1e-05,133,8.0,8,13327,100.203007518797
grid,1,0.1782759579946287,0.8448731569095853,0.847953216374269,133,8.0,10,10,log2,1e-05,133,8.0,8,13327,100.203007518797
grid,1,0.1663989160006167,0.8448731569095853,0.847953216374269,133,8.0,10,2,log2,0.0,133,8.0,8,13673,102.80451127819548
grid,1,0.1608702090015867,0.8448731569095853,0.847953216374269,133,8.0,10,5,log2,0.0,133,8.0,8,13673,102.80451127819548
grid,1,0.1741994170006364,0.8448731569095853,0.847953216374269,133,8.0,10,7,log2,0.0,133,8.0,8,13673,102.80451127819548
grid,1,0.1658124579989817,0.8448731569095853,0.847953216374269,133,8.0,10,10,log2,0.0,133,8.0,8,13673,102.80451127819548
grid,1,0.5381622080021771,0.8448629576863562,0.8518518518518519,133,12.0,7,2,0.5,0.0001,133,12.0,12,13625,102.4436090225564
grid,1,0.5406526669976301,0.8448629576863562,0.8518518518518519,133,12.0,7,5,0.5,0.0001,133,12.0,12,13625,102.4436090225564
grid,1,0.540545124997152,0.8448629576863562,0.8518518518518519,133,12.0,7,7,0.5,0.0001,133,12.0,12,13625,102.4436090225564
grid,1,0.5442890000122134,0.8448629576863562,0.8518518518518519,133,12.0,7,10,0.5,0.0001,133,12.0,12,13625,102.4436090225564
grid,1,0.526801207990502,0.8448629576863562,0.8518518518518519,133,12.0,7,2,0.5,1e-05,133,12.0,12,14413,108.36842105263158
grid,1,0.5387612500053365,0.8448629576863562,0.8518518518518519,133,12.0,7,5,0.5,1e-05,133,12.0,12,14413,108.36842105263158
grid,1,0.5339794999890728,0.8448629576863562,0.8518518518518519,133,12.0,7,7,0.5,1e-05,133,12.0,12,14413,108.36842105263158
grid,1,0.535267291998025,0.8448629576863562,0.8518518518518519,133,12.0,7,10,0.5,1e-05,133,12.0,12,14413,108.36842105263158
grid,1,0.5497659160027979,0.8448629576863562,0.8518518518518519,133,12.0,7,2,0.5,0.0,133,12.0,12,15347,115.39097744360902
grid,1,0.5389849170023808,0.8448629576863562,0.8518518518518519,133,12.0,7,5,0.5,0.0,133,12.0,12,15347,115.39097744360902
grid,1,0.5382968329940923,0.8448629576863562,0.8518518518518519,133,12.0,7,7,0.5,0.0,133,12.0,12,15347,115.39097744360902
grid,1,0.5500108749984065,0.8448629576863562,0.8518518518518519,133,12.0,7,10,0.5,0.0,133,12.0,12,15347,115.39097744360902
grid,1,0.2345376250013942,0.844722860179745,0.8499025341130604,50,12.0,4,10,0.5,0.001,50,12.0,12,4590,91.8
grid,1,0.7775463330035564,0.8440261123291852,0.8499025341130604,217,8.0,1,10,0.5,1e-05,217,8.0,8,14125,65.09216589861751
grid,1,0.7580663330008974,0.8440261123291852,0.8499025341130604,217,8.0,1,10,0.5,0.0001,217,8.0,8,14125,65.09216589861751
grid,1,0.741813541011652,0.8440261123291852,0.8499025341130604,217,8.0,1,10,0.5,0.0,217,8.0,8,14865,68.50230414746544
grid,1,0.2166818749974481,0.8439325930011429,0.847953216374269,133,16.0,1,10,sqrt,0.01,133,12.105263157894736,16,6721,50.53383458646616
grid,1,0.0809428330103401,0.8437387549366342,0.8460038986354775,50,8.0,10,2,log2,0.0001,50,8.0,8,4584,91.68
grid,1,0.0813013750012032,0.8437387549366342,0.8460038986354775,50,8.0,10,5,log2,0.0001,50,8.0,8,4584,91.68
grid,1,0.0803182920062681,0.8437387549366342,0.8460038986354775,50,8.0,10,7,log2,0.0001,50,8.0,8,4584,91.68
grid,1,0.0811596249986905,0.8437387549366342,0.8460038986354775,50,8.0,10,10,log2,0.0001,50,8.0,8,4584,91.68
grid,1,0.0817592499952297,0.8437387549366342,0.8460038986354775,50,8.0,10,2,log2,1e-05,50,8.0,8,4850,97.0
grid,1,0.0815442080056527,0.8437387549366342,0.8460038986354775,50,8.0,10,5,log2,1e-05,50,8.0,8,4850,97.0
grid,1,0.0832633749960223,0.8437387549366342,0.8460038986354775,50,8.0,10,7,log2,1e-05,50,8.0,8,4850,97.0
grid,1,0.0816445839882362,0.8437387549366342,0.8460038986354775,50,8.0,10,10,log2,1e-05,50,8.0,8,4850,97.0
grid,1,0.0794700830010697,0.8437387549366342,0.8460038986354775,50,8.0,10,2,log2,0.0,50,8.0,8,4974,99.48
grid,1,0.0813183339923853,0.8437387549366342,0.8460038986354775,50,8.0,10,5,log2,0.0,50,8.0,8,4974,99.48
grid,1,0.0827498330036178,0.8437387549366342,0.8460038986354775,50,8.0,10,7,log2,0.0,50,8.0,8,4974,99.48
grid,1,0.0821174159937072,0.8437387549366342,0.8460038986354775,50,8.0,10,10,log2,0.0,50,8.0,8,4974,99.48
grid,1,0.3579765000031329,0.843380582506697,0.8499025341130604,217,12.0,10,2,sqrt,0.01,217,11.16589861751152,12,10585,48.77880184331797
grid,1,0.3447416250128299,0.843380582506697,0.8499025341130604,217,12.0,10,5,sqrt,0.01,217,11.16589861751152,12,10585,48.77880184331797
grid,1,0.321472250012448,0.843380582506697,0.8499025341130604,217,12.0,10,7,sqrt,0.01,217,11.16589861751152,12,10585,48.77880184331797
grid,1,0.3228948340110946,0.843380582506697,0.8499025341130604,217,12.0,10,10,sqrt,0.01,217,11.16589861751152,12,10585,48.77880184331797
grid,1,0.5590991670032963,0.8433061805093492,0.8518518518518519,133,12.0,7,2,0.5,0.001,133,12.0,12,10921,82.11278195488721
grid,1,0.5530465000047116,0.8433061805093492,0.8518518518518519,133,12.0,7,5,0.5,0.001,133,12.0,12,10921,82.11278195488721
grid,1,0.5350239999970654,0.8433061805093492,0.8518518518518519,133,12.0,7,7,0.5,0.001,133,12.0,12,10921,82.11278195488721
grid,1,0.5608346660010284,0.8433061805093492,0.8518518518518519,133,12.0,7,10,0.5,0.001,133,12.0,12,10921,82.11278195488721
grid,1,0.741079625004204,0.8431573679316158,0.8518518518518519,217,8.0,1,7,0.5,1e-05,217,8.0,8,14573,67.15668202764977
grid,1,0.7398424580023857,0.8431573679316158,0.8518518518518519,217,8.0,1,7,0.5,0.0001,217,8.0,8,14573,67.15668202764977
grid,1,0.7400025420065504,0.8431573679316158,0.8518518518518519,217,8.0,1,7,0.5,0.0,217,8.0,8,15333,70.6589861751152
grid,1,0.0921569159982027,0.8429269196177865,0.8499025341130604,50,12.0,7,2,sqrt,0.01,50,11.14,12,2440,48.8
grid,1,0.0914604580029845,0.8429269196177865,0.8499025341130604,50,12.0,7,5,sqrt,0.01,50,11.14,12,2440,48.8
grid,1,0.0927804999955697,0.8429269196177865,0.8499025341130604,50,12.0,7,7,sqrt,0.01,50,11.14,12,2440,48.8
grid,1,0.0946667090029222,0.8429269196177865,0.8499025341130604,50,12.0,7,10,sqrt,0.01,50,11.14,12,2440,48.8
grid,1,0.1771326670132111,0.8428435507757583,0.8499025341130604,133,16.0,4,10,log2,0.01,133,11.323308270676693,16,6339,47.661654135338345
grid,1,0.0967486250010551,0.8424783968708479,0.8499025341130604,50,,1,2,sqrt,0.01,50,12.24,15,2576,51.52
grid,1,0.3261635410017334,0.8418338299961625,0.847953216374269,217,16.0,4,10,sqrt,0.01,217,11.972350230414747,16,10925,50.345622119815665
grid,1,0.7485045000066748,0.8416383952536752,0.8499025341130604,217,8.0,1,10,0.5,0.001,217,8.0,8,12569,57.92165898617512
grid,1,0.1780568750109523,0.8411780770095902,0.847953216374269,133,20.0,4,10,log2,0.01,133,11.263157894736842,16,6307,47.421052631578945
grid,1,0.201245000003837,0.8410134520726885,0.8460038986354775,133,12.0,4,2,sqrt,0.01,133,11.06766917293233,12,6485,48.7593984962406
grid,1,0.1994122080068336,0.8410134520726885,0.8460038986354775,133,12.0,4,5,sqrt,0.01,133,11.06766917293233,12,6485,48.7593984962406
grid,1,0.2007185000111349,0.8410134520726885,0.8460038986354775,133,12.0,4,7,sqrt,0.01,133,11.06766917293233,12,6485,48.7593984962406
grid,1,0.3445567919989116,0.8409200123469276,0.847953216374269,217,16.0,10,2,sqrt,0.01,217,11.990783410138247,16,10971,50.55760368663594
grid,1,0.3215883749944623,0.8409200123469276,0.847953216374269,217,16.0,10,5,sqrt,0.01,217,11.990783410138247,16,10971,50.55760368663594
grid,1,0.3290046659967629,0.8409200123469276,0.847953216374269,217,16.0,10,7,sqrt,0.01,217,11.990783410138247,16,10971,50.55760368663594
grid,1,0.1993995829980122,0.8396013935236084,0.8460038986354775,133,12.0,10,2,sqrt,0.01,133,11.225563909774436,12,6531,49.10526315789474
grid,1,0.2013214580074418,0.8396013935236084,0.8460038986354775,133,12.0,10,5,sqrt,0.01,133,11.225563909774436,12,6531,49.10526315789474
grid,1,0.1922594589996151,0.8396013935236084,0.8460038986354775,133,12.0,10,7,sqrt,0.01,133,11.225563909774436,12,6531,49.10526315789474
grid,1,0.200303208999685,0.8396013935236084,0.8460038986354775,133,12.0,10,10,sqrt,0.01,133,11.225563909774436,12,6531,49.10526315789474
grid,1,0.2635516250011278,0.8392916903814976,0.8499025341130604,50,12.0,7,2,0.5,0.001,50,12.0,12,4088,81.76
grid,1,0.2263943750003818,0.8392916903814976,0.8499025341130604,50,12.0,7,5,0.5,0.001,50,12.0,12,4088,81.76
grid,1,0.2339361659978749,0.8392916903814976,0.8499025341130604,50,12.0,7,7,0.5,0.001,50,12.0,12,4088,81.76
grid,1,0.2288017919927369,0.8392916903814976,0.8499025341130604,50,12.0,7,10,0.5,0.001,50,12.0,12,4088,81.76
grid,1,0.2682457089977106,0.8376992296941638,0.847953216374269,50,12.0,7,2,0.5,0.0001,50,12.0,12,5094,101.88
grid,1,0.2287164580047829,0.8376992296941638,0.847953216374269,50,12.0,7,5,0.5,0.0001,50,12.0,12,5094,101.88
grid,1,0.2311817500012694,0.8376992296941638,0.847953216374269,50,12.0,7,7,0.5,0.0001,50,12.0,12,5094,101.88
grid,1,0.2249950420082314,0.8376992296941638,0.847953216374269,50,12.0,7,10,0.5,0.0001,50,12.0,12,5094,101.88
grid,1,0.7551263750065118,0.8376377312712526,0.847953216374269,217,8.0,1,7,0.5,0.001,217,8.0,8,12873,59.32258064516129
grid,1,0.295955583002069,0.8372732664949758,0.8440545808966862,217,16.0,4,10,log2,0.01,217,11.170506912442397,16,10255,47.25806451612903
grid,1,0.0779547499987529,0.8371359027977225,0.8421052631578947,50,12.0,1,5,log2,0.01,50,10.92,12,2322,46.44
grid,1,0.0935516659956192,0.8364774551759321,0.8440545808966862,50,16.0,1,2,sqrt,0.01,50,12.1,16,2588,51.76
grid,1,0.0950006249913713,0.8363416831828429,0.8440545808966862,50,20.0,4,2,sqrt,0.01,50,12.46,17,2578,51.56
grid,1,0.0969008750107605,0.8363416831828429,0.8440545808966862,50,20.0,4,5,sqrt,0.01,50,12.46,17,2578,51.56
grid,1,0.0949602500040782,0.8363416831828429,0.8440545808966862,50,20.0,4,7,sqrt,0.01,50,12.46,17,2578,51.56
grid,1,0.2357569170126225,0.8361195555709935,0.8460038986354775,50,12.0,7,2,0.5,1e-05,50,12.0,12,5396,107.92
grid,1,0.2287541249970672,0.8361195555709935,0.8460038986354775,50,12.0,7,5,0.5,1e-05,50,12.0,12,5396,107.92
grid,1,0.2353948749951087,0.8361195555709935,0.8460038986354775,50,12.0,7,7,0.5,1e-05,50,12.0,12,5396,107.92
grid,1,0.2405639170028735,0.8361195555709935,0.8460038986354775,50,12.0,7,10,0.5,1e-05,50,12.0,12,5396,107.92
grid,1,0.2295884999912232,0.8361195555709935,0.8460038986354775,50,12.0,7,2,0.5,0.0,50,12.0,12,5728,114.56
grid,1,0.2287736250000307,0.8361195555709935,0.8460038986354775,50,12.0,7,5,0.5,0.0,50,12.0,12,5728,114.56
grid,1,0.2222631660115439,0.8361195555709935,0.8460038986354775,50,12.0,7,7,0.5,0.0,50,12.0,12,5728,114.56
grid,1,0.2258500830066623,0.8361195555709935,0.8460038986354775,50,12.0,7,10,0.5,0.0,50,12.0,12,5728,114.56
grid,1,0.2853259580006124,0.836042581412665,0.8421052631578947,217,16.0,7,2,log2,0.01,217,11.170506912442397,16,10141,46.73271889400922
grid,1,0.2952389169950038,0.836042581412665,0.8421052631578947,217,16.0,7,5,log2,0.01,217,11.170506912442397,16,10141,46.73271889400922
grid,1,0.283559667004738,0.836042581412665,0.8421052631578947,217,16.0,7,7,log2,0.01,217,11.170506912442397,16,10141,46.73271889400922
grid,1,0.2979930000001332,0.836042581412665,0.8421052631578947,217,16.0,7,10,log2,0.01,217,11.170506912442397,16,10141,46.73271889400922
grid,1,0.372294166998472,0.8357196039230843,0.8421052631578947,217,16.0,1,10,sqrt,0.01,217,12.16589861751152,16,11047,50.90783410138249
grid,1,0.50325879099546,0.8357089975413952,0.8440545808966862,133,8.0,1,7,0.5,1e-05,133,8.0,8,8825,66.35338345864662
grid,1,0.4762714999960735,0.8357089975413952,0.8440545808966862,133,8.0,1,7,0.5,0.0001,133,8.0,8,8825,66.35338345864662
grid,1,0.4726690409879666,0.8357089975413952,0.8440545808966862,133,8.0,1,7,0.5,0.0,133,8.0,8,9269,69.69172932330827
grid,1,0.0948872919980203,0.8355489495406859,0.8421052631578947,50,20.0,7,2,sqrt,0.01,50,11.96,17,2540,50.8
grid,1,0.0976630829973146,0.8355489495406859,0.8421052631578947,50,20.0,7,5,sqrt,0.01,50,11.96,17,2540,50.8
grid,1,0.0971781249972991,0.8355489495406859,0.8421052631578947,50,20.0,7,7,sqrt,0.01,50,11.96,17,2540,50.8
grid,1,0.0922941669996362,0.8355489495406859,0.8421052631578947,50,20.0,7,10,sqrt,0.01,50,11.96,17,2540,50.8
grid,1,0.2121704169985605,0.8351751239931214,0.8401559454191033,133,20.0,1,10,sqrt,0.01,133,12.165413533834586,18,6723,50.54887218045113
grid,1,0.2122673749981913,0.8350871505022539,0.8421052631578947,133,20.0,1,2,sqrt,0.01,133,12.105263157894736,17,6743,50.69924812030075
grid,1,0.1873692500084871,0.8349144854893839,0.8421052631578947,133,,4,10,log2,0.01,133,11.278195488721805,16,6325,47.556390977443606
grid,1,0.7421007920056581,0.8348889008093731,0.8460038986354775,217,8.0,1,5,0.5,1e-05,217,8.0,8,15407,71.0
grid,1,0.7697476250032196,0.8348889008093731,0.8460038986354775,217,8.0,1,5,0.5,0.0001,217,8.0,8,15407,71.0
grid,1,0.7730109580006683,0.8348889008093731,0.8460038986354775,217,8.0,1,5,0.5,0.0,217,8.0,8,16161,74.47465437788019
grid,1,0.214723083001445,0.8348249519447302,0.8421052631578947,133,20.0,4,10,sqrt,0.01,133,11.962406015037594,16,6695,50.338345864661655
grid,1,0.2138628749962663,0.8344828858081144,0.8401559454191033,133,20.0,1,5,sqrt,0.01,133,11.827067669172932,15,6683,50.24812030075188
grid,1,0.2152952080068644,0.8344644667150457,0.8421052631578947,133,12.0,1,2,sqrt,0.01,133,11.263157894736842,12,6465,48.609022556390975
grid,1,0.3556708329997491,0.834395429396413,0.8401559454191033,217,16.0,4,2,sqrt,0.01,217,12.23041474654378,16,10963,50.52073732718894
grid,1,0.3308100000140257,0.834395429396413,0.8401559454191033,217,16.0,4,5,sqrt,0.01,217,12.23041474654378,16,10963,50.52073732718894
grid,1,0.3333616250019986,0.834395429396413,0.8401559454191033,217,16.0,4,7,sqrt,0.01,217,12.23041474654378,16,10963,50.52073732718894
grid,1,0.3407282499974826,0.8338656275459682,0.8421052631578947,217,12.0,1,2,sqrt,0.01,217,11.23963133640553,12,10595,48.824884792626726
grid,1,0.2996034579991828,0.8337369567181557,0.8421052631578947,217,16.0,1,7,log2,0.01,217,11.308755760368664,16,10227,47.12903225806452
grid,1,0.2205160000012256,0.833468288363546,0.8382066276803118,133,16.0,4,2,sqrt,0.01,133,12.1203007518797,16,6693,50.32330827067669
grid,1,0.2097275830019498,0.833468288363546,0.8382066276803118,133,16.0,4,5,sqrt,0.01,133,12.1203007518797,16,6693,50.32330827067669
grid,1,0.2054420000058598,0.833468288363546,0.8382066276803118,133,16.0,4,7,sqrt,0.01,133,12.1203007518797,16,6693,50.32330827067669
grid,1,0.2017184590076794,0.8333858293562899,0.8401559454191033,133,20.0,10,2,sqrt,0.01,133,12.12781954887218,20,6753,50.77443609022557
grid,1,0.2053182499948889,0.8333858293562899,0.8401559454191033,133,20.0,10,5,sqrt,0.01,133,12.12781954887218,20,6753,50.77443609022557
grid,1,0.2045293749979464,0.8333858293562899,0.8401559454191033,133,20.0,10,7,sqrt,0.01,133,12.12781954887218,20,6753,50.77443609022557
grid,1,0.2162207500077784,0.8333858293562899,0.8401559454191033,133,20.0,10,10,sqrt,0.01,133,12.12781954887218,20,6753,50.77443609022557
grid,1,0.2085425830009626,0.8333858293562899,0.8401559454191033,133,,10,2,sqrt,0.01,133,12.142857142857142,20,6757,50.80451127819549
grid,1,0.2058675409934949,0.8333858293562899,0.8401559454191033,133,,10,5,sqrt,0.01,133,12.142857142857142,20,6757,50.80451127819549
grid,1,0.2036260830063838,0.8333858293562899,0.8401559454191033,133,,10,7,sqrt,0.01,133,12.142857142857142,20,6757,50.80451127819549
grid,1,0.2085689170053228,0.8333858293562899,0.8401559454191033,133,,10,10,sqrt,0.01,133,12.142857142857142,20,6757,50.80451127819549
grid,1,0.0911032500007422,0.8333362315230651,0.8401559454191033,50,12.0,4,2,log2,0.01,50,10.76,12,2280,45.6
grid,1,0.0794337500119581,0.8333362315230651,0.8401559454191033,50,12.0,4,5,log2,0.01,50,10.76,12,2280,45.6
grid,1,0.0833777079969877,0.8333362315230651,0.8401559454191033,50,12.0,4,7,log2,0.01,50,10.76,12,2280,45.6
grid,1,0.0958007089939201,0.8333129856739515,0.8421052631578947,50,,1,5,sqrt,0.01,50,12.18,16,2540,50.8
grid,1,0.2199997919960878,0.833169615768998,0.8401559454191033,133,16.0,1,2,sqrt,0.01,133,11.977443609022556,16,6737,50.65413533834587
grid,1,0.2203466249920893,0.8331575036846294,0.8401559454191033,133,,1,2,sqrt,0.01,133,12.015037593984962,16,6679,50.21804511278196
grid,1,0.7687591669964604,0.8329554231901188,0.8421052631578947,217,8.0,1,2,0.5,1e-05,217,8.0,8,18241,84.05990783410138
grid,1,0.7631717089971062,0.8329554231901188,0.8421052631578947,217,8.0,1,2,0.5,0.0001,217,8.0,8,18241,84.05990783410138
grid,1,0.755458625004394,0.8329554231901188,0.8421052631578947,217,8.0,1,2,0.5,0.0,217,8.0,8,19269,88.79723502304148
grid,1,0.0841746249934658,0.8328734411746905,0.8421052631578947,50,16.0,4,2,log2,0.01,50,11.3,14,2360,47.2
grid,1,0.0804068750003352,0.8328734411746905,0.8421052631578947,50,16.0,4,5,log2,0.01,50,11.3,14,2360,47.2
grid,1,0.0804650829959428,0.8328734411746905,0.8421052631578947,50,16.0,4,7,log2,0.01,50,11.3,14,2360,47.2
grid,1,0.2061472919886,0.8328130167358639,0.8401559454191033,133,,4,10,sqrt,0.01,133,11.977443609022556,16,6683,50.24812030075188
grid,1,0.2093815410044044,0.8323483570802886,0.8362573099415205,133,20.0,4,2,sqrt,0.01,133,12.19548872180451,18,6773,50.92481203007519
grid,1,0.2160964590002549,0.8323483570802886,0.8362573099415205,133,20.0,4,5,sqrt,0.01,133,12.19548872180451,18,6773,50.92481203007519
grid,1,0.2076523750001797,0.8323483570802886,0.8362573099415205,133,20.0,4,7,sqrt,0.01,133,12.19548872180451,18,6773,50.92481203007519
grid,1,0.2210507499985397,0.8323041041388967,0.8362573099415205,133,,4,2,sqrt,0.01,133,12.18796992481203,18,6799,51.1203007518797
grid,1,0.2127490420098183,0.8323041041388967,0.8362573099415205,133,,4,5,sqrt,0.01,133,12.18796992481203,18,6799,51.1203007518797
grid,1,0.2169959169987123,0.8323041041388967,0.8362573099415205,133,,4,7,sqrt,0.01,133,12.18796992481203,18,6799,51.1203007518797
grid,1,0.1952030409884173,0.8319163428747597,0.8401559454191033,50,8.0,1,10,0.5,1e-05,50,8.0,8,3202,64.04
grid,1,0.1905897919932613,0.8319163428747597,0.8401559454191033,50,8.0,1,10,0.5,0.0001,50,8.0,8,3202,64.04
grid,1,0.1982364169962238,0.8319163428747597,0.8401559454191033,50,8.0,1,10,0.5,0.0,50,8.0,8,3366,67.32
grid,1,0.1990448339929571,0.8313295114846647,0.8401559454191033,50,8.0,1,7,0.5,1e-05,50,8.0,8,3298,65.96
grid,1,0.2123713750042952,0.8313295114846647,0.8401559454191033,50,8.0,1,7,0.5,0.0001,50,8.0,8,3298,65.96
grid,1,0.1948187920061173,0.8313295114846647,0.8401559454191033,50,8.0,1,7,0.5,0.0,50,8.0,8,3474,69.48
grid,1,0.0927682500041555,0.8312679289531402,0.8401559454191033,50,20.0,1,5,sqrt,0.01,50,12.1,15,2512,50.24
grid,1,0.2252895410056226,0.8311335442607091,0.8401559454191033,133,,7,2,sqrt,0.01,133,11.819548872180452,17,6669,50.142857142857146
grid,1,0.2038845000060973,0.8311335442607091,0.8401559454191033,133,,7,5,sqrt,0.01,133,11.819548872180452,17,6669,50.142857142857146
grid,1,0.2071230000001378,0.8311335442607091,0.8401559454191033,133,,7,7,sqrt,0.01,133,11.819548872180452,17,6669,50.142857142857146
grid,1,0.2039343329961411,0.8311335442607091,0.8401559454191033,133,,7,10,sqrt,0.01,133,11.819548872180452,17,6669,50.142857142857146
grid,1,0.7739305829891236,0.831023134170819,0.8401559454191033,217,8.0,1,2,0.5,0.001,217,8.0,8,13655,62.92626728110599
grid,1,0.0947029160015517,0.8308313675162907,0.8382066276803118,50,16.0,4,2,sqrt,0.01,50,12.32,16,2530,50.6
grid,1,0.0936533330095699,0.8308313675162907,0.8382066276803118,50,16.0,4,5,sqrt,0.01,50,12.32,16,2530,50.6
grid,1,0.0985665000043809,0.8308313675162907,0.8382066276803118,50,16.0,4,7,sqrt,0.01,50,12.32,16,2530,50.6
grid,1,0.174656707997201,0.8306822124580273,0.8382066276803118,133,,7,2,log2,0.01,133,11.3609022556391,16,6317,47.49624060150376
grid,1,0.182313334007631,0.8306822124580273,0.8382066276803118,133,,7,5,log2,0.01,133,11.3609022556391,16,6317,47.49624060150376
grid,1,0.1897897500020917,0.8306822124580273,0.8382066276803118,133,,7,7,log2,0.01,133,11.3609022556391,16,6317,47.49624060150376
grid,1,0.1837365829996997,0.8306822124580273,0.8382066276803118,133,,7,10,log2,0.01,133,11.3609022556391,16,6317,47.49624060150376
grid,1,0.2960827920032898,0.8304643487056527,0.8382066276803118,217,16.0,10,2,log2,0.01,217,11.119815668202763,16,10255,47.25806451612903
grid,1,0.2813422089966479,0.8304643487056527,0.8382066276803118,217,16.0,10,5,log2,0.01,217,11.119815668202763,16,10255,47.25806451612903
grid,1,0.2840490829985356,0.8304643487056527,0.8382066276803118,217,16.0,10,7,log2,0.01,217,11.119815668202763,16,10255,47.25806451612903
grid,1,0.1997953340032836,0.8304170875613436,0.8382066276803118,133,16.0,10,2,sqrt,0.01,133,12.105263157894736,16,6729,50.59398496240601
grid,1,0.2057692919916007,0.8304170875613436,0.8382066276803118,133,16.0,10,5,sqrt,0.01,133,12.105263157894736,16,6729,50.59398496240601
grid,1,0.1999159170081839,0.8304170875613436,0.8382066276803118,133,16.0,10,7,sqrt,0.01,133,12.105263157894736,16,6729,50.59398496240601
grid,1,0.203767125000013,0.8304170875613436,0.8382066276803118,133,16.0,10,10,sqrt,0.01,133,12.105263157894736,16,6729,50.59398496240601
grid,1,0.201383125007851,0.8302564393097076,0.8382066276803118,133,16.0,7,2,sqrt,0.01,133,11.81203007518797,16,6639,49.91729323308271
grid,1,0.2019878749997588,0.8302564393097076,0.8382066276803118,133,16.0,7,5,sqrt,0.01,133,11.81203007518797,16,6639,49.91729323308271
grid,1,0.2012948750052601,0.8302564393097076,0.8382066276803118,133,16.0,7,7,sqrt,0.01,133,11.81203007518797,16,6639,49.91729323308271
grid,1,0.2036271660035709,0.8302564393097076,0.8382066276803118,133,16.0,7,10,sqrt,0.01,133,11.81203007518797,16,6639,49.91729323308271
grid,1,0.0979610000067623,0.8302339162462918,0.8362573099415205,50,16.0,7,2,sqrt,0.01,50,11.96,16,2534,50.68
grid,1,0.0974370000039925,0.8302339162462918,0.8362573099415205,50,16.0,7,5,sqrt,0.01,50,11.96,16,2534,50.68
grid,1,0.0956792080105515,0.8302339162462918,0.8362573099415205,50,16.0,7,7,sqrt,0.01,50,11.96,16,2534,50.68
grid,1,0.0965699169901199,0.8302339162462918,0.8362573099415205,50,16.0,7,10,sqrt,0.01,50,11.96,16,2534,50.68
grid,1,0.3463334589905571,0.8299542488422779,0.8382066276803118,217,16.0,1,2,sqrt,0.01,217,12.12442396313364,16,11069,51.00921658986175
grid,1,0.2954373749962542,0.8299094112878102,0.8362573099415205,217,12.0,7,2,log2,0.01,217,10.709677419354838,12,10039,46.26267281105991
grid,1,0.293720708010369,0.8299094112878102,0.8362573099415205,217,12.0,7,5,log2,0.01,217,10.709677419354838,12,10039,46.26267281105991
grid,1,0.3115571250091307,0.8299094112878102,0.8362573099415205,217,12.0,7,7,log2,0.01,217,10.709677419354838,12,10039,46.26267281105991
grid,1,0.2967663329909555,0.8299094112878102,0.8362573099415205,217,12.0,7,10,log2,0.01,217,10.709677419354838,12,10039,46.26267281105991
grid,1,0.2170825000066543,0.8297792948279319,0.8362573099415205,133,,1,5,sqrt,0.01,133,11.857142857142858,16,6689,50.29323308270677
grid,1,0.3315929160016821,0.8296169315896099,0.8362573099415205,217,12.0,1,10,sqrt,0.01,217,11.221198156682028,12,10679,49.21198156682028
grid,1,0.3440724579995731,0.8295946571433597,0.8362573099415205,217,12.0,1,7,sqrt,0.01,217,11.23041474654378,12,10639,49.02764976958525
grid,1,0.323982582995086,0.8295880665648935,0.8362573099415205,217,16.0,7,2,sqrt,0.01,217,11.806451612903226,16,10885,50.16129032258065
grid,1,0.3361254999908851,0.8295880665648935,0.8362573099415205,217,16.0,7,5,sqrt,0.01,217,11.806451612903226,16,10885,50.16129032258065
grid,1,0.332810874999268,0.8295880665648935,0.8362573099415205,217,16.0,7,7,sqrt,0.01,217,11.806451612903226,16,10885,50.16129032258065
grid,1,0.3335711669933516,0.8295880665648935,0.8362573099415205,217,16.0,7,10,sqrt,0.01,217,11.806451612903226,16,10885,50.16129032258065
grid,1,0.1958927919913549,0.8295792922980124,0.8401559454191033,50,8.0,1,7,0.5,0.001,50,8.0,8,2904,58.08
grid,1,0.7636219169944525,0.8295606199021801,0.8440545808966862,217,8.0,1,5,0.5,0.001,217,8.0,8,13335,61.45161290322581
grid,1,0.2221222920052241,0.829334263452991,0.834307992202729,133,,1,10,sqrt,0.01,133,12.18796992481203,18,6735,50.6390977443609
grid,1,0.2080723330000182,0.8291274411458562,0.8382066276803118,133,20.0,7,2,sqrt,0.01,133,11.864661654135338,17,6681,50.233082706766915
grid,1,0.2073380000074394,0.8291274411458562,0.8382066276803118,133,20.0,7,5,sqrt,0.01,133,11.864661654135338,17,6681,50.233082706766915
grid,1,0.2154535409936215,0.8291274411458562,0.8382066276803118,133,20.0,7,7,sqrt,0.01,133,11.864661654135338,17,6681,50.233082706766915
grid,1,0.212817375009763,0.8291274411458562,0.8382066276803118,133,20.0,7,10,sqrt,0.01,133,11.864661654135338,17,6681,50.233082706766915
grid,1,0.17825549999543,0.8289568056841748,0.8362573099415205,133,16.0,7,2,log2,0.01,133,11.308270676691729,16,6245,46.95488721804512
grid,1,0.1751365419913781,0.8289568056841748,0.8362573099415205,133,16.0,7,5,log2,0.01,133,11.308270676691729,16,6245,46.95488721804512
grid,1,0.1898859580105636,0.8289568056841748,0.8362573099415205,133,16.0,7,7,log2,0.01,133,11.308270676691729,16,6245,46.95488721804512
grid,1,0.1860856670100474,0.8289568056841748,0.8362573099415205,133,16.0,7,10,log2,0.01,133,11.308270676691729,16,6245,46.95488721804512
grid,1,0.0812365830061025,0.8289540714069273,0.8382066276803118,50,20.0,7,2,log2,0.01,50,11.42,16,2406,48.12
grid,1,0.085109082996496,0.8289540714069273,0.8382066276803118,50,20.0,7,5,log2,0.01,50,11.42,16,2406,48.12
grid,1,0.08096929101157,0.8289540714069273,0.8382066276803118,50,20.0,7,7,log2,0.01,50,11.42,16,2406,48.12
grid,1,0.0789862079982413,0.8289540714069273,0.8382066276803118,50,20.0,7,10,log2,0.01,50,11.42,16,2406,48.12
grid,1,0.2073896250076359,0.8289407972658691,0.8362573099415205,133,20.0,7,2,log2,0.01,133,11.3609022556391,16,6287,47.27067669172932
grid,1,0.1900304580049123,0.8289407972658691,0.8362573099415205,133,20.0,7,5,log2,0.01,133,11.3609022556391,16,6287,47.27067669172932
grid,1,0.1844462910084985,0.8289407972658691,0.8362573099415205,133,20.0,7,7,log2,0.01,133,11.3609022556391,16,6287,47.27067669172932
grid,1,0.1845841250033117,0.8289407972658691,0.8362573099415205,133,20.0,7,10,log2,0.01,133,11.3609022556391,16,6287,47.27067669172932
grid,1,0.204574916002457,0.8289262367706842,0.8362573099415205,133,16.0,4,10,sqrt,0.01,133,11.909774436090226,16,6707,50.42857142857143
grid,1,0.2108177499903831,0.8289035361538664,0.834307992202729,133,12.0,1,10,sqrt,0.01,133,11.172932330827068,12,6551,49.25563909774437
grid,1,0.0946341250091791,0.8289032724950143,0.8382066276803118,50,12.0,1,2,sqrt,0.01,50,11.58,12,2442,48.84
grid,1,0.1747278340044431,0.8287596867559597,0.834307992202729,133,8.0,10,2,log2,0.01,133,7.977443609022556,8,4867,36.59398496240601
grid,1,0.1968165419966681,0.8287596867559597,0.834307992202729,133,8.0,10,5,log2,0.01,133,7.977443609022556,8,4867,36.59398496240601
grid,1,0.1768263330013724,0.8287596867559597,0.834307992202729,133,8.0,10,7,log2,0.01,133,7.977443609022556,8,4867,36.59398496240601
grid,1,0.1650517920061247,0.8287596867559597,0.834307992202729,133,8.0,10,10,log2,0.01,133,7.977443609022556,8,4867,36.59398496240601
grid,1,0.0978420419996837,0.828737074062696,0.8382066276803118,50,,4,2,sqrt,0.01,50,12.46,17,2586,51.72
grid,1,0.0966390410030726,0.828737074062696,0.8382066276803118,50,,4,5,sqrt,0.01,50,12.46,17,2586,51.72
grid,1,0.0967053329950431,0.828737074062696,0.8382066276803118,50,,4,7,sqrt,0.01,50,12.46,17,2586,51.72
grid,1,0.0958208339870907,0.8284581296985106,0.8362573099415205,50,12.0,1,5,sqrt,0.01,50,11.5,12,2430,48.6
grid,1,0.4702929999912157,0.828100356003425,0.8382066276803118,133,8.0,1,7,0.5,0.001,133,8.0,8,7783,58.5187969924812
grid,1,0.92938650000724,0.8280088075328613,0.8362573099415205,217,12.0,10,2,0.5,0.0001,217,12.0,12,20137,92.79723502304148
grid,1,0.8726810419902904,0.8280088075328613,0.8362573099415205,217,12.0,10,5,0.5,0.0001,217,12.0,12,20137,92.79723502304148
grid,1,0.8761529170005815,0.8280088075328613,0.8362573099415205,217,12.0,10,7,0.5,0.0001,217,12.0,12,20137,92.79723502304148
grid,1,0.870183958002599,0.8280088075328613,0.8362573099415205,217,12.0,10,10,0.5,0.0001,217,12.0,12,20137,92.79723502304148
grid,1,0.9351703749998704,0.8280088075328613,0.8362573099415205,217,12.0,10,2,0.5,1e-05,217,12.0,12,21837,100.63133640552996
grid,1,0.8704381249990547,0.8280088075328613,0.8362573099415205,217,12.0,10,5,0.5,1e-05,217,12.0,12,21837,100.63133640552996
grid,1,0.8752476249937899,0.8280088075328613,0.8362573099415205,217,12.0,10,7,0.5,1e-05,217,12.0,12,21837,100.63133640552996
grid,1,0.8570233339996776,0.8280088075328613,0.8362573099415205,217,12.0,10,10,0.5,1e-05,217,12.0,12,21837,100.63133640552996
grid,1,0.9455947910028044,0.8280088075328613,0.8362573099415205,217,12.0,10,2,0.5,0.0,217,12.0,12,23437,108.00460829493088
grid,1,0.8712102500139736,0.8280088075328613,0.8362573099415205,217,12.0,10,5,0.5,0.0,217,12.0,12,23437,108.00460829493088
grid,1,0.8559433339978568,0.8280088075328613,0.8362573099415205,217,12.0,10,7,0.5,0.0,217,12.0,12,23437,108.00460829493088
grid,1,0.8624914999963949,0.8280088075328613,0.8362573099415205,217,12.0,10,10,0.5,0.0,217,12.0,12,23437,108.00460829493088
grid,1,0.2774532499897759,0.8279978194887114,0.8362573099415205,217,8.0,1,7,log2,0.01,217,7.967741935483871,8,8073,37.20276497695853
grid,1,0.0961892079940298,0.8278880047830268,0.8382066276803118,50,16.0,1,5,sqrt,0.01,50,12.3,16,2550,51.0
grid,1,0.2730850839870982,0.8277153466112084,0.834307992202729,217,8.0,10,2,log2,0.01,217,7.976958525345622,8,8061,37.14746543778802
grid,1,0.2877035419951426,0.8277153466112084,0.834307992202729,217,8.0,10,5,log2,0.01,217,7.976958525345622,8,8061,37.14746543778802
grid,1,0.2794758750096662,0.8277153466112084,0.834307992202729,217,8.0,10,7,log2,0.01,217,7.976958525345622,8,8061,37.14746543778802
grid,1,0.2811061660031555,0.8277153466112084,0.834307992202729,217,8.0,10,10,log2,0.01,217,7.976958525345622,8,8061,37.14746543778802
grid,1,0.1772691670048516,0.8276539368197862,0.8362573099415205,133,12.0,4,2,log2,0.01,133,10.661654135338344,12,6097,45.8421052631579
grid,1,0.1739972499926807,0.8276539368197862,0.8362573099415205,133,12.0,4,5,log2,0.01,133,10.661654135338344,12,6097,45.8421052631579
grid,1,0.1770741660002386,0.8276539368197862,0.8362573099415205,133,12.0,4,7,log2,0.01,133,10.661654135338344,12,6097,45.8421052631579
grid,1,0.0944506669911788,0.8275857919431895,0.834307992202729,50,,7,2,sqrt,0.01,50,11.96,17,2538,50.76
grid,1,0.0940416249941336,0.8275857919431895,0.834307992202729,50,,7,5,sqrt,0.01,50,11.96,17,2538,50.76
grid,1,0.0905331249959999,0.8275857919431895,0.834307992202729,50,,7,7,sqrt,0.01,50,11.96,17,2538,50.76
grid,1,0.0934778340015327,0.8275857919431895,0.834307992202729,50,,7,10,sqrt,0.01,50,11.96,17,2538,50.76
grid,1,0.4782872920040972,0.8275514229708228,0.8382066276803118,133,8.0,1,5,0.5,1e-05,133,8.0,8,9333,70.17293233082707
grid,1,0.4701800839975476,0.8275514229708228,0.8382066276803118,133,8.0,1,5,0.5,0.0001,133,8.0,8,9333,70.17293233082707
grid,1,0.4698249579960247,0.8275514229708228,0.8382066276803118,133,8.0,1,5,0.5,0.0,133,8.0,8,9751,73.3157894736842
grid,1,0.2052653330028988,0.8274860001347546,0.8362573099415205,133,12.0,1,7,sqrt,0.01,133,11.31578947368421,12,6517,49.0
grid,1,0.4759962089883629,0.8273163222169304,0.8362573099415205,133,8.0,1,10,0.5,1e-05,133,8.0,8,8441,63.46616541353384
grid,1,0.498490291996859,0.8273163222169304,0.8362573099415205,133,8.0,1,10,0.5,0.0001,133,8.0,8,8441,63.46616541353384
grid,1,0.4652344169880962,0.8273163222169304,0.8362573099415205,133,8.0,1,10,0.5,0.0,133,8.0,8,8857,66.59398496240601
grid,1,0.3435862920014187,0.8273045595748537,0.834307992202729,217,12.0,4,2,sqrt,0.01,217,11.211981566820276,12,10541,48.576036866359445
grid,1,0.3566343749989755,0.8273045595748537,0.834307992202729,217,12.0,4,5,sqrt,0.01,217,11.211981566820276,12,10541,48.576036866359445
grid,1,0.326188833991182,0.8273045595748537,0.834307992202729,217,12.0,4,7,sqrt,0.01,217,11.211981566820276,12,10541,48.576036866359445
grid,1,0.3429470830014907,0.8272839287201244,0.834307992202729,217,16.0,1,7,sqrt,0.01,217,11.981566820276498,16,10977,50.5852534562212
grid,1,0.0822539579967269,0.8270679372544035,0.8362573099415205,50,,7,2,log2,0.01,50,11.42,16,2416,48.32
grid,1,0.0936064580018865,0.8270679372544035,0.8362573099415205,50,,7,5,log2,0.01,50,11.42,16,2416,48.32
grid,1,0.0787501249869819,0.8270679372544035,0.8362573099415205,50,,7,7,log2,0.01,50,11.42,16,2416,48.32
grid,1,0.0784446249890606,0.8270679372544035,0.8362573099415205,50,,7,10,log2,0.01,50,11.42,16,2416,48.32
grid,1,0.1998528330004774,0.8269185037557049,0.8382066276803118,50,8.0,1,10,0.5,0.001,50,8.0,8,2842,56.84
grid,1,0.3382607499952428,0.8268103926050349,0.8362573099415205,217,12.0,1,5,sqrt,0.01,217,11.271889400921658,12,10667,49.15668202764977
grid,1,0.0833867079927586,0.8267235209548257,0.8362573099415205,50,16.0,7,2,log2,0.01,50,11.56,16,2426,48.52
grid,1,0.0802582910109777,0.8267235209548257,0.8362573099415205,50,16.0,7,5,log2,0.01,50,11.56,16,2426,48.52
grid,1,0.079951958003221,0.8267235209548257,0.8362573099415205,50,16.0,7,7,log2,0.01,50,11.56,16,2426,48.52
grid,1,0.0813443749939324,0.8267235209548257,0.8362573099415205,50,16.0,7,10,log2,0.01,50,11.56,16,2426,48.52
grid,1,0.0970877079962519,0.8267117505396817,0.8362573099415205,50,16.0,10,2,sqrt,0.01,50,12.14,16,2544,50.88
grid,1,0.0930440420052036,0.8267117505396817,0.8362573099415205,50,16.0,10,5,sqrt,0.01,50,12.14,16,2544,50.88
grid,1,0.0961832909961231,0.8267117505396817,0.8362573099415205,50,16.0,10,7,sqrt,0.01,50,12.14,16,2544,50.88
grid,1,0.0950508329988224,0.8267117505396817,0.8362573099415205,50,16.0,10,10,sqrt,0.01,50,12.14,16,2544,50.88
grid,1,0.0813993329938966,0.8266954285667851,0.834307992202729,50,,1,2,log2,0.01,50,12.0,17,2390,47.8
grid,1,0.7432323749962961,0.8265723573741062,0.8362573099415205,217,8.0,4,2,0.5,1e-05,217,8.0,8,13993,64.48387096774194
grid,1,0.739842499999213,0.8265723573741062,0.8362573099415205,217,8.0,4,5,0.5,1e-05,217,8.0,8,13993,64.48387096774194
grid,1,0.7518944169860333,0.8265723573741062,0.8362573099415205,217,8.0,4,7,0.5,1e-05,217,8.0,8,13993,64.48387096774194
grid,1,0.7447817919892259,0.8265723573741062,0.8362573099415205,217,8.0,4,2,0.5,0.0,217,8.0,8,14751,67.97695852534562
grid,1,0.7547665000020061,0.8265723573741062,0.8362573099415205,217,8.0,4,5,0.5,0.0,217,8.0,8,14751,67.97695852534562
grid,1,0.7454001669975696,0.8265723573741062,0.8362573099415205,217,8.0,4,7,0.5,0.0,217,8.0,8,14751,67.97695852534562
grid,1,0.4825525830092374,0.8264793744704108,0.8382066276803118,133,8.0,1,10,0.5,0.001,133,8.0,8,7509,56.45864661654135
grid,1,0.4741019590001087,0.8263878341226665,0.8401559454191033,133,8.0,4,2,0.5,0.0001,133,8.0,8,8461,63.61654135338346
grid,1,0.4692423339874949,0.8263878341226665,0.8401559454191033,133,8.0,4,5,0.5,0.0001,133,8.0,8,8461,63.61654135338346
grid,1,0.466945249994751,0.8263878341226665,0.8401559454191033,133,8.0,4,7,0.5,0.0001,133,8.0,8,8461,63.61654135338346
grid,1,0.7544417080061976,0.8263678299913924,0.8362573099415205,217,8.0,4,2,0.5,0.0001,217,8.0,8,13979,64.41935483870968
grid,1,0.7494746250013122,0.8263678299913924,0.8362573099415205,217,8.0,4,5,0.5,0.0001,217,8.0,8,13979,64.41935483870968
grid,1,0.7421557079942431,0.8263678299913924,0.8362573099415205,217,8.0,4,7,0.5,0.0001,217,8.0,8,13979,64.41935483870968
grid,1,0.9202653340034884,0.826150607204444,0.8362573099415205,217,12.0,10,2,0.5,0.001,217,12.0,12,16249,74.88018433179724
grid,1,0.8598251669900492,0.826150607204444,0.8362573099415205,217,12.0,10,5,0.5,0.001,217,12.0,12,16249,74.88018433179724
grid,1,0.8758066250011325,0.826150607204444,0.8362573099415205,217,12.0,10,7,0.5,0.001,217,12.0,12,16249,74.88018433179724
grid,1,0.8574993749934947,0.826150607204444,0.8362573099415205,217,12.0,10,10,0.5,0.001,217,12.0,12,16249,74.88018433179724
grid,1,0.2870849579921923,0.8260682622052518,0.834307992202729,217,16.0,4,2,log2,0.01,217,11.193548387096774,16,10163,46.83410138248848
grid,1,0.2967399999906774,0.8260682622052518,0.834307992202729,217,16.0,4,5,log2,0.01,217,11.193548387096774,16,10163,46.83410138248848
grid,1,0.3005769580049673,0.8260682622052518,0.834307992202729,217,16.0,4,7,log2,0.01,217,11.193548387096774,16,10163,46.83410138248848
grid,1,0.2282212080026511,0.8259948313276345,0.8323586744639376,50,12.0,10,2,0.5,0.0001,50,12.0,12,4690,93.8
grid,1,0.2295392500091111,0.8259948313276345,0.8323586744639376,50,12.0,10,5,0.5,0.0001,50,12.0,12,4690,93.8
grid,1,0.2199196250003297,0.8259948313276345,0.8323586744639376,50,12.0,10,7,0.5,0.0001,50,12.0,12,4690,93.8
grid,1,0.226243416997022,0.8259948313276345,0.8323586744639376,50,12.0,10,10,0.5,0.0001,50,12.0,12,4690,93.8
grid,1,0.2278751670091878,0.8259948313276345,0.8323586744639376,50,12.0,10,2,0.5,1e-05,50,12.0,12,5066,101.32
grid,1,0.2175417910038959,0.8259948313276345,0.8323586744639376,50,12.0,10,5,0.5,1e-05,50,12.0,12,5066,101.32
grid,1,0.2286417919967789,0.8259948313276345,0.8323586744639376,50,12.0,10,7,0.5,1e-05,50,12.0,12,5066,101.32
grid,1,0.2312336659961147,0.8259948313276345,0.8323586744639376,50,12.0,10,10,0.5,1e-05,50,12.0,12,5066,101.32
grid,1,0.2266451659961603,0.8259948313276345,0.8323586744639376,50,12.0,10,2,0.5,0.0,50,12.0,12,5448,108.96
grid,1,0.2198633329971926,0.8259948313276345,0.8323586744639376,50,12.0,10,5,0.5,0.0,50,12.0,12,5448,108.96
grid,1,0.2192525840073358,0.8259948313276345,0.8323586744639376,50,12.0,10,7,0.5,0.0,50,12.0,12,5448,108.96
grid,1,0.2276387919991975,0.8259948313276345,0.8323586744639376,50,12.0,10,10,0.5,0.0,50,12.0,12,5448,108.96
grid,1,0.187790916999802,0.8259650197156809,0.8323586744639376,133,12.0,1,5,log2,0.01,133,10.87218045112782,12,6087,45.766917293233085
grid,1,0.2865802910091588,0.8258077430057907,0.834307992202729,217,12.0,1,2,log2,0.01,217,10.737327188940093,12,10073,46.41935483870968
grid,1,0.2017993329936871,0.8256378871507617,0.834307992202729,50,8.0,1,5,0.5,1e-05,50,8.0,8,3438,68.76
grid,1,0.2004769160121213,0.8256378871507617,0.834307992202729,50,8.0,1,5,0.5,0.0001,50,8.0,8,3438,68.76
grid,1,0.2119037079974077,0.8256378871507617,0.834307992202729,50,8.0,1,5,0.5,0.0,50,8.0,8,3602,72.04
grid,1,0.1929767919937148,0.825220095902343,0.8323586744639376,133,16.0,10,2,log2,0.01,133,11.165413533834586,15,6285,47.25563909774437
grid,1,0.1783674159960355,0.825220095902343,0.8323586744639376,133,16.0,10,5,log2,0.01,133,11.165413533834586,15,6285,47.25563909774437
grid,1,0.1797953339992091,0.825220095902343,0.8323586744639376,133,16.0,10,7,log2,0.01,133,11.165413533834586,15,6285,47.25563909774437
grid,1,0.1738080000068294,0.825220095902343,0.8323586744639376,133,16.0,10,10,log2,0.01,133,11.165413533834586,15,6285,47.25563909774437
grid,1,0.1779786249971948,0.8251265689420978,0.8323586744639376,133,12.0,7,2,log2,0.01,133,10.781954887218046,12,6187,46.5187969924812
grid,1,0.1769317080033943,0.8251265689420978,0.8323586744639376,133,12.0,7,5,log2,0.01,133,10.781954887218046,12,6187,46.5187969924812
grid,1,0.1768283330020494,0.8251265689420978,0.8323586744639376,133,12.0,7,7,log2,0.01,133,10.781954887218046,12,6187,46.5187969924812
grid,1,0.168647874990711,0.8251265689420978,0.8323586744639376,133,12.0,7,10,log2,0.01,133,10.781954887218046,12,6187,46.5187969924812
grid,1,0.0810572920017875,0.8249670060176328,0.8323586744639376,50,8.0,10,2,log2,0.01,50,7.98,8,1838,36.76
grid,1,0.0819303750031394,0.8249670060176328,0.8323586744639376,50,8.0,10,5,log2,0.01,50,7.98,8,1838,36.76
grid,1,0.0835015409975312,0.8249670060176328,0.8323586744639376,50,8.0,10,7,log2,0.01,50,7.98,8,1838,36.76
grid,1,0.0796896669926354,0.8249670060176328,0.8323586744639376,50,8.0,10,10,log2,0.01,50,7.98,8,1838,36.76
grid,1,0.4788036670070141,0.824840729258126,0.8382066276803118,133,8.0,4,2,0.5,1e-05,133,8.0,8,8469,63.67669172932331
grid,1,0.4699720419885125,0.824840729258126,0.8382066276803118,133,8.0,4,5,0.5,1e-05,133,8.0,8,8469,63.67669172932331
grid,1,0.4680559160042321,0.824840729258126,0.8382066276803118,133,8.0,4,7,0.5,1e-05,133,8.0,8,8469,63.67669172932331
grid,1,0.468602416003705,0.824840729258126,0.8382066276803118,133,8.0,4,2,0.5,0.0,133,8.0,8,8903,66.93984962406014
grid,1,0.4618960410007275,0.824840729258126,0.8382066276803118,133,8.0,4,5,0.5,0.0,133,8.0,8,8903,66.93984962406014
grid,1,0.4652159999968717,0.824840729258126,0.8382066276803118,133,8.0,4,7,0.5,0.0,133,8.0,8,8903,66.93984962406014
grid,1,0.4741824160009855,0.8247987596157224,0.8362573099415205,133,8.0,1,5,0.5,0.001,133,8.0,8,8063,60.62406015037594
grid,1,0.2046582080074586,0.8246834194799887,0.834307992202729,133,12.0,1,5,sqrt,0.01,133,11.180451127819548,12,6527,49.07518796992481
grid,1,0.3435602499957895,0.8246168254797988,0.8323586744639376,217,16.0,1,5,sqrt,0.01,217,12.027649769585253,16,10959,50.50230414746544
grid,1,0.2950710000004619,0.8246082071628824,0.8323586744639376,217,12.0,1,5,log2,0.01,217,10.84331797235023,12,10053,46.32718894009216
grid,1,0.1995774160022847,0.8245974690457484,0.834307992202729,50,8.0,4,10,0.5,0.001,50,8.0,8,2588,51.76
grid,1,0.179419041989604,0.8245004673139474,0.8323586744639376,133,12.0,1,2,log2,0.01,133,10.796992481203008,12,6181,46.473684210526315
grid,1,0.4761728339944966,0.8244843598174494,0.8382066276803118,133,8.0,4,2,0.5,0.001,133,8.0,8,7063,53.10526315789474
grid,1,0.4709077500010608,0.8244843598174494,0.8382066276803118,133,8.0,4,5,0.5,0.001,133,8.0,8,7063,53.10526315789474
grid,1,0.4753953329927753,0.8244843598174494,0.8382066276803118,133,8.0,4,7,0.5,0.001,133,8.0,8,7063,53.10526315789474
grid,1,0.2740287910128245,0.8242501706839445,0.8304093567251462,217,8.0,4,2,log2,0.01,217,7.95852534562212,8,8147,37.54377880184332
grid,1,0.2769129999942379,0.8242501706839445,0.8304093567251462,217,8.0,4,5,log2,0.01,217,7.95852534562212,8,8147,37.54377880184332
grid,1,0.2805959999968763,0.8242501706839445,0.8304093567251462,217,8.0,4,7,log2,0.01,217,7.95852534562212,8,8147,37.54377880184332
grid,1,0.3203570839978056,0.8241985123638896,0.8304093567251462,217,8.0,4,2,sqrt,0.01,217,7.986175115207374,8,8205,37.8110599078341
grid,1,0.3060039579868316,0.8241985123638896,0.8304093567251462,217,8.0,4,5,sqrt,0.01,217,7.986175115207374,8,8205,37.8110599078341
grid,1,0.3322929999994812,0.8241985123638896,0.8304093567251462,217,8.0,4,7,sqrt,0.01,217,7.986175115207374,8,8205,37.8110599078341
grid,1,0.1988932920066872,0.824171529913904,0.8323586744639376,50,8.0,4,10,0.5,1e-05,50,8.0,8,3100,62.0
grid,1,0.1981218339933548,0.824171529913904,0.8323586744639376,50,8.0,4,10,0.5,0.0001,50,8.0,8,3100,62.0
grid,1,0.1971238330006599,0.824171529913904,0.8323586744639376,50,8.0,4,10,0.5,0.0,50,8.0,8,3260,65.2
grid,1,0.0897830829926533,0.8241333410849653,0.8323586744639376,50,20.0,1,10,log2,0.01,50,10.96,14,2330,46.6
grid,1,0.2183600410062354,0.8238304027384735,0.8304093567251462,133,16.0,1,5,sqrt,0.01,133,11.887218045112782,16,6685,50.26315789473684
grid,1,0.3114802920026704,0.8234402973476108,0.8304093567251462,217,8.0,7,2,sqrt,0.01,217,7.990783410138249,8,8245,37.995391705069125
grid,1,0.3094467500050086,0.8234402973476108,0.8304093567251462,217,8.0,7,5,sqrt,0.01,217,7.990783410138249,8,8245,37.995391705069125
grid,1,0.3188692919939058,0.8234402973476108,0.8304093567251462,217,8.0,7,7,sqrt,0.01,217,7.990783410138249,8,8245,37.995391705069125
grid,1,0.3137541659962153,0.8234402973476108,0.8304093567251462,217,8.0,7,10,sqrt,0.01,217,7.990783410138249,8,8245,37.995391705069125
grid,1,0.0832029590092133,0.8234182337763717,0.8304093567251462,50,20.0,4,10,log2,0.01,50,11.48,16,2368,47.36
grid,1,0.083183958005975,0.8234182337763717,0.8304093567251462,50,,4,10,log2,0.01,50,11.48,16,2376,47.52
grid,1,0.3069128749921219,0.8234130530461073,0.834307992202729,217,12.0,1,10,log2,0.01,217,10.6036866359447,12,9933,45.774193548387096
grid,1,0.1860737919923849,0.8233775924743546,0.8304093567251462,133,8.0,1,7,sqrt,0.01,133,8.0,8,5117,38.473684210526315
grid,1,0.0934417499956907,0.8232666686755955,0.8323586744639376,50,,1,10,sqrt,0.01,50,12.5,18,2544,50.88
grid,1,0.3412334159947932,0.823232699609908,0.8304093567251462,217,12.0,7,2,sqrt,0.01,217,11.046082949308756,12,10529,48.52073732718894
grid,1,0.3234063749987399,0.823232699609908,0.8304093567251462,217,12.0,7,5,sqrt,0.01,217,11.046082949308756,12,10529,48.52073732718894
grid,1,0.3613642919954145,0.823232699609908,0.8304093567251462,217,12.0,7,7,sqrt,0.01,217,11.046082949308756,12,10529,48.52073732718894
grid,1,0.3583587089960929,0.823232699609908,0.8304093567251462,217,12.0,7,10,sqrt,0.01,217,11.046082949308756,12,10529,48.52073732718894
grid,1,0.5443903749983292,0.8231627171495846,0.8284600389863548,133,12.0,10,2,0.5,0.0001,133,12.0,12,12311,92.56390977443608
grid,1,0.529515292000724,0.8231627171495846,0.8284600389863548,133,12.0,10,5,0.5,0.0001,133,12.0,12,12311,92.56390977443608
grid,1,0.5455685839988291,0.8231627171495846,0.8284600389863548,133,12.0,10,7,0.5,0.0001,133,12.0,12,12311,92.56390977443608
grid,1,0.529063291993225,0.8231627171495846,0.8284600389863548,133,12.0,10,10,0.5,0.0001,133,12.0,12,12311,92.56390977443608
grid,1,0.5406160839920631,0.8231627171495846,0.8284600389863548,133,12.0,10,2,0.5,1e-05,133,12.0,12,13365,100.48872180451129
grid,1,0.5340988329990068,0.8231627171495846,0.8284600389863548,133,12.0,10,5,0.5,1e-05,133,12.0,12,13365,100.48872180451129
grid,1,0.5387807079969207,0.8231627171495846,0.8284600389863548,133,12.0,10,7,0.5,1e-05,133,12.0,12,13365,100.48872180451129
grid,1,0.5350927919935202,0.8231627171495846,0.8284600389863548,133,12.0,10,10,0.5,1e-05,133,12.0,12,13365,100.48872180451129
grid,1,0.5321463750005933,0.8231627171495846,0.8284600389863548,133,12.0,10,2,0.5,0.0,133,12.0,12,14327,107.7218045112782
grid,1,0.5300121659965953,0.8231627171495846,0.8284600389863548,133,12.0,10,5,0.5,0.0,133,12.0,12,14327,107.7218045112782
grid,1,0.5259574579977198,0.8231627171495846,0.8284600389863548,133,12.0,10,7,0.5,0.0,133,12.0,12,14327,107.7218045112782
grid,1,0.5302866249985527,0.8231627171495846,0.8284600389863548,133,12.0,10,10,0.5,0.0,133,12.0,12,14327,107.7218045112782
grid,1,0.7689349580032285,0.8230965131880837,0.834307992202729,217,8.0,4,2,0.5,0.001,217,8.0,8,11729,54.05069124423963
grid,1,0.7376380420027999,0.8230965131880837,0.834307992202729,217,8.0,4,5,0.5,0.001,217,8.0,8,11729,54.05069124423963
grid,1,0.7521373329946073,0.8230965131880837,0.834307992202729,217,8.0,4,7,0.5,0.001,217,8.0,8,11729,54.05069124423963
grid,1,0.2050392090022796,0.8229421974239699,0.8323586744639376,133,12.0,7,2,sqrt,0.01,133,11.015037593984962,12,6401,48.12781954887218
grid,1,0.2057065419940045,0.8229421974239699,0.8323586744639376,133,12.0,7,5,sqrt,0.01,133,11.015037593984962,12,6401,48.12781954887218
grid,1,0.1995859590097097,0.8229421974239699,0.8323586744639376,133,12.0,7,7,sqrt,0.01,133,11.015037593984962,12,6401,48.12781954887218
grid,1,0.1982208330009598,0.8229421974239699,0.8323586744639376,133,12.0,7,10,sqrt,0.01,133,11.015037593984962,12,6401,48.12781954887218
grid,1,0.3173627499927534,0.8229407703596131,0.8304093567251462,217,8.0,1,2,sqrt,0.01,217,7.986175115207374,8,8329,38.38248847926267
grid,1,0.0800633340113563,0.8226446105320467,0.8323586744639376,50,12.0,1,2,log2,0.01,50,10.98,12,2360,47.2
grid,1,0.7537784169981023,0.8224951941035866,0.834307992202729,217,8.0,4,10,0.5,0.0001,217,8.0,8,13581,62.5852534562212
grid,1,0.7389649160031695,0.8224951941035866,0.834307992202729,217,8.0,4,10,0.5,1e-05,217,8.0,8,13583,62.59447004608295
grid,1,0.7455084159882972,0.8224951941035866,0.834307992202729,217,8.0,4,10,0.5,0.0,217,8.0,8,14359,66.17050691244239
grid,1,0.0941657089861109,0.8224116582984098,0.8304093567251462,50,20.0,1,10,sqrt,0.01,50,12.46,18,2544,50.88
grid,1,0.333935582995764,0.8223953023398045,0.8284600389863548,217,8.0,4,10,sqrt,0.01,217,7.986175115207374,8,8225,37.903225806451616
grid,1,0.7536305839894339,0.8223199788819319,0.834307992202729,217,8.0,4,10,0.5,0.001,217,8.0,8,11385,52.465437788018434
grid,1,0.0954544999985955,0.8222952548788495,0.8323586744639376,50,,4,10,sqrt,0.01,50,12.48,15,2500,50.0
grid,1,0.0968464579927967,0.8222952548788495,0.8323586744639376,50,20.0,4,10,sqrt,0.01,50,12.48,15,2510,50.2
grid,1,0.2132908339990535,0.8222619942563045,0.8304093567251462,133,20.0,1,7,sqrt,0.01,133,11.984962406015038,18,6699,50.36842105263158
grid,1,0.0974839999980758,0.8221780282579387,0.8304093567251462,50,12.0,10,2,sqrt,0.01,50,11.22,12,2476,49.52
grid,1,0.0941218750085681,0.8221780282579387,0.8304093567251462,50,12.0,10,5,sqrt,0.01,50,11.22,12,2476,49.52
grid,1,0.0939674169931095,0.8221780282579387,0.8304093567251462,50,12.0,10,7,sqrt,0.01,50,11.22,12,2476,49.52
grid,1,0.0942647080082679,0.8221780282579387,0.8304093567251462,50,12.0,10,10,sqrt,0.01,50,11.22,12,2476,49.52
grid,1,0.176890041999286,0.8221207272333182,0.8323586744639376,133,16.0,4,2,log2,0.01,133,11.19548872180451,16,6227,46.81954887218045
grid,1,0.1851753329974599,0.8221207272333182,0.8323586744639376,133,16.0,4,5,log2,0.01,133,11.19548872180451,16,6227,46.81954887218045
grid,1,0.1861539579986129,0.8221207272333182,0.8323586744639376,133,16.0,4,7,log2,0.01,133,11.19548872180451,16,6227,46.81954887218045
grid,1,0.2276585409999825,0.8219993717778469,0.8284600389863548,50,12.0,10,2,0.5,0.001,50,12.0,12,3782,75.64
grid,1,0.2282814999925904,0.8219993717778469,0.8284600389863548,50,12.0,10,5,0.5,0.001,50,12.0,12,3782,75.64
grid,1,0.2196981249871896,0.8219993717778469,0.8284600389863548,50,12.0,10,7,0.5,0.001,50,12.0,12,3782,75.64
grid,1,0.2427463330095634,0.8219993717778469,0.8284600389863548,50,12.0,10,10,0.5,0.001,50,12.0,12,3782,75.64
grid,1,0.3101602499955334,0.821855624828211,0.8304093567251462,217,16.0,1,2,log2,0.01,217,11.2073732718894,16,10245,47.21198156682028
grid,1,0.0930675410054391,0.8217820187657969,0.8304093567251462,50,12.0,4,10,log2,0.01,50,11.02,12,2318,46.36
grid,1,0.0902271249942714,0.821777064663822,0.8304093567251462,50,,10,2,sqrt,0.01,50,12.12,20,2540,50.8
grid,1,0.094732917001238,0.821777064663822,0.8304093567251462,50,,10,5,sqrt,0.01,50,12.12,20,2540,50.8
grid,1,0.0962487910001073,0.821777064663822,0.8304093567251462,50,,10,7,sqrt,0.01,50,12.12,20,2540,50.8
grid,1,0.0966124999977182,0.821777064663822,0.8304093567251462,50,,10,10,sqrt,0.01,50,12.12,20,2540,50.8
grid,1,0.330708916997537,0.821772034488335,0.8304093567251462,217,8.0,1,7,sqrt,0.01,217,7.9953917050691246,8,8383,38.63133640552996
grid,1,0.081512874996406,0.8217472854674905,0.8265107212475633,50,16.0,4,10,log2,0.01,50,11.56,16,2400,48.0
grid,1,0.0821833750087535,0.821566818393516,0.8304093567251462,50,,1,10,log2,0.01,50,10.94,14,2308,46.16
grid,1,0.2032234579965006,0.8213570206217469,0.8323586744639376,50,8.0,1,5,0.5,0.001,50,8.0,8,2970,59.4
grid,1,0.1719960829941555,0.8213353515823595,0.8304093567251462,133,12.0,4,10,log2,0.01,133,10.736842105263158,12,6109,45.932330827067666
grid,1,0.0933282500045606,0.8212291402428066,0.8304093567251462,50,20.0,10,2,sqrt,0.01,50,12.08,20,2532,50.64
grid,1,0.0969904579978901,0.8212291402428066,0.8304093567251462,50,20.0,10,5,sqrt,0.01,50,12.08,20,2532,50.64
grid,1,0.0965990420081652,0.8212291402428066,0.8304093567251462,50,20.0,10,7,sqrt,0.01,50,12.08,20,2532,50.64
grid,1,0.0966571669996483,0.8212291402428066,0.8304093567251462,50,20.0,10,10,sqrt,0.01,50,12.08,20,2532,50.64
grid,1,0.3117897909978637,0.821159113579221,0.8304093567251462,217,12.0,1,7,log2,0.01,217,10.76958525345622,12,10073,46.41935483870968
grid,1,0.2590620840055635,0.8209292672617443,0.8304093567251462,50,20.0,4,2,0.5,0.01,50,15.46,19,2640,52.8
grid,1,0.2648038330080453,0.8209292672617443,0.8304093567251462,50,20.0,4,5,0.5,0.01,50,15.46,19,2640,52.8
grid,1,0.2621945830032928,0.8209292672617443,0.8304093567251462,50,20.0,4,7,0.5,0.01,50,15.46,19,2640,52.8
grid,1,0.0954044999962206,0.8208807340839624,0.8265107212475633,50,16.0,1,10,sqrt,0.01,50,12.44,16,2540,50.8
grid,1,0.0828213329950813,0.8205204631206503,0.8304093567251462,50,20.0,1,5,log2,0.01,50,11.78,15,2376,47.52
grid,1,0.2818735419859877,0.8204303542835183,0.8265107212475633,217,8.0,1,2,log2,0.01,217,7.953917050691245,8,8217,37.866359447004605
grid,1,0.3092637500085402,0.8203739656985533,0.8284600389863548,217,12.0,10,2,log2,0.01,217,10.682027649769584,12,10039,46.26267281105991
grid,1,0.2848115000088,0.8203739656985533,0.8284600389863548,217,12.0,10,5,log2,0.01,217,10.682027649769584,12,10039,46.26267281105991
grid,1,0.2868705830042017,0.8203739656985533,0.8284600389863548,217,12.0,10,7,log2,0.01,217,10.682027649769584,12,10039,46.26267281105991
grid,1,0.2816850839881226,0.8203739656985533,0.8284600389863548,217,12.0,10,10,log2,0.01,217,10.682027649769584,12,10039,46.26267281105991
grid,1,0.332251041996642,0.8203161201001644,0.8284600389863548,217,12.0,4,10,sqrt,0.01,217,11.225806451612904,12,10435,48.08755760368663
grid,1,0.0932212080078898,0.8202280240172966,0.8304093567251462,50,16.0,4,10,sqrt,0.01,50,12.48,16,2506,50.12
grid,1,0.1981715829897439,0.8200789482905916,0.8284600389863548,133,20.0,1,2,log2,0.01,133,11.330827067669173,17,6309,47.43609022556391
grid,1,0.257162290989072,0.8198227929988047,0.8304093567251462,50,16.0,1,5,0.5,0.01,50,14.82,16,2560,51.2
grid,1,0.5401862089929637,0.8195507423332349,0.8265107212475633,133,12.0,10,2,0.5,0.001,133,12.0,12,9955,74.84962406015038
grid,1,0.5349065829941537,0.8195507423332349,0.8265107212475633,133,12.0,10,5,0.5,0.001,133,12.0,12,9955,74.84962406015038
grid,1,0.5578502089920221,0.8195507423332349,0.8265107212475633,133,12.0,10,7,0.5,0.001,133,12.0,12,9955,74.84962406015038
grid,1,0.5407110839878442,0.8195507423332349,0.8265107212475633,133,12.0,10,10,0.5,0.001,133,12.0,12,9955,74.84962406015038
grid,1,0.0834190409950679,0.819506748073395,0.8265107212475633,50,20.0,1,2,log2,0.01,50,11.8,15,2402,48.04
grid,1,0.286840958011453,0.8194252126873135,0.8284600389863548,217,8.0,1,10,log2,0.01,217,7.967741935483871,8,8331,38.39170506912443
grid,1,0.2068802499998128,0.8194233099024557,0.8265107212475633,133,16.0,1,7,sqrt,0.01,133,12.06015037593985,16,6713,50.473684210526315
grid,1,0.1867175410006893,0.8194107567206567,0.8284600389863548,133,16.0,1,10,log2,0.01,133,11.007518796992482,16,6285,47.25563909774437
grid,1,0.0834322909940965,0.8194045218657433,0.8284600389863548,50,,4,2,log2,0.01,50,11.28,15,2342,46.84
grid,1,0.0799436670058639,0.8194045218657433,0.8284600389863548,50,,4,5,log2,0.01,50,11.28,15,2342,46.84
grid,1,0.0821222919912543,0.8194045218657433,0.8284600389863548,50,,4,7,log2,0.01,50,11.28,15,2342,46.84
grid,1,0.255374957996537,0.8193459524538974,0.8284600389863548,50,20.0,1,5,0.5,0.01,50,15.04,18,2584,51.68
grid,1,0.2665042499866104,0.8189404569708323,0.8284600389863548,50,,4,2,0.5,0.01,50,15.36,19,2626,52.52
grid,1,0.2621843340020859,0.8189404569708323,0.8284600389863548,50,,4,5,0.5,0.01,50,15.36,19,2626,52.52
grid,1,0.2710957499948563,0.8189404569708323,0.8284600389863548,50,,4,7,0.5,0.01,50,15.36,19,2626,52.52
grid,1,0.1899340420059161,0.8188055406557424,0.8284600389863548,133,20.0,1,10,log2,0.01,133,10.864661654135338,16,6255,47.03007518796993
grid,1,0.1880551670037675,0.8187892856996137,0.8304093567251462,133,,4,2,log2,0.01,133,11.165413533834586,18,6187,46.5187969924812
grid,1,0.1904024999967077,0.8187892856996137,0.8304093567251462,133,,4,5,log2,0.01,133,11.165413533834586,18,6187,46.5187969924812
grid,1,0.1887836250098189,0.8187892856996137,0.8304093567251462,133,,4,7,log2,0.01,133,11.165413533834586,18,6187,46.5187969924812
grid,1,0.1907498750078957,0.8187561098062159,0.8284600389863548,133,,1,10,log2,0.01,133,10.864661654135338,16,6197,46.59398496240601
grid,1,0.0845079999999143,0.8187474554003065,0.8284600389863548,50,,1,5,log2,0.01,50,11.8,16,2366,47.32
grid,1,0.1856123749894322,0.8183570442922884,0.8265107212475633,133,,1,5,log2,0.01,133,11.398496240601505,17,6243,46.93984962406015
grid,1,0.0967035840003518,0.8181706809079442,0.8284600389863548,50,12.0,4,10,sqrt,0.01,50,11.28,12,2390,47.8
grid,1,0.6169857079948997,0.8181461540989069,0.8284600389863548,133,20.0,4,2,0.5,0.01,133,15.293233082706768,19,6925,52.067669172932334
grid,1,0.6214593750046333,0.8181461540989069,0.8284600389863548,133,20.0,4,5,0.5,0.01,133,15.293233082706768,19,6925,52.067669172932334
grid,1,0.6174788329954026,0.8181461540989069,0.8284600389863548,133,20.0,4,7,0.5,0.01,133,15.293233082706768,19,6925,52.067669172932334
grid,1,0.238987625009031,0.8180945266570256,0.8265107212475633,133,12.0,4,10,sqrt,0.01,133,11.210526315789474,12,6435,48.38345864661654
grid,1,0.2800235410104505,0.8179695731220449,0.8265107212475633,217,8.0,1,5,log2,0.01,217,7.9631336405529956,8,8197,37.774193548387096
grid,1,0.2938948750088457,0.8178181236637333,0.8265107212475633,217,12.0,4,10,log2,0.01,217,10.732718894009215,12,9967,45.93087557603687
grid,1,0.1782605000043986,0.8178038679950963,0.8245614035087719,133,8.0,1,2,log2,0.01,133,7.969924812030075,8,5049,37.962406015037594
grid,1,0.1822839579981519,0.8176627427310074,0.8265107212475633,133,20.0,10,2,log2,0.01,133,11.142857142857142,17,6291,47.30075187969925
grid,1,0.1740884169994387,0.8176627427310074,0.8265107212475633,133,20.0,10,5,log2,0.01,133,11.142857142857142,17,6291,47.30075187969925
grid,1,0.1908293330052402,0.8176627427310074,0.8265107212475633,133,20.0,10,7,log2,0.01,133,11.142857142857142,17,6291,47.30075187969925
grid,1,0.2035713750083232,0.8176627427310074,0.8265107212475633,133,20.0,10,10,log2,0.01,133,11.142857142857142,17,6291,47.30075187969925
grid,1,0.1905424590077018,0.8176627427310074,0.8265107212475633,133,,10,2,log2,0.01,133,11.142857142857142,17,6299,47.3609022556391
grid,1,0.1820855840051081,0.8176627427310074,0.8265107212475633,133,,10,5,log2,0.01,133,11.142857142857142,17,6299,47.3609022556391
grid,1,0.181036584006506,0.8176627427310074,0.8265107212475633,133,,10,7,log2,0.01,133,11.142857142857142,17,6299,47.3609022556391
grid,1,0.2114466670027468,0.8176627427310074,0.8265107212475633,133,,10,10,log2,0.01,133,11.142857142857142,17,6299,47.3609022556391
grid,1,0.3238503329921514,0.8174976071303477,0.8265107212475633,217,8.0,1,10,sqrt,0.01,217,7.990783410138249,8,8247,38.004608294930875
grid,1,0.1977513330057263,0.8171977987859589,0.8265107212475633,133,,1,2,log2,0.01,133,11.398496240601505,17,6259,47.06015037593985
grid,1,0.2993645829992601,0.8171337726643894,0.8245614035087719,217,12.0,4,2,log2,0.01,217,10.67741935483871,12,9907,45.654377880184335
grid,1,0.2859480000042822,0.8171337726643894,0.8245614035087719,217,12.0,4,5,log2,0.01,217,10.67741935483871,12,9907,45.654377880184335
grid,1,0.2799773339938838,0.8171337726643894,0.8245614035087719,217,12.0,4,7,log2,0.01,217,10.67741935483871,12,9907,45.654377880184335
grid,1,0.657058708005934,0.8171085094910583,0.8284600389863548,133,,1,10,0.5,0.01,133,15.48872180451128,19,6957,52.30827067669173
grid,1,0.9677024999982676,0.8170676703158929,0.8284600389863548,217,16.0,4,2,0.5,0.01,217,14.926267281105993,16,11143,51.35023041474654
grid,1,0.9675271250016522,0.8170676703158929,0.8284600389863548,217,16.0,4,5,0.5,0.01,217,14.926267281105993,16,11143,51.35023041474654
grid,1,0.9662739589984994,0.8170676703158929,0.8284600389863548,217,16.0,4,7,0.5,0.01,217,14.926267281105993,16,11143,51.35023041474654
grid,1,0.0822442499920725,0.8169456222021374,0.8245614035087719,50,16.0,10,2,log2,0.01,50,11.38,15,2378,47.56
grid,1,0.0841613749944372,0.8169456222021374,0.8245614035087719,50,16.0,10,5,log2,0.01,50,11.38,15,2378,47.56
grid,1,0.0910933330014813,0.8169456222021374,0.8245614035087719,50,16.0,10,7,log2,0.01,50,11.38,15,2378,47.56
grid,1,0.0787431670032674,0.8169456222021374,0.8245614035087719,50,16.0,10,10,log2,0.01,50,11.38,15,2378,47.56
grid,1,0.0790923750028014,0.8169377673510643,0.8265107212475633,50,8.0,1,2,log2,0.01,50,8.0,8,1882,37.64
grid,1,0.2224940000014612,0.8168452724950303,0.8265107212475633,133,,1,7,sqrt,0.01,133,11.917293233082706,15,6663,50.097744360902254
grid,1,0.6447909170092316,0.8168065892418833,0.8284600389863548,133,20.0,1,10,0.5,0.01,133,15.50375939849624,19,6957,52.30827067669173
grid,1,0.1742318750038975,0.8164527263987245,0.8265107212475633,133,12.0,1,7,log2,0.01,133,10.781954887218046,12,6157,46.29323308270677
grid,1,0.2675505830120528,0.8164133229734507,0.8265107212475633,50,,1,5,0.5,0.01,50,15.06,18,2586,51.72
grid,1,0.1923875000065891,0.8163751203373221,0.8245614035087719,133,20.0,1,5,log2,0.01,133,11.323308270676693,17,6231,46.849624060150376
grid,1,0.6269278330000816,0.8163734700432504,0.8265107212475633,133,,4,2,0.5,0.01,133,15.25563909774436,19,6919,52.02255639097744
grid,1,0.625188584002899,0.8163734700432504,0.8265107212475633,133,,4,5,0.5,0.01,133,15.25563909774436,19,6919,52.02255639097744
grid,1,0.6350547500042012,0.8163734700432504,0.8265107212475633,133,,4,7,0.5,0.01,133,15.25563909774436,19,6919,52.02255639097744
grid,1,0.0845538749999832,0.8162127675096457,0.8245614035087719,50,16.0,1,7,log2,0.01,50,11.54,15,2372,47.44
grid,1,0.2783927919954294,0.8161919592891329,0.8245614035087719,217,8.0,4,10,log2,0.01,217,7.9631336405529956,8,8159,37.59907834101382
grid,1,0.1898125839943532,0.816174170041308,0.8245614035087719,133,8.0,1,10,sqrt,0.01,133,7.992481203007519,8,5081,38.203007518796994
grid,1,0.1858649579953635,0.815846091568634,0.8245614035087719,50,20.0,10,2,log2,0.01,50,11.38,15,2372,47.44
grid,1,0.0828523749951273,0.815846091568634,0.8245614035087719,50,20.0,10,5,log2,0.01,50,11.38,15,2372,47.44
grid,1,0.0833498749998398,0.815846091568634,0.8245614035087719,50,20.0,10,7,log2,0.01,50,11.38,15,2372,47.44
grid,1,0.0834166659915354,0.815846091568634,0.8245614035087719,50,20.0,10,10,log2,0.01,50,11.38,15,2372,47.44
grid,1,0.2015171249950071,0.8156573477976864,0.8265107212475633,133,20.0,4,2,log2,0.01,133,11.172932330827068,16,6187,46.5187969924812
grid,1,0.1781702500011306,0.8156573477976864,0.8265107212475633,133,20.0,4,5,log2,0.01,133,11.172932330827068,16,6187,46.5187969924812
grid,1,0.1752814999927068,0.8156573477976864,0.8265107212475633,133,20.0,4,7,log2,0.01,133,11.172932330827068,16,6187,46.5187969924812
grid,1,0.0954214580124244,0.81554121997245,0.8245614035087719,50,12.0,4,2,sqrt,0.01,50,11.26,12,2462,49.24
grid,1,0.1288923329993849,0.81554121997245,0.8245614035087719,50,12.0,4,5,sqrt,0.01,50,11.26,12,2462,49.24
grid,1,0.097039667001809,0.81554121997245,0.8245614035087719,50,12.0,4,7,sqrt,0.01,50,11.26,12,2462,49.24
grid,1,1.017406667000614,0.8153872732358481,0.8265107212475633,217,16.0,1,5,0.5,0.01,217,14.96774193548387,16,11165,51.45161290322581
grid,1,0.98836004101031,0.8153416172295237,0.8265107212475633,217,16.0,1,7,0.5,0.01,217,15.018433179723502,16,11211,51.663594470046085
grid,1,0.1891252499917755,0.8152396813704853,0.8226120857699805,133,16.0,1,2,log2,0.01,133,11.112781954887218,16,6255,47.03007518796993
grid,1,0.1780966669903136,0.8151567715206199,0.8226120857699805,133,12.0,10,2,log2,0.01,133,10.676691729323307,12,6137,46.142857142857146
grid,1,0.1787157079961616,0.8151567715206199,0.8226120857699805,133,12.0,10,5,log2,0.01,133,10.676691729323307,12,6137,46.142857142857146
grid,1,0.1771891670068726,0.8151567715206199,0.8226120857699805,133,12.0,10,7,log2,0.01,133,10.676691729323307,12,6137,46.142857142857146
grid,1,0.1758522079908289,0.8151567715206199,0.8226120857699805,133,12.0,10,10,log2,0.01,133,10.676691729323307,12,6137,46.142857142857146
grid,1,0.097701082995627,0.8151520242114947,0.8265107212475633,50,,1,7,sqrt,0.01,50,12.24,15,2496,49.92
grid,1,0.1986527499975636,0.8149376799513072,0.8265107212475633,133,,1,7,log2,0.01,133,11.38345864661654,16,6233,46.86466165413534
grid,1,0.321285333004198,0.8146940201682888,0.8245614035087719,217,16.0,1,10,log2,0.01,217,11.170506912442397,16,10303,47.47926267281106
grid,1,0.2808201250009006,0.8146642121694203,0.8245614035087719,50,,1,7,0.5,0.01,50,15.28,17,2586,51.72
grid,1,0.1657935419934801,0.8146415096061079,0.8226120857699805,133,8.0,4,10,log2,0.01,133,7.969924812030075,8,4901,36.849624060150376
grid,1,0.2727963329962222,0.8145718496446998,0.8245614035087719,50,20.0,1,7,0.5,0.01,50,15.28,18,2590,51.8
grid,1,0.0928336669894633,0.8144784696311386,0.8245614035087719,50,16.0,1,2,log2,0.01,50,11.44,16,2380,47.6
grid,1,0.0903545000037411,0.8144594573405012,0.8245614035087719,50,12.0,1,7,sqrt,0.01,50,11.42,12,2432,48.64
grid,1,0.2482875420100754,0.8143990816295096,0.8245614035087719,50,16.0,4,10,0.5,0.01,50,15.34,16,2584,51.68
grid,1,0.2566716250003082,0.8143694071902271,0.8245614035087719,50,16.0,4,2,0.5,0.01,50,15.0,16,2592,51.84
grid,1,0.2713699580053799,0.8143694071902271,0.8245614035087719,50,16.0,4,5,0.5,0.01,50,15.0,16,2592,51.84
grid,1,0.2524616250011604,0.8143694071902271,0.8245614035087719,50,16.0,4,7,0.5,0.01,50,15.0,16,2592,51.84
grid,1,0.1936103329935576,0.8142988571241837,0.8226120857699805,133,8.0,1,5,sqrt,0.01,133,7.977443609022556,8,5079,38.18796992481203
grid,1,0.1863178750063525,0.8142769626981985,0.8245614035087719,133,16.0,1,7,log2,0.01,133,11.451127819548873,16,6269,47.13533834586466
grid,1,0.1748085830040509,0.8142420235540778,0.8245614035087719,133,8.0,1,7,log2,0.01,133,7.969924812030075,8,4963,37.31578947368421
grid,1,0.4691770839999662,0.8142051060991761,0.8284600389863548,133,8.0,4,10,0.5,0.001,133,8.0,8,6891,51.81203007518797
grid,1,0.7505389160069171,0.8142046591328914,0.8304093567251462,217,8.0,7,2,0.5,0.001,217,8.0,8,10339,47.645161290322584
grid,1,0.7394435000023805,0.8142046591328914,0.8304093567251462,217,8.0,7,5,0.5,0.001,217,8.0,8,10339,47.645161290322584
grid,1,0.7383939169958467,0.8142046591328914,0.8304093567251462,217,8.0,7,7,0.5,0.001,217,8.0,8,10339,47.645161290322584
grid,1,0.7478377500083297,0.8142046591328914,0.8304093567251462,217,8.0,7,10,0.5,0.001,217,8.0,8,10339,47.645161290322584
grid,1,0.7391227079933742,0.8142046591328914,0.8304093567251462,217,8.0,7,2,0.5,0.0001,217,8.0,8,12381,57.055299539170505
grid,1,0.7488326669990784,0.8142046591328914,0.8304093567251462,217,8.0,7,5,0.5,0.0001,217,8.0,8,12381,57.055299539170505
grid,1,0.73391733400058,0.8142046591328914,0.8304093567251462,217,8.0,7,7,0.5,0.0001,217,8.0,8,12381,57.055299539170505
grid,1,0.7335619160003262,0.8142046591328914,0.8304093567251462,217,8.0,7,10,0.5,0.0001,217,8.0,8,12381,57.055299539170505
grid,1,0.7436135000025388,0.8142046591328914,0.8304093567251462,217,8.0,7,2,0.5,1e-05,217,8.0,8,12869,59.30414746543779
grid,1,0.7268037500034552,0.8142046591328914,0.8304093567251462,217,8.0,7,5,0.5,1e-05,217,8.0,8,12869,59.30414746543779
grid,1,0.7414695000043139,0.8142046591328914,0.8304093567251462,217,8.0,7,7,0.5,1e-05,217,8.0,8,12869,59.30414746543779
grid,1,0.7430954169976758,0.8142046591328914,0.8304093567251462,217,8.0,7,10,0.5,1e-05,217,8.0,8,12869,59.30414746543779
grid,1,0.7355815409973729,0.8142046591328914,0.8304093567251462,217,8.0,7,2,0.5,0.0,217,8.0,8,13643,62.87096774193548
grid,1,0.7330762909987243,0.8142046591328914,0.8304093567251462,217,8.0,7,5,0.5,0.0,217,8.0,8,13643,62.87096774193548
grid,1,0.7461871250125114,0.8142046591328914,0.8304093567251462,217,8.0,7,7,0.5,0.0,217,8.0,8,13643,62.87096774193548
grid,1,0.7381784999888623,0.8142046591328914,0.8304093567251462,217,8.0,7,10,0.5,0.0,217,8.0,8,13643,62.87096774193548
grid,1,0.2311350419913651,0.8142043199816956,0.8245614035087719,50,8.0,4,2,0.5,0.001,50,8.0,8,2684,53.68
grid,1,0.188065958005609,0.8142043199816956,0.8245614035087719,50,8.0,4,5,0.5,0.001,50,8.0,8,2684,53.68
grid,1,0.1940862920018844,0.8142043199816956,0.8245614035087719,50,8.0,4,7,0.5,0.001,50,8.0,8,2684,53.68
grid,1,0.2115140410023741,0.8140967687991857,0.8245614035087719,133,12.0,1,10,log2,0.01,133,10.556390977443607,12,6005,45.150375939849624
grid,1,0.2704475420032395,0.8138821953312122,0.8245614035087719,50,,4,10,0.5,0.01,50,15.74,18,2628,52.56
grid,1,0.315863707990502,0.8137594505116326,0.8226120857699805,217,8.0,1,5,sqrt,0.01,217,7.976958525345622,8,8311,38.29953917050691
grid,1,0.6100279160018545,0.813642282354481,0.8265107212475633,133,16.0,1,10,0.5,0.01,133,15.052631578947368,16,6825,51.31578947368421
grid,1,0.6761192919948371,0.8135004780379856,0.8245614035087719,133,,1,7,0.5,0.01,133,15.308270676691729,18,6941,52.18796992481203
grid,1,0.1899883750011213,0.8133511562631125,0.8245614035087719,133,20.0,1,7,log2,0.01,133,11.37593984962406,17,6311,47.45112781954887
grid,1,0.1913636249955743,0.8132131337362212,0.8206627680311891,133,8.0,7,2,sqrt,0.01,133,7.992481203007519,8,5061,38.05263157894737
grid,1,0.1902540419978322,0.8132131337362212,0.8206627680311891,133,8.0,7,5,sqrt,0.01,133,7.992481203007519,8,5061,38.05263157894737
grid,1,0.1888294160016812,0.8132131337362212,0.8206627680311891,133,8.0,7,7,sqrt,0.01,133,7.992481203007519,8,5061,38.05263157894737
grid,1,0.2167778750008437,0.8132131337362212,0.8206627680311891,133,8.0,7,10,sqrt,0.01,133,7.992481203007519,8,5061,38.05263157894737
grid,1,0.171417207995546,0.813036522310101,0.8226120857699805,133,8.0,7,2,log2,0.01,133,7.93984962406015,8,4919,36.98496240601504
grid,1,0.1738170829921728,0.813036522310101,0.8226120857699805,133,8.0,7,5,log2,0.01,133,7.93984962406015,8,4919,36.98496240601504
grid,1,0.1756618749932386,0.813036522310101,0.8226120857699805,133,8.0,7,7,log2,0.01,133,7.93984962406015,8,4919,36.98496240601504
grid,1,0.1710423329932382,0.813036522310101,0.8226120857699805,133,8.0,7,10,log2,0.01,133,7.93984962406015,8,4919,36.98496240601504
grid,1,0.0811172090034233,0.8129409935492962,0.8226120857699805,50,,10,2,log2,0.01,50,11.38,15,2376,47.52
grid,1,0.0842005419981433,0.8129409935492962,0.8226120857699805,50,,10,5,log2,0.01,50,11.38,15,2376,47.52
grid,1,0.0809139169869013,0.8129409935492962,0.8226120857699805,50,,10,7,log2,0.01,50,11.38,15,2376,47.52
grid,1,0.0748114160087425,0.8129409935492962,0.8226120857699805,50,,10,10,log2,0.01,50,11.38,15,2376,47.52
grid,1,0.5973245000059251,0.8129365872236058,0.8226120857699805,133,,10,2,0.5,0.01,133,15.270676691729324,19,6905,51.91729323308271
grid,1,0.5998252499994123,0.8129365872236058,0.8226120857699805,133,,10,5,0.5,0.01,133,15.270676691729324,19,6905,51.91729323308271
grid,1,0.6203177910065278,0.8129365872236058,0.8226120857699805,133,,10,7,0.5,0.01,133,15.270676691729324,19,6905,51.91729323308271
grid,1,0.5908420420018956,0.8129365872236058,0.8226120857699805,133,,10,10,0.5,0.01,133,15.270676691729324,19,6905,51.91729323308271
grid,1,0.5857149160001427,0.8129365872236058,0.8226120857699805,133,20.0,10,2,0.5,0.01,133,15.25563909774436,20,6915,51.99248120300752
grid,1,0.5858789580088342,0.8129365872236058,0.8226120857699805,133,20.0,10,5,0.5,0.01,133,15.25563909774436,20,6915,51.99248120300752
grid,1,0.6046289169898955,0.8129365872236058,0.8226120857699805,133,20.0,10,7,0.5,0.01,133,15.25563909774436,20,6915,51.99248120300752
grid,1,0.5907864589971723,0.8129365872236058,0.8226120857699805,133,20.0,10,10,0.5,0.01,133,15.25563909774436,20,6915,51.99248120300752
grid,1,0.0842370840109651,0.8128995645814266,0.8226120857699805,50,20.0,4,2,log2,0.01,50,11.28,15,2356,47.12
grid,1,0.0816590000031283,0.8128995645814266,0.8226120857699805,50,20.0,4,5,log2,0.01,50,11.28,15,2356,47.12
grid,1,0.0815584170049987,0.8128995645814266,0.8226120857699805,50,20.0,4,7,log2,0.01,50,11.28,15,2356,47.12
grid,1,0.2544399580074241,0.8125331956576868,0.8245614035087719,50,16.0,1,7,0.5,0.01,50,15.04,16,2564,51.28
grid,1,0.4628301250049844,0.8123165625439658,0.8265107212475633,133,8.0,4,10,0.5,1e-05,133,8.0,8,8259,62.097744360902254
grid,1,0.4652337080042343,0.8123165625439658,0.8265107212475633,133,8.0,4,10,0.5,0.0001,133,8.0,8,8259,62.097744360902254
grid,1,0.4638784589915303,0.8123165625439658,0.8265107212475633,133,8.0,4,10,0.5,0.0,133,8.0,8,8705,65.45112781954887
grid,1,0.0814499160042032,0.8122956986752956,0.8206627680311891,50,8.0,4,10,log2,0.01,50,7.98,8,1774,35.48
grid,1,0.2614576250052778,0.8121089072174744,0.8226120857699805,50,20.0,4,10,0.5,0.01,50,15.66,18,2620,52.4
grid,1,0.9983534170023632,0.812048324982175,0.8245614035087719,217,16.0,1,2,0.5,0.01,217,15.027649769585253,16,11127,51.276497695852534
grid,1,0.0894950000074459,0.811884828200003,0.8226120857699805,50,8.0,1,5,sqrt,0.01,50,7.98,8,1900,38.0
grid,1,0.6038337080099154,0.8118192598065964,0.8226120857699805,133,16.0,4,2,0.5,0.01,133,14.947368421052632,16,6835,51.390977443609025
grid,1,0.600858750010957,0.8118192598065964,0.8226120857699805,133,16.0,4,5,0.5,0.01,133,14.947368421052632,16,6835,51.390977443609025
grid,1,0.6451799999922514,0.8118192598065964,0.8226120857699805,133,16.0,4,7,0.5,0.01,133,14.947368421052632,16,6835,51.390977443609025
grid,1,0.185772957993322,0.8118029406681396,0.8206627680311891,133,16.0,1,5,log2,0.01,133,11.3609022556391,16,6241,46.92481203007519
grid,1,0.6440822089934954,0.8117792570358399,0.8206627680311891,133,20.0,1,5,0.5,0.01,133,15.06766917293233,18,6885,51.766917293233085
grid,1,0.9702673749998212,0.8117674073690033,0.8245614035087719,217,16.0,4,10,0.5,0.01,217,15.055299539170507,16,11173,51.48847926267281
grid,1,0.6404842500051018,0.8117124294852313,0.8226120857699805,133,20.0,1,7,0.5,0.01,133,15.31578947368421,18,6941,52.18796992481203
grid,1,0.0822789579979144,0.8114711029047503,0.8245614035087719,50,8.0,1,7,sqrt,0.01,50,8.0,8,1908,38.16
grid,1,0.5767144999990705,0.811305596228395,0.8206627680311891,133,16.0,10,2,0.5,0.01,133,14.954887218045112,16,6813,51.22556390977443
grid,1,0.5847616249957355,0.811305596228395,0.8206627680311891,133,16.0,10,5,0.5,0.01,133,14.954887218045112,16,6813,51.22556390977443
grid,1,0.5803595000033965,0.811305596228395,0.8206627680311891,133,16.0,10,7,0.5,0.01,133,14.954887218045112,16,6813,51.22556390977443
grid,1,0.5677526669896906,0.811305596228395,0.8206627680311891,133,16.0,10,10,0.5,0.01,133,14.954887218045112,16,6813,51.22556390977443
grid,1,0.9477634159993612,0.8112570733541756,0.8226120857699805,217,16.0,7,2,0.5,0.01,217,14.944700460829493,16,11161,51.433179723502306
grid,1,0.9720168330095476,0.8112570733541756,0.8226120857699805,217,16.0,7,5,0.5,0.01,217,14.944700460829493,16,11161,51.433179723502306
grid,1,0.9823224169958849,0.8112570733541756,0.8226120857699805,217,16.0,7,7,0.5,0.01,217,14.944700460829493,16,11161,51.433179723502306
grid,1,0.9518345419928664,0.8112570733541756,0.8226120857699805,217,16.0,7,10,0.5,0.01,217,14.944700460829493,16,11161,51.433179723502306
grid,1,0.1954368750011781,0.8110763392962929,0.8226120857699805,50,8.0,4,2,0.5,0.0001,50,8.0,8,3216,64.32
grid,1,0.1998588340065907,0.8110763392962929,0.8226120857699805,50,8.0,4,5,0.5,0.0001,50,8.0,8,3216,64.32
grid,1,0.2035506249958416,0.8110763392962929,0.8226120857699805,50,8.0,4,7,0.5,0.0001,50,8.0,8,3216,64.32
grid,1,0.1986872499983292,0.8110763392962929,0.8226120857699805,50,8.0,4,2,0.5,1e-05,50,8.0,8,3218,64.36
grid,1,0.1988608340034261,0.8110763392962929,0.8226120857699805,50,8.0,4,5,0.5,1e-05,50,8.0,8,3218,64.36
grid,1,0.2098445840092608,0.8110763392962929,0.8226120857699805,50,8.0,4,7,0.5,1e-05,50,8.0,8,3218,64.36
grid,1,0.2328704589890549,0.8110763392962929,0.8226120857699805,50,8.0,4,2,0.5,0.0,50,8.0,8,3384,67.68
grid,1,0.2027703339990694,0.8110763392962929,0.8226120857699805,50,8.0,4,5,0.5,0.0,50,8.0,8,3384,67.68
grid,1,0.1933185410016449,0.8110763392962929,0.8226120857699805,50,8.0,4,7,0.5,0.0,50,8.0,8,3384,67.68
grid,1,0.9150760829943464,0.8107085771995172,0.8226120857699805,217,16.0,10,2,0.5,0.01,217,14.949308755760368,16,11155,51.40552995391705
grid,1,0.9413549579912796,0.8107085771995172,0.8226120857699805,217,16.0,10,5,0.5,0.01,217,14.949308755760368,16,11155,51.40552995391705
grid,1,0.1193187909957487,0.8106050624593458,0.8206627680311891,50,12.0,1,10,sqrt,0.01,50,11.5,12,2486,49.72
grid,1,0.995136249999632,0.8103402453504861,0.8226120857699805,217,16.0,1,10,0.5,0.01,217,15.004608294930875,16,11179,51.516129032258064
grid,1,0.0796376669895835,0.8097453787057839,0.8187134502923976,50,12.0,7,2,log2,0.01,50,10.66,12,2344,46.88
grid,1,0.0820511250058189,0.8097453787057839,0.8187134502923976,50,12.0,7,5,log2,0.01,50,10.66,12,2344,46.88
grid,1,0.0825501250074012,0.8097453787057839,0.8187134502923976,50,12.0,7,7,log2,0.01,50,10.66,12,2344,46.88
grid,1,0.0832091659976868,0.8097453787057839,0.8187134502923976,50,12.0,7,10,log2,0.01,50,10.66,12,2344,46.88
grid,1,0.5697949169989442,0.8096976339134473,0.8265107212475633,133,12.0,1,7,0.5,0.01,133,11.992481203007518,12,5889,44.278195488721806
grid,1,0.0930087919987272,0.8096507914944567,0.8187134502923976,50,16.0,1,7,sqrt,0.01,50,12.54,16,2536,50.72
grid,1,0.6471248750021914,0.8096481905901686,0.8206627680311891,133,20.0,4,10,0.5,0.01,133,15.451127819548873,19,6935,52.142857142857146
grid,1,0.1928034169977763,0.8094532097438673,0.8187134502923976,133,8.0,4,2,sqrt,0.01,133,7.984962406015038,8,5059,38.037593984962406
grid,1,0.1862403749983059,0.8094532097438673,0.8187134502923976,133,8.0,4,5,sqrt,0.01,133,7.984962406015038,8,5059,38.037593984962406
grid,1,0.1899985420022858,0.8094532097438673,0.8187134502923976,133,8.0,4,7,sqrt,0.01,133,7.984962406015038,8,5059,38.037593984962406
grid,1,0.6366249999991851,0.8093131998243756,0.8206627680311891,133,,4,10,0.5,0.01,133,15.48872180451128,19,6947,52.233082706766915
grid,1,0.2448015839909203,0.8092318769995553,0.8187134502923976,50,,10,2,0.5,0.01,50,15.1,18,2596,51.92
grid,1,0.2573947499913629,0.8092318769995553,0.8187134502923976,50,,10,5,0.5,0.01,50,15.1,18,2596,51.92
grid,1,0.2356989169929875,0.8092318769995553,0.8187134502923976,50,,10,7,0.5,0.01,50,15.1,18,2596,51.92
grid,1,0.2357707499904791,0.8092318769995553,0.8187134502923976,50,,10,10,0.5,0.01,50,15.1,18,2596,51.92
grid,1,0.2559697499964386,0.8092057232474799,0.8187134502923976,50,20.0,10,2,0.5,0.01,50,15.06,18,2596,51.92
grid,1,0.255602083998383,0.8092057232474799,0.8187134502923976,50,20.0,10,5,0.5,0.01,50,15.06,18,2596,51.92
grid,1,0.2418917909963056,0.8092057232474799,0.8187134502923976,50,20.0,10,7,0.5,0.01,50,15.06,18,2596,51.92
grid,1,0.2495504169928608,0.8092057232474799,0.8187134502923976,50,20.0,10,10,0.5,0.01,50,15.06,18,2596,51.92
grid,1,0.1926592499949038,0.8090001197287681,0.8226120857699805,50,8.0,7,2,0.5,0.001,50,8.0,8,2340,46.8
grid,1,0.194868291990133,0.8090001197287681,0.8226120857699805,50,8.0,7,5,0.5,0.001,50,8.0,8,2340,46.8
grid,1,0.1932104170118691,0.8090001197287681,0.8226120857699805,50,8.0,7,7,0.5,0.001,50,8.0,8,2340,46.8
grid,1,0.1950309999956516,0.8090001197287681,0.8226120857699805,50,8.0,7,10,0.5,0.001,50,8.0,8,2340,46.8
grid,1,0.62747366601252,0.8087045243263694,0.8206627680311891,133,16.0,1,7,0.5,0.01,133,14.992481203007518,16,6859,51.57142857142857
grid,1,0.2582636660081334,0.8085609298874293,0.8187134502923976,50,20.0,7,2,0.5,0.01,50,15.18,17,2584,51.68
grid,1,0.2488325829908717,0.8085609298874293,0.8187134502923976,50,20.0,7,5,0.5,0.01,50,15.18,17,2584,51.68
grid,1,0.2488439169974299,0.8085609298874293,0.8187134502923976,50,20.0,7,7,0.5,0.01,50,15.18,17,2584,51.68
grid,1,0.263625834006234,0.8085609298874293,0.8187134502923976,50,20.0,7,10,0.5,0.01,50,15.18,17,2584,51.68
grid,1,0.2408750000031432,0.8085039873440628,0.8206627680311891,50,16.0,7,2,0.5,0.01,50,15.0,16,2560,51.2
grid,1,0.2366039170010481,0.8085039873440628,0.8206627680311891,50,16.0,7,5,0.5,0.01,50,15.0,16,2560,51.2
grid,1,0.2521680830104742,0.8085039873440628,0.8206627680311891,50,16.0,7,7,0.5,0.01,50,15.0,16,2560,51.2
grid,1,0.2411651670117862,0.8085039873440628,0.8206627680311891,50,16.0,7,10,0.5,0.01,50,15.0,16,2560,51.2
grid,1,0.1933537500008242,0.8083710665855239,0.8187134502923976,133,8.0,4,10,sqrt,0.01,133,7.984962406015038,8,5021,37.75187969924812
grid,1,0.9088588749873452,0.8082297917266619,0.8245614035087719,217,12.0,1,10,0.5,0.01,217,11.995391705069125,12,9697,44.68663594470046
grid,1,0.7415195000066888,0.8078600467056675,0.8265107212475633,217,8.0,10,2,0.5,0.001,217,8.0,8,9713,44.76036866359447
grid,1,0.7165166250051698,0.8078600467056675,0.8265107212475633,217,8.0,10,5,0.5,0.001,217,8.0,8,9713,44.76036866359447
grid,1,0.7285737920028623,0.8078600467056675,0.8265107212475633,217,8.0,10,7,0.5,0.001,217,8.0,8,9713,44.76036866359447
grid,1,0.7333970829931786,0.8078600467056675,0.8265107212475633,217,8.0,10,10,0.5,0.001,217,8.0,8,9713,44.76036866359447
grid,1,0.7329297500109533,0.8078600467056675,0.8265107212475633,217,8.0,10,2,0.5,0.0001,217,8.0,8,11497,52.9815668202765
grid,1,0.7368846669996856,0.8078600467056675,0.8265107212475633,217,8.0,10,5,0.5,0.0001,217,8.0,8,11497,52.9815668202765
grid,1,0.7254986249899957,0.8078600467056675,0.8265107212475633,217,8.0,10,7,0.5,0.0001,217,8.0,8,11497,52.9815668202765
grid,1,0.7303476249944651,0.8078600467056675,0.8265107212475633,217,8.0,10,10,0.5,0.0001,217,8.0,8,11497,52.9815668202765
grid,1,0.7429552909889026,0.8078600467056675,0.8265107212475633,217,8.0,10,2,0.5,1e-05,217,8.0,8,12315,56.75115207373272
grid,1,0.7257912080094684,0.8078600467056675,0.8265107212475633,217,8.0,10,5,0.5,1e-05,217,8.0,8,12315,56.75115207373272
grid,1,0.7395192500116536,0.8078600467056675,0.8265107212475633,217,8.0,10,7,0.5,1e-05,217,8.0,8,12315,56.75115207373272
grid,1,0.7413042920088628,0.8078600467056675,0.8265107212475633,217,8.0,10,10,0.5,1e-05,217,8.0,8,12315,56.75115207373272
grid,1,0.7277192499896046,0.8078600467056675,0.8265107212475633,217,8.0,10,2,0.5,0.0,217,8.0,8,13167,60.67741935483871
grid,1,0.7248322910018032,0.8078600467056675,0.8265107212475633,217,8.0,10,5,0.5,0.0,217,8.0,8,13167,60.67741935483871
grid,1,0.7254817089997232,0.8078600467056675,0.8265107212475633,217,8.0,10,7,0.5,0.0,217,8.0,8,13167,60.67741935483871
grid,1,0.718334709003102,0.8078600467056675,0.8265107212475633,217,8.0,10,10,0.5,0.0,217,8.0,8,13167,60.67741935483871
grid,1,0.6637916250037961,0.8078047557087289,0.8187134502923976,133,,1,5,0.5,0.01,133,15.090225563909774,18,6885,51.766917293233085
grid,1,0.6188762079982553,0.8076003146482722,0.8187134502923976,133,16.0,1,5,0.5,0.01,133,14.842105263157896,16,6819,51.27067669172932
grid,1,0.6070128330029547,0.807596273268264,0.8167641325536062,133,20.0,7,2,0.5,0.01,133,15.240601503759398,19,6883,51.75187969924812
grid,1,0.6077843329985626,0.807596273268264,0.8167641325536062,133,20.0,7,5,0.5,0.01,133,15.240601503759398,19,6883,51.75187969924812
grid,1,0.5964987500046846,0.807596273268264,0.8167641325536062,133,20.0,7,7,0.5,0.01,133,15.240601503759398,19,6883,51.75187969924812
grid,1,0.5935252499912167,0.807596273268264,0.8167641325536062,133,20.0,7,10,0.5,0.01,133,15.240601503759398,19,6883,51.75187969924812
grid,1,0.2554958330001682,0.8075849407870449,0.8265107212475633,50,12.0,1,7,0.5,0.01,50,12.0,12,2214,44.28
grid,1,0.0902580419933656,0.8073504369114819,0.8167641325536062,50,16.0,1,10,log2,0.01,50,10.88,16,2346,46.92
grid,1,0.6067191250040196,0.8071565036529524,0.8187134502923976,133,16.0,4,10,0.5,0.01,133,15.157894736842104,16,6853,51.526315789473685
grid,1,0.2821717080078088,0.806925913869169,0.8167641325536062,217,8.0,7,2,log2,0.01,217,7.930875576036867,8,8137,37.49769585253456
grid,1,0.2791017499985173,0.806925913869169,0.8167641325536062,217,8.0,7,5,log2,0.01,217,7.930875576036867,8,8137,37.49769585253456
grid,1,0.2807759170100325,0.806925913869169,0.8167641325536062,217,8.0,7,7,log2,0.01,217,7.930875576036867,8,8137,37.49769585253456
grid,1,0.2847341660090023,0.806925913869169,0.8167641325536062,217,8.0,7,10,log2,0.01,217,7.930875576036867,8,8137,37.49769585253456
grid,1,0.1956080829986604,0.8068517433170875,0.8206627680311891,50,8.0,10,2,0.5,0.001,50,8.0,8,2296,45.92
grid,1,0.1883240830065915,0.8068517433170875,0.8206627680311891,50,8.0,10,5,0.5,0.001,50,8.0,8,2296,45.92
grid,1,0.1962670000066282,0.8068517433170875,0.8206627680311891,50,8.0,10,7,0.5,0.001,50,8.0,8,2296,45.92
grid,1,0.186719625009573,0.8068517433170875,0.8206627680311891,50,8.0,10,10,0.5,0.001,50,8.0,8,2296,45.92
grid,1,0.1968748749932274,0.8068426838591609,0.8206627680311891,50,8.0,10,2,0.5,0.0001,50,8.0,8,2696,53.92
grid,1,0.1919252919906284,0.8068426838591609,0.8206627680311891,50,8.0,10,5,0.5,0.0001,50,8.0,8,2696,53.92
grid,1,0.1966500830021686,0.8068426838591609,0.8206627680311891,50,8.0,10,7,0.5,0.0001,50,8.0,8,2696,53.92
grid,1,0.2118301250011427,0.8068426838591609,0.8206627680311891,50,8.0,10,10,0.5,0.0001,50,8.0,8,2696,53.92
grid,1,0.2052433749922784,0.8068426838591609,0.8206627680311891,50,8.0,10,2,0.5,1e-05,50,8.0,8,2892,57.84
grid,1,0.1997078330023214,0.8068426838591609,0.8206627680311891,50,8.0,10,5,0.5,1e-05,50,8.0,8,2892,57.84
grid,1,0.1977458750043297,0.8068426838591609,0.8206627680311891,50,8.0,10,7,0.5,1e-05,50,8.0,8,2892,57.84
grid,1,0.2140638749988284,0.8068426838591609,0.8206627680311891,50,8.0,10,10,0.5,1e-05,50,8.0,8,2892,57.84
grid,1,0.1862547499913489,0.8068426838591609,0.8206627680311891,50,8.0,10,2,0.5,0.0,50,8.0,8,3120,62.4
grid,1,0.1960113329987507,0.8068426838591609,0.8206627680311891,50,8.0,10,5,0.5,0.0,50,8.0,8,3120,62.4
grid,1,0.1959738750010728,0.8068426838591609,0.8206627680311891,50,8.0,10,7,0.5,0.0,50,8.0,8,3120,62.4
grid,1,0.1865790830051992,0.8068426838591609,0.8206627680311891,50,8.0,10,10,0.5,0.0,50,8.0,8,3120,62.4
grid,1,0.3005506250046892,0.806796553465008,0.8167641325536062,217,16.0,1,5,log2,0.01,217,11.442396313364055,16,10315,47.534562211981566
grid,1,0.176532582991058,0.8066915604763789,0.8167641325536062,133,8.0,4,2,log2,0.01,133,7.984962406015038,8,4935,37.10526315789474
grid,1,0.166422042006161,0.8066915604763789,0.8167641325536062,133,8.0,4,5,log2,0.01,133,7.984962406015038,8,4935,37.10526315789474
grid,1,0.1741790829983074,0.8066915604763789,0.8167641325536062,133,8.0,4,7,log2,0.01,133,7.984962406015038,8,4935,37.10526315789474
grid,1,0.0973329589905915,0.8066379694257009,0.8187134502923976,50,20.0,1,7,sqrt,0.01,50,12.2,15,2494,49.88
grid,1,0.0924127079924801,0.8060987505762548,0.8148148148148148,50,12.0,1,10,log2,0.01,50,10.76,12,2248,44.96
grid,1,0.3108067909925012,0.8059950589433621,0.8187134502923976,217,8.0,10,2,sqrt,0.01,217,7.990783410138249,8,8267,38.096774193548384
grid,1,0.3133106660097837,0.8059950589433621,0.8187134502923976,217,8.0,10,5,sqrt,0.01,217,7.990783410138249,8,8267,38.096774193548384
grid,1,0.3029289159894688,0.8059950589433621,0.8187134502923976,217,8.0,10,7,sqrt,0.01,217,7.990783410138249,8,8267,38.096774193548384
grid,1,0.310707166994689,0.8059950589433621,0.8187134502923976,217,8.0,10,10,sqrt,0.01,217,7.990783410138249,8,8267,38.096774193548384
grid,1,0.6492907499923604,0.8058143763264363,0.8167641325536062,133,20.0,1,2,0.5,0.01,133,15.473684210526317,19,6931,52.11278195488722
grid,1,0.2532588750036666,0.8055120502868256,0.8167641325536062,50,,7,2,0.5,0.01,50,15.18,17,2582,51.64
grid,1,0.2551927080057794,0.8055120502868256,0.8167641325536062,50,,7,5,0.5,0.01,50,15.18,17,2582,51.64
grid,1,0.2529758330056211,0.8055120502868256,0.8167641325536062,50,,7,7,0.5,0.01,50,15.18,17,2582,51.64
grid,1,0.2659110840031644,0.8055120502868256,0.8167641325536062,50,,7,10,0.5,0.01,50,15.18,17,2582,51.64
grid,1,0.2149605000013252,0.8054836362122846,0.8206627680311891,50,8.0,7,2,0.5,0.0001,50,8.0,8,2822,56.44
grid,1,0.1979596250021131,0.8054836362122846,0.8206627680311891,50,8.0,7,5,0.5,0.0001,50,8.0,8,2822,56.44
grid,1,0.207509084008052,0.8054836362122846,0.8206627680311891,50,8.0,7,7,0.5,0.0001,50,8.0,8,2822,56.44
grid,1,0.1998562920052791,0.8054836362122846,0.8206627680311891,50,8.0,7,10,0.5,0.0001,50,8.0,8,2822,56.44
grid,1,0.1981412079912843,0.8054836362122846,0.8206627680311891,50,8.0,7,2,0.5,1e-05,50,8.0,8,2928,58.56
grid,1,0.1920576249976875,0.8054836362122846,0.8206627680311891,50,8.0,7,5,0.5,1e-05,50,8.0,8,2928,58.56
grid,1,0.1957546250050654,0.8054836362122846,0.8206627680311891,50,8.0,7,7,0.5,1e-05,50,8.0,8,2928,58.56
grid,1,0.2022717079962603,0.8054836362122846,0.8206627680311891,50,8.0,7,10,0.5,1e-05,50,8.0,8,2928,58.56
grid,1,0.1960468749894062,0.8054836362122846,0.8206627680311891,50,8.0,7,2,0.5,0.0,50,8.0,8,3114,62.28
grid,1,0.1957625409995671,0.8054836362122846,0.8206627680311891,50,8.0,7,5,0.5,0.0,50,8.0,8,3114,62.28
grid,1,0.2055570839875145,0.8054836362122846,0.8206627680311891,50,8.0,7,7,0.5,0.0,50,8.0,8,3114,62.28
grid,1,0.1920621250028489,0.8054836362122846,0.8206627680311891,50,8.0,7,10,0.5,0.0,50,8.0,8,3114,62.28
grid,1,0.0792738330055726,0.8053077279428915,0.8167641325536062,50,,1,7,log2,0.01,50,11.56,15,2362,47.24
grid,1,0.2365355419897241,0.8048784551953159,0.8167641325536062,50,12.0,1,5,0.5,0.01,50,12.0,12,2234,44.68
grid,1,0.2657803750043968,0.8047524717384636,0.8128654970760234,50,20.0,1,2,0.5,0.01,50,15.32,19,2612,52.24
grid,1,0.261008875007974,0.8047377167341341,0.8148148148148148,50,20.0,1,10,0.5,0.01,50,15.34,19,2616,52.32
grid,1,0.6177576670015696,0.8047017527228099,0.8148148148148148,133,,7,2,0.5,0.01,133,15.24812030075188,19,6897,51.857142857142854
grid,1,0.629224707998219,0.8047017527228099,0.8148148148148148,133,,7,5,0.5,0.01,133,15.24812030075188,19,6897,51.857142857142854
grid,1,0.6373153340100544,0.8047017527228099,0.8148148148148148,133,,7,7,0.5,0.01,133,15.24812030075188,19,6897,51.857142857142854
grid,1,0.6150080829975195,0.8047017527228099,0.8148148148148148,133,,7,10,0.5,0.01,133,15.24812030075188,19,6897,51.857142857142854
grid,1,0.094935416986118,0.8046677642555501,0.8167641325536062,50,20.0,1,7,log2,0.01,50,11.6,15,2406,48.12
grid,1,0.0947329580085352,0.8043653242216949,0.8148148148148148,50,12.0,10,2,log2,0.01,50,10.88,12,2342,46.84
grid,1,0.0805092079972382,0.8043653242216949,0.8148148148148148,50,12.0,10,5,log2,0.01,50,10.88,12,2342,46.84
grid,1,0.0811383749969536,0.8043653242216949,0.8148148148148148,50,12.0,10,7,log2,0.01,50,10.88,12,2342,46.84
grid,1,0.0814874170027906,0.8043653242216949,0.8148148148148148,50,12.0,10,10,log2,0.01,50,10.88,12,2342,46.84
grid,1,0.6587447909987532,0.8042933554320139,0.8148148148148148,133,,1,2,0.5,0.01,133,15.473684210526317,20,6925,52.067669172932334
grid,1,0.1753320419957162,0.8042620233196052,0.8148148148148148,133,8.0,1,10,log2,0.01,133,7.954887218045113,8,5083,38.21804511278196
grid,1,0.5947021669999231,0.8039059650394652,0.8148148148148148,133,16.0,7,2,0.5,0.01,133,14.924812030075188,16,6797,51.10526315789474
grid,1,0.5769085000065388,0.8039059650394652,0.8148148148148148,133,16.0,7,5,0.5,0.01,133,14.924812030075188,16,6797,51.10526315789474
grid,1,0.591557208012091,0.8039059650394652,0.8148148148148148,133,16.0,7,7,0.5,0.01,133,14.924812030075188,16,6797,51.10526315789474
grid,1,0.5899825829983456,0.8039059650394652,0.8148148148148148,133,16.0,7,10,0.5,0.01,133,14.924812030075188,16,6797,51.10526315789474
grid,1,0.0808092500083148,0.8037758558143157,0.8148148148148148,50,8.0,7,2,log2,0.01,50,7.96,8,1852,37.04
grid,1,0.0805678329925285,0.8037758558143157,0.8148148148148148,50,8.0,7,5,log2,0.01,50,7.96,8,1852,37.04
grid,1,0.0829682499897899,0.8037758558143157,0.8148148148148148,50,8.0,7,7,log2,0.01,50,7.96,8,1852,37.04
grid,1,0.0809545000083744,0.8037758558143157,0.8148148148148148,50,8.0,7,10,log2,0.01,50,7.96,8,1852,37.04
grid,1,0.4512016249937005,0.8034772929913235,0.8245614035087719,133,8.0,10,2,0.5,0.001,133,8.0,8,5927,44.56390977443609
grid,1,0.4590444170025876,0.8034772929913235,0.8245614035087719,133,8.0,10,5,0.5,0.001,133,8.0,8,5927,44.56390977443609
grid,1,0.4627310420037247,0.8034772929913235,0.8245614035087719,133,8.0,10,7,0.5,0.001,133,8.0,8,5927,44.56390977443609
grid,1,0.4520025410020025,0.8034772929913235,0.8245614035087719,133,8.0,10,10,0.5,0.001,133,8.0,8,5927,44.56390977443609
grid,1,0.2595772089989623,0.80345951772057,0.8128654970760234,50,,1,10,0.5,0.01,50,15.36,19,2622,52.44
grid,1,0.241306916999747,0.8033305370916755,0.8128654970760234,50,16.0,10,2,0.5,0.01,50,14.8,16,2560,51.2
grid,1,0.2432217919995309,0.8033305370916755,0.8128654970760234,50,16.0,10,5,0.5,0.01,50,14.8,16,2560,51.2
grid,1,0.2429449170012958,0.8033305370916755,0.8128654970760234,50,16.0,10,7,0.5,0.01,50,14.8,16,2560,51.2
grid,1,0.2453823749965522,0.8033305370916755,0.8128654970760234,50,16.0,10,10,0.5,0.01,50,14.8,16,2560,51.2
grid,1,0.2591858329979004,0.8029758948175879,0.8128654970760234,50,16.0,1,10,0.5,0.01,50,14.94,16,2580,51.6
grid,1,0.2769559580046916,0.8028843072308688,0.8109161793372319,50,,1,2,0.5,0.01,50,15.32,19,2614,52.28
grid,1,0.621197917003883,0.8023486794572305,0.8148148148148148,133,16.0,1,2,0.5,0.01,133,15.06015037593985,16,6807,51.18045112781955
grid,1,0.1903543340013129,0.8022905109772308,0.8148148148148148,133,8.0,10,2,sqrt,0.01,133,7.984962406015038,8,5077,38.17293233082707
grid,1,0.1926859169907402,0.8022905109772308,0.8148148148148148,133,8.0,10,5,sqrt,0.01,133,7.984962406015038,8,5077,38.17293233082707
grid,1,0.1923449159949086,0.8022905109772308,0.8148148148148148,133,8.0,10,7,sqrt,0.01,133,7.984962406015038,8,5077,38.17293233082707
grid,1,0.1909880000021075,0.8022905109772308,0.8148148148148148,133,8.0,10,10,sqrt,0.01,133,7.984962406015038,8,5077,38.17293233082707
grid,1,0.94065870900522,0.8018484744767458,0.8187134502923976,217,12.0,1,7,0.5,0.01,217,11.995391705069125,12,9601,44.244239631336406
grid,1,0.4517588340095244,0.8016204551459354,0.8187134502923976,133,8.0,7,2,0.5,0.001,133,8.0,8,6269,47.13533834586466
grid,1,0.459227416999056,0.8016204551459354,0.8187134502923976,133,8.0,7,5,0.5,0.001,133,8.0,8,6269,47.13533834586466
grid,1,0.4464476249995641,0.8016204551459354,0.8187134502923976,133,8.0,7,7,0.5,0.001,133,8.0,8,6269,47.13533834586466
grid,1,0.4783103750087321,0.8016204551459354,0.8187134502923976,133,8.0,7,10,0.5,0.001,133,8.0,8,6269,47.13533834586466
grid,1,0.4575247500033583,0.8016204551459354,0.8187134502923976,133,8.0,7,2,0.5,0.0001,133,8.0,8,7541,56.69924812030075
grid,1,0.4522191670112079,0.8016204551459354,0.8187134502923976,133,8.0,7,5,0.5,0.0001,133,8.0,8,7541,56.69924812030075
grid,1,0.4640810419950867,0.8016204551459354,0.8187134502923976,133,8.0,7,7,0.5,0.0001,133,8.0,8,7541,56.69924812030075
grid,1,0.4628369999991264,0.8016204551459354,0.8187134502923976,133,8.0,7,10,0.5,0.0001,133,8.0,8,7541,56.69924812030075
grid,1,0.4593733750079991,0.8016204551459354,0.8187134502923976,133,8.0,7,2,0.5,1e-05,133,8.0,8,7843,58.96992481203007
grid,1,0.4552661249908851,0.8016204551459354,0.8187134502923976,133,8.0,7,5,0.5,1e-05,133,8.0,8,7843,58.96992481203007
grid,1,0.4550842909957282,0.8016204551459354,0.8187134502923976,133,8.0,7,7,0.5,1e-05,133,8.0,8,7843,58.96992481203007
grid,1,0.4554925410047872,0.8016204551459354,0.8187134502923976,133,8.0,7,10,0.5,1e-05,133,8.0,8,7843,58.96992481203007
grid,1,0.4850627089908812,0.8016204551459354,0.8187134502923976,133,8.0,7,2,0.5,0.0,133,8.0,8,8321,62.56390977443609
grid,1,0.4653765830007614,0.8016204551459354,0.8187134502923976,133,8.0,7,5,0.5,0.0,133,8.0,8,8321,62.56390977443609
grid,1,0.4463117499981308,0.8016204551459354,0.8187134502923976,133,8.0,7,7,0.5,0.0,133,8.0,8,8321,62.56390977443609
grid,1,0.4584929590055253,0.8016204551459354,0.8187134502923976,133,8.0,7,10,0.5,0.0,133,8.0,8,8321,62.56390977443609
grid,1,0.4533042909897631,0.8016141824195823,0.8226120857699805,133,8.0,10,2,0.5,0.0001,133,8.0,8,7005,52.669172932330824
grid,1,0.4495036249863915,0.8016141824195823,0.8226120857699805,133,8.0,10,5,0.5,0.0001,133,8.0,8,7005,52.669172932330824
grid,1,0.4526377090078313,0.8016141824195823,0.8226120857699805,133,8.0,10,7,0.5,0.0001,133,8.0,8,7005,52.669172932330824
grid,1,0.4521463330020197,0.8016141824195823,0.8226120857699805,133,8.0,10,10,0.5,0.0001,133,8.0,8,7005,52.669172932330824
grid,1,0.4487389999994775,0.8016141824195823,0.8226120857699805,133,8.0,10,2,0.5,1e-05,133,8.0,8,7501,56.3984962406015
grid,1,0.4480133339966414,0.8016141824195823,0.8226120857699805,133,8.0,10,5,0.5,1e-05,133,8.0,8,7501,56.3984962406015
grid,1,0.4451179579918971,0.8016141824195823,0.8226120857699805,133,8.0,10,7,0.5,1e-05,133,8.0,8,7501,56.3984962406015
grid,1,0.4461597920017084,0.8016141824195823,0.8226120857699805,133,8.0,10,10,0.5,1e-05,133,8.0,8,7501,56.3984962406015
grid,1,0.4611549580004066,0.8016141824195823,0.8226120857699805,133,8.0,10,2,0.5,0.0,133,8.0,8,8027,60.35338345864662
grid,1,0.4561503329896368,0.8016141824195823,0.8226120857699805,133,8.0,10,5,0.5,0.0,133,8.0,8,8027,60.35338345864662
grid,1,0.4563853329891572,0.8016141824195823,0.8226120857699805,133,8.0,10,7,0.5,0.0,133,8.0,8,8027,60.35338345864662
grid,1,0.4822329580056248,0.8016141824195823,0.8226120857699805,133,8.0,10,10,0.5,0.0,133,8.0,8,8027,60.35338345864662
grid,1,0.4941200830071466,0.801520222293369,0.8089668615984406,133,8.0,1,2,0.5,1e-05,133,8.0,8,11077,83.28571428571429
grid,1,0.5014660410088254,0.801520222293369,0.8089668615984406,133,8.0,1,2,0.5,0.0001,133,8.0,8,11077,83.28571428571429
grid,1,0.4681069579964969,0.801520222293369,0.8089668615984406,133,8.0,1,2,0.5,0.0,133,8.0,8,11661,87.67669172932331
grid,1,0.0811388330039335,0.8010458204586028,0.8128654970760234,50,8.0,1,10,log2,0.01,50,8.0,8,1876,37.52
grid,1,0.2002107500011334,0.8007759518366601,0.8089668615984406,133,8.0,1,2,sqrt,0.01,133,7.984962406015038,8,5053,37.99248120300752
grid,1,0.8945966250030324,0.8003389054203589,0.8167641325536062,217,12.0,4,2,0.5,0.01,217,11.986175115207374,12,9713,44.76036866359447
grid,1,0.883282708004117,0.8003389054203589,0.8167641325536062,217,12.0,4,5,0.5,0.01,217,11.986175115207374,12,9713,44.76036866359447
grid,1,0.8884127920027822,0.8003389054203589,0.8167641325536062,217,12.0,4,7,0.5,0.01,217,11.986175115207374,12,9713,44.76036866359447
grid,1,0.9088229580083862,0.8002849033183292,0.8167641325536062,217,12.0,1,5,0.5,0.01,217,12.0,12,9707,44.73271889400922
grid,1,0.0830635839956812,0.8002549070179474,0.8109161793372319,50,8.0,1,5,log2,0.01,50,8.0,8,1872,37.44
grid,1,0.0930921670078532,0.7996493990646951,0.8109161793372319,50,8.0,7,2,sqrt,0.01,50,7.98,8,1900,38.0
grid,1,0.0814126659970497,0.7996493990646951,0.8109161793372319,50,8.0,7,5,sqrt,0.01,50,7.98,8,1900,38.0
grid,1,0.090628916004789,0.7996493990646951,0.8109161793372319,50,8.0,7,7,sqrt,0.01,50,7.98,8,1900,38.0
grid,1,0.0811273339932086,0.7996493990646951,0.8109161793372319,50,8.0,7,10,sqrt,0.01,50,7.98,8,1900,38.0
grid,1,0.0942805420054355,0.7994925816837316,0.8089668615984406,50,12.0,1,7,log2,0.01,50,10.92,12,2346,46.92
grid,1,0.5802877499954775,0.7990164353921784,0.8206627680311891,133,12.0,1,10,0.5,0.01,133,12.0,12,5909,44.42857142857143
grid,1,0.2448225419939262,0.7987693174356184,0.8148148148148148,50,12.0,4,2,0.5,0.01,50,12.0,12,2244,44.88
grid,1,0.2602428749960381,0.7987693174356184,0.8148148148148148,50,12.0,4,5,0.5,0.01,50,12.0,12,2244,44.88
grid,1,0.2603629160003038,0.7987693174356184,0.8148148148148148,50,12.0,4,7,0.5,0.01,50,12.0,12,2244,44.88
grid,1,0.8725395840010606,0.7968482610350134,0.8167641325536062,217,12.0,7,2,0.5,0.01,217,11.990783410138247,12,9719,44.78801843317972
grid,1,0.8827114169980632,0.7968482610350134,0.8167641325536062,217,12.0,7,5,0.5,0.01,217,11.990783410138247,12,9719,44.78801843317972
grid,1,0.9576317909959472,0.7968482610350134,0.8167641325536062,217,12.0,7,7,0.5,0.01,217,11.990783410138247,12,9719,44.78801843317972
grid,1,0.94943979200616,0.7968482610350134,0.8167641325536062,217,12.0,7,10,0.5,0.01,217,11.990783410138247,12,9719,44.78801843317972
grid,1,0.2549032499955501,0.7967200987750294,0.8070175438596491,50,16.0,1,2,0.5,0.01,50,14.84,16,2550,51.0
grid,1,0.2014313749969005,0.7960287124168339,0.8167641325536062,50,8.0,4,10,0.5,0.01,50,8.0,8,1614,32.28
grid,1,0.2351157079974655,0.7956118192415158,0.8187134502923976,50,12.0,7,2,0.5,0.01,50,12.0,12,2224,44.48
grid,1,0.2237608750001527,0.7956118192415158,0.8187134502923976,50,12.0,7,5,0.5,0.01,50,12.0,12,2224,44.48
grid,1,0.2359395420062355,0.7956118192415158,0.8187134502923976,50,12.0,7,7,0.5,0.01,50,12.0,12,2224,44.48
grid,1,0.2287270829983754,0.7956118192415158,0.8187134502923976,50,12.0,7,10,0.5,0.01,50,12.0,12,2224,44.48
grid,1,0.5529189579974627,0.7952057843780265,0.8128654970760234,133,12.0,4,2,0.5,0.01,133,11.984962406015038,12,5955,44.77443609022557
grid,1,0.5528897920012241,0.7952057843780265,0.8128654970760234,133,12.0,4,5,0.5,0.01,133,11.984962406015038,12,5955,44.77443609022557
grid,1,0.5516167499881703,0.7952057843780265,0.8128654970760234,133,12.0,4,7,0.5,0.01,133,11.984962406015038,12,5955,44.77443609022557
grid,1,0.5304382080066716,0.7951966547726464,0.8148148148148148,133,12.0,7,2,0.5,0.01,133,11.992481203007518,12,5935,44.62406015037594
grid,1,0.5459127079957398,0.7951966547726464,0.8148148148148148,133,12.0,7,5,0.5,0.01,133,11.992481203007518,12,5935,44.62406015037594
grid,1,0.5480037079978501,0.7951966547726464,0.8148148148148148,133,12.0,7,7,0.5,0.01,133,11.992481203007518,12,5935,44.62406015037594
grid,1,0.5418022499943618,0.7951966547726464,0.8148148148148148,133,12.0,7,10,0.5,0.01,133,11.992481203007518,12,5935,44.62406015037594
grid,1,0.7555070410016924,0.7938414498521641,0.8167641325536062,217,8.0,1,10,0.5,0.01,217,8.0,8,7005,32.28110599078341
grid,1,0.5936526249861345,0.7925796741670049,0.8109161793372319,133,12.0,1,5,0.5,0.01,133,12.0,12,5949,44.72932330827068
grid,1,0.2032770000078017,0.7925174050877136,0.8128654970760234,50,8.0,4,2,0.5,0.01,50,8.0,8,1642,32.84
grid,1,0.2032789169898023,0.7925174050877136,0.8128654970760234,50,8.0,4,5,0.5,0.01,50,8.0,8,1642,32.84
grid,1,0.2066364579950459,0.7925174050877136,0.8128654970760234,50,8.0,4,7,0.5,0.01,50,8.0,8,1642,32.84
grid,1,0.0913027079950552,0.7924520109756265,0.8070175438596491,50,8.0,4,10,sqrt,0.01,50,7.98,8,1876,37.52
grid,1,0.0816385409998474,0.7923549059985769,0.8031189083820662,50,16.0,1,5,log2,0.01,50,11.82,15,2354,47.08
grid,1,0.545187417010311,0.792150188393952,0.8070175438596491,133,12.0,10,2,0.5,0.01,133,11.992481203007518,12,5897,44.338345864661655
grid,1,0.5323645409953315,0.792150188393952,0.8070175438596491,133,12.0,10,5,0.5,0.01,133,11.992481203007518,12,5897,44.338345864661655
grid,1,0.554469082999276,0.792150188393952,0.8070175438596491,133,12.0,10,7,0.5,0.01,133,11.992481203007518,12,5897,44.338345864661655
grid,1,0.528590333997272,0.792150188393952,0.8070175438596491,133,12.0,10,10,0.5,0.01,133,11.992481203007518,12,5897,44.338345864661655
grid,1,0.9363111669954378,0.7920479697511743,0.8109161793372319,217,12.0,10,2,0.5,0.01,217,11.995391705069125,12,9665,44.53917050691244
grid,1,0.8582178340002429,0.7920479697511743,0.8109161793372319,217,12.0,10,5,0.5,0.01,217,11.995391705069125,12,9665,44.53917050691244
grid,1,0.8582618329965044,0.7920479697511743,0.8109161793372319,217,12.0,10,7,0.5,0.01,217,11.995391705069125,12,9665,44.53917050691244
grid,1,0.8596129169891356,0.7920479697511743,0.8109161793372319,217,12.0,10,10,0.5,0.01,217,11.995391705069125,12,9665,44.53917050691244
grid,1,0.1666564169863704,0.7916791555452038,0.8031189083820662,133,8.0,1,5,log2,0.01,133,7.962406015037594,8,4979,37.43609022556391
grid,1,0.0813882919901516,0.7913569977259811,0.8031189083820662,50,8.0,4,2,sqrt,0.01,50,8.0,8,1886,37.72
grid,1,0.0910662499954924,0.7913569977259811,0.8031189083820662,50,8.0,4,5,sqrt,0.01,50,8.0,8,1886,37.72
grid,1,0.0813958749931771,0.7913569977259811,0.8031189083820662,50,8.0,4,7,sqrt,0.01,50,8.0,8,1886,37.72
grid,1,0.484900083989487,0.791299641103017,0.8011695906432749,133,8.0,1,2,0.5,0.001,133,8.0,8,8309,62.473684210526315
grid,1,0.2456981249997625,0.7909464047573531,0.8109161793372319,50,12.0,1,10,0.5,0.01,50,12.0,12,2226,44.52
grid,1,0.5743977089878172,0.7908474915540763,0.8167641325536062,133,12.0,1,2,0.5,0.01,133,11.992481203007518,12,5901,44.36842105263158
grid,1,0.0936375000019325,0.7906412251059561,0.8050682261208577,50,8.0,1,10,sqrt,0.01,50,8.0,8,1938,38.76
grid,1,0.2275233330001356,0.7900711101835507,0.8128654970760234,50,12.0,4,10,0.5,0.01,50,12.0,12,2202,44.04
grid,1,0.7554937920067459,0.7894095585854349,0.8128654970760234,217,8.0,1,5,0.5,0.01,217,8.0,8,6979,32.16129032258065
grid,1,0.8842630830040434,0.789388105592414,0.8128654970760234,217,12.0,4,10,0.5,0.01,217,11.990783410138247,12,9689,44.64976958525346
grid,1,0.2138987919897772,0.7891492985017973,0.8128654970760234,50,8.0,7,2,0.5,0.01,50,8.0,8,1592,31.84
grid,1,0.2052464579901425,0.7891492985017973,0.8128654970760234,50,8.0,7,5,0.5,0.01,50,8.0,8,1592,31.84
grid,1,0.1904227080085547,0.7891492985017973,0.8128654970760234,50,8.0,7,7,0.5,0.01,50,8.0,8,1592,31.84
grid,1,0.2040713330061407,0.7891492985017973,0.8128654970760234,50,8.0,7,10,0.5,0.01,50,8.0,8,1592,31.84
grid,1,0.7490112079976825,0.7889809670682116,0.8148148148148148,217,8.0,1,7,0.5,0.01,217,8.0,8,6981,32.1705069124424
grid,1,0.0938889590033795,0.7884377094341529,0.7992202729044834,50,8.0,1,2,sqrt,0.01,50,8.0,8,1832,36.64
grid,1,0.4545298750017537,0.7883985130702025,0.8148148148148148,133,8.0,10,2,0.5,0.01,133,8.0,8,4283,32.203007518796994
grid,1,0.4615226250025444,0.7883985130702025,0.8148148148148148,133,8.0,10,5,0.5,0.01,133,8.0,8,4283,32.203007518796994
grid,1,0.45632595900679,0.7883985130702025,0.8148148148148148,133,8.0,10,7,0.5,0.01,133,8.0,8,4283,32.203007518796994
grid,1,0.4404904169932706,0.7883985130702025,0.8148148148148148,133,8.0,10,10,0.5,0.01,133,8.0,8,4283,32.203007518796994
grid,1,0.2319450420036446,0.7883130962073662,0.8148148148148148,50,12.0,1,2,0.5,0.01,50,12.0,12,2250,45.0
grid,1,0.4768962090020068,0.7881609795398524,0.8148148148148148,133,8.0,1,7,0.5,0.01,133,8.0,8,4271,32.11278195488722
grid,1,0.0820082080026622,0.787812792365222,0.8031189083820662,50,8.0,10,2,sqrt,0.01,50,7.98,8,1912,38.24
grid,1,0.0901132500002859,0.787812792365222,0.8031189083820662,50,8.0,10,5,sqrt,0.01,50,7.98,8,1912,38.24
grid,1,0.0826984580053249,0.787812792365222,0.8031189083820662,50,8.0,10,7,sqrt,0.01,50,7.98,8,1912,38.24
grid,1,0.081383958007791,0.787812792365222,0.8031189083820662,50,8.0,10,10,sqrt,0.01,50,7.98,8,1912,38.24
grid,1,0.1940463750070193,0.7876089148664592,0.8128654970760234,50,8.0,10,2,0.5,0.01,50,8.0,8,1630,32.6
grid,1,0.1996086250001099,0.7876089148664592,0.8128654970760234,50,8.0,10,5,0.5,0.01,50,8.0,8,1630,32.6
grid,1,0.1985597909952048,0.7876089148664592,0.8128654970760234,50,8.0,10,7,0.5,0.01,50,8.0,8,1630,32.6
grid,1,0.1968407079984899,0.7876089148664592,0.8128654970760234,50,8.0,10,10,0.5,0.01,50,8.0,8,1630,32.6
grid,1,0.084956291000708,0.7874902843862852,0.8031189083820662,50,8.0,4,2,log2,0.01,50,7.98,8,1796,35.92
grid,1,0.0780359579948708,0.7874902843862852,0.8031189083820662,50,8.0,4,5,log2,0.01,50,7.98,8,1796,35.92
grid,1,0.0795261250023031,0.7874902843862852,0.8031189083820662,50,8.0,4,7,log2,0.01,50,7.98,8,1796,35.92
grid,1,0.543245292006759,0.787225485507762,0.8089668615984406,133,12.0,4,10,0.5,0.01,133,11.984962406015038,12,5915,44.473684210526315
grid,1,0.7485305840091314,0.7864787580159027,0.8128654970760234,217,8.0,4,2,0.5,0.01,217,8.0,8,7055,32.51152073732719
grid,1,0.760683375003282,0.7864787580159027,0.8128654970760234,217,8.0,4,5,0.5,0.01,217,8.0,8,7055,32.51152073732719
grid,1,0.7405183329974534,0.7864787580159027,0.8128654970760234,217,8.0,4,7,0.5,0.01,217,8.0,8,7055,32.51152073732719
grid,1,0.4772933749918593,0.7859879442911306,0.8089668615984406,133,8.0,1,5,0.5,0.01,133,8.0,8,4263,32.05263157894737
grid,1,0.193951332999859,0.7858722464077599,0.8089668615984406,50,8.0,1,5,0.5,0.01,50,8.0,8,1592,31.84
grid,1,0.733949459012365,0.7857796697778494,0.8128654970760234,217,8.0,7,2,0.5,0.01,217,8.0,8,6961,32.07834101382488
grid,1,0.7328839580004569,0.7857796697778494,0.8128654970760234,217,8.0,7,5,0.5,0.01,217,8.0,8,6961,32.07834101382488
grid,1,0.7281858749920502,0.7857796697778494,0.8128654970760234,217,8.0,7,7,0.5,0.01,217,8.0,8,6961,32.07834101382488
grid,1,0.7416755000012927,0.7857796697778494,0.8128654970760234,217,8.0,7,10,0.5,0.01,217,8.0,8,6961,32.07834101382488
grid,1,0.912913916996331,0.7857354525614978,0.8128654970760234,217,12.0,1,2,0.5,0.01,217,11.995391705069125,12,9659,44.51152073732719
grid,1,0.2256049999996321,0.7854604853777931,0.8031189083820662,50,12.0,10,2,0.5,0.01,50,12.0,12,2238,44.76
grid,1,0.2416461670072749,0.7854604853777931,0.8031189083820662,50,12.0,10,5,0.5,0.01,50,12.0,12,2238,44.76
grid,1,0.2203501250041881,0.7854604853777931,0.8031189083820662,50,12.0,10,7,0.5,0.01,50,12.0,12,2238,44.76
grid,1,0.2218562920024851,0.7854604853777931,0.8031189083820662,50,12.0,10,10,0.5,0.01,50,12.0,12,2238,44.76
grid,1,0.2015003749984316,0.7854239567812679,0.8109161793372319,50,8.0,1,10,0.5,0.01,50,8.0,8,1606,32.12
grid,1,0.4837216669984627,0.7851222807065751,0.8109161793372319,133,8.0,1,10,0.5,0.01,133,8.0,8,4251,31.96240601503759
grid,1,0.7255217920028372,0.7841986629394768,0.8109161793372319,217,8.0,10,2,0.5,0.01,217,8.0,8,6989,32.2073732718894
grid,1,0.7175162499916041,0.7841986629394768,0.8109161793372319,217,8.0,10,5,0.5,0.01,217,8.0,8,6989,32.2073732718894
grid,1,0.7353984999936074,0.7841986629394768,0.8109161793372319,217,8.0,10,7,0.5,0.01,217,8.0,8,6989,32.2073732718894
grid,1,0.7424319580022711,0.7841986629394768,0.8109161793372319,217,8.0,10,10,0.5,0.01,217,8.0,8,6989,32.2073732718894
grid,1,0.4626901250012452,0.7836795836729213,0.8109161793372319,133,8.0,4,2,0.5,0.01,133,8.0,8,4295,32.29323308270677
grid,1,0.4753323329932755,0.7836795836729213,0.8109161793372319,133,8.0,4,5,0.5,0.01,133,8.0,8,4295,32.29323308270677
grid,1,0.5047012919967528,0.7836795836729213,0.8109161793372319,133,8.0,4,7,0.5,0.01,133,8.0,8,4295,32.29323308270677
grid,1,0.7454756249935599,0.7833206795530168,0.8089668615984406,217,8.0,4,10,0.5,0.01,217,8.0,8,7009,32.29953917050691
grid,1,0.0798519999952986,0.7832525241356908,0.7953216374269005,50,8.0,1,7,log2,0.01,50,7.96,8,1822,36.44
grid,1,0.1995204580016434,0.7831928275939071,0.8089668615984406,50,8.0,1,7,0.5,0.01,50,8.0,8,1604,32.08
grid,1,0.7877752499916824,0.779794808552672,0.8070175438596491,217,8.0,1,2,0.5,0.01,217,8.0,8,6921,31.89400921658986
grid,1,0.4722377080033766,0.7786356994526642,0.8050682261208577,133,8.0,4,10,0.5,0.01,133,8.0,8,4263,32.05263157894737
grid,1,0.2049454170046374,0.7786265461284502,0.7894736842105263,50,8.0,1,2,0.5,1e-05,50,8.0,8,4196,83.92
grid,1,0.2043164579954464,0.7786265461284502,0.7894736842105263,50,8.0,1,2,0.5,0.0001,50,8.0,8,4196,83.92
grid,1,0.1930882500018924,0.7786265461284502,0.7894736842105263,50,8.0,1,2,0.5,0.0,50,8.0,8,4426,88.52
grid,1,0.4647775830089813,0.7745116677110627,0.7992202729044834,133,8.0,7,2,0.5,0.01,133,8.0,8,4243,31.902255639097746
grid,1,0.4668062089913292,0.7745116677110627,0.7992202729044834,133,8.0,7,5,0.5,0.01,133,8.0,8,4243,31.902255639097746
grid,1,0.466838958003791,0.7745116677110627,0.7992202729044834,133,8.0,7,7,0.5,0.01,133,8.0,8,4243,31.902255639097746
grid,1,0.4617138750036247,0.7745116677110627,0.7992202729044834,133,8.0,7,10,0.5,0.01,133,8.0,8,4243,31.902255639097746
grid,1,0.2020769579976331,0.7663356575939554,0.7816764132553606,50,8.0,1,2,0.5,0.001,50,8.0,8,3174,63.48
grid,1,0.4777345829934347,0.7545846253768868,0.7777777777777778,133,8.0,1,2,0.5,0.01,133,8.0,8,4229,31.79699248120301
grid,1,0.204190042000846,0.7410201816684733,0.7680311890838206,50,8.0,1,2,0.5,0.01,50,8.0,8,1610,32.2
successive,2,0.2205344579997472,0.9291953115952188,0.9298245614035088,133,,1,2,sqrt,1e-05,133,25.593984962406015,40,73329,551.3458646616541
successive,2,0.2207877499895403,0.9291953115952188,0.9298245614035088,133,,1,2,sqrt,0.0001,133,25.593984962406015,40,73329,551.3458646616541
successive,2,0.2141935420077061,0.9291953115952188,0.9298245614035088,133,,1,2,sqrt,0.0,133,25.67669172932331,40,78093,587.1654135338346
successive,2,0.2182702079880982,0.9289839109973446,0.9298245614035088,133,20.0,1,2,sqrt,0.0001,133,19.954887218045112,20,68505,515.0751879699249
successive,2,0.241189166001277,0.9289839109973446,0.9298245614035088,133,20.0,1,2,sqrt,1e-05,133,19.954887218045112,20,68509,515.1052631578947
successive,2,0.220244249998359,0.9289839109973446,0.9298245614035088,133,20.0,1,2,sqrt,0.0,133,19.954887218045112,20,73041,549.1804511278195
successive,3,0.3558645410084864,0.9272498049174056,0.9278752436647172,217,20.0,1,2,sqrt,0.0001,217,19.95391705069125,20,110985,511.4516129032258
successive,3,0.3465143329958664,0.9272498049174056,0.9278752436647172,217,20.0,1,2,sqrt,1e-05,217,19.95391705069125,20,110993,511.4884792626728
successive,3,0.3524305839964654,0.9272498049174056,0.9278752436647172,217,20.0,1,2,sqrt,0.0,217,19.95391705069125,20,118217,544.778801843318
successive,4,0.4639785000035772,0.9269691124231232,0.9278752436647172,300,,1,5,sqrt,0.0001,300,24.24,37,123314,411.0466666666667
successive,4,0.4722642499982612,0.9269691124231232,0.9278752436647172,300,,1,5,sqrt,1e-05,300,24.25,37,123534,411.78
successive,4,0.4627934169984655,0.9269691124231232,0.9278752436647172,300,,1,5,sqrt,0.0,300,24.286666666666665,37,128442,428.14
successive,1,0.0977136660076212,0.9269234522554732,0.9278752436647172,50,,1,2,sqrt,1e-05,50,25.32,32,27020,540.4
successive,1,0.093837791995611,0.9269234522554732,0.9278752436647172,50,,1,2,sqrt,0.0001,50,25.32,32,27020,540.4
successive,1,0.0947630420123459,0.9269234522554732,0.9278752436647172,50,,1,2,sqrt,0.0,50,25.38,32,28772,575.44
successive,1,0.0930388749984558,0.9253500059848676,0.925925925925926,50,12.0,1,2,sqrt,0.0001,50,12.0,12,15928,318.56
successive,1,0.0942484590050298,0.9253500059848676,0.925925925925926,50,12.0,1,2,sqrt,1e-05,50,12.0,12,15940,318.8
successive,1,0.0925057499989634,0.9253500059848676,0.925925925925926,50,12.0,1,2,sqrt,0.0,50,12.0,12,16788,335.76
successive,4,0.4704732919926755,0.9251691808212836,0.925925925925926,300,20.0,1,2,sqrt,0.0001,300,19.956666666666667,20,152978,509.9266666666667
successive,4,0.4817701669962844,0.9251691808212836,0.925925925925926,300,20.0,1,2,sqrt,1e-05,300,19.956666666666667,20,152988,509.96
successive,4,0.4671600829897215,0.9251691808212836,0.925925925925926,300,20.0,1,2,sqrt,0.0,300,19.956666666666667,20,162888,542.96
successive,3,0.3639334589970531,0.9251687319799988,0.925925925925926,217,,1,2,sqrt,1e-05,217,25.53917050691244,40,119145,549.0552995391705
successive,3,0.3623279579915106,0.9251687319799988,0.925925925925926,217,,1,2,sqrt,0.0001,217,25.53917050691244,40,119145,549.0552995391705
successive,3,0.3442103330016834,0.9251687319799988,0.925925925925926,217,,1,2,sqrt,0.0,217,25.62672811059908,40,126807,584.3640552995391
successive,2,0.2149576249939855,0.9250629011163176,0.925925925925926,133,,1,5,sqrt,0.0001,133,24.030075187969924,37,54815,412.1428571428572
successive,2,0.2182200829993235,0.9250629011163176,0.925925925925926,133,,1,5,sqrt,1e-05,133,24.05263157894737,37,54913,412.8796992481203
successive,2,0.2313322919944767,0.9250629011163176,0.925925925925926,133,,1,5,sqrt,0.0,133,24.06015037593985,37,57101,429.3308270676692
successive,3,0.3481978330091806,0.9232900053550775,0.9239766081871345,217,16.0,1,2,sqrt,0.0001,217,16.0,16,96471,444.5668202764977
successive,3,0.3424036670039641,0.9232900053550775,0.9239766081871345,217,16.0,1,2,sqrt,1e-05,217,16.0,16,96537,444.8709677419355
successive,3,0.3419840419956017,0.9232900053550775,0.9239766081871345,217,16.0,1,2,sqrt,0.0,217,16.0,16,102441,472.0783410138249
successive,4,0.4708851670002332,0.9232900053550775,0.9239766081871345,300,16.0,1,2,sqrt,0.0001,300,16.0,16,132478,441.5933333333333
successive,4,0.4627790829981677,0.9232900053550775,0.9239766081871345,300,16.0,1,2,sqrt,1e-05,300,16.0,16,132552,441.84
successive,4,0.4636240000108955,0.9232900053550775,0.9239766081871345,300,16.0,1,2,sqrt,0.0,300,16.0,16,140762,469.20666666666665
successive,4,0.4858284160000039,0.92298848959609,0.9239766081871345,300,20.0,1,5,sqrt,0.0001,300,19.89666666666667,20,117920,393.06666666666666
successive,4,0.4632462919980753,0.92298848959609,0.9239766081871345,300,20.0,1,5,sqrt,1e-05,300,19.9,20,118126,393.7533333333334
successive,4,0.4664646669989452,0.92298848959609,0.9239766081871345,300,20.0,1,5,sqrt,0.0,300,19.903333333333332,20,122930,409.76666666666665
successive,4,1.485595791004016,0.9225478377396537,0.9239766081871345,300,,1,2,0.5,1e-05,300,31.343333333333337,42,109590,365.3
successive,4,1.4627560000080848,0.9225478377396537,0.9239766081871345,300,,1,2,0.5,0.0001,300,31.343333333333337,42,109590,365.3
successive,4,1.4571012499945937,0.9225478377396537,0.9239766081871345,300,,1,2,0.5,0.0,300,31.413333333333338,43,117320,391.06666666666666
successive,4,0.4821843329991679,0.9212456847999811,0.9220272904483432,300,,1,2,sqrt,1e-05,300,25.54,40,164414,548.0466666666666
successive,4,0.4819325419957749,0.9212456847999811,0.9220272904483432,300,,1,2,sqrt,0.0001,300,25.54,40,164414,548.0466666666666
successive,4,0.4655324159975862,0.9212456847999811,0.9220272904483432,300,,1,2,sqrt,0.0,300,25.626666666666665,40,175062,583.54
successive,1,0.0818800419947365,0.9211839163466892,0.9220272904483432,50,20.0,1,2,log2,0.0001,50,19.94,20,30258,605.16
successive,1,0.0919553330022608,0.9211839163466892,0.9220272904483432,50,20.0,1,2,log2,1e-05,50,19.94,20,30268,605.36
successive,1,0.0790350000024773,0.9211839163466892,0.9220272904483432,50,20.0,1,2,log2,0.0,50,19.94,20,32094,641.88
successive,2,0.2138449579942971,0.9210759332410692,0.9220272904483432,133,16.0,1,5,sqrt,0.0001,133,16.0,16,46583,350.2481203007519
successive,2,0.213032582993037,0.9210759332410692,0.9220272904483432,133,16.0,1,5,sqrt,1e-05,133,16.0,16,46665,350.8646616541353
successive,2,0.2034176250017481,0.9210759332410692,0.9220272904483432,133,16.0,1,5,sqrt,0.0,133,16.0,16,48545,365.0
successive,4,0.4075108340039151,0.920948019784637,0.9220272904483432,300,,1,2,log2,1e-05,300,24.5,33,192240,640.8
successive,4,0.4073850410059094,0.920948019784637,0.9220272904483432,300,,1,2,log2,0.0001,300,24.5,33,192240,640.8
successive,4,0.3957271660037804,0.920948019784637,0.9220272904483432,300,,1,2,log2,0.0,300,24.56,33,204334,681.1133333333333
successive,3,1.070960750002996,0.9207815585952548,0.9220272904483432,217,,1,2,0.5,1e-05,217,31.28110599078341,41,79349,365.66359447004606
successive,3,1.0669843330106232,0.9207815585952548,0.9220272904483432,217,,1,2,0.5,0.0001,217,31.28110599078341,41,79349,365.66359447004606
successive,3,1.0884023329999764,0.9207815585952548,0.9220272904483432,217,,1,2,0.5,0.0,217,31.341013824884794,41,84921,391.3410138248848
successive,4,1.4426197920111008,0.9206560820368233,0.9220272904483432,300,,1,5,0.5,0.0001,300,29.983333333333334,40,83390,277.96666666666664
successive,4,1.4473061250027968,0.9206560820368233,0.9220272904483432,300,,1,5,0.5,1e-05,300,29.996666666666663,40,83412,278.04
successive,4,1.4279812080058036,0.9206560820368233,0.9220272904483432,300,,1,5,0.5,0.0,300,30.05,40,87490,291.6333333333333
successive,1,0.0939020410005468,0.9196779568787312,0.9200779727095516,50,16.0,1,2,sqrt,0.0001,50,16.0,16,22036,440.72
successive,1,0.0949645410000812,0.9196779568787312,0.9200779727095516,50,16.0,1,2,sqrt,1e-05,50,16.0,16,22046,440.92
successive,1,0.0974308330041822,0.9196779568787312,0.9200779727095516,50,16.0,1,2,sqrt,0.0,50,16.0,16,23428,468.56
successive,2,0.1879760419978993,0.9196260481572588,0.9200779727095516,133,,1,2,log2,1e-05,133,24.458646616541355,32,84985,638.984962406015
successive,2,0.1872482499893522,0.9196260481572588,0.9200779727095516,133,,1,2,log2,0.0001,133,24.458646616541355,32,84985,638.984962406015
successive,2,0.1823961250047432,0.9196260481572588,0.9200779727095516,133,,1,2,log2,0.0,133,24.51127819548872,32,90365,679.4360902255639
successive,3,0.3086895830056164,0.919604761900424,0.9200779727095516,217,20.0,1,2,log2,0.0001,217,19.912442396313363,20,132271,609.5437788018434
successive,3,0.3053101670084288,0.919604761900424,0.9200779727095516,217,20.0,1,2,log2,1e-05,217,19.912442396313363,20,132307,609.7096774193549
successive,3,0.3056242089951411,0.919604761900424,0.9200779727095516,217,20.0,1,2,log2,0.0,217,19.91705069124424,20,140539,647.6451612903226
successive,1,0.2885421249957289,0.919601330274752,0.9200779727095516,50,,1,2,0.5,1e-05,50,31.64,38,18226,364.52
successive,1,0.2820894169999519,0.919601330274752,0.9200779727095516,50,,1,2,0.5,0.0001,50,31.64,38,18226,364.52
successive,1,0.2781315000029281,0.919601330274752,0.9200779727095516,50,,1,2,0.5,0.0,50,31.74,38,19456,389.12
successive,4,0.4653610829991521,0.9194297973311254,0.9200779727095516,300,16.0,1,5,sqrt,0.0001,300,16.0,16,104940,349.8
successive,4,0.4703648750000866,0.9194297973311254,0.9200779727095516,300,16.0,1,5,sqrt,1e-05,300,16.0,16,105146,350.4866666666667
successive,4,0.460807332987315,0.9194297973311254,0.9200779727095516,300,16.0,1,5,sqrt,0.0,300,16.0,16,109354,364.5133333333333
successive,3,0.3137492089881561,0.919395520484828,0.9200779727095516,217,,1,2,log2,1e-05,217,24.46543778801843,32,138785,639.5622119815669
successive,3,0.3059722919861087,0.919395520484828,0.9200779727095516,217,,1,2,log2,0.0001,217,24.46543778801843,32,138785,639.5622119815669
successive,3,0.2993370829935884,0.919395520484828,0.9200779727095516,217,,1,2,log2,0.0,217,24.52073732718894,32,147587,680.1244239631336
successive,2,0.1906801250006538,0.9193860375756596,0.9200779727095516,133,20.0,1,2,log2,0.0001,133,19.887218045112785,20,80959,608.7142857142857
successive,2,0.1900789159990381,0.9193860375756596,0.9200779727095516,133,20.0,1,2,log2,1e-05,133,19.887218045112785,20,80981,608.8796992481203
successive,2,0.1851312499929918,0.9193860375756596,0.9200779727095516,133,20.0,1,2,log2,0.0,133,19.894736842105264,20,85965,646.3533834586466
successive,1,0.0925777080119587,0.919340005736174,0.9200779727095516,50,16.0,1,5,sqrt,0.0001,50,16.0,16,16840,336.8
successive,1,0.0958382910030195,0.919340005736174,0.9200779727095516,50,16.0,1,5,sqrt,1e-05,50,16.0,16,16876,337.52
successive,1,0.0932565410039387,0.919340005736174,0.9200779727095516,50,16.0,1,5,sqrt,0.0,50,16.0,16,17526,350.52
successive,4,0.4076040420040954,0.9192180515899556,0.9200779727095516,300,16.0,1,2,log2,0.0001,300,16.0,16,162612,542.04
successive,4,0.4054242080019321,0.9192180515899556,0.9200779727095516,300,16.0,1,2,log2,1e-05,300,16.0,16,162758,542.5266666666666
successive,4,0.3932631250063423,0.9192180515899556,0.9200779727095516,300,16.0,1,2,log2,0.0,300,16.0,16,172470,574.9
successive,2,0.2173332499951357,0.919185175966731,0.9200779727095516,133,16.0,1,2,sqrt,0.0001,133,16.0,16,59835,449.8872180451128
successive,2,0.2159332910086959,0.919185175966731,0.9200779727095516,133,16.0,1,2,sqrt,1e-05,133,16.0,16,59869,450.1428571428572
successive,2,0.2076277089945506,0.919185175966731,0.9200779727095516,133,16.0,1,2,sqrt,0.0,133,16.0,16,63573,477.9924812030075
successive,1,0.097242791991448,0.9191691151483682,0.9200779727095516,50,20.0,1,2,sqrt,0.0001,50,19.96,20,25446,508.92
successive,1,0.0993271250044927,0.9191691151483682,0.9200779727095516,50,20.0,1,2,sqrt,1e-05,50,19.96,20,25448,508.96
successive,1,0.0953585000097518,0.9191691151483682,0.9200779727095516,50,20.0,1,2,sqrt,0.0,50,19.96,20,27102,542.04
successive,2,0.6701577909989282,0.9189758562038136,0.9200779727095516,133,,1,2,0.5,1e-05,133,31.60902255639098,40,48533,364.90977443609023
successive,2,0.6774702910042834,0.9189758562038136,0.9200779727095516,133,,1,2,0.5,0.0001,133,31.60902255639098,40,48533,364.90977443609023
successive,2,0.678148124992731,0.9189758562038136,0.9200779727095516,133,,1,2,0.5,0.0,133,31.68421052631579,40,51845,389.812030075188
successive,4,0.4100210420001531,0.9188349560748156,0.9200779727095516,300,20.0,1,5,log2,0.0001,300,19.846666666666668,20,135528,451.76
successive,4,0.4289638330083107,0.9188349560748156,0.9200779727095516,300,20.0,1,5,log2,1e-05,300,19.85,20,136036,453.4533333333333
successive,4,0.3887885000003734,0.9188349560748156,0.9200779727095516,300,20.0,1,5,log2,0.0,300,19.85333333333333,20,141308,471.02666666666664
successive,3,0.3581513340031961,0.9188286478393688,0.9200779727095516,217,20.0,1,5,sqrt,0.0001,217,19.898617511520737,20,85433,393.70046082949307
successive,3,0.3570052499999292,0.9188286478393688,0.9200779727095516,217,20.0,1,5,sqrt,1e-05,217,19.903225806451612,20,85571,394.33640552995394
successive,3,0.3514987079979619,0.9188286478393688,0.9200779727095516,217,20.0,1,5,sqrt,0.0,217,19.907834101382488,20,89037,410.3087557603687
successive,2,0.2140420829964568,0.918819332411286,0.9200779727095516,133,,1,7,sqrt,0.0001,133,23.360902255639097,34,47641,358.203007518797
successive,2,0.2142507499956991,0.918819332411286,0.9200779727095516,133,,1,7,sqrt,1e-05,133,23.36842105263158,34,47871,359.9323308270677
successive,2,0.2137628330092411,0.918819332411286,0.9200779727095516,133,,1,7,sqrt,0.0,133,23.383458646616543,34,49479,372.02255639097746
successive,3,0.3711829170060809,0.9188167227794898,0.9200779727095516,217,,1,5,sqrt,0.0001,217,24.304147465437783,37,89465,412.28110599078343
successive,3,0.3578874160011764,0.9188167227794898,0.9200779727095516,217,,1,5,sqrt,1e-05,217,24.317972350230416,37,89617,412.9815668202765
successive,3,0.3672498329979135,0.9188167227794898,0.9200779727095516,217,,1,5,sqrt,0.0,217,24.33640552995392,37,93151,429.2672811059908
successive,2,0.2146844579983735,0.9187367302105148,0.9200779727095516,133,20.0,1,2,sqrt,0.001,133,19.55639097744361,20,39661,298.203007518797
successive,1,0.2739365419984096,0.917961452531211,0.9181286549707602,50,20.0,1,2,0.5,1e-05,50,20.0,20,14636,292.72
successive,1,0.2807314579986268,0.917961452531211,0.9181286549707602,50,20.0,1,2,0.5,0.0001,50,20.0,20,14636,292.72
successive,1,0.2588140409934567,0.917961452531211,0.9181286549707602,50,20.0,1,2,0.5,0.0,50,20.0,20,15646,312.92
successive,1,0.2628690840065246,0.9178190417696376,0.9181286549707602,50,20.0,1,5,0.5,0.0001,50,20.0,20,11820,236.4
successive,1,0.2614421249891165,0.9178190417696376,0.9181286549707602,50,20.0,1,5,0.5,1e-05,50,20.0,20,11822,236.44
successive,1,0.2652940830012085,0.9178190417696376,0.9181286549707602,50,20.0,1,5,0.5,0.0,50,20.0,20,12428,248.56
successive,1,0.2781480830017244,0.917660563302762,0.9181286549707602,50,,1,7,0.5,0.0001,50,30.06,36,12480,249.6
successive,1,0.2634716250031488,0.917660563302762,0.9181286549707602,50,,1,7,0.5,1e-05,50,30.08,36,12484,249.68
successive,1,0.2690172919974429,0.917660563302762,0.9181286549707602,50,,1,7,0.5,0.0,50,30.14,36,13074,261.48
successive,3,1.0463737920072165,0.9174675949121596,0.9181286549707602,217,20.0,1,2,0.5,0.0001,217,20.0,20,63173,291.11981566820276
successive,3,1.042536332999589,0.9174675949121596,0.9181286549707602,217,20.0,1,2,0.5,1e-05,217,20.0,20,63177,291.13824884792626
successive,3,1.0387602920091012,0.9174675949121596,0.9181286549707602,217,20.0,1,2,0.5,0.0,217,20.0,20,67661,311.8018433179723
successive,4,1.4096297079959186,0.9173254319155532,0.9181286549707602,300,20.0,1,2,0.5,0.0001,300,20.0,20,87126,290.42
successive,4,1.4386874589981744,0.9173254319155532,0.9181286549707602,300,20.0,1,2,0.5,1e-05,300,20.0,20,87130,290.43333333333334
successive,4,1.4449405840132383,0.9173254319155532,0.9181286549707602,300,20.0,1,2,0.5,0.0,300,20.0,20,93308,311.02666666666664
successive,4,0.4563517500064336,0.9169862746603376,0.9181286549707602,300,12.0,1,2,sqrt,0.0001,300,12.0,12,95530,318.43333333333334
successive,4,0.4676696669921512,0.9169862746603376,0.9181286549707602,300,12.0,1,2,sqrt,1e-05,300,12.0,12,95634,318.78
successive,4,0.4411272080033086,0.9169862746603376,0.9181286549707602,300,12.0,1,2,sqrt,0.0,300,12.0,12,100856,336.18666666666667
successive,3,1.0885497920098717,0.9169218191853762,0.9181286549707602,217,,1,5,0.5,0.0001,217,29.89400921658986,40,60169,277.2764976958525
successive,3,1.0587016670033336,0.9169218191853762,0.9181286549707602,217,,1,5,0.5,1e-05,217,29.907834101382488,40,60183,277.3410138248848
successive,3,1.0705844170006458,0.9169218191853762,0.9181286549707602,217,,1,5,0.5,0.0,217,29.963133640552996,40,63133,290.93548387096774
successive,4,0.4148588749958435,0.9167768249348024,0.9181286549707602,300,,1,5,log2,0.0001,300,23.393333333333334,34,140122,467.0733333333333
successive,4,0.4099286249984288,0.9167768249348024,0.9181286549707602,300,,1,5,log2,1e-05,300,23.39666666666667,34,140608,468.6933333333333
successive,4,0.3980915840074885,0.9167768249348024,0.9181286549707602,300,,1,5,log2,0.0,300,23.436666666666667,34,146122,487.0733333333333
successive,2,0.2125605839974014,0.9167654786639412,0.9181286549707602,133,20.0,1,5,sqrt,0.0001,133,19.909774436090224,20,52567,395.2406015037594
successive,2,0.216788459001691,0.9167654786639412,0.9181286549707602,133,20.0,1,5,sqrt,1e-05,133,19.917293233082702,20,52645,395.82706766917295
successive,2,0.2045120830007363,0.9167654786639412,0.9181286549707602,133,20.0,1,5,sqrt,0.0,133,19.917293233082702,20,54771,411.812030075188
successive,2,0.6607600410061423,0.9155212922430214,0.9161793372319688,133,20.0,1,2,0.5,1e-05,133,20.0,20,38535,289.7368421052632
successive,2,0.6653530829935335,0.9155212922430214,0.9161793372319688,133,20.0,1,2,0.5,0.0001,133,20.0,20,38535,289.7368421052632
successive,2,0.6630574589944445,0.9155212922430214,0.9161793372319688,133,20.0,1,2,0.5,0.0,133,20.0,20,41147,309.37593984962405
successive,1,0.0808794159966055,0.9153475987754,0.9161793372319688,50,,1,7,log2,1e-05,50,22.9,29,20328,406.56
successive,1,0.0938073330034967,0.9153475987754,0.9161793372319688,50,,1,7,log2,0.0,50,23.0,29,21018,420.36
successive,4,0.4039393749990267,0.9153054669643648,0.9161793372319688,300,16.0,1,7,log2,0.0001,300,15.993333333333334,16,108070,360.23333333333335
successive,4,0.407745167001849,0.9153054669643648,0.9161793372319688,300,16.0,1,7,log2,1e-05,300,15.993333333333334,16,108910,363.03333333333336
successive,4,0.3998352500057081,0.9153054669643648,0.9161793372319688,300,16.0,1,7,log2,0.0,300,15.993333333333334,16,112362,374.54
successive,2,0.2212328339956002,0.9152824962302424,0.9161793372319688,133,,1,2,sqrt,0.001,133,21.827067669172937,32,40913,307.61654135338347
successive,3,0.3774762079992797,0.9152243266108446,0.9161793372319688,217,16.0,1,5,sqrt,0.0001,217,16.0,16,76105,350.7142857142857
successive,3,0.3516514580114744,0.9152243266108446,0.9161793372319688,217,16.0,1,5,sqrt,1e-05,217,16.0,16,76257,351.4147465437788
successive,3,0.3340919170004781,0.9152243266108446,0.9161793372319688,217,16.0,1,5,sqrt,0.0,217,16.0,16,79335,365.5990783410138
successive,4,0.4719365409982856,0.9151414473503824,0.9161793372319688,300,,1,2,sqrt,0.001,300,21.91,32,91784,305.94666666666666
successive,4,0.4570252499979688,0.915011978501588,0.9161793372319688,300,20.0,1,7,sqrt,0.0001,300,19.81,20,103574,345.24666666666667
successive,4,0.4654178750060964,0.915011978501588,0.9161793372319688,300,20.0,1,7,sqrt,1e-05,300,19.81,20,104076,346.92
successive,4,0.465483125008177,0.915011978501588,0.9161793372319688,300,20.0,1,7,sqrt,0.0,300,19.816666666666663,20,107848,359.49333333333334
successive,1,0.2642041250073816,0.9149508856663886,0.9161793372319688,50,,1,5,0.5,0.0001,50,29.62,39,13826,276.52
successive,1,0.2618089999887161,0.9149508856663886,0.9161793372319688,50,,1,5,0.5,1e-05,50,29.64,39,13830,276.6
successive,1,0.2731711669912329,0.9149508856663886,0.9161793372319688,50,,1,5,0.5,0.0,50,29.68,39,14500,290.0
successive,2,0.6765006249916041,0.9149263875312698,0.9161793372319688,133,,1,7,0.5,0.0001,133,29.30827067669173,39,33077,248.69924812030075
successive,2,0.6963906659948407,0.9149263875312698,0.9161793372319688,133,,1,7,0.5,1e-05,133,29.31578947368421,39,33101,248.8796992481203
successive,2,0.6641426249989308,0.9149263875312698,0.9161793372319688,133,,1,7,0.5,0.0,133,29.360902255639097,39,34649,260.5187969924812
successive,3,0.3467618750000838,0.9148933433078166,0.9161793372319688,217,12.0,1,2,sqrt,0.0001,217,12.0,12,69975,322.46543778801845
successive,3,0.3656780000019353,0.9148933433078166,0.9161793372319688,217,12.0,1,2,sqrt,1e-05,217,12.0,12,70045,322.78801843317973
successive,3,0.3312409999925876,0.9148933433078166,0.9161793372319688,217,12.0,1,2,sqrt,0.0,217,12.0,12,73923,340.6589861751152
successive,4,0.5054253749985946,0.9148818060319124,0.9161793372319688,300,,1,7,sqrt,0.0001,300,23.67,38,107314,357.7133333333333
successive,4,0.4635421249986393,0.9148818060319124,0.9161793372319688,300,,1,7,sqrt,1e-05,300,23.686666666666667,38,107838,359.46
successive,4,0.4437437500018859,0.9148818060319124,0.9161793372319688,300,,1,7,sqrt,0.0,300,23.72,38,111668,372.2266666666667
successive,3,0.3502639170037582,0.914855041322325,0.9161793372319688,217,20.0,1,10,sqrt,0.0001,217,19.682027649769584,20,64851,298.852534562212
successive,1,0.0973520830011693,0.9147654990427352,0.9161793372319688,50,20.0,1,5,sqrt,0.0001,50,19.84,20,19382,387.64
successive,1,0.0959271669998997,0.9147654990427352,0.9161793372319688,50,20.0,1,5,sqrt,1e-05,50,19.86,20,19406,388.12
successive,1,0.0941171669983305,0.9147654990427352,0.9161793372319688,50,20.0,1,5,sqrt,0.0,50,19.86,20,20184,403.68
successive,3,0.3534636250114999,0.9147472625736892,0.9161793372319688,217,20.0,1,2,sqrt,0.001,217,19.5852534562212,20,64423,296.88018433179724
successive,2,0.6695417079899926,0.9146922458656128,0.9161793372319688,133,,1,10,0.5,0.0001,133,28.55639097744361,36,30091,226.24812030075188
successive,2,0.6658911249978701,0.9146922458656128,0.9161793372319688,133,,1,10,0.5,1e-05,133,28.586466165413533,36,30139,226.60902255639095
successive,2,0.6734592910070205,0.9146922458656128,0.9161793372319688,133,,1,10,0.5,0.0,133,28.616541353383457,36,31439,236.38345864661653
successive,3,0.3751038339978549,0.9146656189096858,0.9161793372319688,217,,1,2,sqrt,0.001,217,21.912442396313363,32,66547,306.66820276497697
successive,1,0.0968439999996917,0.9145647810976698,0.9161793372319688,50,,1,5,sqrt,0.0001,50,24.14,32,20340,406.8
successive,1,0.0948235410032793,0.9145647810976698,0.9161793372319688,50,,1,5,sqrt,1e-05,50,24.18,32,20370,407.4
successive,1,0.0978368329961085,0.9145647810976698,0.9161793372319688,50,,1,5,sqrt,0.0,50,24.18,32,21172,423.44
successive,1,0.2682799580070423,0.9141972118423604,0.9142300194931774,50,20.0,1,7,0.5,0.0001,50,19.96,20,10698,213.96
successive,1,0.2654624999995576,0.9141972118423604,0.9142300194931774,50,20.0,1,7,0.5,1e-05,50,19.96,20,10702,214.04
successive,1,0.2691904999956023,0.9141972118423604,0.9142300194931774,50,20.0,1,7,0.5,0.0,50,19.96,20,11252,225.04
successive,4,1.4348833749972982,0.9135506853151284,0.9142300194931774,300,20.0,1,7,0.5,0.0001,300,19.976666666666667,20,64084,213.61333333333337
successive,4,1.4036713340028657,0.9135506853151284,0.9142300194931774,300,20.0,1,7,0.5,1e-05,300,19.976666666666667,20,64130,213.76666666666668
successive,4,1.399432500009425,0.9135506853151284,0.9142300194931774,300,20.0,1,7,0.5,0.0,300,19.976666666666667,20,67260,224.2
successive,2,0.2161077909986488,0.9135252590533294,0.9142300194931774,133,12.0,1,2,sqrt,0.0001,133,12.0,12,43389,326.23308270676694
successive,2,0.2112104999978328,0.9135252590533294,0.9142300194931774,133,12.0,1,2,sqrt,1e-05,133,12.0,12,43429,326.5338345864662
successive,2,0.2010964579967549,0.9135252590533294,0.9142300194931774,133,12.0,1,2,sqrt,0.0,133,12.0,12,45813,344.45864661654133
successive,1,0.0927821670047706,0.9134634422247352,0.9142300194931774,50,20.0,1,7,log2,0.0001,50,19.76,20,19640,392.8
successive,1,0.0831908330001169,0.9134634422247352,0.9142300194931774,50,20.0,1,7,log2,1e-05,50,19.76,20,19790,395.8
successive,1,0.082868541998323,0.9134634422247352,0.9142300194931774,50,20.0,1,7,log2,0.0,50,19.76,20,20442,408.84
successive,3,0.3512926660041557,0.9134504567988064,0.9142300194931774,217,16.0,1,2,sqrt,0.001,217,15.990783410138247,16,58263,268.4930875576037
successive,4,0.4735334580036578,0.9134389214838332,0.9142300194931774,300,16.0,1,2,sqrt,0.001,300,15.993333333333334,16,80082,266.94
successive,3,1.0510117090016138,0.913419153261582,0.9142300194931774,217,20.0,1,5,0.5,0.0001,217,20.0,20,50691,233.59907834101384
successive,3,1.040150500004529,0.913419153261582,0.9142300194931774,217,20.0,1,5,0.5,1e-05,217,20.0,20,50695,233.61751152073737
successive,3,1.0503900839976268,0.913419153261582,0.9142300194931774,217,20.0,1,5,0.5,0.0,217,20.0,20,53365,245.92165898617512
successive,4,0.4042848750104895,0.9134018676751288,0.9142300194931774,300,20.0,1,2,log2,0.0001,300,19.906666666666663,20,183220,610.7333333333333
successive,4,0.4330477499897824,0.9134018676751288,0.9142300194931774,300,20.0,1,2,log2,1e-05,300,19.906666666666663,20,183274,610.9133333333333
successive,4,0.4015323749918025,0.9134018676751288,0.9142300194931774,300,20.0,1,2,log2,0.0,300,19.913333333333338,20,194566,648.5533333333333
successive,2,0.2188300839916337,0.9133560673878194,0.9142300194931774,133,16.0,1,2,sqrt,0.001,133,15.984962406015038,16,36075,271.2406015037594
successive,1,0.082305499992799,0.9133086686378328,0.9142300194931774,50,,1,7,log2,0.0001,50,22.88,29,20190,403.8
successive,2,0.6568902500002878,0.9132185039724086,0.9142300194931774,133,20.0,1,7,0.5,0.0001,133,19.94736842105263,20,28539,214.57894736842104
successive,2,0.6513302920066053,0.9132185039724086,0.9142300194931774,133,20.0,1,7,0.5,1e-05,133,19.94736842105263,20,28559,214.72932330827064
successive,2,0.6828962919971673,0.9132185039724086,0.9142300194931774,133,20.0,1,7,0.5,0.0,133,19.94736842105263,20,29981,225.42105263157896
successive,4,0.4107917919900501,0.9131897127805494,0.9142300194931774,300,,1,7,log2,0.0001,300,22.23,31,121466,404.88666666666666
successive,4,0.4077660000039032,0.9131897127805494,0.9142300194931774,300,,1,7,log2,1e-05,300,22.27,31,122528,408.4266666666667
successive,4,0.4115130830032285,0.9131897127805494,0.9142300194931774,300,,1,7,log2,0.0,300,22.31,31,126544,421.81333333333333
successive,1,0.0970401249942369,0.9131383179380556,0.9142300194931774,50,16.0,1,7,sqrt,1e-05,50,16.0,16,15190,303.8
successive,1,0.0939618749980581,0.9131383179380556,0.9142300194931774,50,16.0,1,7,sqrt,0.0,50,16.0,16,15690,313.8
successive,2,0.1888524999958463,0.9131140934883968,0.9142300194931774,133,,1,7,log2,0.0001,133,22.23308270676692,30,54179,407.3609022556391
successive,2,0.1877182919997722,0.9131140934883968,0.9142300194931774,133,,1,7,log2,1e-05,133,22.25563909774436,30,54597,410.50375939849624
successive,2,0.1784251250064699,0.9131140934883968,0.9142300194931774,133,,1,7,log2,0.0,133,22.30827067669173,30,56391,423.9924812030075
successive,2,0.6642232080048416,0.913065135022791,0.9142300194931774,133,20.0,1,10,0.5,0.0001,133,20.0,20,26027,195.69172932330827
successive,2,0.6519186660007108,0.913065135022791,0.9142300194931774,133,20.0,1,10,0.5,1e-05,133,20.0,20,26055,195.90225563909777
successive,2,0.6517012499971315,0.913065135022791,0.9142300194931774,133,20.0,1,10,0.5,0.0,133,20.0,20,27315,205.37593984962405
successive,3,1.063807665996137,0.9130279856124944,0.9142300194931774,217,,1,7,0.5,0.0001,217,29.442396313364057,39,54125,249.42396313364057
successive,3,1.079490457996144,0.9130279856124944,0.9142300194931774,217,,1,7,0.5,1e-05,217,29.46082949308756,39,54175,249.6543778801843
successive,3,1.0578735409944784,0.9130279856124944,0.9142300194931774,217,,1,7,0.5,0.0,217,29.493087557603687,39,56717,261.36866359447004
successive,4,1.435776791011449,0.9130279856124944,0.9142300194931774,300,,1,7,0.5,0.0001,300,29.623333333333335,39,74992,249.97333333333333
successive,4,1.450668208010029,0.9130279856124944,0.9142300194931774,300,,1,7,0.5,1e-05,300,29.64,39,75060,250.2
successive,4,1.4581271250062855,0.9130279856124944,0.9142300194931774,300,,1,7,0.5,0.0,300,29.673333333333332,39,78538,261.79333333333335
successive,3,0.3427772499999264,0.9128169832055,0.9142300194931774,217,20.0,1,10,sqrt,1e-05,217,19.695852534562217,20,65383,301.3041474654378
successive,3,0.3388029579946305,0.9128169832055,0.9142300194931774,217,20.0,1,10,sqrt,0.0,217,19.705069124423964,20,67605,311.5437788018433
successive,3,0.4141498329991009,0.9127502137859608,0.9142300194931774,217,20.0,1,7,sqrt,1e-05,217,19.80184331797235,20,75565,348.2258064516129
successive,3,0.3543339589959942,0.9127502137859608,0.9142300194931774,217,20.0,1,7,sqrt,0.0,217,19.806451612903224,20,78301,360.8341013824885
successive,2,0.2117253750038799,0.9127170665519174,0.9142300194931774,133,20.0,1,7,sqrt,0.0001,133,19.81203007518797,20,46115,346.7293233082707
successive,1,0.0950118750042747,0.9126895942700358,0.9142300194931774,50,,1,5,sqrt,0.001,50,21.62,32,14574,291.48
successive,2,0.2078997920034453,0.912628927261732,0.9142300194931774,133,20.0,1,7,sqrt,1e-05,133,19.81203007518797,20,46353,348.5187969924812
successive,2,0.2041136250045383,0.912628927261732,0.9142300194931774,133,20.0,1,7,sqrt,0.0,133,19.81203007518797,20,47941,360.4586466165414
successive,4,0.4771754999965196,0.9125974181060296,0.9142300194931774,300,20.0,1,2,sqrt,0.001,300,19.593333333333337,20,88824,296.08
successive,1,0.0786182090087095,0.9122491331157222,0.912280701754386,50,12.0,1,5,log2,0.0001,50,12.0,12,14638,292.76
successive,1,0.0791472920100204,0.9122491331157222,0.912280701754386,50,12.0,1,5,log2,1e-05,50,12.0,12,14696,293.92
successive,1,0.0789614579989574,0.9122491331157222,0.912280701754386,50,12.0,1,5,log2,0.0,50,12.0,12,15166,303.32
successive,1,0.0936963749991264,0.9117010853405066,0.912280701754386,50,,1,10,sqrt,0.0001,50,23.04,30,15336,306.72
successive,1,0.0974066250055329,0.9117010853405066,0.912280701754386,50,,1,10,sqrt,1e-05,50,23.08,30,15456,309.12
successive,1,0.0964429580053547,0.9117010853405066,0.912280701754386,50,,1,10,sqrt,0.0,50,23.12,30,16026,320.52
successive,2,0.215092790997005,0.9115331792261476,0.912280701754386,133,,1,10,sqrt,0.0001,133,22.86466165413534,33,40957,307.94736842105266
successive,2,0.2199918330006767,0.9115331792261476,0.912280701754386,133,,1,10,sqrt,1e-05,133,22.917293233082702,33,41325,310.7142857142857
successive,2,0.2181092919927323,0.9115331792261476,0.912280701754386,133,,1,10,sqrt,0.0,133,22.97744360902256,33,42799,321.796992481203
successive,2,0.189633791000233,0.9114746034852248,0.912280701754386,133,16.0,1,2,log2,0.0001,133,16.0,16,72051,541.7368421052631
successive,2,0.1837512499914737,0.9114746034852248,0.912280701754386,133,16.0,1,2,log2,1e-05,133,16.0,16,72121,542.2631578947369
successive,2,0.1768028329970548,0.9114746034852248,0.912280701754386,133,16.0,1,2,log2,0.0,133,16.0,16,76441,574.7443609022556
successive,4,0.4157190409896429,0.9114206052909624,0.912280701754386,300,20.0,1,7,log2,0.0001,300,19.673333333333332,20,118582,395.2733333333333
successive,4,0.4049933329952182,0.9114206052909624,0.912280701754386,300,20.0,1,7,log2,1e-05,300,19.683333333333337,20,119620,398.73333333333335
successive,4,0.3798624589981045,0.9114206052909624,0.912280701754386,300,20.0,1,7,log2,0.0,300,19.69,20,123566,411.88666666666666
successive,3,1.0222567500022706,0.9114167021706068,0.912280701754386,217,20.0,1,7,0.5,0.0001,217,19.967741935483872,20,46409,213.8663594470046
successive,3,1.0335776669962795,0.9114167021706068,0.912280701754386,217,20.0,1,7,0.5,1e-05,217,19.967741935483872,20,46443,214.0230414746544
successive,3,1.0462247090035817,0.9114167021706068,0.912280701754386,217,20.0,1,7,0.5,0.0,217,19.967741935483872,20,48769,224.74193548387095
successive,2,0.1874683749920223,0.9114132410872944,0.912280701754386,133,20.0,1,7,log2,0.0001,133,19.646616541353385,20,52877,397.57142857142856
successive,2,0.1980415830039419,0.9114132410872944,0.912280701754386,133,20.0,1,7,log2,1e-05,133,19.646616541353385,20,53311,400.83458646616543
successive,2,0.1745038749941159,0.9114132410872944,0.912280701754386,133,20.0,1,7,log2,0.0,133,19.646616541353385,20,55059,413.97744360902254
successive,4,1.4122090000018943,0.9113784654820148,0.912280701754386,300,20.0,1,5,0.5,0.0001,300,20.0,20,69990,233.3
successive,4,1.4121295000077223,0.9113784654820148,0.912280701754386,300,20.0,1,5,0.5,1e-05,300,20.0,20,70002,233.34
successive,4,1.4559093749994645,0.9113784654820148,0.912280701754386,300,20.0,1,5,0.5,0.0,300,20.0,20,73688,245.6266666666667
successive,3,0.3002612919954117,0.911331172678272,0.912280701754386,217,16.0,1,7,log2,0.0001,217,15.990783410138247,16,78507,361.7834101382488
successive,3,0.2890148330043303,0.911331172678272,0.912280701754386,217,16.0,1,7,log2,1e-05,217,15.990783410138247,16,79105,364.53917050691246
successive,3,0.2947522920003393,0.911331172678272,0.912280701754386,217,16.0,1,7,log2,0.0,217,15.990783410138247,16,81557,375.8387096774194
successive,1,0.0934227500110864,0.9112129682771952,0.912280701754386,50,,1,2,log2,1e-05,50,24.48,31,31512,630.24
successive,1,0.0828475000016624,0.9112129682771952,0.912280701754386,50,,1,2,log2,0.0001,50,24.48,31,31512,630.24
successive,1,0.0827054590045008,0.9112129682771952,0.912280701754386,50,,1,2,log2,0.0,50,24.54,31,33528,670.56
successive,1,0.0943079169956035,0.9111528246276012,0.912280701754386,50,16.0,1,7,sqrt,0.0001,50,16.0,16,15100,302.0
successive,3,0.3451973750052275,0.9110566280302198,0.912280701754386,217,16.0,1,10,sqrt,0.0001,217,15.990783410138247,16,59467,274.0414746543779
successive,3,0.3438667919981526,0.9110566280302198,0.912280701754386,217,16.0,1,10,sqrt,1e-05,217,15.995391705069125,16,59923,276.14285714285717
successive,3,0.3415911670017522,0.9110566280302198,0.912280701754386,217,16.0,1,10,sqrt,0.0,217,15.995391705069125,16,61999,285.7096774193548
successive,3,0.3499682080000639,0.9109145475222784,0.912280701754386,217,20.0,1,5,sqrt,0.001,217,19.50230414746544,20,62229,286.7695852534562
successive,3,0.3130103329895064,0.9108775421824004,0.912280701754386,217,16.0,1,2,log2,0.0001,217,16.0,16,117783,542.778801843318
successive,3,0.3098990830039838,0.9108775421824004,0.912280701754386,217,16.0,1,2,log2,1e-05,217,16.0,16,117893,543.2857142857143
successive,3,0.3026698330068029,0.9108775421824004,0.912280701754386,217,16.0,1,2,log2,0.0,217,16.0,16,125019,576.1244239631336
successive,1,0.1067181249964051,0.910864080875332,0.912280701754386,50,,1,7,sqrt,0.0001,50,23.98,32,17756,355.12
successive,1,0.0955836659995839,0.910864080875332,0.912280701754386,50,,1,7,sqrt,1e-05,50,24.0,32,17846,356.92
successive,1,0.0980692079901928,0.910864080875332,0.912280701754386,50,,1,7,sqrt,0.0,50,24.02,32,18432,368.64
successive,1,0.108483249990968,0.910824902513182,0.912280701754386,50,16.0,1,10,sqrt,0.0001,50,16.0,16,13432,268.64
successive,1,0.0971224170061759,0.910824902513182,0.912280701754386,50,16.0,1,10,sqrt,1e-05,50,16.0,16,13534,270.68
successive,1,0.095471249995171,0.910824902513182,0.912280701754386,50,16.0,1,10,sqrt,0.0,50,16.0,16,14038,280.76
successive,4,0.4639638750086305,0.910772164808597,0.912280701754386,300,16.0,1,7,sqrt,0.0001,300,16.0,16,93150,310.5
successive,4,0.4740472080011386,0.910772164808597,0.912280701754386,300,16.0,1,7,sqrt,1e-05,300,16.0,16,93624,312.08
successive,4,0.4649009580025449,0.910772164808597,0.912280701754386,300,16.0,1,7,sqrt,0.0,300,16.0,16,96960,323.2
successive,3,0.4578747910127276,0.910694406826928,0.912280701754386,217,20.0,1,7,sqrt,0.0001,217,19.80184331797235,20,75211,346.59447004608296
successive,3,0.345274708000943,0.9106839190551186,0.912280701754386,217,16.0,1,7,sqrt,0.0001,217,16.0,16,67755,312.2350230414747
successive,3,0.3550670830009039,0.9106839190551186,0.912280701754386,217,16.0,1,7,sqrt,1e-05,217,16.0,16,68105,313.8479262672811
successive,3,0.3525355419988045,0.9106839190551186,0.912280701754386,217,16.0,1,7,sqrt,0.0,217,16.0,16,70545,325.0921658986175
successive,4,1.4336525410035392,0.9106686688260868,0.912280701754386,300,,1,7,0.5,0.001,300,27.30666666666667,37,60388,201.29333333333332
successive,2,0.2141971249948255,0.910468154427759,0.912280701754386,133,16.0,1,7,sqrt,0.0001,133,16.0,16,41449,311.6466165413534
successive,2,0.2062151249992894,0.910468154427759,0.912280701754386,133,16.0,1,7,sqrt,1e-05,133,16.0,16,41671,313.3157894736842
successive,2,0.2099974589946214,0.910468154427759,0.912280701754386,133,16.0,1,7,sqrt,0.0,133,16.0,16,43107,324.1127819548872
successive,1,0.2644337920064572,0.9099048470624922,0.9103313840155944,50,20.0,1,10,0.5,0.0001,50,20.0,20,9862,197.24
successive,1,0.2729195410065586,0.9099048470624922,0.9103313840155944,50,20.0,1,10,0.5,1e-05,50,20.0,20,9874,197.48
successive,1,0.2654841659968951,0.9099048470624922,0.9103313840155944,50,20.0,1,10,0.5,0.0,50,20.0,20,10336,206.72
successive,4,0.4517565839923918,0.9094845608252984,0.9103313840155944,300,12.0,1,5,sqrt,0.0001,300,12.0,12,77668,258.8933333333333
successive,4,0.4745512090012198,0.9094845608252984,0.9103313840155944,300,12.0,1,5,sqrt,1e-05,300,12.0,12,77832,259.44
successive,4,0.4478149579954333,0.9094845608252984,0.9103313840155944,300,12.0,1,5,sqrt,0.0,300,12.0,12,80686,268.9533333333333
successive,3,1.0478707080037566,0.909445129922155,0.9103313840155944,217,20.0,1,10,0.5,0.0001,217,20.0,20,42783,197.15668202764977
successive,3,1.354157542009489,0.909445129922155,0.9103313840155944,217,20.0,1,10,0.5,1e-05,217,20.0,20,42825,197.35023041474653
successive,3,1.2130592909961706,0.909445129922155,0.9103313840155944,217,20.0,1,10,0.5,0.0,217,20.0,20,44861,206.7327188940092
successive,1,0.2754177500028163,0.9093051010630104,0.9103313840155944,50,,1,10,0.5,0.0001,50,28.48,36,11330,226.6
successive,1,0.2682621249987278,0.9093051010630104,0.9103313840155944,50,,1,10,0.5,1e-05,50,28.52,36,11350,227.0
successive,1,0.2739139170007547,0.9093051010630104,0.9103313840155944,50,,1,10,0.5,0.0,50,28.54,36,11828,236.56
successive,1,0.0925428329937858,0.9092364190265272,0.9103313840155944,50,16.0,1,2,log2,0.0001,50,16.0,16,26368,527.36
successive,1,0.0905782079935306,0.9092364190265272,0.9103313840155944,50,16.0,1,2,log2,1e-05,50,16.0,16,26400,528.0
successive,1,0.0835829999996349,0.9092364190265272,0.9103313840155944,50,16.0,1,2,log2,0.0,50,16.0,16,27946,558.92
successive,4,0.467274875001749,0.9091947331130652,0.9103313840155944,300,20.0,1,10,sqrt,0.0001,300,19.713333333333335,20,89756,299.18666666666667
successive,4,0.4690884580049896,0.9091947331130652,0.9103313840155944,300,20.0,1,10,sqrt,1e-05,300,19.723333333333333,20,90462,301.54
successive,4,0.4552717079932336,0.9091947331130652,0.9103313840155944,300,20.0,1,10,sqrt,0.0,300,19.73,20,93490,311.6333333333333
successive,3,1.0668080409959655,0.909165147179381,0.9103313840155944,217,,1,10,0.5,0.0001,217,28.557603686635943,40,49297,227.17511520737327
successive,3,1.0398914170073112,0.909165147179381,0.9103313840155944,217,,1,10,0.5,1e-05,217,28.59447004608295,40,49381,227.56221198156683
successive,3,1.0759842499974184,0.909165147179381,0.9103313840155944,217,,1,10,0.5,0.0,217,28.63594470046083,40,51497,237.31336405529953
successive,3,0.350855666998541,0.90912909575675,0.9103313840155944,217,,1,10,sqrt,0.0001,217,22.8110599078341,33,66865,308.1336405529954
successive,3,0.3464304999943124,0.90912909575675,0.9103313840155944,217,,1,10,sqrt,1e-05,217,22.861751152073733,33,67413,310.6589861751152
successive,3,0.3477070829976583,0.90912909575675,0.9103313840155944,217,,1,10,sqrt,0.0,217,22.91705069124424,33,69733,321.35023041474653
successive,4,0.3944255829992471,0.9090363472040954,0.9103313840155944,300,16.0,1,5,log2,0.0001,300,16.0,16,122138,407.12666666666667
successive,4,0.4061390419956296,0.9090363472040954,0.9103313840155944,300,16.0,1,5,log2,1e-05,300,16.0,16,122660,408.8666666666667
successive,4,0.3942478340031812,0.9090363472040954,0.9103313840155944,300,16.0,1,5,log2,0.0,300,16.0,16,127188,423.96
successive,2,0.6273454159963876,0.9089756156717528,0.9083820662768032,133,16.0,1,2,0.5,0.0001,133,16.0,16,30507,229.37593984962405
successive,2,0.6176403749996098,0.9089756156717528,0.9083820662768032,133,16.0,1,2,0.5,1e-05,133,16.0,16,30509,229.39097744360905
successive,2,0.6278519580082502,0.9089756156717528,0.9083820662768032,133,16.0,1,2,0.5,0.0,133,16.0,16,32649,245.4812030075188
successive,3,0.3474871250073192,0.9089044208328906,0.9103313840155944,217,,1,7,sqrt,0.0001,217,23.483870967741936,34,77725,358.17972350230417
successive,3,0.3546220419957535,0.9089044208328906,0.9103313840155944,217,,1,7,sqrt,1e-05,217,23.49769585253456,34,78085,359.83870967741933
successive,3,0.3472451249981532,0.9089044208328906,0.9103313840155944,217,,1,7,sqrt,0.0,217,23.525345622119815,34,80847,372.5668202764977
successive,1,0.094996625004569,0.9087150879181942,0.9103313840155944,50,20.0,1,5,sqrt,0.001,50,19.42,20,14246,284.92
successive,2,0.2099056250008288,0.9086730229379792,0.9103313840155944,133,20.0,1,5,sqrt,0.001,133,19.55639097744361,20,38159,286.90977443609023
successive,2,0.2153542080050101,0.9086249429473592,0.9103313840155944,133,,1,5,sqrt,0.001,133,21.56390977443609,32,39137,294.2631578947368
successive,3,0.3491127080051228,0.90861156921012,0.9103313840155944,217,,1,5,sqrt,0.001,217,21.870967741935484,32,64035,295.0921658986175
successive,4,1.4645311670028605,0.9083523416453558,0.9103313840155944,300,,1,2,0.5,0.001,300,27.456666666666667,37,66902,223.00666666666663
successive,3,0.9986000420030904,0.9080570645229674,0.9083820662768032,217,16.0,1,2,0.5,0.0001,217,16.0,16,50187,231.27649769585253
successive,3,1.0038062499952505,0.9080570645229674,0.9083820662768032,217,16.0,1,2,0.5,1e-05,217,16.0,16,50191,231.29493087557603
successive,3,1.009207625000272,0.9080570645229674,0.9083820662768032,217,16.0,1,2,0.5,0.0,217,16.0,16,53805,247.94930875576037
successive,2,0.1926024159911321,0.907388187973597,0.9083820662768032,133,16.0,1,7,log2,0.0001,133,15.992481203007518,16,48201,362.4135338345865
successive,2,0.1908363330003339,0.907388187973597,0.9083820662768032,133,16.0,1,7,log2,1e-05,133,15.992481203007518,16,48575,365.2255639097745
successive,2,0.172919541990268,0.907388187973597,0.9083820662768032,133,16.0,1,7,log2,0.0,133,15.992481203007518,16,50073,376.4887218045113
successive,4,0.4675087499927031,0.9073870833550264,0.9083820662768032,300,,1,10,sqrt,0.0001,300,22.71,33,92458,308.1933333333333
successive,4,0.4730366250005318,0.9073870833550264,0.9083820662768032,300,,1,10,sqrt,1e-05,300,22.746666666666663,33,93196,310.6533333333333
successive,4,0.4687366250000195,0.9073870833550264,0.9083820662768032,300,,1,10,sqrt,0.0,300,22.793333333333333,33,96320,321.06666666666666
successive,4,1.407132874999661,0.9073324401880531,0.9083820662768032,300,20.0,1,10,0.5,0.0001,300,19.983333333333334,20,59306,197.68666666666667
successive,4,1.4073377909953706,0.9073324401880531,0.9083820662768032,300,20.0,1,10,0.5,1e-05,300,19.983333333333334,20,59358,197.86
successive,4,1.4126069170015398,0.9073324401880531,0.9083820662768032,300,20.0,1,10,0.5,0.0,300,19.983333333333334,20,62154,207.18
successive,3,0.3137665410031331,0.907262795182448,0.9083820662768032,217,,1,7,log2,0.0001,217,22.16589861751152,30,88351,407.147465437788
successive,3,0.3077951669984031,0.907262795182448,0.9083820662768032,217,,1,7,log2,1e-05,217,22.202764976958527,30,89095,410.57603686635946
successive,3,0.305629875001614,0.907262795182448,0.9083820662768032,217,,1,7,log2,0.0,217,22.253456221198157,30,91983,423.8847926267281
successive,3,0.3485978340031579,0.9072467361622188,0.9083820662768032,217,16.0,1,5,sqrt,0.001,217,15.981566820276498,16,56777,261.64516129032256
successive,2,0.1908712910080794,0.907204835011598,0.9083820662768032,133,20.0,1,5,log2,0.0001,133,19.902255639097746,20,60515,455.0
successive,2,0.1943729999911738,0.907204835011598,0.9083820662768032,133,20.0,1,5,log2,1e-05,133,19.902255639097746,20,60755,456.8045112781955
successive,2,0.1812214160017902,0.907204835011598,0.9083820662768032,133,20.0,1,5,log2,0.0,133,19.902255639097746,20,63141,474.74436090225566
successive,4,0.4656383330002427,0.9071243219116024,0.9083820662768032,300,16.0,1,10,sqrt,0.0001,300,15.993333333333334,16,81980,273.26666666666665
successive,4,0.4625611250085057,0.9071243219116024,0.9083820662768032,300,16.0,1,10,sqrt,1e-05,300,15.996666666666666,16,82592,275.3066666666667
successive,4,0.4548318339948309,0.9071243219116024,0.9083820662768032,300,16.0,1,10,sqrt,0.0,300,15.996666666666666,16,85352,284.50666666666666
successive,3,0.2977838329970836,0.9071194281820212,0.9083820662768032,217,20.0,1,7,log2,0.0001,217,19.640552995391705,20,86253,397.47926267281105
successive,3,0.3104646659921855,0.9071194281820212,0.9083820662768032,217,20.0,1,7,log2,1e-05,217,19.64516129032258,20,87003,400.93548387096774
successive,3,0.3079383750009583,0.9071194281820212,0.9083820662768032,217,20.0,1,7,log2,0.0,217,19.649769585253456,20,89845,414.03225806451616
successive,1,0.0927626249904278,0.9070211905663046,0.9083820662768032,50,12.0,1,5,sqrt,0.0001,50,12.0,12,12124,242.48
successive,1,0.0969717080006375,0.9070211905663046,0.9083820662768032,50,12.0,1,5,sqrt,1e-05,50,12.0,12,12156,243.12
successive,1,0.0943186670046998,0.9070211905663046,0.9083820662768032,50,12.0,1,5,sqrt,0.0,50,12.0,12,12610,252.2
successive,1,0.091212125000311,0.9070066359941956,0.9083820662768032,50,16.0,1,7,log2,0.0001,50,16.0,16,17806,356.12
successive,1,0.0811354159959591,0.9070066359941956,0.9083820662768032,50,16.0,1,7,log2,1e-05,50,16.0,16,17934,358.68
successive,1,0.0837135830079205,0.9070066359941956,0.9083820662768032,50,16.0,1,7,log2,0.0,50,16.0,16,18488,369.76
successive,4,1.436451624991605,0.9069969735181792,0.9083820662768032,300,,1,10,0.5,0.0001,300,28.64,40,68248,227.49333333333337
successive,4,1.4479022909945345,0.9069969735181792,0.9083820662768032,300,,1,10,0.5,1e-05,300,28.673333333333332,40,68352,227.84
successive,4,1.4277359580009945,0.9069969735181792,0.9083820662768032,300,,1,10,0.5,0.0,300,28.71,40,71270,237.56666666666663
successive,1,0.0964306249952642,0.9068395140992276,0.9083820662768032,50,12.0,1,2,sqrt,0.001,50,12.0,12,10200,204.0
successive,4,0.4703452919929987,0.9066540657281396,0.9083820662768032,300,,1,5,sqrt,0.001,300,21.88,32,88576,295.25333333333333
successive,4,0.4063072920107515,0.906586241314105,0.9083820662768032,300,12.0,1,2,log2,0.0001,300,12.0,12,117356,391.18666666666667
successive,4,0.3958202500070911,0.906586241314105,0.9083820662768032,300,12.0,1,2,log2,1e-05,300,12.0,12,117548,391.82666666666665
successive,4,0.3777579580055317,0.906586241314105,0.9083820662768032,300,12.0,1,2,log2,0.0,300,12.0,12,123732,412.44
successive,2,0.6113265000021784,0.9065273026399971,0.9064327485380116,133,16.0,1,10,0.5,0.0001,133,16.0,16,21401,160.90977443609023
successive,2,0.6185600839962717,0.9065273026399971,0.9064327485380116,133,16.0,1,10,0.5,1e-05,133,16.0,16,21419,161.04511278195488
successive,2,0.6201415830000769,0.9065273026399971,0.9064327485380116,133,16.0,1,10,0.5,0.0,133,16.0,16,22481,169.0300751879699
successive,1,0.2766085409966763,0.9065073367292408,0.9083820662768032,50,,1,2,0.5,0.001,50,27.72,34,11166,223.32
successive,1,0.0967211660026805,0.9064368837421772,0.9083820662768032,50,,1,2,sqrt,0.001,50,21.58,29,15098,301.96
successive,1,0.0964834999904269,0.9063846238521184,0.9083820662768032,50,16.0,1,10,sqrt,0.001,50,15.98,16,10914,218.28
successive,3,1.0004197500093142,0.9059684659131584,0.9064327485380116,217,16.0,1,7,0.5,0.0001,217,16.0,16,38057,175.3778801843318
successive,3,1.0019667919987114,0.9059684659131584,0.9064327485380116,217,16.0,1,7,0.5,1e-05,217,16.0,16,38075,175.46082949308754
successive,3,0.9986925419943872,0.9059684659131584,0.9064327485380116,217,16.0,1,7,0.5,0.0,217,16.0,16,40039,184.5115207373272
successive,2,0.6581819589919178,0.9058019109284168,0.9083820662768032,133,,1,10,0.5,0.001,133,26.849624060150376,35,24577,184.78947368421052
successive,2,0.1769064160034759,0.9056707181685004,0.9064327485380116,133,12.0,1,5,log2,0.0001,133,12.0,12,39865,299.7368421052632
successive,2,0.1768766250024782,0.9056707181685004,0.9064327485380116,133,12.0,1,5,log2,1e-05,133,12.0,12,40011,300.83458646616543
successive,2,0.1721309589920565,0.9056707181685004,0.9064327485380116,133,12.0,1,5,log2,0.0,133,12.0,12,41303,310.54887218045116
successive,1,0.0848630419932305,0.9056012876785666,0.9064327485380116,50,16.0,1,5,log2,0.0001,50,16.0,16,20024,400.48
successive,1,0.0925502499885624,0.9056012876785666,0.9064327485380116,50,16.0,1,5,log2,1e-05,50,16.0,16,20124,402.48
successive,1,0.0820534170052269,0.9056012876785666,0.9064327485380116,50,16.0,1,5,log2,0.0,50,16.0,16,20862,417.24
successive,3,0.371808666997822,0.905585795601046,0.9064327485380116,217,12.0,1,5,sqrt,0.0001,217,12.0,12,56611,260.88018433179724
successive,3,0.3354172909894259,0.905585795601046,0.9064327485380116,217,12.0,1,5,sqrt,1e-05,217,12.0,12,56743,261.4884792626728
successive,3,0.3384489170130109,0.905585795601046,0.9064327485380116,217,12.0,1,5,sqrt,0.0,217,12.0,12,58831,271.110599078341
successive,2,0.2161319589940831,0.905554857119478,0.9064327485380116,133,20.0,1,10,sqrt,0.0001,133,19.669172932330827,20,39725,298.6842105263158
successive,2,0.2149692919920198,0.905554857119478,0.9064327485380116,133,20.0,1,10,sqrt,1e-05,133,19.69172932330827,20,40083,301.37593984962405
successive,2,0.211391500008176,0.905554857119478,0.9064327485380116,133,20.0,1,10,sqrt,0.0,133,19.706766917293233,20,41489,311.94736842105266
successive,2,0.2165732919966103,0.9054390323091708,0.9064327485380116,133,16.0,1,10,sqrt,0.0001,133,15.984962406015038,16,36589,275.10526315789474
successive,2,0.2139532500004861,0.9054390323091708,0.9064327485380116,133,16.0,1,10,sqrt,1e-05,133,15.992481203007518,16,36901,277.45112781954884
successive,2,0.2146611659991322,0.9054390323091708,0.9064327485380116,133,16.0,1,10,sqrt,0.0,133,15.992481203007518,16,38195,287.18045112781954
successive,1,0.0930812919978052,0.9053787309131168,0.9064327485380116,50,20.0,1,7,log2,0.001,50,19.28,20,14690,293.8
successive,4,0.4822537500003818,0.9052337874317068,0.9064327485380116,300,16.0,1,5,sqrt,0.001,300,15.986666666666666,16,78434,261.44666666666666
successive,2,0.6763095000060275,0.9051969116630516,0.9064327485380116,133,,1,5,0.5,0.0001,133,29.729323308270676,40,36743,276.2631578947368
successive,2,0.6730277500028023,0.9051969116630516,0.9064327485380116,133,,1,5,0.5,1e-05,133,29.75187969924812,40,36753,276.3383458646617
successive,2,0.6696902499970747,0.9051969116630516,0.9064327485380116,133,,1,5,0.5,0.0,133,29.804511278195488,40,38531,289.70676691729324
successive,1,0.0963856659946031,0.9050390982170003,0.9064327485380116,50,20.0,1,10,sqrt,0.0001,50,19.72,20,14798,295.96
successive,1,0.0933362500072689,0.9050390982170003,0.9064327485380116,50,20.0,1,10,sqrt,1e-05,50,19.74,20,14920,298.4
successive,1,0.0980652500002179,0.9050390982170003,0.9064327485380116,50,20.0,1,10,sqrt,0.0,50,19.74,20,15452,309.04
successive,2,0.2168509159964742,0.9050343601133036,0.9064327485380116,133,16.0,1,5,sqrt,0.001,133,15.977443609022556,16,34797,261.63157894736844
successive,1,0.0964795409963699,0.9050316953224428,0.9064327485380116,50,16.0,1,5,sqrt,0.001,50,15.98,16,12686,253.72
successive,3,0.3423205419967416,0.9050228075696058,0.9064327485380116,217,20.0,1,5,log2,0.0001,217,19.861751152073733,20,98101,452.0783410138249
successive,3,0.331760959001258,0.9050228075696058,0.9064327485380116,217,20.0,1,5,log2,1e-05,217,19.86635944700461,20,98483,453.8387096774194
successive,3,0.3008718339988263,0.9050228075696058,0.9064327485380116,217,20.0,1,5,log2,0.0,217,19.870967741935484,20,102291,471.38709677419354
successive,1,0.0957628340111114,0.904975102594714,0.9064327485380116,50,20.0,1,2,sqrt,0.001,50,19.48,20,14700,294.0
successive,4,0.4406543329969281,0.9049678872284166,0.9064327485380116,300,12.0,1,2,sqrt,0.001,300,12.0,12,61806,206.02
successive,4,0.5013623339909827,0.9049452790793444,0.9064327485380116,300,20.0,1,5,sqrt,0.001,300,19.543333333333333,20,86058,286.86
successive,3,0.3577947079902515,0.9048872284282404,0.9064327485380116,217,20.0,1,10,sqrt,0.001,217,19.31336405529954,20,52049,239.8571428571429
successive,1,0.0968215000029886,0.9046549266315776,0.9064327485380116,50,20.0,1,7,sqrt,0.001,50,19.62,20,13214,264.28
successive,4,1.445864832989173,0.904485726072996,0.9064327485380116,300,,1,10,0.5,0.001,300,26.973333333333333,38,55696,185.65333333333336
successive,2,0.6677725409972481,0.9044642402771068,0.9064327485380116,133,,1,2,0.5,0.001,133,27.73684210526316,36,29769,223.82706766917292
successive,3,0.3013759159948677,0.9043731433458392,0.9064327485380116,217,12.0,1,2,log2,0.0001,217,12.0,12,84633,390.01382488479265
successive,3,0.2933540420053759,0.9043731433458392,0.9064327485380116,217,12.0,1,2,log2,1e-05,217,12.0,12,84771,390.64976958525347
successive,3,0.3068074170005275,0.9043731433458392,0.9064327485380116,217,12.0,1,2,log2,0.0,217,12.0,12,89215,411.1290322580645
successive,3,1.023620874999324,0.9042427227976334,0.9044834307992202,217,16.0,1,10,0.5,0.0001,217,16.0,16,35351,162.9078341013825
successive,3,1.009089417013456,0.9042427227976334,0.9044834307992202,217,16.0,1,10,0.5,1e-05,217,16.0,16,35379,163.036866359447
successive,3,0.9926586660003522,0.9042427227976334,0.9044834307992202,217,16.0,1,10,0.5,0.0,217,16.0,16,37121,171.06451612903226
successive,4,1.4394659579993458,0.9041585195097224,0.9064327485380116,300,,1,5,0.5,0.001,300,27.31,38,64428,214.76
successive,4,1.3564773749967571,0.903679391524604,0.9044834307992202,300,16.0,1,2,0.5,0.0001,300,16.0,16,69304,231.01333333333332
successive,4,1.3595707089989446,0.903679391524604,0.9044834307992202,300,16.0,1,2,0.5,1e-05,300,16.0,16,69308,231.02666666666667
successive,4,1.3578574590064818,0.903679391524604,0.9044834307992202,300,16.0,1,2,0.5,0.0,300,16.0,16,74330,247.76666666666668
successive,1,0.083236249993206,0.9036023380908844,0.9044834307992202,50,20.0,1,5,log2,0.0001,50,19.9,20,22546,450.92
successive,1,0.083479916997021,0.9036023380908844,0.9044834307992202,50,20.0,1,5,log2,1e-05,50,19.9,20,22644,452.88
successive,1,0.080633667006623,0.9036023380908844,0.9044834307992202,50,20.0,1,5,log2,0.0,50,19.9,20,23514,470.28
successive,2,0.6612412079994101,0.903508761766704,0.9044834307992202,133,20.0,1,5,0.5,0.0001,133,20.0,20,31051,233.46616541353384
successive,2,0.6692539170035161,0.903508761766704,0.9044834307992202,133,20.0,1,5,0.5,1e-05,133,20.0,20,31053,233.4812030075188
successive,2,0.6554303330049152,0.903508761766704,0.9044834307992202,133,20.0,1,5,0.5,0.0,133,20.0,20,32677,245.69172932330827
successive,1,0.2570707499980926,0.9034907581823016,0.9025341130604289,50,16.0,1,2,0.5,1e-05,50,16.0,16,11592,231.84
successive,1,0.2670704999909503,0.9034907581823016,0.9025341130604289,50,16.0,1,2,0.5,0.0001,50,16.0,16,11592,231.84
successive,1,0.2528525829984573,0.9034907581823016,0.9025341130604289,50,16.0,1,2,0.5,0.0,50,16.0,16,12394,247.88
successive,3,0.308637957990868,0.9033928516646612,0.9044834307992202,217,,1,5,log2,1e-05,217,23.350230414746544,34,101723,468.7695852534562
successive,3,0.2972480419994099,0.9033928516646612,0.9044834307992202,217,,1,5,log2,0.0,217,23.387096774193548,34,105703,487.110599078341
successive,1,0.2763442080031382,0.9032015172329728,0.9044834307992202,50,20.0,1,2,0.5,0.001,50,20.0,20,9672,193.44
successive,1,0.092415457998868,0.9031993881579594,0.9044834307992202,50,20.0,4,2,sqrt,0.0001,50,19.68,20,14432,288.64
successive,1,0.0967870829917956,0.9031993881579594,0.9044834307992202,50,20.0,4,5,sqrt,0.0001,50,19.68,20,14432,288.64
successive,1,0.0933345419907709,0.9031993881579594,0.9044834307992202,50,20.0,4,7,sqrt,0.0001,50,19.68,20,14432,288.64
successive,1,0.0988529580063186,0.9031993881579594,0.9044834307992202,50,20.0,4,2,sqrt,1e-05,50,19.72,20,14688,293.76
successive,1,0.0950819580029929,0.9031993881579594,0.9044834307992202,50,20.0,4,5,sqrt,1e-05,50,19.72,20,14688,293.76
successive,1,0.0992379160015843,0.9031993881579594,0.9044834307992202,50,20.0,4,7,sqrt,1e-05,50,19.72,20,14688,293.76
successive,1,0.0961892080085817,0.9031993881579594,0.9044834307992202,50,20.0,4,2,sqrt,0.0,50,19.74,20,15302,306.04
successive,1,0.0992594580020522,0.9031993881579594,0.9044834307992202,50,20.0,4,5,sqrt,0.0,50,19.74,20,15302,306.04
successive,1,0.0986797910009045,0.9031993881579594,0.9044834307992202,50,20.0,4,7,sqrt,0.0,50,19.74,20,15302,306.04
successive,2,0.1842271250061458,0.9031827043249732,0.9044834307992202,133,16.0,1,2,log2,0.001,133,15.954887218045112,16,41351,310.90977443609023
successive,3,0.3208420829905662,0.9031809470079544,0.9044834307992202,217,16.0,1,5,log2,0.0001,217,16.0,16,88169,406.3087557603687
successive,3,0.3147972919978201,0.9031809470079544,0.9044834307992202,217,16.0,1,5,log2,1e-05,217,16.0,16,88555,408.08755760368666
successive,3,0.3008377500082133,0.9031809470079544,0.9044834307992202,217,16.0,1,5,log2,0.0,217,16.0,16,91843,423.2396313364055
successive,3,0.3490910420077853,0.9031753228136796,0.9044834307992202,217,,1,10,sqrt,0.001,217,21.285714285714285,33,53287,245.56221198156683
successive,1,0.0945285420020809,0.903138891138646,0.9044834307992202,50,20.0,1,7,sqrt,0.0001,50,19.92,20,17042,340.84
successive,1,0.096531833987683,0.903138891138646,0.9044834307992202,50,20.0,1,7,sqrt,1e-05,50,19.92,20,17132,342.64
successive,1,0.0941967079997994,0.903138891138646,0.9044834307992202,50,20.0,1,7,sqrt,0.0,50,19.92,20,17720,354.4
successive,1,0.0924240409949561,0.9031061981915224,0.9044834307992202,50,,4,2,sqrt,0.0001,50,21.7,27,14836,296.72
successive,1,0.0943739999929675,0.9031061981915224,0.9044834307992202,50,,4,5,sqrt,0.0001,50,21.7,27,14836,296.72
successive,1,0.0968263749964535,0.9031061981915224,0.9044834307992202,50,,4,7,sqrt,0.0001,50,21.7,27,14836,296.72
successive,1,0.0921133330120937,0.9031061981915224,0.9044834307992202,50,,4,2,sqrt,1e-05,50,21.8,27,15116,302.32
successive,1,0.0968588340037968,0.9031061981915224,0.9044834307992202,50,,4,5,sqrt,1e-05,50,21.8,27,15116,302.32
successive,1,0.0894849999895086,0.9031061981915224,0.9044834307992202,50,,4,7,sqrt,1e-05,50,21.8,27,15116,302.32
successive,1,0.0959880419977707,0.9031061981915224,0.9044834307992202,50,,4,2,sqrt,0.0,50,21.86,27,15730,314.6
successive,1,0.0888330830057384,0.9031061981915224,0.9044834307992202,50,,4,5,sqrt,0.0,50,21.86,27,15730,314.6
successive,1,0.0927793339942582,0.9031061981915224,0.9044834307992202,50,,4,7,sqrt,0.0,50,21.86,27,15730,314.6
successive,2,0.1888408750091912,0.9030847353019084,0.9044834307992202,133,16.0,1,10,log2,0.0001,133,15.992481203007518,16,42035,316.05263157894734
successive,2,0.1844707080017542,0.9030847353019084,0.9044834307992202,133,16.0,1,10,log2,1e-05,133,15.992481203007518,16,42525,319.7368421052632
successive,2,0.1784967499988852,0.9030847353019084,0.9044834307992202,133,16.0,1,10,log2,0.0,133,15.992481203007518,16,43705,328.609022556391
successive,3,0.3355452089890605,0.903060935942155,0.9044834307992202,217,12.0,1,2,sqrt,0.001,217,12.0,12,45129,207.96774193548387
successive,4,1.396753582987003,0.9030523420959844,0.9044834307992202,300,20.0,1,10,0.5,0.001,300,19.97,20,49124,163.74666666666667
successive,2,0.1938282500050263,0.9030162513645404,0.9044834307992202,133,20.0,1,5,log2,0.001,133,19.31578947368421,20,42497,319.5263157894737
successive,3,0.3498441250121686,0.90297606677188,0.9044834307992202,217,16.0,1,10,sqrt,0.001,217,15.96774193548387,16,48415,223.110599078341
successive,4,0.3990818750025937,0.9029510862030748,0.9044834307992202,300,16.0,1,7,log2,0.001,300,15.973333333333333,16,82500,275.0
successive,4,0.4614149999979418,0.9029386590676222,0.9044834307992202,300,20.0,1,10,sqrt,0.001,300,19.38,20,71998,239.99333333333337
successive,2,0.6682981670019217,0.902887700972194,0.9044834307992202,133,20.0,1,2,0.5,0.001,133,19.99248120300752,20,25567,192.2330827067669
successive,1,0.0937959169968962,0.9028864400915684,0.9044834307992202,50,,1,7,sqrt,0.001,50,21.88,32,13596,271.92
successive,3,1.0386877919954711,0.902810760845998,0.9044834307992202,217,20.0,1,10,0.5,0.001,217,19.995391705069125,20,35503,163.6082949308756
successive,1,0.096867749991361,0.9026658402729216,0.9044834307992202,50,16.0,1,2,sqrt,0.001,50,15.98,16,13342,266.84
successive,2,0.2146086669963551,0.902559209974966,0.9044834307992202,133,20.0,1,7,sqrt,0.001,133,19.43609022556391,20,35815,269.2857142857143
successive,2,0.2159781249938532,0.9025527528491022,0.9044834307992202,133,,1,7,sqrt,0.001,133,21.398496240601503,32,36593,275.1353383458647
successive,3,1.0111012920096982,0.9025040565273532,0.9044834307992202,217,,4,2,0.5,0.0001,217,26.612903225806452,34,47261,217.7926267281106
successive,3,1.0011752920108847,0.9025040565273532,0.9044834307992202,217,,4,5,0.5,0.0001,217,26.612903225806452,34,47261,217.7926267281106
successive,3,1.0226017920067534,0.9025040565273532,0.9044834307992202,217,,4,7,0.5,0.0001,217,26.612903225806452,34,47261,217.7926267281106
successive,3,1.0402853750128995,0.9025040565273532,0.9044834307992202,217,,4,2,0.5,1e-05,217,26.65437788018433,34,47477,218.78801843317973
successive,3,1.0103793750022303,0.9025040565273532,0.9044834307992202,217,,4,5,0.5,1e-05,217,26.65437788018433,34,47477,218.78801843317973
successive,3,1.0070111250097398,0.9025040565273532,0.9044834307992202,217,,4,7,0.5,1e-05,217,26.65437788018433,34,47477,218.78801843317973
successive,3,1.0216878329956671,0.9025040565273532,0.9044834307992202,217,,4,2,0.5,0.0,217,26.68663594470046,34,50001,230.4193548387097
successive,3,1.0169437500007916,0.9025040565273532,0.9044834307992202,217,,4,5,0.5,0.0,217,26.68663594470046,34,50001,230.4193548387097
successive,3,1.028025166990119,0.9025040565273532,0.9044834307992202,217,,4,7,0.5,0.0,217,26.68663594470046,34,50001,230.4193548387097
successive,3,1.059406250002212,0.9024228104673784,0.9044834307992202,217,,1,10,0.5,0.001,217,26.930875576036865,38,40281,185.6267281105991
successive,3,1.0439392919943202,0.9023826139161744,0.9044834307992202,217,20.0,1,5,0.5,0.001,217,19.99078341013825,20,40599,187.0921658986175
successive,4,1.4169599169981666,0.9023778562593204,0.9044834307992202,300,20.0,1,5,0.5,0.001,300,19.99,20,56016,186.72
successive,3,1.058817708006245,0.9023112257856284,0.9044834307992202,217,,1,7,0.5,0.001,217,27.16589861751152,37,43587,200.86175115207377
successive,1,0.2653089999948861,0.9022300683244686,0.9044834307992202,50,,1,5,0.5,0.001,50,26.2,35,10648,212.96
successive,1,0.2568514169979607,0.902119995102038,0.9025341130604289,50,16.0,1,5,0.5,0.0001,50,16.0,16,9522,190.44
successive,1,0.2528634159971261,0.902119995102038,0.9025341130604289,50,16.0,1,5,0.5,1e-05,50,16.0,16,9524,190.48
successive,1,0.2705125840002438,0.902119995102038,0.9025341130604289,50,16.0,1,5,0.5,0.0,50,16.0,16,10016,200.32
successive,3,1.0733787909994137,0.9020662453788744,0.9044834307992202,217,,1,2,0.5,0.001,217,27.433179723502302,36,48581,223.87557603686636
successive,3,1.0609149580122903,0.9019871235489328,0.9044834307992202,217,,1,5,0.5,0.001,217,27.142857142857142,38,46529,214.4193548387097
successive,1,0.0949197500012815,0.901595447445986,0.9025341130604289,50,20.0,1,2,log2,0.001,50,19.4,20,16694,333.88
successive,2,0.1896279999928083,0.9015698142463352,0.9025341130604289,133,,1,5,log2,1e-05,133,23.44360902255639,34,62699,471.42105263157896
successive,2,0.1846674999978859,0.9015698142463352,0.9025341130604289,133,,1,5,log2,0.0,133,23.481203007518797,34,65161,489.9323308270677
successive,2,0.2027627080096863,0.9014761631861014,0.9025341130604289,133,12.0,1,5,sqrt,0.0001,133,12.0,12,34677,260.7293233082707
successive,2,0.2061306670075282,0.9014761631861014,0.9025341130604289,133,12.0,1,5,sqrt,1e-05,133,12.0,12,34767,261.406015037594
successive,2,0.2080897499981802,0.9014761631861014,0.9025341130604289,133,12.0,1,5,sqrt,0.0,133,12.0,12,36011,270.7593984962406
successive,3,0.3011525000038091,0.90136191938713,0.9025341130604289,217,16.0,1,7,log2,0.001,217,15.972350230414747,16,59869,275.89400921658984
successive,1,0.1132005419931374,0.9013204576637264,0.9025341130604289,50,12.0,4,2,sqrt,0.0001,50,12.0,12,10524,210.48
successive,1,0.0946068329940317,0.9013204576637264,0.9025341130604289,50,12.0,4,5,sqrt,0.0001,50,12.0,12,10524,210.48
successive,1,0.0976915840001311,0.9013204576637264,0.9025341130604289,50,12.0,4,7,sqrt,0.0001,50,12.0,12,10524,210.48
successive,2,0.2018368330027442,0.9013120292633836,0.9025341130604289,133,12.0,1,7,sqrt,0.0001,133,12.0,12,31487,236.74436090225564
successive,2,0.2050936670129886,0.9013120292633836,0.9025341130604289,133,12.0,1,7,sqrt,1e-05,133,12.0,12,31625,237.78195488721803
successive,2,0.2026060420030262,0.9013120292633836,0.9025341130604289,133,12.0,1,7,sqrt,0.0,133,12.0,12,32649,245.4812030075188
successive,3,0.2984830409986898,0.9012921374749604,0.9025341130604289,217,,1,5,log2,0.0001,217,23.34562211981567,34,101369,467.13824884792626
successive,1,0.264767832995858,0.901262682453302,0.9005847953216374,50,16.0,1,7,0.5,0.0001,50,16.0,16,8756,175.12
successive,1,0.2591080840065842,0.901262682453302,0.9005847953216374,50,16.0,1,7,0.5,1e-05,50,16.0,16,8758,175.16
successive,1,0.2572234590043081,0.901262682453302,0.9005847953216374,50,16.0,1,7,0.5,0.0,50,16.0,16,9220,184.4
successive,3,0.3054594169952906,0.9012541931095676,0.9025341130604289,217,12.0,1,5,log2,0.0001,217,12.0,12,64877,298.97235023041475
successive,3,0.29391570900043,0.9012541931095676,0.9025341130604289,217,12.0,1,5,log2,1e-05,217,12.0,12,65129,300.1336405529954
successive,3,0.2881254579988308,0.9012541931095676,0.9025341130604289,217,12.0,1,5,log2,0.0,217,12.0,12,67321,310.2350230414747
successive,2,0.1897277919924818,0.9012174988671512,0.9025341130604289,133,16.0,1,5,log2,0.0001,133,16.0,16,54175,407.3308270676692
successive,2,0.1907308749941876,0.9012174988671512,0.9025341130604289,133,16.0,1,5,log2,1e-05,133,16.0,16,54419,409.16541353383457
successive,2,0.1896396250085672,0.9012174988671512,0.9025341130604289,133,16.0,1,5,log2,0.0,133,16.0,16,56467,424.56390977443607
successive,1,0.092966541997157,0.90119982740611,0.9025341130604289,50,12.0,4,2,sqrt,1e-05,50,12.0,12,10686,213.72
successive,1,0.0952767089911503,0.90119982740611,0.9025341130604289,50,12.0,4,5,sqrt,1e-05,50,12.0,12,10686,213.72
successive,1,0.0974012919905362,0.90119982740611,0.9025341130604289,50,12.0,4,7,sqrt,1e-05,50,12.0,12,10686,213.72
successive,1,0.0922371250053402,0.90119982740611,0.9025341130604289,50,12.0,4,2,sqrt,0.0,50,12.0,12,11086,221.72
successive,1,0.0958812500030035,0.90119982740611,0.9025341130604289,50,12.0,4,5,sqrt,0.0,50,12.0,12,11086,221.72
successive,1,0.0931965420022606,0.90119982740611,0.9025341130604289,50,12.0,4,7,sqrt,0.0,50,12.0,12,11086,221.72
successive,1,0.2865467079973314,0.901102310556046,0.9025341130604289,50,20.0,1,5,0.5,0.001,50,19.98,20,9468,189.36
successive,3,0.3402759580058045,0.9010737318183916,0.9025341130604289,217,20.0,4,2,sqrt,0.0001,217,19.49769585253456,20,63769,293.8663594470046
successive,3,0.3321221670048544,0.9010737318183916,0.9025341130604289,217,20.0,4,5,sqrt,0.0001,217,19.49769585253456,20,63769,293.8663594470046
successive,3,0.3504463339922949,0.9010737318183916,0.9025341130604289,217,20.0,4,7,sqrt,0.0001,217,19.49769585253456,20,63769,293.8663594470046
successive,3,0.3441445409989683,0.9010737318183916,0.9025341130604289,217,20.0,4,2,sqrt,1e-05,217,19.52995391705069,20,64971,299.40552995391704
successive,3,0.3425561670010211,0.9010737318183916,0.9025341130604289,217,20.0,4,5,sqrt,1e-05,217,19.52995391705069,20,64971,299.40552995391704
successive,3,0.3399571670015575,0.9010737318183916,0.9025341130604289,217,20.0,4,7,sqrt,1e-05,217,19.52995391705069,20,64971,299.40552995391704
successive,3,0.3494095000060042,0.9010737318183916,0.9025341130604289,217,20.0,4,2,sqrt,0.0,217,19.543778801843317,20,67561,311.3410138248848
successive,3,0.3473897079966264,0.9010737318183916,0.9025341130604289,217,20.0,4,5,sqrt,0.0,217,19.543778801843317,20,67561,311.3410138248848
successive,3,0.3328915839956607,0.9010737318183916,0.9025341130604289,217,20.0,4,7,sqrt,0.0,217,19.543778801843317,20,67561,311.3410138248848
successive,3,0.995938499996555,0.901035850801598,0.9025341130604289,217,20.0,4,2,0.5,0.0001,217,19.995391705069125,20,42033,193.7004608294931
successive,3,0.9909614589996636,0.901035850801598,0.9025341130604289,217,20.0,4,5,0.5,0.0001,217,19.995391705069125,20,42033,193.7004608294931
successive,3,0.9813587910030036,0.901035850801598,0.9025341130604289,217,20.0,4,7,0.5,0.0001,217,19.995391705069125,20,42033,193.7004608294931
successive,3,0.9954102919873548,0.901035850801598,0.9025341130604289,217,20.0,4,2,0.5,1e-05,217,19.995391705069125,20,42197,194.45622119815667
successive,3,0.9986117090011248,0.901035850801598,0.9025341130604289,217,20.0,4,5,0.5,1e-05,217,19.995391705069125,20,42197,194.45622119815667
successive,3,1.0188387079979293,0.901035850801598,0.9025341130604289,217,20.0,4,7,0.5,1e-05,217,19.995391705069125,20,42197,194.45622119815667
successive,3,0.988398415996926,0.901035850801598,0.9025341130604289,217,20.0,4,2,0.5,0.0,217,19.995391705069125,20,44493,205.036866359447
successive,3,1.0220984169864096,0.901035850801598,0.9025341130604289,217,20.0,4,5,0.5,0.0,217,19.995391705069125,20,44493,205.036866359447
successive,3,0.994619666991639,0.901035850801598,0.9025341130604289,217,20.0,4,7,0.5,0.0,217,19.995391705069125,20,44493,205.036866359447
successive,4,0.4591920419916278,0.9010323437081376,0.9025341130604289,300,16.0,1,10,sqrt,0.001,300,15.976666666666668,16,66658,222.19333333333333
successive,4,1.3849794169946108,0.9009625648045212,0.9025341130604289,300,20.0,4,2,0.5,0.0001,300,19.993333333333332,20,58068,193.56
successive,4,1.389071249999688,0.9009625648045212,0.9025341130604289,300,20.0,4,5,0.5,0.0001,300,19.993333333333332,20,58068,193.56
successive,4,1.366848250007024,0.9009625648045212,0.9025341130604289,300,20.0,4,7,0.5,0.0001,300,19.993333333333332,20,58068,193.56
successive,4,1.3611743330111494,0.9009625648045212,0.9025341130604289,300,20.0,4,2,0.5,1e-05,300,19.993333333333332,20,58280,194.26666666666668
successive,4,1.370088374998886,0.9009625648045212,0.9025341130604289,300,20.0,4,5,0.5,1e-05,300,19.993333333333332,20,58280,194.26666666666668
successive,4,1.3538355420023436,0.9009625648045212,0.9025341130604289,300,20.0,4,7,0.5,1e-05,300,19.993333333333332,20,58280,194.26666666666668
successive,4,1.3716972500114937,0.9009625648045212,0.9025341130604289,300,20.0,4,2,0.5,0.0,300,19.993333333333332,20,61438,204.79333333333332
successive,2,0.1887094999983674,0.9009542216988952,0.9025341130604289,133,,1,5,log2,0.001,133,20.94736842105263,30,43181,324.6691729323308
successive,2,0.2004605419933796,0.900840399083774,0.9025341130604289,133,20.0,4,10,sqrt,0.0001,133,19.18796992481203,20,35973,270.4736842105263
successive,2,0.2096932089916663,0.900840399083774,0.9025341130604289,133,20.0,4,10,sqrt,1e-05,133,19.21804511278195,20,36611,275.2706766917293
successive,2,0.2008914589969208,0.900840399083774,0.9025341130604289,133,20.0,4,10,sqrt,0.0,133,19.23308270676692,20,37955,285.37593984962405
successive,3,0.3136675830028252,0.9008395586806508,0.9025341130604289,217,16.0,1,2,log2,0.001,217,15.963133640552996,16,67401,310.6036866359447
successive,3,0.355403749999823,0.900760232002822,0.9025341130604289,217,,1,7,sqrt,0.001,217,21.672811059907833,33,59945,276.2442396313364
successive,2,0.6571010000043316,0.900741643667524,0.9025341130604289,133,20.0,1,10,0.5,0.001,133,20.0,20,21629,162.62406015037595
successive,2,0.2031490420049522,0.900670359526073,0.9025341130604289,133,,4,10,sqrt,1e-05,133,20.458646616541355,28,37051,278.57894736842104
successive,2,0.2048306669894373,0.900670359526073,0.9025341130604289,133,,4,10,sqrt,0.0,133,20.49624060150376,28,38453,289.1203007518797
successive,2,0.20424558299419,0.9006475272923703,0.9025341130604289,133,,4,2,sqrt,0.0001,133,21.36842105263158,29,39815,299.3609022556391
successive,2,0.2136511249991599,0.9006475272923703,0.9025341130604289,133,,4,5,sqrt,0.0001,133,21.36842105263158,29,39815,299.3609022556391
successive,2,0.2131544580042828,0.9006475272923703,0.9025341130604289,133,,4,7,sqrt,0.0001,133,21.36842105263158,29,39815,299.3609022556391
successive,2,0.2119215409911703,0.9006475272923703,0.9025341130604289,133,,4,2,sqrt,1e-05,133,21.49624060150376,29,40627,305.4661654135338
successive,2,0.2314376669964986,0.9006475272923703,0.9025341130604289,133,,4,5,sqrt,1e-05,133,21.49624060150376,29,40627,305.4661654135338
successive,2,0.2110141669982113,0.9006475272923703,0.9025341130604289,133,,4,7,sqrt,1e-05,133,21.49624060150376,29,40627,305.4661654135338
successive,2,0.2149656669935211,0.9006475272923703,0.9025341130604289,133,,4,2,sqrt,0.0,133,21.571428571428573,29,42239,317.5864661654135
successive,2,0.2023718749987892,0.9006475272923703,0.9025341130604289,133,,4,5,sqrt,0.0,133,21.571428571428573,29,42239,317.5864661654135
successive,2,0.2014166659937473,0.9006475272923703,0.9025341130604289,133,,4,7,sqrt,0.0,133,21.571428571428573,29,42239,317.5864661654135
successive,1,0.2639070829900447,0.9002589025365921,0.9025341130604289,50,,1,7,0.5,0.001,50,27.38,33,10050,201.0
successive,4,1.349116083001718,0.9002008307741564,0.9005847953216374,300,16.0,1,10,0.5,0.0001,300,16.0,16,49174,163.91333333333333
successive,4,1.3471212090080371,0.9002008307741564,0.9005847953216374,300,16.0,1,10,0.5,1e-05,300,16.0,16,49210,164.03333333333333
successive,4,1.3639621670008637,0.9002008307741564,0.9005847953216374,300,16.0,1,10,0.5,0.0,300,16.0,16,51630,172.1
successive,4,1.355049042002065,0.9002008307741564,0.9005847953216374,300,16.0,1,7,0.5,0.0001,300,16.0,16,52560,175.2
successive,4,1.349808374987333,0.9002008307741564,0.9005847953216374,300,16.0,1,7,0.5,1e-05,300,16.0,16,52586,175.28666666666666
successive,4,1.365016833995469,0.9002008307741564,0.9005847953216374,300,16.0,1,7,0.5,0.0,300,16.0,16,55266,184.22
successive,3,0.9944777919881744,0.9001917038943456,0.9005847953216374,217,16.0,1,5,0.5,0.0001,217,16.0,16,40783,187.94009216589865
successive,3,1.0123930830013703,0.9001917038943456,0.9005847953216374,217,16.0,1,5,0.5,1e-05,217,16.0,16,40789,187.96774193548387
successive,3,0.9868433329975232,0.9001917038943456,0.9005847953216374,217,16.0,1,5,0.5,0.0,217,16.0,16,43025,198.27188940092165
successive,3,1.0375418749899836,0.900128734747712,0.9025341130604289,217,20.0,1,2,0.5,0.001,217,19.99078341013825,20,41781,192.53917050691248
successive,2,0.6505807090143207,0.8999054165204645,0.9025341130604289,133,,1,7,0.5,0.001,133,27.045112781954888,37,26709,200.8195488721805
successive,2,0.1919235000095795,0.89963942543435,0.9005847953216374,133,,1,5,log2,0.0001,133,23.44360902255639,34,62489,469.8421052631579
successive,2,0.1915018750005401,0.899631340446513,0.9005847953216374,133,20.0,1,10,log2,0.0001,133,19.43609022556391,20,45371,341.1353383458647
successive,2,0.1821367079974152,0.899631340446513,0.9005847953216374,133,20.0,1,10,log2,1e-05,133,19.458646616541355,20,45883,344.98496240601503
successive,2,0.2091513339983066,0.899631340446513,0.9005847953216374,133,20.0,1,10,log2,0.0,133,19.48872180451128,20,47209,354.9548872180451
successive,1,0.0845405830041272,0.8995252854468828,0.9005847953216374,50,,1,2,log2,0.001,50,20.98,27,16972,339.44
successive,1,0.0919967919908231,0.8994905924285536,0.9005847953216374,50,16.0,1,2,log2,0.001,50,15.98,16,15244,304.88
successive,1,0.094712417005212,0.8994629227163227,0.9005847953216374,50,20.0,4,10,sqrt,1e-05,50,19.34,20,13588,271.76
successive,1,0.0897111250087618,0.8994629227163227,0.9005847953216374,50,20.0,4,10,sqrt,0.0,50,19.36,20,14072,281.44
successive,3,0.298429832997499,0.8994197886399059,0.9005847953216374,217,16.0,1,10,log2,0.0001,217,15.995391705069125,16,68223,314.39170506912444
successive,3,0.2963735420053126,0.8994197886399059,0.9005847953216374,217,16.0,1,10,log2,1e-05,217,15.995391705069125,16,69029,318.10599078341016
successive,3,0.2928926250024233,0.8994197886399059,0.9005847953216374,217,16.0,1,10,log2,0.0,217,15.995391705069125,16,71083,327.57142857142856
successive,1,0.0973279580066446,0.8993999455727584,0.9005847953216374,50,12.0,1,7,sqrt,0.0001,50,12.0,12,11300,226.0
successive,1,0.0950500839971937,0.8993999455727584,0.9005847953216374,50,12.0,1,7,sqrt,1e-05,50,12.0,12,11352,227.04
successive,1,0.0951169590116478,0.8993999455727584,0.9005847953216374,50,12.0,1,7,sqrt,0.0,50,12.0,12,11710,234.2
successive,3,0.3116655829944648,0.8993983001663742,0.9005847953216374,217,20.0,1,10,log2,0.0001,217,19.557603686635943,20,73609,339.21198156682027
successive,3,0.3097855420055566,0.8993983001663742,0.9005847953216374,217,20.0,1,10,log2,1e-05,217,19.571428571428573,20,74443,343.0552995391705
successive,3,0.2992351249995408,0.8993983001663742,0.9005847953216374,217,20.0,1,10,log2,0.0,217,19.589861751152075,20,76675,353.3410138248848
successive,3,0.3046610829915153,0.8993656610300118,0.9005847953216374,217,20.0,1,2,log2,0.001,217,19.225806451612904,20,72249,332.9447004608295
successive,4,0.464613542004372,0.8993508321397822,0.9005847953216374,300,,1,10,sqrt,0.001,300,21.3,33,73698,245.66
successive,1,0.2668628339888528,0.8993292475651955,0.9005847953216374,50,20.0,1,10,0.5,0.001,50,20.0,20,8186,163.72
successive,1,0.0959425829933025,0.8992746212155879,0.9005847953216374,50,16.0,4,2,sqrt,0.0001,50,16.0,16,13116,262.32
successive,1,0.0921330840064911,0.8992746212155879,0.9005847953216374,50,16.0,4,5,sqrt,0.0001,50,16.0,16,13116,262.32
successive,1,0.0931504589971154,0.8992746212155879,0.9005847953216374,50,16.0,4,7,sqrt,0.0001,50,16.0,16,13116,262.32
successive,1,0.0957735830015735,0.8992746212155879,0.9005847953216374,50,16.0,4,2,sqrt,1e-05,50,16.0,16,13350,267.0
successive,1,0.0961104999878443,0.8992746212155879,0.9005847953216374,50,16.0,4,5,sqrt,1e-05,50,16.0,16,13350,267.0
successive,1,0.0962019580038031,0.8992746212155879,0.9005847953216374,50,16.0,4,7,sqrt,1e-05,50,16.0,16,13350,267.0
successive,1,0.0956313750066328,0.8992746212155879,0.9005847953216374,50,16.0,4,2,sqrt,0.0,50,16.0,16,13904,278.08
successive,1,0.0926607500005047,0.8992746212155879,0.9005847953216374,50,16.0,4,5,sqrt,0.0,50,16.0,16,13904,278.08
successive,1,0.0945357919990783,0.8992746212155879,0.9005847953216374,50,16.0,4,7,sqrt,0.0,50,16.0,16,13904,278.08
successive,4,0.3997189579968108,0.8990762288802829,0.9005847953216374,300,12.0,1,5,log2,0.0001,300,12.0,12,90242,300.8066666666667
successive,4,0.3993174159986665,0.8990762288802829,0.9005847953216374,300,12.0,1,5,log2,1e-05,300,12.0,12,90612,302.04
successive,4,0.3992283749976195,0.8990762288802829,0.9005847953216374,300,12.0,1,5,log2,0.0,300,12.0,12,93724,312.41333333333336
successive,3,0.3483681660000002,0.8990223243103311,0.9005847953216374,217,12.0,1,7,sqrt,0.0001,217,12.0,12,51423,236.97235023041475
successive,3,0.3370702500105835,0.8990223243103311,0.9005847953216374,217,12.0,1,7,sqrt,1e-05,217,12.0,12,51643,237.98617511520737
successive,3,0.3293287089909427,0.8990223243103311,0.9005847953216374,217,12.0,1,7,sqrt,0.0,217,12.0,12,53311,245.67281105990784
successive,2,0.2152551670005777,0.8989310644097883,0.9005847953216374,133,16.0,1,10,sqrt,0.001,133,15.954887218045112,16,29753,223.70676691729324
successive,3,0.342905207988224,0.8989207202401492,0.9005847953216374,217,12.0,1,10,sqrt,0.0001,217,12.0,12,46315,213.4331797235023
successive,3,0.3292882079986157,0.8989207202401492,0.9005847953216374,217,12.0,1,10,sqrt,1e-05,217,12.0,12,46567,214.59447004608296
successive,3,0.3262043750000885,0.8989207202401492,0.9005847953216374,217,12.0,1,10,sqrt,0.0,217,12.0,12,47987,221.13824884792623
successive,3,0.3093189159990288,0.898871566887965,0.9005847953216374,217,20.0,1,7,log2,0.001,217,19.110599078341014,20,64615,297.7649769585253
successive,3,0.3027334999933373,0.8988432272468393,0.9005847953216374,217,,1,7,log2,0.001,217,20.46082949308756,30,65691,302.7235023041475
successive,1,0.0822310419898713,0.8987338653969384,0.9005847953216374,50,12.0,1,2,log2,0.0001,50,12.0,12,19218,384.36
successive,1,0.0822083330131135,0.8987338653969384,0.9005847953216374,50,12.0,1,2,log2,1e-05,50,12.0,12,19242,384.84
successive,1,0.0832504999998491,0.8987338653969384,0.9005847953216374,50,12.0,1,2,log2,0.0,50,12.0,12,20228,404.56
successive,3,1.0423063750058643,0.8987021276168111,0.9005847953216374,217,20.0,1,7,0.5,0.001,217,19.963133640552996,20,38193,176.00460829493088
successive,2,0.2116562500013969,0.8986859392265785,0.9005847953216374,133,,4,10,sqrt,0.0001,133,20.37593984962406,28,36405,273.7218045112782
successive,3,0.3514184169907821,0.8986703686063382,0.9005847953216374,217,20.0,1,7,sqrt,0.001,217,19.46082949308756,20,58617,270.12442396313367
successive,3,0.347781832999317,0.8985000638906102,0.9005847953216374,217,16.0,1,7,sqrt,0.001,217,15.986175115207374,16,53543,246.74193548387095
successive,2,0.6304269999964163,0.8983709593273885,0.9005847953216374,133,,4,2,0.5,0.0001,133,26.57894736842105,32,28853,216.93984962406017
successive,2,0.6497439999948256,0.8983709593273885,0.9005847953216374,133,,4,5,0.5,0.0001,133,26.57894736842105,32,28853,216.93984962406017
successive,2,0.6238371660001576,0.8983709593273885,0.9005847953216374,133,,4,7,0.5,0.0001,133,26.57894736842105,32,28853,216.93984962406017
successive,2,0.6237910840136465,0.8983709593273885,0.9005847953216374,133,,4,2,0.5,1e-05,133,26.616541353383457,32,28965,217.78195488721803
successive,2,0.6237313750025351,0.8983709593273885,0.9005847953216374,133,,4,5,0.5,1e-05,133,26.616541353383457,32,28965,217.78195488721803
successive,2,0.651309166001738,0.8983709593273885,0.9005847953216374,133,,4,7,0.5,1e-05,133,26.616541353383457,32,28965,217.78195488721803
successive,2,0.6207748330052709,0.8983709593273885,0.9005847953216374,133,,4,2,0.5,0.0,133,26.639097744360903,32,30505,229.3609022556391
successive,2,0.6367689589969814,0.8983709593273885,0.9005847953216374,133,,4,5,0.5,0.0,133,26.639097744360903,32,30505,229.3609022556391
successive,2,0.6279034999897704,0.8983709593273885,0.9005847953216374,133,,4,7,0.5,0.0,133,26.639097744360903,32,30505,229.3609022556391
successive,2,0.6488446250004927,0.8982447358417187,0.9005847953216374,133,,1,5,0.5,0.001,133,26.909774436090224,36,28407,213.58646616541353
successive,2,0.6387354170001345,0.8980257989971202,0.9005847953216374,133,20.0,1,7,0.5,0.001,133,19.94736842105263,20,23527,176.89473684210526
successive,2,0.6191233330027899,0.8978353574247332,0.898635477582846,133,16.0,1,7,0.5,0.0001,133,16.0,16,23297,175.1654135338346
successive,2,0.6183752920042025,0.8978353574247332,0.898635477582846,133,16.0,1,7,0.5,1e-05,133,16.0,16,23307,175.2406015037594
successive,2,0.6188726249965839,0.8978353574247332,0.898635477582846,133,16.0,1,7,0.5,0.0,133,16.0,16,24523,184.38345864661653
successive,3,0.3086802080069901,0.8974656005493153,0.898635477582846,217,,1,2,log2,0.001,217,20.829493087557605,27,73849,340.31797235023043
successive,2,0.2117165829986333,0.8973200422726871,0.898635477582846,133,16.0,4,2,sqrt,0.0001,133,15.992481203007518,16,35713,268.5187969924812
successive,2,0.2109654170053545,0.8973200422726871,0.898635477582846,133,16.0,4,5,sqrt,0.0001,133,15.992481203007518,16,35713,268.5187969924812
successive,2,0.2034858330007409,0.8973200422726871,0.898635477582846,133,16.0,4,7,sqrt,0.0001,133,15.992481203007518,16,35713,268.5187969924812
successive,2,0.2047644999984186,0.8973200422726871,0.898635477582846,133,16.0,4,2,sqrt,1e-05,133,15.992481203007518,16,36373,273.4812030075188
successive,2,0.2063302919996203,0.8973200422726871,0.898635477582846,133,16.0,4,5,sqrt,1e-05,133,15.992481203007518,16,36373,273.4812030075188
successive,2,0.212790749996202,0.8973200422726871,0.898635477582846,133,16.0,4,7,sqrt,1e-05,133,15.992481203007518,16,36373,273.4812030075188
successive,2,0.2016177500045159,0.8973200422726871,0.898635477582846,133,16.0,4,2,sqrt,0.0,133,15.992481203007518,16,37789,284.1278195488722
successive,2,0.2078772499953629,0.8973200422726871,0.898635477582846,133,16.0,4,5,sqrt,0.0,133,15.992481203007518,16,37789,284.1278195488722
successive,2,0.1992899160104571,0.8973200422726871,0.898635477582846,133,16.0,4,7,sqrt,0.0,133,15.992481203007518,16,37789,284.1278195488722
successive,1,0.0916355000081239,0.8972902963694677,0.898635477582846,50,20.0,4,10,sqrt,0.0001,50,19.32,20,13350,267.0
successive,1,0.0774655830027768,0.8972525829115051,0.898635477582846,50,16.0,1,7,log2,0.001,50,15.98,16,13590,271.8
successive,2,0.2174052500049583,0.897251275981102,0.898635477582846,133,20.0,1,10,sqrt,0.001,133,19.30827067669173,20,31907,239.90225563909777
successive,2,0.1887903749884572,0.8970201510487801,0.898635477582846,133,,1,7,log2,0.001,133,20.56390977443609,30,40359,303.45112781954884
successive,1,0.0949332080053864,0.8969923428410632,0.898635477582846,50,16.0,1,7,sqrt,0.001,50,16.0,16,11832,236.64
successive,2,0.1911534579994622,0.8969874186219637,0.898635477582846,133,20.0,1,7,log2,0.001,133,19.1203007518797,20,39667,298.2481203007519
successive,2,0.608861209009774,0.8969323293597989,0.898635477582846,133,20.0,4,2,0.5,0.0001,133,19.99248120300752,20,25645,192.8195488721805
successive,2,0.6112646249966929,0.8969323293597989,0.898635477582846,133,20.0,4,5,0.5,0.0001,133,19.99248120300752,20,25645,192.8195488721805
successive,2,0.6163349999987986,0.8969323293597989,0.898635477582846,133,20.0,4,7,0.5,0.0001,133,19.99248120300752,20,25645,192.8195488721805
successive,2,0.6240805839915993,0.8969323293597989,0.898635477582846,133,20.0,4,2,0.5,1e-05,133,19.99248120300752,20,25731,193.46616541353384
successive,2,0.6146192919986788,0.8969323293597989,0.898635477582846,133,20.0,4,5,0.5,1e-05,133,19.99248120300752,20,25731,193.46616541353384
successive,2,0.6083694170083618,0.8969323293597989,0.898635477582846,133,20.0,4,7,0.5,1e-05,133,19.99248120300752,20,25731,193.46616541353384
successive,2,0.6263018749887124,0.8969323293597989,0.898635477582846,133,20.0,4,2,0.5,0.0,133,19.99248120300752,20,27125,203.94736842105263
successive,2,0.6072565419890452,0.8969323293597989,0.898635477582846,133,20.0,4,5,0.5,0.0,133,19.99248120300752,20,27125,203.94736842105263
successive,2,0.6128360000002431,0.8969323293597989,0.898635477582846,133,20.0,4,7,0.5,0.0,133,19.99248120300752,20,27125,203.94736842105263
successive,2,0.178155166999204,0.896906803777999,0.898635477582846,133,12.0,1,2,log2,0.0001,133,12.0,12,51797,389.4511278195488
successive,2,0.1845497920003254,0.896906803777999,0.898635477582846,133,12.0,1,2,log2,1e-05,133,12.0,12,51889,390.1428571428572
successive,2,0.1812833750009304,0.896906803777999,0.898635477582846,133,12.0,1,2,log2,0.0,133,12.0,12,54619,410.6691729323308
successive,3,0.3411220420093741,0.8967937343586952,0.898635477582846,217,20.0,4,10,sqrt,0.0001,217,19.24423963133641,20,58697,270.4930875576037
successive,3,0.3474450840003555,0.8967937343586952,0.898635477582846,217,20.0,4,10,sqrt,1e-05,217,19.27188940092166,20,59701,275.11981566820276
successive,3,0.3368305829935707,0.8967937343586952,0.898635477582846,217,20.0,4,10,sqrt,0.0,217,19.285714285714285,20,61949,285.47926267281105
successive,2,0.1785845830017933,0.8967088562985933,0.898635477582846,133,16.0,1,7,log2,0.001,133,15.977443609022556,16,36697,275.9172932330827
successive,2,0.2060979580128332,0.8966950873395291,0.898635477582846,133,16.0,1,7,sqrt,0.001,133,15.992481203007518,16,32569,244.8796992481203
successive,4,0.4539212079980643,0.8966421394857682,0.898635477582846,300,20.0,4,2,sqrt,1e-05,300,19.503333333333337,20,89650,298.8333333333333
successive,4,0.4849668749957345,0.8966421394857682,0.898635477582846,300,20.0,4,5,sqrt,1e-05,300,19.503333333333337,20,89650,298.8333333333333
successive,4,0.4654432499955874,0.8966421394857682,0.898635477582846,300,20.0,4,7,sqrt,1e-05,300,19.503333333333337,20,89650,298.8333333333333
successive,4,0.4495445000065956,0.8966421394857682,0.898635477582846,300,20.0,4,2,sqrt,0.0,300,19.523333333333333,20,93256,310.85333333333335
successive,4,0.4417629160016076,0.8966421394857682,0.898635477582846,300,20.0,4,5,sqrt,0.0,300,19.523333333333333,20,93256,310.85333333333335
successive,4,0.4402390000032028,0.8966421394857682,0.898635477582846,300,20.0,4,7,sqrt,0.0,300,19.523333333333333,20,93256,310.85333333333335
successive,1,0.2889135000004899,0.8966262281303119,0.898635477582846,50,,4,2,0.5,0.0001,50,26.7,32,10794,215.88
successive,1,0.2666676250082673,0.8966262281303119,0.898635477582846,50,,4,5,0.5,0.0001,50,26.7,32,10794,215.88
successive,1,0.2632909999956609,0.8966262281303119,0.898635477582846,50,,4,7,0.5,0.0001,50,26.7,32,10794,215.88
successive,1,0.2661443329998292,0.8966262281303119,0.898635477582846,50,,4,2,0.5,1e-05,50,26.74,32,10840,216.8
successive,1,0.2769454590015812,0.8966262281303119,0.898635477582846,50,,4,5,0.5,1e-05,50,26.74,32,10840,216.8
successive,1,0.2579597909934819,0.8966262281303119,0.898635477582846,50,,4,7,0.5,1e-05,50,26.74,32,10840,216.8
successive,1,0.2621001250081463,0.8966262281303119,0.898635477582846,50,,4,2,0.5,0.0,50,26.74,32,11414,228.28
successive,1,0.2660095829924103,0.8966262281303119,0.898635477582846,50,,4,5,0.5,0.0,50,26.74,32,11414,228.28
successive,1,0.268679290995351,0.8966262281303119,0.898635477582846,50,,4,7,0.5,0.0,50,26.74,32,11414,228.28
successive,4,1.383676249999553,0.8966200561119186,0.898635477582846,300,,4,2,0.5,0.0001,300,26.67,34,65420,218.06666666666663
successive,4,1.4038298750092508,0.8966200561119186,0.898635477582846,300,,4,5,0.5,0.0001,300,26.67,34,65420,218.06666666666663
successive,4,1.3664417500112904,0.8966200561119186,0.898635477582846,300,,4,7,0.5,0.0001,300,26.67,34,65420,218.06666666666663
successive,4,1.3713141250045735,0.8966200561119186,0.898635477582846,300,,4,2,0.5,1e-05,300,26.71,34,65702,219.00666666666663
successive,4,1.380474375007907,0.8966200561119186,0.898635477582846,300,,4,5,0.5,1e-05,300,26.71,34,65702,219.00666666666663
successive,4,1.4032075840077596,0.8966200561119186,0.898635477582846,300,,4,7,0.5,1e-05,300,26.71,34,65702,219.00666666666663
successive,4,1.4035386249888688,0.8966200561119186,0.898635477582846,300,,4,2,0.5,0.0,300,26.743333333333332,34,69170,230.56666666666663
successive,4,1.3685368329897756,0.8966200561119186,0.898635477582846,300,,4,5,0.5,0.0,300,26.743333333333332,34,69170,230.56666666666663
successive,4,1.373267749993829,0.8966200561119186,0.898635477582846,300,,4,7,0.5,0.0,300,26.743333333333332,34,69170,230.56666666666663
successive,1,0.103635833991575,0.8966190740548341,0.898635477582846,50,,1,10,sqrt,0.001,50,21.36,28,12182,243.64
successive,1,0.0918442080001114,0.8965971648307283,0.898635477582846,50,,1,7,log2,0.001,50,20.9,27,14954,299.08
successive,1,0.2591398330114316,0.8964273500050002,0.898635477582846,50,20.0,4,2,0.5,0.0001,50,20.0,20,9568,191.36
successive,1,0.2653430419886717,0.8964273500050002,0.898635477582846,50,20.0,4,5,0.5,0.0001,50,20.0,20,9568,191.36
successive,1,0.2678722909913631,0.8964273500050002,0.898635477582846,50,20.0,4,7,0.5,0.0001,50,20.0,20,9568,191.36
successive,1,0.2613560419995338,0.8964273500050002,0.898635477582846,50,20.0,4,2,0.5,1e-05,50,20.0,20,9608,192.16
successive,1,0.2604435829998692,0.8964273500050002,0.898635477582846,50,20.0,4,5,0.5,1e-05,50,20.0,20,9608,192.16
successive,1,0.2634926250029821,0.8964273500050002,0.898635477582846,50,20.0,4,7,0.5,1e-05,50,20.0,20,9608,192.16
successive,1,0.2903382499935105,0.8964273500050002,0.898635477582846,50,20.0,4,2,0.5,0.0,50,20.0,20,10136,202.72
successive,1,0.2600229169911472,0.8964273500050002,0.898635477582846,50,20.0,4,5,0.5,0.0,50,20.0,20,10136,202.72
successive,1,0.2562865410000086,0.8964273500050002,0.898635477582846,50,20.0,4,7,0.5,0.0,50,20.0,20,10136,202.72
successive,3,0.3112190000101691,0.896326473708036,0.898635477582846,217,,1,5,log2,0.001,217,20.95391705069125,30,69913,322.17972350230417
successive,1,0.2651312910020351,0.8960979950982496,0.8947368421052632,50,16.0,1,10,0.5,0.0001,50,16.0,16,8128,162.56
successive,1,0.2534022909967461,0.8960979950982496,0.8947368421052632,50,16.0,1,10,0.5,1e-05,50,16.0,16,8138,162.76
successive,1,0.2614166249986738,0.8960979950982496,0.8947368421052632,50,16.0,1,10,0.5,0.0,50,16.0,16,8512,170.24
successive,2,0.6154654580022907,0.8959765974939157,0.8966861598440545,133,16.0,1,5,0.5,0.0001,133,16.0,16,24883,187.09022556390977
successive,2,0.6153938329953235,0.8959765974939157,0.8966861598440545,133,16.0,1,5,0.5,1e-05,133,16.0,16,24885,187.1052631578947
successive,2,0.6134352920053061,0.8959765974939157,0.8966861598440545,133,16.0,1,5,0.5,0.0,133,16.0,16,26221,197.1503759398496
successive,1,0.0835801660141442,0.895901369500291,0.8966861598440545,50,12.0,1,5,log2,0.001,50,12.0,12,11064,221.28
successive,1,0.0808902499993564,0.8957602269545863,0.8966861598440545,50,,1,5,log2,0.0001,50,23.72,34,23370,467.4
successive,1,0.0836624999938067,0.8957602269545863,0.8966861598440545,50,,1,5,log2,1e-05,50,23.72,34,23460,469.2
successive,1,0.0923674590012524,0.8957602269545863,0.8966861598440545,50,,1,5,log2,0.0,50,23.8,34,24358,487.16
successive,1,0.0807836669991957,0.8957239411198051,0.8966861598440545,50,16.0,1,10,log2,0.0001,50,15.98,16,15738,314.76
successive,1,0.0824805830052355,0.8956355535655084,0.8966861598440545,50,,1,10,log2,0.0001,50,21.4,27,17338,346.76
successive,3,0.9499026670091552,0.895596949997106,0.8966861598440545,217,16.0,4,2,0.5,0.0001,217,16.0,16,34789,160.3179723502304
successive,3,0.9644300840009236,0.895596949997106,0.8966861598440545,217,16.0,4,5,0.5,0.0001,217,16.0,16,34789,160.3179723502304
successive,3,0.96023908299685,0.895596949997106,0.8966861598440545,217,16.0,4,7,0.5,0.0001,217,16.0,16,34789,160.3179723502304
successive,3,0.9441959169926122,0.895596949997106,0.8966861598440545,217,16.0,4,2,0.5,1e-05,217,16.0,16,34895,160.80645161290323
successive,3,0.97159637499135,0.895596949997106,0.8966861598440545,217,16.0,4,5,0.5,1e-05,217,16.0,16,34895,160.80645161290323
successive,3,0.9622129580093316,0.895596949997106,0.8966861598440545,217,16.0,4,7,0.5,1e-05,217,16.0,16,34895,160.80645161290323
successive,3,0.9792923330096528,0.895596949997106,0.8966861598440545,217,16.0,4,2,0.5,0.0,217,16.0,16,36869,169.90322580645162
successive,3,0.9581861659971764,0.895596949997106,0.8966861598440545,217,16.0,4,5,0.5,0.0,217,16.0,16,36869,169.90322580645162
successive,3,0.9630336669943064,0.895596949997106,0.8966861598440545,217,16.0,4,7,0.5,0.0,217,16.0,16,36869,169.90322580645162
successive,2,0.2178269580035703,0.8953091728049487,0.8966861598440545,133,,1,10,sqrt,0.001,133,21.25563909774436,33,32591,245.04511278195488
successive,3,1.0320861670043089,0.8951391180482003,0.8966861598440545,217,16.0,1,10,0.5,0.001,217,16.0,16,29483,135.8663594470046
successive,3,0.3402320409950334,0.8951089024928798,0.8966861598440545,217,16.0,4,10,sqrt,0.0001,217,15.981566820276498,16,54405,250.71428571428572
successive,3,0.3335036250064149,0.8951089024928798,0.8966861598440545,217,16.0,4,10,sqrt,1e-05,217,15.981566820276498,16,55187,254.3179723502304
successive,3,0.3400665420049336,0.8951089024928798,0.8966861598440545,217,16.0,4,10,sqrt,0.0,217,15.986175115207374,16,57259,263.8663594470046
successive,2,0.2200120000052265,0.8950106292293725,0.8966861598440545,133,16.0,4,10,sqrt,0.0001,133,15.977443609022556,16,33347,250.72932330827064
successive,2,0.2040189169929362,0.8950106292293725,0.8966861598440545,133,16.0,4,10,sqrt,1e-05,133,15.977443609022556,16,33849,254.50375939849624
successive,2,0.2089825840084813,0.8950106292293725,0.8966861598440545,133,16.0,4,10,sqrt,0.0,133,15.984962406015038,16,35139,264.203007518797
successive,2,0.6595154160022503,0.8948560307678532,0.8966861598440545,133,20.0,1,5,0.5,0.001,133,19.99248120300752,20,24853,186.86466165413535
successive,3,0.3066113749955548,0.8948395020855567,0.8966861598440545,217,20.0,1,10,log2,0.001,217,19.0,20,57865,266.6589861751152
successive,2,0.2130498750047991,0.894809388285582,0.8966861598440545,133,12.0,1,2,sqrt,0.001,133,12.0,12,27871,209.5563909774436
successive,1,0.0935119170026155,0.8947827823552166,0.8966861598440545,50,20.0,1,10,sqrt,0.001,50,19.34,20,11848,236.96
successive,3,0.9947503750008764,0.894768475433845,0.8966861598440545,217,20.0,4,2,0.5,0.001,217,19.99078341013825,20,32817,151.23041474654377
successive,3,0.9988848329958272,0.894768475433845,0.8966861598440545,217,20.0,4,5,0.5,0.001,217,19.99078341013825,20,32817,151.23041474654377
successive,3,1.0500102920050267,0.894768475433845,0.8966861598440545,217,20.0,4,7,0.5,0.001,217,19.99078341013825,20,32817,151.23041474654377
successive,4,0.4875470420083729,0.8947553428306695,0.8966861598440545,300,20.0,4,2,sqrt,0.0001,300,19.466666666666665,20,87948,293.16
successive,4,0.452302250007051,0.8947553428306695,0.8966861598440545,300,20.0,4,5,sqrt,0.0001,300,19.466666666666665,20,87948,293.16
successive,4,0.4627869999967515,0.8947553428306695,0.8966861598440545,300,20.0,4,7,sqrt,0.0001,300,19.466666666666665,20,87948,293.16
successive,2,0.2022255839983699,0.8946294065095126,0.8966861598440545,133,20.0,4,10,sqrt,0.001,133,18.639097744360903,20,27073,203.5563909774436
successive,1,0.2596279169956688,0.8943942909774683,0.8966861598440545,50,,4,2,0.5,0.001,50,25.42,31,8324,166.48
successive,1,0.2665527499921154,0.8943942909774683,0.8966861598440545,50,,4,5,0.5,0.001,50,25.42,31,8324,166.48
successive,1,0.2807613339973613,0.8943942909774683,0.8966861598440545,50,,4,7,0.5,0.001,50,25.42,31,8324,166.48
successive,1,0.2721937080059433,0.8943621481013404,0.8966861598440545,50,,1,10,0.5,0.001,50,26.74,34,9288,185.76
successive,1,0.0930189170030644,0.8943308479940514,0.8966861598440545,50,12.0,1,10,sqrt,0.0001,50,12.0,12,10300,206.0
successive,1,0.0906001249968539,0.8943308479940514,0.8966861598440545,50,12.0,1,10,sqrt,1e-05,50,12.0,12,10360,207.2
successive,1,0.0964325840031961,0.8943308479940514,0.8966861598440545,50,12.0,1,10,sqrt,0.0,50,12.0,12,10666,213.32
successive,3,0.9986820420017466,0.8941185271741533,0.8966861598440545,217,,4,2,0.5,0.001,217,25.40552995391705,33,36653,168.9078341013825
successive,3,1.007153250000556,0.8941185271741533,0.8966861598440545,217,,4,5,0.5,0.001,217,25.40552995391705,33,36653,168.9078341013825
successive,3,1.002979625001899,0.8941185271741533,0.8966861598440545,217,,4,7,0.5,0.001,217,25.40552995391705,33,36653,168.9078341013825
successive,2,0.1890243749949149,0.8938084132719036,0.8947368421052632,133,,1,2,log2,0.001,133,20.834586466165412,27,45219,339.9924812030075
successive,2,0.1897394999978132,0.8937472453688966,0.8947368421052632,133,,1,10,log2,0.0001,133,21.293233082706767,32,45945,345.45112781954884
successive,2,0.1891397500003222,0.8937472453688966,0.8947368421052632,133,,1,10,log2,1e-05,133,21.32330827067669,32,46489,349.54135338345867
successive,2,0.1858596670062979,0.8937472453688966,0.8947368421052632,133,,1,10,log2,0.0,133,21.413533834586467,32,47899,360.14285714285717
successive,1,0.0847561669943388,0.8936993996047065,0.8947368421052632,50,,1,10,log2,1e-05,50,21.42,27,17566,351.32
successive,1,0.0809667499997885,0.8936993996047065,0.8947368421052632,50,,1,10,log2,0.0,50,21.52,28,18086,361.72
successive,1,0.0817962500004796,0.8936732398096467,0.8947368421052632,50,16.0,1,10,log2,1e-05,50,15.98,16,15936,318.72
successive,1,0.0829588340129703,0.8936732398096467,0.8947368421052632,50,16.0,1,10,log2,0.0,50,15.98,16,16360,327.2
successive,3,0.3070253750047413,0.8935704468576839,0.8947368421052632,217,,1,10,log2,0.0001,217,21.52995391705069,32,74719,344.3271889400922
successive,3,0.3006115830066846,0.8935704468576839,0.8947368421052632,217,,1,10,log2,1e-05,217,21.57603686635945,32,75605,348.41013824884794
successive,3,0.2986240410100436,0.8935704468576839,0.8947368421052632,217,,1,10,log2,0.0,217,21.649769585253456,32,77919,359.073732718894
successive,2,0.628971875004936,0.8935187613075107,0.8947368421052632,133,16.0,1,10,0.5,0.001,133,16.0,16,17869,134.35338345864662
successive,2,0.2055564580077771,0.8934974715084084,0.8947368421052632,133,16.0,4,2,sqrt,0.001,133,15.962406015037594,16,26203,197.01503759398497
successive,2,0.2330417079938342,0.8934974715084084,0.8947368421052632,133,16.0,4,5,sqrt,0.001,133,15.962406015037594,16,26203,197.01503759398497
successive,2,0.2147137919964734,0.8934974715084084,0.8947368421052632,133,16.0,4,7,sqrt,0.001,133,15.962406015037594,16,26203,197.01503759398497
successive,1,0.0824983339989557,0.8934202311998931,0.8947368421052632,50,,1,10,log2,0.001,50,19.92,25,13474,269.48
successive,2,0.1906632079917471,0.8933379222237801,0.8947368421052632,133,16.0,4,10,log2,1e-05,133,15.984962406015038,16,38351,288.3533834586466
successive,2,0.1789988749951589,0.8933379222237801,0.8947368421052632,133,16.0,4,10,log2,0.0,133,15.984962406015038,16,39671,298.2781954887218
successive,3,0.9939113750006072,0.8932742357586292,0.8947368421052632,217,16.0,1,5,0.5,0.001,217,16.0,16,33095,152.5115207373272
successive,2,0.1758035829989239,0.8931601847692601,0.8947368421052632,133,20.0,4,10,log2,1e-05,133,18.849624060150376,20,40733,306.2631578947368
successive,2,0.1740483340108767,0.8931601847692601,0.8947368421052632,133,20.0,4,10,log2,0.0,133,18.86466165413534,20,42133,316.7894736842105
successive,1,0.0943177500012097,0.8931502806676584,0.8947368421052632,50,,4,10,sqrt,0.0001,50,20.58,28,13530,270.6
successive,1,0.0946847909945063,0.8931502806676584,0.8947368421052632,50,,4,10,sqrt,1e-05,50,20.64,28,13774,275.48
successive,1,0.0920000000041909,0.8931502806676584,0.8947368421052632,50,,4,10,sqrt,0.0,50,20.68,28,14270,285.4
successive,3,0.3421236249996582,0.893140208920381,0.8947368421052632,217,,4,10,sqrt,0.0001,217,20.617511520737327,28,59515,274.26267281105993
successive,3,0.3437838329991791,0.893140208920381,0.8947368421052632,217,,4,10,sqrt,1e-05,217,20.691244239631335,28,60537,278.97235023041475
successive,3,0.3448490830051014,0.893140208920381,0.8947368421052632,217,,4,10,sqrt,0.0,217,20.72811059907834,28,62833,289.55299539170505
successive,2,0.1898487080034101,0.893121979171763,0.8947368421052632,133,20.0,1,10,log2,0.001,133,18.8796992481203,20,35713,268.5187969924812
successive,3,0.291692790997331,0.8930971276417886,0.8947368421052632,217,,1,10,log2,0.001,217,20.22119815668203,28,58615,270.1152073732719
successive,3,0.3405069580039708,0.8930320584090048,0.8947368421052632,217,20.0,4,10,sqrt,0.001,217,18.75576036866359,20,44307,204.17972350230417
successive,2,0.1894356659904588,0.8930034398401978,0.8947368421052632,133,20.0,4,10,log2,0.001,133,18.20300751879699,20,29549,222.17293233082708
successive,1,0.2537488329980988,0.8929951435703196,0.8947368421052632,50,16.0,1,5,0.5,0.001,50,16.0,16,7728,154.56
successive,3,0.3138169170124456,0.8929592004844431,0.8947368421052632,217,20.0,4,10,log2,0.001,217,18.092165898617512,20,48037,221.36866359447004
successive,2,0.2038907079986529,0.8929570977814848,0.8947368421052632,133,20.0,4,2,sqrt,0.001,133,18.954887218045112,20,28267,212.53383458646616
successive,2,0.2009041669953148,0.8929570977814848,0.8947368421052632,133,20.0,4,5,sqrt,0.001,133,18.954887218045112,20,28267,212.53383458646616
successive,2,0.2015257919993018,0.8929570977814848,0.8947368421052632,133,20.0,4,7,sqrt,0.001,133,18.954887218045112,20,28267,212.53383458646616
successive,3,0.3382411249913275,0.8929520147037093,0.8947368421052632,217,,4,2,sqrt,0.0001,217,21.341013824884794,29,65095,299.9769585253456
successive,3,0.3320780829963041,0.8929520147037093,0.8947368421052632,217,,4,5,sqrt,0.0001,217,21.341013824884794,29,65095,299.9769585253456
successive,3,0.3459328750032,0.8929520147037093,0.8947368421052632,217,,4,7,sqrt,0.0001,217,21.341013824884794,29,65095,299.9769585253456
successive,3,0.3388598330056993,0.8929520147037093,0.8947368421052632,217,,4,2,sqrt,1e-05,217,21.442396313364057,29,66389,305.9400921658986
successive,3,0.3480017080000834,0.8929520147037093,0.8947368421052632,217,,4,5,sqrt,1e-05,217,21.442396313364057,29,66389,305.9400921658986
successive,3,0.3508107499947073,0.8929520147037093,0.8947368421052632,217,,4,7,sqrt,1e-05,217,21.442396313364057,29,66389,305.9400921658986
successive,3,0.3410738329985179,0.8929520147037093,0.8947368421052632,217,,4,2,sqrt,0.0,217,21.49769585253456,29,68971,317.83870967741933
successive,3,0.3344267499924171,0.8929520147037093,0.8947368421052632,217,,4,5,sqrt,0.0,217,21.49769585253456,29,68971,317.83870967741933
successive,3,0.3590898330003256,0.8929520147037093,0.8947368421052632,217,,4,7,sqrt,0.0,217,21.49769585253456,29,68971,317.83870967741933
successive,2,0.1816886250016978,0.892940513073143,0.8947368421052632,133,,1,10,log2,0.001,133,19.954887218045112,28,36045,271.01503759398497
successive,2,0.211889041995164,0.8928921220705547,0.8947368421052632,133,20.0,4,2,sqrt,0.0001,133,19.43609022556391,20,39001,293.2406015037594
successive,2,0.2049642079946352,0.8928921220705547,0.8947368421052632,133,20.0,4,5,sqrt,0.0001,133,19.43609022556391,20,39001,293.2406015037594
successive,2,0.2101607079966925,0.8928921220705547,0.8947368421052632,133,20.0,4,7,sqrt,0.0001,133,19.43609022556391,20,39001,293.2406015037594
successive,2,0.2069696660037152,0.8928921220705547,0.8947368421052632,133,20.0,4,2,sqrt,1e-05,133,19.481203007518797,20,39733,298.74436090225566
successive,2,0.2147996660060016,0.8928921220705547,0.8947368421052632,133,20.0,4,5,sqrt,1e-05,133,19.481203007518797,20,39733,298.74436090225566
successive,2,0.2159132499946281,0.8928921220705547,0.8947368421052632,133,20.0,4,7,sqrt,1e-05,133,19.481203007518797,20,39733,298.74436090225566
successive,2,0.1994106669881148,0.8928921220705547,0.8947368421052632,133,20.0,4,2,sqrt,0.0,133,19.49624060150376,20,41337,310.8045112781955
successive,2,0.1995660829998087,0.8928921220705547,0.8947368421052632,133,20.0,4,5,sqrt,0.0,133,19.49624060150376,20,41337,310.8045112781955
successive,2,0.2040235000022221,0.8928921220705547,0.8947368421052632,133,20.0,4,7,sqrt,0.0,133,19.49624060150376,20,41337,310.8045112781955
successive,3,1.0051446670113364,0.8928619366755013,0.8947368421052632,217,16.0,1,2,0.5,0.001,217,16.0,16,34151,157.3778801843318
successive,2,0.20715529199515,0.8928156872463614,0.8947368421052632,133,,4,2,sqrt,0.001,133,20.278195488721803,29,28749,216.1578947368421
successive,2,0.2009875829971861,0.8928156872463614,0.8947368421052632,133,,4,5,sqrt,0.001,133,20.278195488721803,29,28749,216.1578947368421
successive,2,0.2050936250016093,0.8928156872463614,0.8947368421052632,133,,4,7,sqrt,0.001,133,20.278195488721803,29,28749,216.1578947368421
successive,3,0.3238952910032822,0.8925982584426116,0.8947368421052632,217,,4,2,log2,1e-05,217,20.027649769585253,27,74991,345.5806451612903
successive,3,0.309436249997816,0.8925982584426116,0.8947368421052632,217,,4,5,log2,1e-05,217,20.027649769585253,27,74991,345.5806451612903
successive,3,0.2988947910052957,0.8925982584426116,0.8947368421052632,217,,4,7,log2,1e-05,217,20.027649769585253,27,74991,345.5806451612903
successive,3,0.2917085829976713,0.8925982584426116,0.8947368421052632,217,,4,2,log2,0.0,217,20.06451612903226,27,77779,358.42857142857144
successive,3,0.2962579170125536,0.8925982584426116,0.8947368421052632,217,,4,5,log2,0.0,217,20.06451612903226,27,77779,358.42857142857144
successive,3,0.2882719579938566,0.8925982584426116,0.8947368421052632,217,,4,7,log2,0.0,217,20.06451612903226,27,77779,358.42857142857144
successive,1,0.0890537079976638,0.8925634527920289,0.8947368421052632,50,12.0,1,7,sqrt,0.001,50,12.0,12,9184,183.68
successive,1,0.2685067919956054,0.892199321289839,0.8947368421052632,50,20.0,1,7,0.5,0.001,50,19.96,20,8822,176.44
successive,1,0.25446195800032,0.8921312247729615,0.8927875243664717,50,16.0,1,2,0.5,0.001,50,16.0,16,7900,158.0
successive,1,0.2522060000046622,0.8920622297707081,0.8947368421052632,50,20.0,4,2,0.5,0.001,50,20.0,20,7448,148.96
successive,1,0.2682236659893533,0.8920622297707081,0.8947368421052632,50,20.0,4,5,0.5,0.001,50,20.0,20,7448,148.96
successive,1,0.2645695419923868,0.8920622297707081,0.8947368421052632,50,20.0,4,7,0.5,0.001,50,20.0,20,7448,148.96
successive,2,0.6248835829901509,0.8919021916944647,0.8927875243664717,133,16.0,1,2,0.5,0.001,133,16.0,16,20829,156.60902255639098
successive,2,0.6275998339988291,0.891840212444892,0.8947368421052632,133,,4,2,0.5,0.001,133,25.285714285714285,31,22347,168.02255639097746
successive,2,0.6234336659981636,0.891840212444892,0.8947368421052632,133,,4,5,0.5,0.001,133,25.285714285714285,31,22347,168.02255639097746
successive,2,0.6500341250066413,0.891840212444892,0.8947368421052632,133,,4,7,0.5,0.001,133,25.285714285714285,31,22347,168.02255639097746
successive,2,0.186985457999981,0.891814173657687,0.8927875243664717,133,20.0,1,2,log2,0.001,133,19.2406015037594,20,44269,332.8496240601504
successive,2,0.1914832499896874,0.8917384061058599,0.8927875243664717,133,8.0,1,7,sqrt,0.0001,133,8.0,8,16433,123.5563909774436
successive,2,0.1921701669925823,0.8917384061058599,0.8927875243664717,133,8.0,1,7,sqrt,1e-05,133,8.0,8,16477,123.8872180451128
successive,2,0.1963880829862319,0.8917384061058599,0.8927875243664717,133,8.0,1,7,sqrt,0.0,133,8.0,8,16885,126.95488721804512
successive,1,0.0943615410069469,0.8914702076667536,0.8927875243664717,50,20.0,1,5,log2,0.001,50,19.42,20,15862,317.24
successive,2,0.1790826660144375,0.8914595993273168,0.8927875243664717,133,12.0,1,7,log2,0.0001,133,12.0,12,36327,273.1353383458647
successive,2,0.1785626250057248,0.8914595993273168,0.8927875243664717,133,12.0,1,7,log2,1e-05,133,12.0,12,36577,275.01503759398497
successive,2,0.1812466249975841,0.8914595993273168,0.8927875243664717,133,12.0,1,7,log2,0.0,133,12.0,12,37549,282.3233082706767
successive,2,0.1872129999974277,0.8914295280499397,0.8927875243664717,133,16.0,4,10,log2,0.0001,133,15.977443609022556,16,37499,281.94736842105266
successive,2,0.188035207989742,0.891385908297881,0.8927875243664717,133,,4,10,log2,0.0001,133,19.593984962406015,28,40111,301.5864661654135
successive,2,0.2082322500064037,0.891385908297881,0.8927875243664717,133,,4,10,log2,1e-05,133,19.68421052631579,28,41037,308.54887218045116
successive,2,0.1774604999955045,0.891385908297881,0.8927875243664717,133,,4,10,log2,0.0,133,19.714285714285715,28,42445,319.1353383458647
successive,1,0.0837255420046858,0.89138477689551,0.8927875243664717,50,16.0,4,10,log2,0.0001,50,15.98,16,13908,278.16
successive,1,0.0829273329873103,0.89138477689551,0.8927875243664717,50,16.0,4,10,log2,1e-05,50,15.98,16,14204,284.08
successive,1,0.0836897499975748,0.89138477689551,0.8927875243664717,50,16.0,4,10,log2,0.0,50,15.98,16,14668,293.36
successive,1,0.093510332997539,0.8912470772164253,0.8927875243664717,50,20.0,4,10,sqrt,0.001,50,18.78,20,10052,201.04
successive,2,0.1759979580092476,0.8912362204959893,0.8927875243664717,133,,4,10,log2,0.001,133,18.62406015037594,27,29701,223.31578947368425
successive,2,0.2042541249975329,0.8911761978326133,0.8927875243664717,133,12.0,4,2,sqrt,0.0001,133,12.0,12,28379,213.37593984962405
successive,2,0.2304921670001931,0.8911761978326133,0.8927875243664717,133,12.0,4,5,sqrt,0.0001,133,12.0,12,28379,213.37593984962405
successive,2,0.2022882079909322,0.8911761978326133,0.8927875243664717,133,12.0,4,7,sqrt,0.0001,133,12.0,12,28379,213.37593984962405
successive,2,0.2010139580088434,0.8911761978326133,0.8927875243664717,133,12.0,4,2,sqrt,1e-05,133,12.0,12,28849,216.90977443609023
successive,2,0.2079284169885795,0.8911761978326133,0.8927875243664717,133,12.0,4,5,sqrt,1e-05,133,12.0,12,28849,216.90977443609023
successive,2,0.2071204579988261,0.8911761978326133,0.8927875243664717,133,12.0,4,7,sqrt,1e-05,133,12.0,12,28849,216.90977443609023
successive,2,0.2008772920089541,0.8911761978326133,0.8927875243664717,133,12.0,4,2,sqrt,0.0,133,12.0,12,29893,224.7593984962406
successive,2,0.1974583330011228,0.8911761978326133,0.8927875243664717,133,12.0,4,5,sqrt,0.0,133,12.0,12,29893,224.7593984962406
successive,2,0.2034652500005904,0.8911761978326133,0.8927875243664717,133,12.0,4,7,sqrt,0.0,133,12.0,12,29893,224.7593984962406
successive,2,0.1788939999969443,0.8911648179979413,0.8927875243664717,133,20.0,4,10,log2,0.0001,133,18.81203007518797,20,39825,299.43609022556393
successive,3,0.3620602080045501,0.8911420173673951,0.8927875243664717,217,,4,10,sqrt,0.001,217,19.5852534562212,27,44735,206.1520737327189
successive,1,0.0887850419967435,0.8911367933179443,0.8927875243664717,50,12.0,4,2,sqrt,0.001,50,12.0,12,7940,158.8
successive,1,0.0897315420006634,0.8911367933179443,0.8927875243664717,50,12.0,4,5,sqrt,0.001,50,12.0,12,7940,158.8
successive,1,0.0931581670010928,0.8911367933179443,0.8927875243664717,50,12.0,4,7,sqrt,0.001,50,12.0,12,7940,158.8
successive,2,0.1858333340060198,0.8911104713742388,0.8927875243664717,133,12.0,1,5,log2,0.001,133,12.0,12,30045,225.90225563909777
successive,3,0.3095957919867942,0.8910864969413798,0.8927875243664717,217,20.0,4,10,log2,0.0001,217,18.806451612903224,20,64813,298.6774193548387
successive,3,0.2962374579947209,0.8910864969413798,0.8927875243664717,217,20.0,4,10,log2,1e-05,217,18.870967741935484,20,66425,306.10599078341016
successive,3,0.2967004999954952,0.8910864969413798,0.8927875243664717,217,20.0,4,10,log2,0.0,217,18.889400921658986,20,68661,316.41013824884794
successive,3,1.002358041994739,0.8910367798611076,0.8927875243664717,217,20.0,4,10,0.5,0.0001,217,19.967741935483872,20,39623,182.59447004608296
successive,3,0.982737582991831,0.8910367798611076,0.8927875243664717,217,20.0,4,10,0.5,1e-05,217,19.967741935483872,20,39713,183.00921658986175
successive,3,1.0055738749942975,0.8910367798611076,0.8927875243664717,217,20.0,4,10,0.5,0.0,217,19.967741935483872,20,41863,192.91705069124424
successive,3,0.350263582993648,0.8910211164441583,0.8927875243664717,217,20.0,4,2,sqrt,0.001,217,18.995391705069125,20,46417,213.9032258064516
successive,3,0.3341257499996573,0.8910211164441583,0.8927875243664717,217,20.0,4,5,sqrt,0.001,217,18.995391705069125,20,46417,213.9032258064516
successive,3,0.343959250007174,0.8910211164441583,0.8927875243664717,217,20.0,4,7,sqrt,0.001,217,18.995391705069125,20,46417,213.9032258064516
successive,3,0.3389860829920508,0.890973203736423,0.8927875243664717,217,16.0,4,2,sqrt,0.0001,217,15.990783410138247,16,58311,268.7142857142857
successive,3,0.3506002089998219,0.890973203736423,0.8927875243664717,217,16.0,4,5,sqrt,0.0001,217,15.990783410138247,16,58311,268.7142857142857
successive,3,0.3483735839981818,0.890973203736423,0.8927875243664717,217,16.0,4,7,sqrt,0.0001,217,15.990783410138247,16,58311,268.7142857142857
successive,2,0.2044854169944301,0.890854845307982,0.8927875243664717,133,12.0,1,7,sqrt,0.001,133,12.0,12,25695,193.1954887218045
successive,3,0.2952972909988602,0.89077518452024,0.8927875243664717,217,16.0,1,10,log2,0.001,217,15.972350230414747,16,54353,250.47465437788017
successive,3,0.998606707988074,0.8907687603389468,0.8927875243664717,217,16.0,1,7,0.5,0.001,217,16.0,16,31649,145.8479262672811
successive,3,0.3464112090005073,0.8906964758240515,0.8927875243664717,217,16.0,4,2,sqrt,0.001,217,15.972350230414747,16,43015,198.2258064516129
successive,3,0.341141458004131,0.8906964758240515,0.8927875243664717,217,16.0,4,5,sqrt,0.001,217,15.972350230414747,16,43015,198.2258064516129
successive,3,0.3387387499969918,0.8906964758240515,0.8927875243664717,217,16.0,4,7,sqrt,0.001,217,15.972350230414747,16,43015,198.2258064516129
successive,3,0.3105096249928465,0.8906814983666961,0.8927875243664717,217,16.0,1,5,log2,0.001,217,15.981566820276498,16,63317,291.7834101382488
successive,3,0.311507457998232,0.8906502704181566,0.8927875243664717,217,,4,2,log2,0.0001,217,19.94009216589862,27,72739,335.2027649769585
successive,3,0.321134792000521,0.8906502704181566,0.8927875243664717,217,,4,5,log2,0.0001,217,19.94009216589862,27,72739,335.2027649769585
successive,3,0.3098110420105513,0.8906502704181566,0.8927875243664717,217,,4,7,log2,0.0001,217,19.94009216589862,27,72739,335.2027649769585
successive,3,0.3173323339869967,0.8906348198316274,0.8927875243664717,217,20.0,1,5,log2,0.001,217,19.33640552995392,20,68685,316.52073732718895
successive,2,0.2065869159996509,0.8905717929744769,0.8927875243664717,133,,4,10,sqrt,0.001,133,19.383458646616543,27,27353,205.66165413533835
successive,2,0.6146776250097901,0.890466063156061,0.8927875243664717,133,20.0,4,10,0.5,0.0001,133,19.984962406015036,20,24143,181.52631578947367
successive,2,0.6116895830055,0.890466063156061,0.8927875243664717,133,20.0,4,10,0.5,1e-05,133,19.984962406015036,20,24191,181.88721804511275
successive,2,0.6173788329906529,0.890466063156061,0.8927875243664717,133,20.0,4,10,0.5,0.0,133,19.984962406015036,20,25483,191.6015037593985
successive,2,0.6406913340033498,0.8904054276964443,0.8927875243664717,133,20.0,4,10,0.5,0.001,133,19.97744360902256,20,19061,143.31578947368422
successive,2,0.1931062919902615,0.890363477104333,0.8927875243664717,133,16.0,1,5,log2,0.001,133,15.977443609022556,16,38943,292.8045112781955
successive,3,1.0057257909938926,0.8902625351511908,0.8927875243664717,217,,4,10,0.5,0.0001,217,26.52995391705069,33,44337,204.3179723502304
successive,3,1.00829079200048,0.8902625351511908,0.8927875243664717,217,,4,10,0.5,1e-05,217,26.571428571428573,33,44481,204.9815668202765
successive,3,1.0436844999931054,0.8902625351511908,0.8927875243664717,217,,4,10,0.5,0.0,217,26.59447004608295,33,46787,215.6082949308756
successive,2,0.6231054590025451,0.889851837912837,0.8927875243664717,133,20.0,4,2,0.5,0.001,133,19.984962406015036,20,20025,150.5639097744361
successive,2,0.6129084999993211,0.889851837912837,0.8927875243664717,133,20.0,4,5,0.5,0.001,133,19.984962406015036,20,20025,150.5639097744361
successive,2,0.6399006249994272,0.889851837912837,0.8927875243664717,133,20.0,4,7,0.5,0.001,133,19.984962406015036,20,20025,150.5639097744361
successive,1,0.0797859580052318,0.8897517656616528,0.8908382066276803,50,16.0,4,10,log2,0.001,50,15.9,16,10508,210.16
successive,1,0.0917746249906485,0.8896328280418453,0.8908382066276803,50,20.0,1,10,log2,0.001,50,19.0,20,13364,267.28
successive,1,0.0938876250002067,0.8895388599980149,0.8908382066276803,50,16.0,4,10,sqrt,0.0001,50,16.0,16,12242,244.84
successive,1,0.096376749992487,0.8895388599980149,0.8908382066276803,50,16.0,4,10,sqrt,1e-05,50,16.0,16,12438,248.76
successive,1,0.096311291999882,0.8895388599980149,0.8908382066276803,50,16.0,4,10,sqrt,0.0,50,16.0,16,12930,258.6
successive,3,0.2860435829934431,0.8895336200092533,0.8908382066276803,217,12.0,1,7,log2,0.0001,217,12.0,12,59361,273.55299539170505
successive,3,0.3004038340004626,0.8895336200092533,0.8908382066276803,217,12.0,1,7,log2,1e-05,217,12.0,12,59729,275.2488479262673
successive,3,0.2946243330079596,0.8895336200092533,0.8908382066276803,217,12.0,1,7,log2,0.0,217,12.0,12,61373,282.82488479262673
successive,2,0.6025489999883575,0.8895084791646605,0.8908382066276803,133,16.0,4,2,0.5,0.0001,133,16.0,16,21195,159.3609022556391
successive,2,0.591293040997698,0.8895084791646605,0.8908382066276803,133,16.0,4,5,0.5,0.0001,133,16.0,16,21195,159.3609022556391
successive,2,0.6035777500073891,0.8895084791646605,0.8908382066276803,133,16.0,4,7,0.5,0.0001,133,16.0,16,21195,159.3609022556391
successive,2,0.6262783749989467,0.8895084791646605,0.8908382066276803,133,16.0,4,2,0.5,1e-05,133,16.0,16,21249,159.7669172932331
successive,2,0.6071242920006625,0.8895084791646605,0.8908382066276803,133,16.0,4,5,0.5,1e-05,133,16.0,16,21249,159.7669172932331
successive,2,0.5877343329921132,0.8895084791646605,0.8908382066276803,133,16.0,4,7,0.5,1e-05,133,16.0,16,21249,159.7669172932331
successive,2,0.5824237079941668,0.8895084791646605,0.8908382066276803,133,16.0,4,2,0.5,0.0,133,16.0,16,22439,168.71428571428572
successive,2,0.6010600000008708,0.8895084791646605,0.8908382066276803,133,16.0,4,5,0.5,0.0,133,16.0,16,22439,168.71428571428572
successive,2,0.5961861669929931,0.8895084791646605,0.8908382066276803,133,16.0,4,7,0.5,0.0,133,16.0,16,22439,168.71428571428572
successive,1,0.0831262080027954,0.8894392548313618,0.8908382066276803,50,20.0,4,10,log2,0.0001,50,18.92,20,14844,296.88
successive,1,0.0810387920064386,0.8894392548313618,0.8908382066276803,50,20.0,4,10,log2,1e-05,50,18.92,20,15168,303.36
successive,1,0.0775660420040367,0.8894392548313618,0.8908382066276803,50,20.0,4,10,log2,0.0,50,18.96,20,15676,313.52
successive,1,0.0967079999973066,0.8893749622396037,0.8908382066276803,50,,4,10,sqrt,0.001,50,19.58,27,10172,203.44
successive,2,0.2117322499980218,0.8893634944485218,0.8908382066276803,133,12.0,1,10,sqrt,0.0001,133,12.0,12,28469,214.05263157894737
successive,2,0.2022212909942027,0.8893634944485218,0.8908382066276803,133,12.0,1,10,sqrt,1e-05,133,12.0,12,28643,215.3609022556391
successive,2,0.2013665419945027,0.8893634944485218,0.8908382066276803,133,12.0,1,10,sqrt,0.0,133,12.0,12,29511,221.88721804511275
successive,1,0.0936708330118563,0.8893502760213156,0.8908382066276803,50,20.0,4,10,log2,0.001,50,18.42,20,11052,221.04
successive,3,0.2971963329910068,0.8893245843226933,0.8908382066276803,217,16.0,4,10,log2,0.0001,217,15.981566820276498,16,61125,281.68202764976957
successive,3,0.2965374999912455,0.8893245843226933,0.8908382066276803,217,16.0,4,10,log2,1e-05,217,15.986175115207374,16,62555,288.2718894009217
successive,3,0.2673245000041788,0.8893245843226933,0.8908382066276803,217,16.0,4,10,log2,0.0,217,15.986175115207374,16,64725,298.2718894009217
successive,1,0.0860218330053612,0.8893059423122672,0.8908382066276803,50,16.0,1,5,log2,0.001,50,15.98,16,14458,289.16
successive,2,0.177236791991163,0.8893020349525526,0.8908382066276803,133,16.0,4,10,log2,0.001,133,15.8796992481203,16,28129,211.49624060150376
successive,3,0.3085957919975044,0.8892597659303159,0.8908382066276803,217,,4,10,log2,0.0001,217,19.68663594470046,30,65307,300.95391705069125
successive,3,0.2990668330021435,0.8892597659303159,0.8908382066276803,217,,4,10,log2,1e-05,217,19.783410138248847,30,66927,308.4193548387097
successive,3,0.2903832500014687,0.8892597659303159,0.8908382066276803,217,,4,10,log2,0.0,217,19.820276497695858,30,69187,318.8341013824885
successive,1,0.0811443330021575,0.8892527613187698,0.8908382066276803,50,,4,10,log2,0.001,50,18.86,24,11110,222.2
successive,3,0.3213762919913279,0.8892144484989774,0.8908382066276803,217,,4,10,log2,0.001,217,18.5852534562212,30,48337,222.75115207373273
successive,3,0.2909897499921499,0.8892094424661445,0.8908382066276803,217,16.0,4,10,log2,0.001,217,15.847926267281109,16,45815,211.1290322580645
successive,3,0.3342450420022942,0.8891899654866922,0.8908382066276803,217,12.0,4,2,sqrt,0.0001,217,12.0,12,45949,211.74654377880185
successive,3,0.3303250410099281,0.8891899654866922,0.8908382066276803,217,12.0,4,5,sqrt,0.0001,217,12.0,12,45949,211.74654377880185
successive,3,0.336689457995817,0.8891899654866922,0.8908382066276803,217,12.0,4,7,sqrt,0.0001,217,12.0,12,45949,211.74654377880185
successive,3,0.3291445000068052,0.8891899654866922,0.8908382066276803,217,12.0,4,2,sqrt,1e-05,217,12.0,12,46729,215.3410138248848
successive,3,0.3303449160011951,0.8891899654866922,0.8908382066276803,217,12.0,4,5,sqrt,1e-05,217,12.0,12,46729,215.3410138248848
successive,3,0.3288349579961505,0.8891899654866922,0.8908382066276803,217,12.0,4,7,sqrt,1e-05,217,12.0,12,46729,215.3410138248848
successive,3,0.3293616250011837,0.8891899654866922,0.8908382066276803,217,12.0,4,2,sqrt,0.0,217,12.0,12,48413,223.1013824884793
successive,3,0.3231701659969985,0.8891899654866922,0.8908382066276803,217,12.0,4,5,sqrt,0.0,217,12.0,12,48413,223.1013824884793
successive,3,0.3298841659998288,0.8891899654866922,0.8908382066276803,217,12.0,4,7,sqrt,0.0,217,12.0,12,48413,223.1013824884793
successive,1,0.0802004169963765,0.8890556578194199,0.8908382066276803,50,,4,2,log2,0.001,50,18.56,25,11740,234.8
successive,1,0.0878545419982401,0.8890556578194199,0.8908382066276803,50,,4,5,log2,0.001,50,18.56,25,11740,234.8
successive,1,0.0805824580020271,0.8890556578194199,0.8908382066276803,50,,4,7,log2,0.001,50,18.56,25,11740,234.8
successive,1,0.0821576669986825,0.8890353356458129,0.8908382066276803,50,12.0,1,7,log2,0.0001,50,12.0,12,13240,264.8
successive,1,0.0814004580024629,0.8890353356458129,0.8908382066276803,50,12.0,1,7,log2,1e-05,50,12.0,12,13330,266.6
successive,1,0.0821890829975018,0.8890353356458129,0.8908382066276803,50,12.0,1,7,log2,0.0,50,12.0,12,13680,273.6
successive,1,0.0823440000094706,0.8890288465677348,0.8908382066276803,50,20.0,4,2,log2,0.001,50,18.14,20,11674,233.48
successive,1,0.0797612089954782,0.8890288465677348,0.8908382066276803,50,20.0,4,5,log2,0.001,50,18.14,20,11674,233.48
successive,1,0.0832061660039471,0.8890288465677348,0.8908382066276803,50,20.0,4,7,log2,0.001,50,18.14,20,11674,233.48
successive,3,0.3597275409993017,0.889021213310582,0.8908382066276803,217,,4,2,sqrt,0.001,217,20.21198156682028,29,47213,217.57142857142856
successive,3,0.3358307500020601,0.889021213310582,0.8908382066276803,217,,4,5,sqrt,0.001,217,20.21198156682028,29,47213,217.57142857142856
successive,3,0.3454710000078194,0.889021213310582,0.8908382066276803,217,,4,7,sqrt,0.001,217,20.21198156682028,29,47213,217.57142857142856
successive,1,0.0950177909980993,0.8890171469459085,0.8908382066276803,50,12.0,1,5,sqrt,0.001,50,12.0,12,9484,189.68
successive,1,0.0819337909924797,0.8890027808898964,0.8908382066276803,50,16.0,1,10,log2,0.001,50,15.96,16,12498,249.96
successive,3,0.3480434579978464,0.8889992564292826,0.8908382066276803,217,16.0,4,2,sqrt,1e-05,217,15.990783410138247,16,59389,273.68202764976957
successive,3,0.3411026250105351,0.8889992564292826,0.8908382066276803,217,16.0,4,5,sqrt,1e-05,217,15.990783410138247,16,59389,273.68202764976957
successive,3,0.3697931250062538,0.8889992564292826,0.8908382066276803,217,16.0,4,7,sqrt,1e-05,217,15.990783410138247,16,59389,273.68202764976957
successive,3,0.330745166997076,0.8889992564292826,0.8908382066276803,217,16.0,4,2,sqrt,0.0,217,15.990783410138247,16,61699,284.3271889400922
successive,3,0.3380773339886218,0.8889992564292826,0.8908382066276803,217,16.0,4,5,sqrt,0.0,217,15.990783410138247,16,61699,284.3271889400922
successive,3,0.3586974579957314,0.8889992564292826,0.8908382066276803,217,16.0,4,7,sqrt,0.0,217,15.990783410138247,16,61699,284.3271889400922
successive,2,0.6216964999912307,0.8889119858096936,0.8908382066276803,133,,4,10,0.5,0.0001,133,26.48872180451128,32,27049,203.37593984962405
successive,2,0.6282108339946717,0.8889119858096936,0.8908382066276803,133,,4,10,0.5,1e-05,133,26.518796992481203,32,27135,204.02255639097743
successive,2,0.639361583002028,0.8889119858096936,0.8908382066276803,133,,4,10,0.5,0.0,133,26.533834586466167,32,28517,214.41353383458647
successive,3,0.299580374994548,0.8887961625625983,0.8908382066276803,217,20.0,4,2,log2,0.0001,217,18.94009216589862,20,71745,330.6221198156682
successive,3,0.2949736659938935,0.8887961625625983,0.8908382066276803,217,20.0,4,5,log2,0.0001,217,18.94009216589862,20,71745,330.6221198156682
successive,3,0.3023345830006292,0.8887961625625983,0.8908382066276803,217,20.0,4,2,log2,1e-05,217,18.972350230414747,20,73913,340.61290322580646
successive,3,0.3046112500014715,0.8887961625625983,0.8908382066276803,217,20.0,4,5,log2,1e-05,217,18.972350230414747,20,73913,340.61290322580646
successive,3,0.2989318330073729,0.8887961625625983,0.8908382066276803,217,20.0,4,7,log2,1e-05,217,18.972350230414747,20,73913,340.61290322580646
successive,3,0.2989518339891219,0.8887961625625983,0.8908382066276803,217,20.0,4,2,log2,0.0,217,18.99078341013825,20,76653,353.2396313364055
successive,3,0.2924213750084163,0.8887961625625983,0.8908382066276803,217,20.0,4,5,log2,0.0,217,18.99078341013825,20,76653,353.2396313364055
successive,3,0.2819889170059468,0.8887961625625983,0.8908382066276803,217,20.0,4,7,log2,0.0,217,18.99078341013825,20,76653,353.2396313364055
successive,2,0.1876941249938681,0.8887263950038592,0.8908382066276803,133,16.0,1,10,log2,0.001,133,15.954887218045112,16,33401,251.13533834586465
successive,3,0.2951573329919483,0.8886166441514173,0.8908382066276803,217,12.0,1,5,log2,0.001,217,12.0,12,48961,225.6267281105991
successive,3,0.3373427920014364,0.8885968021722834,0.8908382066276803,217,12.0,1,7,sqrt,0.001,217,12.0,12,42021,193.6451612903226
successive,2,0.6388609999994515,0.8884199654675146,0.8908382066276803,133,16.0,1,7,0.5,0.001,133,16.0,16,19397,145.8421052631579
successive,1,0.0826237080036662,0.8878877888164206,0.8888888888888888,50,20.0,1,10,log2,0.0001,50,19.5,20,17032,340.64
successive,1,0.0808518330013612,0.8878877888164206,0.8888888888888888,50,20.0,1,10,log2,1e-05,50,19.5,20,17260,345.2
successive,1,0.0797697500092908,0.8878877888164206,0.8888888888888888,50,20.0,1,10,log2,0.0,50,19.54,20,17766,355.32
successive,1,0.0934012090001488,0.8874565995891422,0.8888888888888888,50,12.0,4,10,sqrt,0.0001,50,12.0,12,9548,190.96
successive,1,0.0973842919920571,0.8874565995891422,0.8888888888888888,50,12.0,4,10,sqrt,1e-05,50,12.0,12,9694,193.88
successive,1,0.099116082987166,0.8874565995891422,0.8888888888888888,50,12.0,4,10,sqrt,0.0,50,12.0,12,10058,201.16
successive,3,0.3474066670023603,0.8872218468481706,0.8888888888888888,217,16.0,4,10,sqrt,0.001,217,15.940092165898616,16,41287,190.2626728110599
successive,1,0.0815737500088289,0.8871419720847957,0.8888888888888888,50,,1,5,log2,0.001,50,21.18,27,16224,324.48
successive,2,0.2041094579908531,0.8871327768548473,0.8888888888888888,133,12.0,4,2,sqrt,0.001,133,12.0,12,21413,161.0
successive,2,0.2046857919922331,0.8871327768548473,0.8888888888888888,133,12.0,4,5,sqrt,0.001,133,12.0,12,21413,161.0
successive,2,0.1998863749904558,0.8871327768548473,0.8888888888888888,133,12.0,4,7,sqrt,0.001,133,12.0,12,21413,161.0
successive,2,0.6390160829905653,0.8871268919631791,0.8888888888888888,133,16.0,1,5,0.5,0.001,133,16.0,16,20175,151.69172932330827
successive,2,0.1832989579997956,0.8871266409392196,0.8888888888888888,133,20.0,4,2,log2,1e-05,133,18.924812030075188,20,45649,343.22556390977445
successive,2,0.1861566669977037,0.8871266409392196,0.8888888888888888,133,20.0,4,5,log2,1e-05,133,18.924812030075188,20,45649,343.22556390977445
successive,2,0.1906043750059325,0.8871266409392196,0.8888888888888888,133,20.0,4,7,log2,1e-05,133,18.924812030075188,20,45649,343.22556390977445
successive,2,0.1902952499949606,0.8871266409392196,0.8888888888888888,133,20.0,4,2,log2,0.0,133,18.954887218045112,20,47277,355.4661654135338
successive,2,0.1759571669972501,0.8871266409392196,0.8888888888888888,133,20.0,4,5,log2,0.0,133,18.954887218045112,20,47277,355.4661654135338
successive,2,0.1845781249867286,0.8871266409392196,0.8888888888888888,133,20.0,4,7,log2,0.0,133,18.954887218045112,20,47277,355.4661654135338
successive,2,0.2318612090020906,0.8870097780962798,0.8888888888888888,133,16.0,4,10,sqrt,0.001,133,15.924812030075188,16,25265,189.9624060150376
successive,1,0.0972903750080149,0.8869771450237943,0.8888888888888888,50,16.0,4,2,sqrt,0.001,50,15.98,16,9674,193.48
successive,1,0.091744249992189,0.8869771450237943,0.8888888888888888,50,16.0,4,5,sqrt,0.001,50,15.98,16,9674,193.48
successive,1,0.0966024160006782,0.8869771450237943,0.8888888888888888,50,16.0,4,7,sqrt,0.001,50,15.98,16,9674,193.48
successive,1,0.0979882920073578,0.8867057403832314,0.8888888888888888,50,,4,2,sqrt,0.001,50,20.4,26,10738,214.76
successive,1,0.0983634169970173,0.8867057403832314,0.8888888888888888,50,,4,5,sqrt,0.001,50,20.4,26,10738,214.76
successive,1,0.0907883750041946,0.8867057403832314,0.8888888888888888,50,,4,7,sqrt,0.001,50,20.4,26,10738,214.76
successive,3,1.0106862079992425,0.8867037495005522,0.8888888888888888,217,20.0,4,10,0.5,0.001,217,19.963133640552996,20,31269,144.09677419354838
successive,1,0.0965122079942375,0.886679028120673,0.8888888888888888,50,12.0,7,2,sqrt,1e-05,50,12.0,12,8738,174.76
successive,1,0.0944210830057272,0.886679028120673,0.8888888888888888,50,12.0,7,5,sqrt,1e-05,50,12.0,12,8738,174.76
successive,1,0.0935021249897545,0.886679028120673,0.8888888888888888,50,12.0,7,7,sqrt,1e-05,50,12.0,12,8738,174.76
successive,1,0.0950075000000651,0.886679028120673,0.8888888888888888,50,12.0,7,10,sqrt,1e-05,50,12.0,12,8738,174.76
successive,1,0.0959993330034194,0.886679028120673,0.8888888888888888,50,12.0,7,2,sqrt,0.0,50,12.0,12,9096,181.92
successive,1,0.0864492089895065,0.886679028120673,0.8888888888888888,50,12.0,7,5,sqrt,0.0,50,12.0,12,9096,181.92
successive,1,0.0931168329989304,0.886679028120673,0.8888888888888888,50,12.0,7,7,sqrt,0.0,50,12.0,12,9096,181.92
successive,1,0.083810625001206,0.886679028120673,0.8888888888888888,50,12.0,7,10,sqrt,0.0,50,12.0,12,9096,181.92
successive,1,0.0954992079932708,0.8866514178929426,0.8888888888888888,50,12.0,1,10,sqrt,0.001,50,12.0,12,8622,172.44
successive,1,0.0842344159900676,0.8864999257282382,0.8888888888888888,50,12.0,1,2,log2,0.001,50,12.0,12,11952,239.04
successive,1,0.0837450419930974,0.8863457326851861,0.8888888888888888,50,12.0,4,10,log2,0.001,50,12.0,12,8600,172.0
successive,1,0.094460042004357,0.886265251664257,0.8888888888888888,50,,7,2,sqrt,0.001,50,18.62,24,8302,166.04
successive,1,0.093276458006585,0.886265251664257,0.8888888888888888,50,,7,5,sqrt,0.001,50,18.62,24,8302,166.04
successive,1,0.0917073749878909,0.886265251664257,0.8888888888888888,50,,7,7,sqrt,0.001,50,18.62,24,8302,166.04
successive,1,0.0963256660033948,0.886265251664257,0.8888888888888888,50,,7,10,sqrt,0.001,50,18.62,24,8302,166.04
successive,1,0.0822723750025034,0.8858788425830314,0.8869395711500975,50,20.0,4,2,log2,0.0001,50,18.94,20,16592,331.84
successive,1,0.0814665419893572,0.8858788425830314,0.8869395711500975,50,20.0,4,5,log2,0.0001,50,18.94,20,16592,331.84
successive,1,0.0826962499995715,0.8858788425830314,0.8869395711500975,50,20.0,4,7,log2,0.0001,50,18.94,20,16592,331.84
successive,1,0.093350625000312,0.8854772110923477,0.8869395711500975,50,20.0,4,2,sqrt,0.001,50,19.0,20,10506,210.12
successive,1,0.0987006249924888,0.8854772110923477,0.8869395711500975,50,20.0,4,5,sqrt,0.001,50,19.0,20,10506,210.12
successive,1,0.0953122920036548,0.8854772110923477,0.8869395711500975,50,20.0,4,7,sqrt,0.001,50,19.0,20,10506,210.12
successive,3,0.3132257079996634,0.8854132289564899,0.8869395711500975,217,8.0,1,7,sqrt,0.0001,217,8.0,8,26889,123.91244239631337
successive,3,0.3153696670051431,0.8854132289564899,0.8869395711500975,217,8.0,1,7,sqrt,1e-05,217,8.0,8,26965,124.26267281105991
successive,3,0.3322854170110076,0.8854132289564899,0.8869395711500975,217,8.0,1,7,sqrt,0.0,217,8.0,8,27661,127.47004608294932
successive,1,0.0945990000036545,0.885383523246081,0.8869395711500975,50,12.0,4,10,sqrt,0.001,50,12.0,12,7392,147.84
successive,1,0.083101042007911,0.8853226232055535,0.8869395711500975,50,12.0,4,2,log2,0.0001,50,12.0,12,11796,235.92
successive,1,0.0826373330055503,0.8853226232055535,0.8869395711500975,50,12.0,4,5,log2,0.0001,50,12.0,12,11796,235.92
successive,1,0.0786739999894052,0.8853226232055535,0.8869395711500975,50,12.0,4,7,log2,0.0001,50,12.0,12,11796,235.92
successive,1,0.0846492499986197,0.8853226232055535,0.8869395711500975,50,12.0,4,2,log2,1e-05,50,12.0,12,12138,242.76
successive,1,0.0828118749923305,0.8853226232055535,0.8869395711500975,50,12.0,4,5,log2,1e-05,50,12.0,12,12138,242.76
successive,1,0.0814725839882157,0.8853226232055535,0.8869395711500975,50,12.0,4,7,log2,1e-05,50,12.0,12,12138,242.76
successive,1,0.0863232080009765,0.8853226232055535,0.8869395711500975,50,12.0,4,2,log2,0.0,50,12.0,12,12516,250.32
successive,1,0.0838659169967286,0.8853226232055535,0.8869395711500975,50,12.0,4,5,log2,0.0,50,12.0,12,12516,250.32
successive,1,0.0829815000033704,0.8853226232055535,0.8869395711500975,50,12.0,4,7,log2,0.0,50,12.0,12,12516,250.32
successive,3,0.3406432919873623,0.885291184571459,0.8869395711500975,217,12.0,4,2,sqrt,0.001,217,12.0,12,34771,160.23502304147465
successive,3,0.3321067079959903,0.885291184571459,0.8869395711500975,217,12.0,4,5,sqrt,0.001,217,12.0,12,34771,160.23502304147465
successive,3,0.3262027919990942,0.885291184571459,0.8869395711500975,217,12.0,4,7,sqrt,0.001,217,12.0,12,34771,160.23502304147465
successive,1,0.0804157919919816,0.8852733966337155,0.8869395711500975,50,,4,10,log2,0.0001,50,19.84,28,14948,298.96
successive,1,0.083992332991329,0.8852733966337155,0.8869395711500975,50,,4,10,log2,1e-05,50,19.88,28,15276,305.52
successive,1,0.0834589580044848,0.8852733966337155,0.8869395711500975,50,,4,10,log2,0.0,50,19.92,28,15782,315.64
successive,2,0.1874410000018542,0.8852378564152238,0.8869395711500975,133,,4,2,log2,0.0001,133,19.924812030075188,26,44969,338.1127819548872
successive,2,0.183755750011187,0.8852378564152238,0.8869395711500975,133,,4,5,log2,0.0001,133,19.924812030075188,26,44969,338.1127819548872
successive,2,0.1818202089925762,0.8852378564152238,0.8869395711500975,133,,4,7,log2,0.0001,133,19.924812030075188,26,44969,338.1127819548872
successive,2,0.1901233329990646,0.8852378564152238,0.8869395711500975,133,,4,2,log2,1e-05,133,20.02255639097744,27,46361,348.57894736842104
successive,2,0.1910349160025362,0.8852378564152238,0.8869395711500975,133,,4,5,log2,1e-05,133,20.02255639097744,27,46361,348.57894736842104
successive,2,0.1917895840015262,0.8852378564152238,0.8869395711500975,133,,4,7,log2,1e-05,133,20.02255639097744,27,46361,348.57894736842104
successive,2,0.1857921659975545,0.8852378564152238,0.8869395711500975,133,,4,2,log2,0.0,133,20.06015037593985,27,48013,361.0
successive,2,0.1746503339963965,0.8852378564152238,0.8869395711500975,133,,4,5,log2,0.0,133,20.06015037593985,27,48013,361.0
successive,2,0.1854742080031428,0.8852378564152238,0.8869395711500975,133,,4,7,log2,0.0,133,20.06015037593985,27,48013,361.0
successive,2,0.1847362919943407,0.8852365998976098,0.8869395711500975,133,20.0,4,2,log2,0.0001,133,18.894736842105264,20,44325,333.2706766917293
successive,2,0.1937662080017617,0.8852365998976098,0.8869395711500975,133,20.0,4,5,log2,0.0001,133,18.894736842105264,20,44325,333.2706766917293
successive,2,0.1869447500066599,0.8852365998976098,0.8869395711500975,133,20.0,4,7,log2,0.0001,133,18.894736842105264,20,44325,333.2706766917293
successive,2,0.2117672500025946,0.885204601620352,0.8869395711500975,133,12.0,1,5,sqrt,0.001,133,12.0,12,27029,203.2255639097744
successive,2,0.1889657499996246,0.8851341604456496,0.8869395711500975,133,12.0,1,2,log2,0.001,133,12.0,12,32085,241.2406015037594
successive,2,0.1796713750081835,0.8851235744583847,0.8869395711500975,133,12.0,4,10,log2,0.0001,133,12.0,12,30149,226.68421052631575
successive,2,0.1746060000004945,0.8851235744583847,0.8869395711500975,133,12.0,4,10,log2,1e-05,133,12.0,12,30761,231.28571428571428
successive,2,0.1710082909994525,0.8851235744583847,0.8869395711500975,133,12.0,4,10,log2,0.0,133,12.0,12,31753,238.74436090225564
successive,2,0.181599040995934,0.8850351594451557,0.8869395711500975,133,12.0,4,10,log2,0.001,133,12.0,12,23201,174.4436090225564
successive,2,0.2006804999982705,0.8850320225475731,0.8869395711500975,133,12.0,4,10,sqrt,0.0001,133,12.0,12,26505,199.28571428571428
successive,2,0.2135219999909168,0.8850320225475731,0.8869395711500975,133,12.0,4,10,sqrt,1e-05,133,12.0,12,26867,202.00751879699249
successive,2,0.202292165995459,0.8850320225475731,0.8869395711500975,133,12.0,4,10,sqrt,0.0,133,12.0,12,27923,209.94736842105263
successive,2,0.2021817920031026,0.8849663109335842,0.8869395711500975,133,20.0,7,2,sqrt,0.0001,133,18.48872180451128,20,27961,210.2330827067669
successive,2,0.2153554589895066,0.8849663109335842,0.8869395711500975,133,20.0,7,5,sqrt,0.0001,133,18.48872180451128,20,27961,210.2330827067669
successive,2,0.2023562079994008,0.8849663109335842,0.8869395711500975,133,20.0,7,7,sqrt,0.0001,133,18.48872180451128,20,27961,210.2330827067669
successive,2,0.2102942499914206,0.8849663109335842,0.8869395711500975,133,20.0,7,10,sqrt,0.0001,133,18.48872180451128,20,27961,210.2330827067669
successive,2,0.2129232080042129,0.8849663109335842,0.8869395711500975,133,20.0,7,2,sqrt,1e-05,133,18.55639097744361,20,29951,225.1954887218045
successive,2,0.1992939580086385,0.8849663109335842,0.8869395711500975,133,20.0,7,5,sqrt,1e-05,133,18.55639097744361,20,29951,225.1954887218045
successive,2,0.2118253749940777,0.8849663109335842,0.8869395711500975,133,20.0,7,7,sqrt,1e-05,133,18.55639097744361,20,29951,225.1954887218045
successive,2,0.2132064999896101,0.8849663109335842,0.8869395711500975,133,20.0,7,10,sqrt,1e-05,133,18.55639097744361,20,29951,225.1954887218045
successive,2,0.206851374998223,0.8849663109335842,0.8869395711500975,133,20.0,7,2,sqrt,0.0,133,18.57894736842105,20,31229,234.8045112781955
successive,2,0.2052971660014009,0.8849663109335842,0.8869395711500975,133,20.0,7,5,sqrt,0.0,133,18.57894736842105,20,31229,234.8045112781955
successive,2,0.2011421659990446,0.8849663109335842,0.8869395711500975,133,20.0,7,7,sqrt,0.0,133,18.57894736842105,20,31229,234.8045112781955
successive,2,0.2058446659939363,0.8849663109335842,0.8869395711500975,133,20.0,7,10,sqrt,0.0,133,18.57894736842105,20,31229,234.8045112781955
successive,2,0.1902911249926546,0.8848878629938127,0.8869395711500975,133,12.0,1,7,log2,0.001,133,12.0,12,28951,217.6766917293233
successive,1,0.2593750420055585,0.8848814072023884,0.8869395711500975,50,20.0,4,10,0.5,0.0001,50,20.0,20,9054,181.08
successive,1,0.2604391249915352,0.8848814072023884,0.8869395711500975,50,20.0,4,10,0.5,1e-05,50,20.0,20,9072,181.44
successive,1,0.2618921250104904,0.8848814072023884,0.8869395711500975,50,20.0,4,10,0.5,0.0,50,20.0,20,9538,190.76
successive,1,0.0901344999874709,0.8847788434166304,0.8869395711500975,50,12.0,7,2,sqrt,0.0001,50,12.0,12,8134,162.68
successive,1,0.0970821670052828,0.8847788434166304,0.8869395711500975,50,12.0,7,5,sqrt,0.0001,50,12.0,12,8134,162.68
successive,1,0.0953616670012706,0.8847788434166304,0.8869395711500975,50,12.0,7,7,sqrt,0.0001,50,12.0,12,8134,162.68
successive,1,0.0920106250123353,0.8847788434166304,0.8869395711500975,50,12.0,7,10,sqrt,0.0001,50,12.0,12,8134,162.68
successive,1,0.2528492499986896,0.8847554324085067,0.8869395711500975,50,16.0,4,2,0.5,0.0001,50,16.0,16,7838,156.76
successive,1,0.2554245830106083,0.8847554324085067,0.8869395711500975,50,16.0,4,5,0.5,0.0001,50,16.0,16,7838,156.76
successive,1,0.2572502919938415,0.8847554324085067,0.8869395711500975,50,16.0,4,7,0.5,0.0001,50,16.0,16,7838,156.76
successive,1,0.2456384589895606,0.8847554324085067,0.8869395711500975,50,16.0,4,2,0.5,1e-05,50,16.0,16,7868,157.36
successive,1,0.2723798329971032,0.8847554324085067,0.8869395711500975,50,16.0,4,5,0.5,1e-05,50,16.0,16,7868,157.36
successive,1,0.2503795829979935,0.8847554324085067,0.8869395711500975,50,16.0,4,7,0.5,1e-05,50,16.0,16,7868,157.36
successive,1,0.2548140830040211,0.8847554324085067,0.8869395711500975,50,16.0,4,2,0.5,0.0,50,16.0,16,8314,166.28
successive,1,0.2565983749955194,0.8847554324085067,0.8869395711500975,50,16.0,4,5,0.5,0.0,50,16.0,16,8314,166.28
successive,1,0.2573846249870257,0.8847554324085067,0.8869395711500975,50,16.0,4,7,0.5,0.0,50,16.0,16,8314,166.28
successive,2,0.6295944580051582,0.8846995503208174,0.8869395711500975,133,,4,10,0.5,0.001,133,25.406015037593985,32,21207,159.45112781954887
successive,2,0.181699541004491,0.884633873433233,0.8869395711500975,133,12.0,1,10,log2,0.0001,133,12.0,12,32603,245.13533834586465
successive,2,0.1772947080025915,0.884633873433233,0.8869395711500975,133,12.0,1,10,log2,1e-05,133,12.0,12,32929,247.58646616541353
successive,2,0.1784701660071732,0.884633873433233,0.8869395711500975,133,12.0,1,10,log2,0.0,133,12.0,12,33797,254.11278195488725
successive,1,0.0831287500041071,0.8846293206849248,0.8869395711500975,50,12.0,4,10,log2,0.0001,50,12.0,12,11132,222.64
successive,1,0.0795242500025779,0.8846293206849248,0.8869395711500975,50,12.0,4,10,log2,1e-05,50,12.0,12,11342,226.84
successive,1,0.0794982090010307,0.8846293206849248,0.8869395711500975,50,12.0,4,10,log2,0.0,50,12.0,12,11670,233.4
successive,1,0.093963082996197,0.8843743218376918,0.8869395711500975,50,,7,2,sqrt,0.0001,50,19.34,25,10574,211.48
successive,1,0.0958699999901,0.8843743218376918,0.8869395711500975,50,,7,5,sqrt,0.0001,50,19.34,25,10574,211.48
successive,1,0.0912716669990914,0.8843743218376918,0.8869395711500975,50,,7,7,sqrt,0.0001,50,19.34,25,10574,211.48
successive,1,0.0905987080041086,0.8843743218376918,0.8869395711500975,50,,7,10,sqrt,0.0001,50,19.34,25,10574,211.48
successive,1,0.0961548750055953,0.8843743218376918,0.8869395711500975,50,,7,2,sqrt,1e-05,50,19.46,25,11372,227.44
successive,1,0.0948813329887343,0.8843743218376918,0.8869395711500975,50,,7,5,sqrt,1e-05,50,19.46,25,11372,227.44
successive,1,0.0965652499871794,0.8843743218376918,0.8869395711500975,50,,7,7,sqrt,1e-05,50,19.46,25,11372,227.44
successive,1,0.0933814590098336,0.8843743218376918,0.8869395711500975,50,,7,10,sqrt,1e-05,50,19.46,25,11372,227.44
successive,1,0.0988852080045035,0.8843743218376918,0.8869395711500975,50,,7,2,sqrt,0.0,50,19.52,25,11848,236.96
successive,1,0.0920475000020815,0.8843743218376918,0.8869395711500975,50,,7,5,sqrt,0.0,50,19.52,25,11848,236.96
successive,1,0.0935648340091575,0.8843743218376918,0.8869395711500975,50,,7,7,sqrt,0.0,50,19.52,25,11848,236.96
successive,1,0.0942015839973464,0.8843743218376918,0.8869395711500975,50,,7,10,sqrt,0.0,50,19.52,25,11848,236.96
successive,1,0.2563014579936862,0.8843063546819993,0.8869395711500975,50,16.0,1,7,0.5,0.001,50,16.0,16,7256,145.12
successive,2,0.2234837500000139,0.8842773511974469,0.8869395711500975,133,16.0,7,2,sqrt,0.0001,133,15.8796992481203,16,26333,197.99248120300751
successive,2,0.2144066249893512,0.8842773511974469,0.8869395711500975,133,16.0,7,5,sqrt,0.0001,133,15.8796992481203,16,26333,197.99248120300751
successive,2,0.2149580419936683,0.8842773511974469,0.8869395711500975,133,16.0,7,7,sqrt,0.0001,133,15.8796992481203,16,26333,197.99248120300751
successive,2,0.2025903329922584,0.8842773511974469,0.8869395711500975,133,16.0,7,10,sqrt,0.0001,133,15.8796992481203,16,26333,197.99248120300751
successive,2,0.2150886669987812,0.8842773511974469,0.8869395711500975,133,16.0,7,2,sqrt,1e-05,133,15.887218045112782,16,28237,212.30827067669173
successive,2,0.2231606249988544,0.8842773511974469,0.8869395711500975,133,16.0,7,5,sqrt,1e-05,133,15.887218045112782,16,28237,212.30827067669173
successive,2,0.2107441669941181,0.8842773511974469,0.8869395711500975,133,16.0,7,7,sqrt,1e-05,133,15.887218045112782,16,28237,212.30827067669173
successive,2,0.2005035000038333,0.8842773511974469,0.8869395711500975,133,16.0,7,10,sqrt,1e-05,133,15.887218045112782,16,28237,212.30827067669173
successive,2,0.1997847909951815,0.8842773511974469,0.8869395711500975,133,16.0,7,2,sqrt,0.0,133,15.894736842105264,16,29469,221.57142857142856
successive,2,0.1989142919919686,0.8842773511974469,0.8869395711500975,133,16.0,7,5,sqrt,0.0,133,15.894736842105264,16,29469,221.57142857142856
successive,2,0.2062091669940855,0.8842773511974469,0.8869395711500975,133,16.0,7,7,sqrt,0.0,133,15.894736842105264,16,29469,221.57142857142856
successive,2,0.2001929999969434,0.8842773511974469,0.8869395711500975,133,16.0,7,10,sqrt,0.0,133,15.894736842105264,16,29469,221.57142857142856
successive,1,0.0797695829969598,0.8839932599509097,0.884990253411306,50,,4,2,log2,0.0001,50,19.9,26,16762,335.24
successive,1,0.080800999989151,0.8839932599509097,0.884990253411306,50,,4,5,log2,0.0001,50,19.9,26,16762,335.24
successive,1,0.0845278750057332,0.8839932599509097,0.884990253411306,50,,4,7,log2,0.0001,50,19.9,26,16762,335.24
successive,1,0.2508857499924488,0.8836289622418338,0.8869395711500975,50,,7,2,0.5,1e-05,50,23.72,29,8624,172.48
successive,1,0.2686719580087811,0.8836289622418338,0.8869395711500975,50,,7,5,0.5,1e-05,50,23.72,29,8624,172.48
successive,1,0.2544049579882994,0.8836289622418338,0.8869395711500975,50,,7,7,0.5,1e-05,50,23.72,29,8624,172.48
successive,1,0.2697497909975936,0.8836289622418338,0.8869395711500975,50,,7,10,0.5,1e-05,50,23.72,29,8624,172.48
successive,1,0.2588105000031646,0.8836289622418338,0.8869395711500975,50,,7,2,0.5,0.0,50,23.72,29,9144,182.88
successive,1,0.2656512089888565,0.8836289622418338,0.8869395711500975,50,,7,5,0.5,0.0,50,23.72,29,9144,182.88
successive,1,0.2674442499992437,0.8836289622418338,0.8869395711500975,50,,7,7,0.5,0.0,50,23.72,29,9144,182.88
successive,1,0.2631280420027906,0.8836289622418338,0.8869395711500975,50,,7,10,0.5,0.0,50,23.72,29,9144,182.88
successive,1,0.081685875004041,0.883577713264245,0.884990253411306,50,,7,2,log2,0.0001,50,18.62,24,11506,230.12
successive,1,0.0807266250048996,0.883577713264245,0.884990253411306,50,,7,5,log2,0.0001,50,18.62,24,11506,230.12
successive,1,0.0800170419970527,0.883577713264245,0.884990253411306,50,,7,7,log2,0.0001,50,18.62,24,11506,230.12
successive,1,0.0809710419998737,0.883577713264245,0.884990253411306,50,,7,10,log2,0.0001,50,18.62,24,11506,230.12
successive,1,0.0920185419963672,0.8833726375866299,0.884990253411306,50,16.0,4,10,sqrt,0.001,50,15.96,16,9292,185.84
successive,2,0.1844144159986172,0.8832303020915344,0.884990253411306,133,16.0,4,2,log2,0.0001,133,15.984962406015038,16,41457,311.70676691729324
successive,2,0.1845337920094607,0.8832303020915344,0.884990253411306,133,16.0,4,5,log2,0.0001,133,15.984962406015038,16,41457,311.70676691729324
successive,2,0.1867611249908805,0.8832303020915344,0.884990253411306,133,16.0,4,7,log2,0.0001,133,15.984962406015038,16,41457,311.70676691729324
successive,2,0.1841905000037513,0.8832303020915344,0.884990253411306,133,16.0,4,2,log2,1e-05,133,15.984962406015038,16,42651,320.6842105263158
successive,2,0.1834738749894313,0.8832303020915344,0.884990253411306,133,16.0,4,5,log2,1e-05,133,15.984962406015038,16,42651,320.6842105263158
successive,2,0.1868915839877445,0.8832303020915344,0.884990253411306,133,16.0,4,7,log2,1e-05,133,15.984962406015038,16,42651,320.6842105263158
successive,2,0.1769497500063153,0.8832303020915344,0.884990253411306,133,16.0,4,2,log2,0.0,133,15.984962406015038,16,44179,332.17293233082705
successive,2,0.1908346669952152,0.8832303020915344,0.884990253411306,133,16.0,4,5,log2,0.0,133,15.984962406015038,16,44179,332.17293233082705
successive,2,0.1853015829983633,0.8832303020915344,0.884990253411306,133,16.0,4,7,log2,0.0,133,15.984962406015038,16,44179,332.17293233082705
successive,2,0.2096865839994279,0.8831336573400209,0.884990253411306,133,,7,2,sqrt,0.0001,133,18.984962406015036,25,28115,211.39097744360905
successive,2,0.2095752919994993,0.8831336573400209,0.884990253411306,133,,7,5,sqrt,0.0001,133,18.984962406015036,25,28115,211.39097744360905
successive,2,0.2056754590012133,0.8831336573400209,0.884990253411306,133,,7,7,sqrt,0.0001,133,18.984962406015036,25,28115,211.39097744360905
successive,2,0.2015879999962635,0.8831336573400209,0.884990253411306,133,,7,10,sqrt,0.0001,133,18.984962406015036,25,28115,211.39097744360905
successive,2,0.2030934999929741,0.8831336573400209,0.884990253411306,133,,7,2,sqrt,1e-05,133,19.112781954887215,25,30163,226.78947368421052
successive,2,0.2013366669998504,0.8831336573400209,0.884990253411306,133,,7,5,sqrt,1e-05,133,19.112781954887215,25,30163,226.78947368421052
successive,2,0.2016117910097818,0.8831336573400209,0.884990253411306,133,,7,7,sqrt,1e-05,133,19.112781954887215,25,30163,226.78947368421052
successive,2,0.2045881249941885,0.8831336573400209,0.884990253411306,133,,7,10,sqrt,1e-05,133,19.112781954887215,25,30163,226.78947368421052
successive,2,0.2069606669974746,0.8831336573400209,0.884990253411306,133,,7,2,sqrt,0.0,133,19.157894736842103,25,31451,236.47368421052633
successive,2,0.2013972079876111,0.8831336573400209,0.884990253411306,133,,7,5,sqrt,0.0,133,19.157894736842103,25,31451,236.47368421052633
successive,2,0.2013769159966614,0.8831336573400209,0.884990253411306,133,,7,7,sqrt,0.0,133,19.157894736842103,25,31451,236.47368421052633
successive,2,0.2023929999995743,0.8831336573400209,0.884990253411306,133,,7,10,sqrt,0.0,133,19.157894736842103,25,31451,236.47368421052633
successive,2,0.2010119590122485,0.8830476022480785,0.884990253411306,133,12.0,4,10,sqrt,0.001,133,12.0,12,20569,154.65413533834587
successive,1,0.26452079199953,0.8829520497430945,0.884990253411306,50,,4,10,0.5,0.0001,50,26.78,32,10156,203.12
successive,1,0.2599122080137022,0.8829520497430945,0.884990253411306,50,,4,10,0.5,1e-05,50,26.82,32,10188,203.76
successive,1,0.2571212920011021,0.8829520497430945,0.884990253411306,50,,4,10,0.5,0.0,50,26.82,32,10668,213.36
successive,1,0.0828681660059373,0.8827825179274947,0.884990253411306,50,12.0,1,10,log2,0.0001,50,12.0,12,11862,237.24
successive,1,0.079604583006585,0.8827825179274947,0.884990253411306,50,12.0,1,10,log2,1e-05,50,12.0,12,11982,239.64
successive,1,0.0824489170045126,0.8827825179274947,0.884990253411306,50,12.0,1,10,log2,0.0,50,12.0,12,12298,245.96
successive,1,0.0969730829965556,0.8826950919406499,0.884990253411306,50,16.0,10,2,sqrt,1e-05,50,15.72,16,8912,178.24
successive,1,0.0968863749876618,0.8826950919406499,0.884990253411306,50,16.0,10,5,sqrt,1e-05,50,15.72,16,8912,178.24
successive,1,0.0943158330046571,0.8826950919406499,0.884990253411306,50,16.0,10,7,sqrt,1e-05,50,15.72,16,8912,178.24
successive,1,0.0929669579927576,0.8826950919406499,0.884990253411306,50,16.0,10,10,sqrt,1e-05,50,15.72,16,8912,178.24
successive,1,0.092693667000276,0.8826950919406499,0.884990253411306,50,16.0,10,2,sqrt,0.0,50,15.74,16,9300,186.0
successive,1,0.0945899170037591,0.8826950919406499,0.884990253411306,50,16.0,10,5,sqrt,0.0,50,15.74,16,9300,186.0
successive,1,0.0970357500045793,0.8826950919406499,0.884990253411306,50,16.0,10,7,sqrt,0.0,50,15.74,16,9300,186.0
successive,1,0.0970748749969061,0.8826950919406499,0.884990253411306,50,16.0,10,10,sqrt,0.0,50,15.74,16,9300,186.0
successive,1,0.2530378329975065,0.8826288770596171,0.884990253411306,50,16.0,4,2,0.5,0.001,50,16.0,16,6156,123.12
successive,1,0.2495847920072265,0.8826288770596171,0.884990253411306,50,16.0,4,5,0.5,0.001,50,16.0,16,6156,123.12
successive,1,0.2560092920030001,0.8826288770596171,0.884990253411306,50,16.0,4,7,0.5,0.001,50,16.0,16,6156,123.12
successive,2,0.2051731670071603,0.8825680066786105,0.884990253411306,133,12.0,7,2,sqrt,0.0001,133,12.0,12,21785,163.796992481203
successive,2,0.1979951670073205,0.8825680066786105,0.884990253411306,133,12.0,7,5,sqrt,0.0001,133,12.0,12,21785,163.796992481203
successive,2,0.1988654589949874,0.8825680066786105,0.884990253411306,133,12.0,7,7,sqrt,0.0001,133,12.0,12,21785,163.796992481203
successive,2,0.198895249995985,0.8825680066786105,0.884990253411306,133,12.0,7,10,sqrt,0.0001,133,12.0,12,21785,163.796992481203
successive,2,0.2039751249976689,0.8825680066786105,0.884990253411306,133,12.0,7,2,sqrt,1e-05,133,12.0,12,23327,175.39097744360902
successive,2,0.2067909999896073,0.8825680066786105,0.884990253411306,133,12.0,7,5,sqrt,1e-05,133,12.0,12,23327,175.39097744360902
successive,2,0.2028906249906867,0.8825680066786105,0.884990253411306,133,12.0,7,7,sqrt,1e-05,133,12.0,12,23327,175.39097744360902
successive,2,0.1955235420027747,0.8825680066786105,0.884990253411306,133,12.0,7,10,sqrt,1e-05,133,12.0,12,23327,175.39097744360902
successive,2,0.2007727499876637,0.8825680066786105,0.884990253411306,133,12.0,7,2,sqrt,0.0,133,12.0,12,24271,182.48872180451127
successive,2,0.1963414999918313,0.8825680066786105,0.884990253411306,133,12.0,7,5,sqrt,0.0,133,12.0,12,24271,182.48872180451127
successive,2,0.2020613750064512,0.8825680066786105,0.884990253411306,133,12.0,7,7,sqrt,0.0,133,12.0,12,24271,182.48872180451127
successive,2,0.1901250420050928,0.8825680066786105,0.884990253411306,133,12.0,7,10,sqrt,0.0,133,12.0,12,24271,182.48872180451127
successive,1,0.0972094169992487,0.8824766759081409,0.884990253411306,50,,10,2,sqrt,1e-05,50,17.96,27,9352,187.04
successive,1,0.091664583000238,0.8824766759081409,0.884990253411306,50,,10,5,sqrt,1e-05,50,17.96,27,9352,187.04
successive,1,0.0941886670043459,0.8824766759081409,0.884990253411306,50,,10,7,sqrt,1e-05,50,17.96,27,9352,187.04
successive,1,0.0943546250055078,0.8824766759081409,0.884990253411306,50,,10,10,sqrt,1e-05,50,17.96,27,9352,187.04
successive,1,0.0993047079973621,0.8824766759081409,0.884990253411306,50,,10,2,sqrt,0.0,50,18.0,27,9730,194.6
successive,1,0.0949766249977983,0.8824766759081409,0.884990253411306,50,,10,5,sqrt,0.0,50,18.0,27,9730,194.6
successive,1,0.094818416997441,0.8824766759081409,0.884990253411306,50,,10,7,sqrt,0.0,50,18.0,27,9730,194.6
successive,1,0.095448166001006,0.8824766759081409,0.884990253411306,50,,10,10,sqrt,0.0,50,18.0,27,9730,194.6
successive,1,0.0943647079984657,0.882428930497402,0.884990253411306,50,20.0,7,2,sqrt,0.0001,50,18.76,20,10506,210.12
successive,1,0.0925875839893706,0.882428930497402,0.884990253411306,50,20.0,7,5,sqrt,0.0001,50,18.76,20,10506,210.12
successive,1,0.0973893749905983,0.882428930497402,0.884990253411306,50,20.0,7,7,sqrt,0.0001,50,18.76,20,10506,210.12
successive,1,0.0915881670080125,0.882428930497402,0.884990253411306,50,20.0,7,10,sqrt,0.0001,50,18.76,20,10506,210.12
successive,1,0.098939125004108,0.882428930497402,0.884990253411306,50,20.0,7,2,sqrt,1e-05,50,18.82,20,11272,225.44
successive,1,0.0958035840012598,0.882428930497402,0.884990253411306,50,20.0,7,5,sqrt,1e-05,50,18.82,20,11272,225.44
successive,1,0.0953760830016108,0.882428930497402,0.884990253411306,50,20.0,7,7,sqrt,1e-05,50,18.82,20,11272,225.44
successive,1,0.0953959999897051,0.882428930497402,0.884990253411306,50,20.0,7,10,sqrt,1e-05,50,18.82,20,11272,225.44
successive,1,0.0951022500084946,0.882428930497402,0.884990253411306,50,20.0,7,2,sqrt,0.0,50,18.86,20,11750,235.0
successive,1,0.0942106250004144,0.882428930497402,0.884990253411306,50,20.0,7,5,sqrt,0.0,50,18.86,20,11750,235.0
successive,1,0.0942866660043364,0.882428930497402,0.884990253411306,50,20.0,7,7,sqrt,0.0,50,18.86,20,11750,235.0
successive,1,0.094702041009441,0.882428930497402,0.884990253411306,50,20.0,7,10,sqrt,0.0,50,18.86,20,11750,235.0
successive,2,0.5967872090113815,0.8823370307597106,0.884990253411306,133,16.0,4,2,0.5,0.001,133,16.0,16,16653,125.21052631578948
successive,2,0.5897040830022888,0.8823370307597106,0.884990253411306,133,16.0,4,5,0.5,0.001,133,16.0,16,16653,125.21052631578948
successive,2,0.5965904999902705,0.8823370307597106,0.884990253411306,133,16.0,4,7,0.5,0.001,133,16.0,16,16653,125.21052631578948
successive,1,0.0821933330007596,0.8821838527236203,0.8830409356725146,50,,4,2,log2,1e-05,50,19.96,26,17280,345.6
successive,1,0.0818687919963849,0.8821838527236203,0.8830409356725146,50,,4,5,log2,1e-05,50,19.96,26,17280,345.6
successive,1,0.0914527919958345,0.8821838527236203,0.8830409356725146,50,,4,7,log2,1e-05,50,19.96,26,17280,345.6
successive,1,0.081364041994675,0.8821838527236203,0.8830409356725146,50,,4,2,log2,0.0,50,20.02,26,17908,358.16
successive,1,0.0802936249965569,0.8821838527236203,0.8830409356725146,50,,4,5,log2,0.0,50,20.02,26,17908,358.16
successive,1,0.0795495420024963,0.8821838527236203,0.8830409356725146,50,,4,7,log2,0.0,50,20.02,26,17908,358.16
successive,2,0.2111539170000469,0.8820620975966165,0.884990253411306,133,,7,2,sqrt,0.001,133,18.32330827067669,24,22147,166.5187969924812
successive,2,0.201866625007824,0.8820620975966165,0.884990253411306,133,,7,5,sqrt,0.001,133,18.32330827067669,24,22147,166.5187969924812
successive,2,0.2111535419971915,0.8820620975966165,0.884990253411306,133,,7,7,sqrt,0.001,133,18.32330827067669,24,22147,166.5187969924812
successive,2,0.2020069999998668,0.8820620975966165,0.884990253411306,133,,7,10,sqrt,0.001,133,18.32330827067669,24,22147,166.5187969924812
successive,1,0.2583723750140052,0.8817909314400196,0.884990253411306,50,,7,2,0.5,0.0001,50,23.56,29,8114,162.28
successive,1,0.2666837919969111,0.8817909314400196,0.884990253411306,50,,7,5,0.5,0.0001,50,23.56,29,8114,162.28
successive,1,0.2474453749891836,0.8817909314400196,0.884990253411306,50,,7,7,0.5,0.0001,50,23.56,29,8114,162.28
successive,1,0.2573382919945288,0.8817909314400196,0.884990253411306,50,,7,10,0.5,0.0001,50,23.56,29,8114,162.28
successive,1,0.2538305000052787,0.8817447225387508,0.884990253411306,50,20.0,7,2,0.5,0.0001,50,19.84,20,7590,151.8
successive,1,0.2612137499963864,0.8817447225387508,0.884990253411306,50,20.0,7,5,0.5,0.0001,50,19.84,20,7590,151.8
successive,1,0.2550813340058084,0.8817447225387508,0.884990253411306,50,20.0,7,7,0.5,0.0001,50,19.84,20,7590,151.8
successive,1,0.2598452920065028,0.8817447225387508,0.884990253411306,50,20.0,7,10,0.5,0.0001,50,19.84,20,7590,151.8
successive,1,0.2577616250055143,0.8817447225387508,0.884990253411306,50,20.0,7,2,0.5,1e-05,50,19.86,20,8064,161.28
successive,1,0.2557044160057558,0.8817447225387508,0.884990253411306,50,20.0,7,5,0.5,1e-05,50,19.86,20,8064,161.28
successive,1,0.2542271669954061,0.8817447225387508,0.884990253411306,50,20.0,7,7,0.5,1e-05,50,19.86,20,8064,161.28
successive,1,0.26145429200551,0.8817447225387508,0.884990253411306,50,20.0,7,10,0.5,1e-05,50,19.86,20,8064,161.28
successive,1,0.2456380410003475,0.8817447225387508,0.884990253411306,50,20.0,7,2,0.5,0.0,50,19.86,20,8564,171.28
successive,1,0.2485852500103647,0.8817447225387508,0.884990253411306,50,20.0,7,5,0.5,0.0,50,19.86,20,8564,171.28
successive,1,0.2486747499933699,0.8817447225387508,0.884990253411306,50,20.0,7,7,0.5,0.0,50,19.86,20,8564,171.28
successive,1,0.2584121249965392,0.8817447225387508,0.884990253411306,50,20.0,7,10,0.5,0.0,50,19.86,20,8564,171.28
successive,1,0.0799029170011635,0.8816413504334419,0.8830409356725146,50,20.0,7,2,log2,0.0001,50,18.18,20,11436,228.72
successive,1,0.0813819589966442,0.8816413504334419,0.8830409356725146,50,20.0,7,5,log2,0.0001,50,18.18,20,11436,228.72
successive,1,0.0818527920055203,0.8816413504334419,0.8830409356725146,50,20.0,7,7,log2,0.0001,50,18.18,20,11436,228.72
successive,1,0.0822098750068107,0.8816413504334419,0.8830409356725146,50,20.0,7,10,log2,0.0001,50,18.18,20,11436,228.72
successive,1,0.0820729160041082,0.8816413504334419,0.8830409356725146,50,20.0,7,2,log2,1e-05,50,18.24,20,12218,244.36
successive,1,0.0791245000000344,0.8816413504334419,0.8830409356725146,50,20.0,7,5,log2,1e-05,50,18.24,20,12218,244.36
successive,1,0.0839562089968239,0.8816413504334419,0.8830409356725146,50,20.0,7,7,log2,1e-05,50,18.24,20,12218,244.36
successive,1,0.0819782920007128,0.8816413504334419,0.8830409356725146,50,20.0,7,10,log2,1e-05,50,18.24,20,12218,244.36
successive,1,0.0791119999921647,0.8816413504334419,0.8830409356725146,50,20.0,7,2,log2,0.0,50,18.26,20,12602,252.04
successive,1,0.0837757080007577,0.8816413504334419,0.8830409356725146,50,20.0,7,5,log2,0.0,50,18.26,20,12602,252.04
successive,1,0.0822846250084694,0.8816413504334419,0.8830409356725146,50,20.0,7,7,log2,0.0,50,18.26,20,12602,252.04
successive,1,0.0834899170004064,0.8816413504334419,0.8830409356725146,50,20.0,7,10,log2,0.0,50,18.26,20,12602,252.04
successive,1,0.0824147919920506,0.8816054292864952,0.8830409356725146,50,,7,2,log2,1e-05,50,18.74,24,12294,245.88
successive,1,0.0837152919993968,0.8816054292864952,0.8830409356725146,50,,7,5,log2,1e-05,50,18.74,24,12294,245.88
successive,1,0.0789785840024706,0.8816054292864952,0.8830409356725146,50,,7,7,log2,1e-05,50,18.74,24,12294,245.88
successive,1,0.0889365829934831,0.8816054292864952,0.8830409356725146,50,,7,10,log2,1e-05,50,18.74,24,12294,245.88
successive,1,0.0825775409903144,0.8816054292864952,0.8830409356725146,50,,7,2,log2,0.0,50,18.76,24,12670,253.4
successive,1,0.0823303750075865,0.8816054292864952,0.8830409356725146,50,,7,5,log2,0.0,50,18.76,24,12670,253.4
successive,1,0.0840473330026725,0.8816054292864952,0.8830409356725146,50,,7,7,log2,0.0,50,18.76,24,12670,253.4
successive,1,0.0794770839856937,0.8816054292864952,0.8830409356725146,50,,7,10,log2,0.0,50,18.76,24,12670,253.4
successive,1,0.0813746250059921,0.8815654035058071,0.8830409356725146,50,16.0,4,2,log2,0.0001,50,15.98,16,15338,306.76
successive,1,0.0818804589944193,0.8815654035058071,0.8830409356725146,50,16.0,4,5,log2,0.0001,50,15.98,16,15338,306.76
successive,1,0.0816669169871602,0.8815654035058071,0.8830409356725146,50,16.0,4,7,log2,0.0001,50,15.98,16,15338,306.76
successive,1,0.0815943749912548,0.8815654035058071,0.8830409356725146,50,16.0,4,2,log2,1e-05,50,15.98,16,15784,315.68
successive,1,0.0923009999969508,0.8815654035058071,0.8830409356725146,50,16.0,4,5,log2,1e-05,50,15.98,16,15784,315.68
successive,1,0.0819466249959077,0.8815654035058071,0.8830409356725146,50,16.0,4,7,log2,1e-05,50,15.98,16,15784,315.68
successive,1,0.0829424160037888,0.8815654035058071,0.8830409356725146,50,16.0,4,2,log2,0.0,50,15.98,16,16368,327.36
successive,1,0.0801835830061463,0.8815654035058071,0.8830409356725146,50,16.0,4,5,log2,0.0,50,15.98,16,16368,327.36
successive,1,0.0802872920030495,0.8815654035058071,0.8830409356725146,50,16.0,4,7,log2,0.0,50,15.98,16,16368,327.36
successive,2,0.2050312080100411,0.8814153149302019,0.8830409356725146,133,12.0,1,10,sqrt,0.001,133,12.0,12,23727,178.3984962406015
successive,1,0.259999500005506,0.8813041805548097,0.884990253411306,50,20.0,7,2,0.5,0.001,50,19.78,20,6126,122.52
successive,1,0.2460982920019887,0.8813041805548097,0.884990253411306,50,20.0,7,5,0.5,0.001,50,19.78,20,6126,122.52
successive,1,0.2522014589922037,0.8813041805548097,0.884990253411306,50,20.0,7,7,0.5,0.001,50,19.78,20,6126,122.52
successive,1,0.2618870000005699,0.8813041805548097,0.884990253411306,50,20.0,7,10,0.5,0.001,50,19.78,20,6126,122.52
successive,1,0.0807435410097241,0.8812993697444044,0.8830409356725146,50,12.0,1,7,log2,0.001,50,12.0,12,10502,210.04
successive,2,0.1903447079967009,0.8809891142428211,0.8830409356725146,133,16.0,4,2,log2,0.001,133,15.894736842105264,16,29843,224.38345864661653
successive,2,0.1829097500012722,0.8809891142428211,0.8830409356725146,133,16.0,4,5,log2,0.001,133,15.894736842105264,16,29843,224.38345864661653
successive,2,0.1807989999942947,0.8809891142428211,0.8830409356725146,133,16.0,4,7,log2,0.001,133,15.894736842105264,16,29843,224.38345864661653
successive,1,0.2489884579990757,0.8808928169972275,0.8810916179337231,50,16.0,1,10,0.5,0.001,50,16.0,16,6786,135.72
successive,2,0.1912364160089055,0.8808457204386175,0.8830409356725146,133,20.0,4,2,log2,0.001,133,18.20300751879699,20,31435,236.35338345864665
successive,2,0.1886178340064361,0.8808457204386175,0.8830409356725146,133,20.0,4,5,log2,0.001,133,18.20300751879699,20,31435,236.35338345864665
successive,2,0.1777354170044418,0.8808457204386175,0.8830409356725146,133,20.0,4,7,log2,0.001,133,18.20300751879699,20,31435,236.35338345864665
successive,1,0.0960818330058828,0.8808423499495148,0.8830409356725146,50,20.0,7,2,sqrt,0.001,50,18.24,20,8238,164.76
successive,1,0.0950837090058485,0.8808423499495148,0.8830409356725146,50,20.0,7,5,sqrt,0.001,50,18.24,20,8238,164.76
successive,1,0.0938910420081811,0.8808423499495148,0.8830409356725146,50,20.0,7,7,sqrt,0.001,50,18.24,20,8238,164.76
successive,1,0.0914337080030236,0.8808423499495148,0.8830409356725146,50,20.0,7,10,sqrt,0.001,50,18.24,20,8238,164.76
successive,1,0.238419374989462,0.8808190606456597,0.8810916179337231,50,12.0,1,5,0.5,1e-05,50,12.0,12,7042,140.84
successive,1,0.2317723749874858,0.8808190606456597,0.8810916179337231,50,12.0,1,5,0.5,0.0001,50,12.0,12,7042,140.84
successive,1,0.2411055830016266,0.8808190606456597,0.8810916179337231,50,12.0,1,5,0.5,0.0,50,12.0,12,7412,148.24
successive,1,0.0928645840031094,0.8807086464132656,0.8830409356725146,50,16.0,10,2,sqrt,0.0001,50,15.72,16,8266,165.32
successive,1,0.0940994580014376,0.8807086464132656,0.8830409356725146,50,16.0,10,5,sqrt,0.0001,50,15.72,16,8266,165.32
successive,1,0.0835504999995464,0.8807086464132656,0.8830409356725146,50,16.0,10,7,sqrt,0.0001,50,15.72,16,8266,165.32
successive,1,0.0913292500044917,0.8807086464132656,0.8830409356725146,50,16.0,10,10,sqrt,0.0001,50,15.72,16,8266,165.32
successive,1,0.0978232499910518,0.8806472009115728,0.8830409356725146,50,12.0,7,2,sqrt,0.001,50,12.0,12,6500,130.0
successive,1,0.0956319169927155,0.8806472009115728,0.8830409356725146,50,12.0,7,5,sqrt,0.001,50,12.0,12,6500,130.0
successive,1,0.0955006659933133,0.8806472009115728,0.8830409356725146,50,12.0,7,7,sqrt,0.001,50,12.0,12,6500,130.0
successive,1,0.0915757920010946,0.8806472009115728,0.8830409356725146,50,12.0,7,10,sqrt,0.001,50,12.0,12,6500,130.0
successive,2,0.181800916994689,0.880639915625416,0.8830409356725146,133,12.0,1,10,log2,0.001,133,12.0,12,26839,201.796992481203
successive,1,0.0928079589939443,0.8805898800485374,0.8830409356725146,50,20.0,10,2,sqrt,1e-05,50,17.62,20,9316,186.32
successive,1,0.0936659589933697,0.8805898800485374,0.8830409356725146,50,20.0,10,5,sqrt,1e-05,50,17.62,20,9316,186.32
successive,1,0.0945713749970309,0.8805898800485374,0.8830409356725146,50,20.0,10,7,sqrt,1e-05,50,17.62,20,9316,186.32
successive,1,0.0948733340046601,0.8805898800485374,0.8830409356725146,50,20.0,10,10,sqrt,1e-05,50,17.62,20,9316,186.32
successive,1,0.0955625829956261,0.8805898800485374,0.8830409356725146,50,20.0,10,2,sqrt,0.0,50,17.66,20,9700,194.0
successive,1,0.0932548330019926,0.8805898800485374,0.8830409356725146,50,20.0,10,5,sqrt,0.0,50,17.66,20,9700,194.0
successive,1,0.0932206669967854,0.8805898800485374,0.8830409356725146,50,20.0,10,7,sqrt,0.0,50,17.66,20,9700,194.0
successive,1,0.0947480419999919,0.8805898800485374,0.8830409356725146,50,20.0,10,10,sqrt,0.0,50,17.66,20,9700,194.0
successive,1,0.0932460840122075,0.8805314587880702,0.8830409356725146,50,,10,2,sqrt,0.0001,50,17.88,27,8664,173.28
successive,1,0.0960955000045942,0.8805314587880702,0.8830409356725146,50,,10,5,sqrt,0.0001,50,17.88,27,8664,173.28
successive,1,0.0952719159977277,0.8805314587880702,0.8830409356725146,50,,10,7,sqrt,0.0001,50,17.88,27,8664,173.28
successive,1,0.0989440830016974,0.8805314587880702,0.8830409356725146,50,,10,10,sqrt,0.0001,50,17.88,27,8664,173.28
successive,1,0.1086194579984294,0.8804997404371971,0.8830409356725146,50,16.0,7,2,sqrt,1e-05,50,15.92,16,10632,212.64
successive,1,0.0960091250017285,0.8804997404371971,0.8830409356725146,50,16.0,7,5,sqrt,1e-05,50,15.92,16,10632,212.64
successive,1,0.0942854169989004,0.8804997404371971,0.8830409356725146,50,16.0,7,7,sqrt,1e-05,50,15.92,16,10632,212.64
successive,1,0.095250083002611,0.8804997404371971,0.8830409356725146,50,16.0,7,10,sqrt,1e-05,50,15.92,16,10632,212.64
successive,1,0.0985369170084595,0.8804997404371971,0.8830409356725146,50,16.0,7,2,sqrt,0.0,50,15.92,16,11090,221.8
successive,1,0.0905641249992186,0.8804997404371971,0.8830409356725146,50,16.0,7,5,sqrt,0.0,50,15.92,16,11090,221.8
successive,1,0.0948342920019058,0.8804997404371971,0.8830409356725146,50,16.0,7,7,sqrt,0.0,50,15.92,16,11090,221.8
successive,1,0.0951514589978614,0.8804997404371971,0.8830409356725146,50,16.0,7,10,sqrt,0.0,50,15.92,16,11090,221.8
successive,2,0.1999376660096459,0.8803142985053606,0.8830409356725146,133,16.0,7,2,sqrt,0.001,133,15.834586466165414,16,20909,157.21052631578948
successive,2,0.2046726249973289,0.8803142985053606,0.8830409356725146,133,16.0,7,5,sqrt,0.001,133,15.834586466165414,16,20909,157.21052631578948
successive,2,0.2013969169929623,0.8803142985053606,0.8830409356725146,133,16.0,7,7,sqrt,0.001,133,15.834586466165414,16,20909,157.21052631578948
successive,2,0.2136344589962391,0.8803142985053606,0.8830409356725146,133,16.0,7,10,sqrt,0.001,133,15.834586466165414,16,20909,157.21052631578948
successive,1,0.0920066659891745,0.8798732640533818,0.8810916179337231,50,8.0,1,7,sqrt,0.0001,50,8.0,8,6000,120.0
successive,1,0.0851255409943405,0.8798732640533818,0.8810916179337231,50,8.0,1,7,sqrt,1e-05,50,8.0,8,6018,120.36
successive,1,0.0938654170022346,0.8798732640533818,0.8810916179337231,50,8.0,1,7,sqrt,0.0,50,8.0,8,6166,123.32
successive,1,0.0830629169940948,0.8797370749980524,0.8810916179337231,50,20.0,4,2,log2,1e-05,50,18.96,20,17102,342.04
successive,1,0.0813016249885549,0.8797370749980524,0.8810916179337231,50,20.0,4,5,log2,1e-05,50,18.96,20,17102,342.04
successive,1,0.0802917920082109,0.8797370749980524,0.8810916179337231,50,20.0,4,7,log2,1e-05,50,18.96,20,17102,342.04
successive,1,0.0829450830060523,0.8797370749980524,0.8810916179337231,50,20.0,4,2,log2,0.0,50,19.0,20,17734,354.68
successive,1,0.0824733339977683,0.8797370749980524,0.8810916179337231,50,20.0,4,5,log2,0.0,50,19.0,20,17734,354.68
successive,1,0.0818376249953871,0.8797370749980524,0.8810916179337231,50,20.0,4,7,log2,0.0,50,19.0,20,17734,354.68
successive,1,0.2623163749958621,0.8795543115987701,0.8830409356725146,50,,7,2,0.5,0.001,50,22.86,29,6542,130.84
successive,1,0.250593332995777,0.8795543115987701,0.8830409356725146,50,,7,5,0.5,0.001,50,22.86,29,6542,130.84
successive,1,0.2570983330078888,0.8795543115987701,0.8830409356725146,50,,7,7,0.5,0.001,50,22.86,29,6542,130.84
successive,1,0.2529578750109067,0.8795543115987701,0.8830409356725146,50,,7,10,0.5,0.001,50,22.86,29,6542,130.84
successive,2,0.1976407500042114,0.8794731412361955,0.8810916179337231,133,12.0,4,2,log2,0.0001,133,12.0,12,32627,245.31578947368425
successive,2,0.1866823750024195,0.8794731412361955,0.8810916179337231,133,12.0,4,5,log2,0.0001,133,12.0,12,32627,245.31578947368425
successive,2,0.1738733750098617,0.8794731412361955,0.8810916179337231,133,12.0,4,7,log2,0.0001,133,12.0,12,32627,245.31578947368425
successive,2,0.1869224160036537,0.8794731412361955,0.8810916179337231,133,12.0,4,2,log2,1e-05,133,12.0,12,33511,251.9624060150376
successive,2,0.1779022499977145,0.8794731412361955,0.8810916179337231,133,12.0,4,5,log2,1e-05,133,12.0,12,33511,251.9624060150376
successive,2,0.1768318340036785,0.8794731412361955,0.8810916179337231,133,12.0,4,7,log2,1e-05,133,12.0,12,33511,251.9624060150376
successive,2,0.1768098329921485,0.8794731412361955,0.8810916179337231,133,12.0,4,2,log2,0.0,133,12.0,12,34575,259.9624060150376
successive,2,0.17635666699789,0.8794731412361955,0.8810916179337231,133,12.0,4,5,log2,0.0,133,12.0,12,34575,259.9624060150376
successive,2,0.1732771249953657,0.8794731412361955,0.8810916179337231,133,12.0,4,7,log2,0.0,133,12.0,12,34575,259.9624060150376
successive,1,0.0803327079920563,0.879262771052734,0.8810916179337231,50,16.0,4,2,log2,0.001,50,15.92,16,11026,220.52
successive,1,0.0901483330089831,0.879262771052734,0.8810916179337231,50,16.0,4,5,log2,0.001,50,15.92,16,11026,220.52
successive,1,0.091295167003409,0.879262771052734,0.8810916179337231,50,16.0,4,7,log2,0.001,50,15.92,16,11026,220.52
successive,1,0.0820977090043015,0.8792385466606691,0.8810916179337231,50,,10,2,log2,0.0001,50,16.9,24,9220,184.4
successive,1,0.0823465839930577,0.8792385466606691,0.8810916179337231,50,,10,5,log2,0.0001,50,16.9,24,9220,184.4
successive,1,0.0833038330019917,0.8792385466606691,0.8810916179337231,50,,10,7,log2,0.0001,50,16.9,24,9220,184.4
successive,1,0.0820031249895691,0.8792385466606691,0.8810916179337231,50,,10,10,log2,0.0001,50,16.9,24,9220,184.4
successive,1,0.0818453340034466,0.8792385466606691,0.8810916179337231,50,,10,2,log2,1e-05,50,17.0,24,9842,196.84
successive,1,0.0836885419994359,0.8792385466606691,0.8810916179337231,50,,10,5,log2,1e-05,50,17.0,24,9842,196.84
successive,1,0.0858106660016346,0.8792385466606691,0.8810916179337231,50,,10,7,log2,1e-05,50,17.0,24,9842,196.84
successive,1,0.0823552920046495,0.8792385466606691,0.8810916179337231,50,,10,10,log2,1e-05,50,17.0,24,9842,196.84
successive,1,0.0811144159961259,0.8792385466606691,0.8810916179337231,50,,10,2,log2,0.0,50,17.04,24,10108,202.16
successive,1,0.0806415830011246,0.8792385466606691,0.8810916179337231,50,,10,5,log2,0.0,50,17.04,24,10108,202.16
successive,1,0.1023236670007463,0.8792385466606691,0.8810916179337231,50,,10,7,log2,0.0,50,17.04,24,10108,202.16
successive,1,0.0827166250091977,0.8792385466606691,0.8810916179337231,50,,10,10,log2,0.0,50,17.04,24,10108,202.16
successive,1,0.0836766659922432,0.8790853488820034,0.8810916179337231,50,12.0,1,10,log2,0.001,50,12.0,12,9786,195.72
successive,2,0.2047779999993508,0.8789115478254814,0.8810916179337231,133,,10,2,sqrt,0.0001,133,17.917293233082706,27,23161,174.14285714285714
successive,2,0.2054454169992823,0.8789115478254814,0.8810916179337231,133,,10,5,sqrt,0.0001,133,17.917293233082706,27,23161,174.14285714285714
successive,2,0.2082997920078924,0.8789115478254814,0.8810916179337231,133,,10,7,sqrt,0.0001,133,17.917293233082706,27,23161,174.14285714285714
successive,2,0.1977919170021778,0.8789115478254814,0.8810916179337231,133,,10,10,sqrt,0.0001,133,17.917293233082706,27,23161,174.14285714285714
successive,2,0.2054145419970154,0.8789115478254814,0.8810916179337231,133,,10,2,sqrt,1e-05,133,17.962406015037594,27,24835,186.72932330827064
successive,2,0.2067255829897476,0.8789115478254814,0.8810916179337231,133,,10,5,sqrt,1e-05,133,17.962406015037594,27,24835,186.72932330827064
successive,2,0.2011688750062603,0.8789115478254814,0.8810916179337231,133,,10,7,sqrt,1e-05,133,17.962406015037594,27,24835,186.72932330827064
successive,2,0.2247033750027185,0.8789115478254814,0.8810916179337231,133,,10,10,sqrt,1e-05,133,17.962406015037594,27,24835,186.72932330827064
successive,2,0.1997385419963393,0.8789115478254814,0.8810916179337231,133,,10,2,sqrt,0.0,133,18.0,27,25769,193.75187969924812
successive,2,0.1996955419890582,0.8789115478254814,0.8810916179337231,133,,10,5,sqrt,0.0,133,18.0,27,25769,193.75187969924812
successive,2,0.2240386659977957,0.8789115478254814,0.8810916179337231,133,,10,7,sqrt,0.0,133,18.0,27,25769,193.75187969924812
successive,2,0.2000744589895475,0.8789115478254814,0.8810916179337231,133,,10,10,sqrt,0.0,133,18.0,27,25769,193.75187969924812
successive,2,0.1937126249977154,0.8788932926399279,0.8810916179337231,133,8.0,4,2,log2,0.001,133,8.0,8,13823,103.93233082706767
successive,2,0.1805054580036085,0.8788932926399279,0.8810916179337231,133,8.0,4,5,log2,0.001,133,8.0,8,13823,103.93233082706767
successive,2,0.1772332079999614,0.8788932926399279,0.8810916179337231,133,8.0,4,7,log2,0.001,133,8.0,8,13823,103.93233082706767
successive,1,0.0831424170028185,0.8788645324801679,0.8810916179337231,50,8.0,1,7,sqrt,0.001,50,8.0,8,5220,104.4
successive,2,0.180678375007119,0.8787554422142762,0.8810916179337231,133,,4,2,log2,0.001,133,18.76691729323308,25,31675,238.1578947368421
successive,2,0.1758577919972594,0.8787554422142762,0.8810916179337231,133,,4,5,log2,0.001,133,18.76691729323308,25,31675,238.1578947368421
successive,2,0.1767488330078777,0.8787554422142762,0.8810916179337231,133,,4,7,log2,0.001,133,18.76691729323308,25,31675,238.1578947368421
successive,1,0.0979432919993996,0.8786290957348118,0.8810916179337231,50,20.0,10,2,sqrt,0.0001,50,17.56,20,8630,172.6
successive,1,0.0951307080104015,0.8786290957348118,0.8810916179337231,50,20.0,10,5,sqrt,0.0001,50,17.56,20,8630,172.6
successive,1,0.0933529580070171,0.8786290957348118,0.8810916179337231,50,20.0,10,7,sqrt,0.0001,50,17.56,20,8630,172.6
successive,1,0.0946991659875493,0.8786290957348118,0.8810916179337231,50,20.0,10,10,sqrt,0.0001,50,17.56,20,8630,172.6
successive,2,0.569945833995007,0.8784284542280812,0.8810916179337231,133,12.0,1,2,0.5,0.0001,133,12.0,12,22327,167.87218045112783
successive,2,0.5755682089948095,0.8784284542280812,0.8810916179337231,133,12.0,1,2,0.5,1e-05,133,12.0,12,22329,167.88721804511275
successive,2,0.5788676670053974,0.8784284542280812,0.8810916179337231,133,12.0,1,2,0.5,0.0,133,12.0,12,23797,178.9248120300752
successive,1,0.2617181250097928,0.8784104131447703,0.8810916179337231,50,20.0,4,10,0.5,0.001,50,20.0,20,7140,142.8
successive,1,0.2361767919937847,0.8783806130713777,0.8810916179337231,50,12.0,1,7,0.5,1e-05,50,12.0,12,6578,131.56
successive,1,0.2305526660056784,0.8783806130713777,0.8810916179337231,50,12.0,1,7,0.5,0.0001,50,12.0,12,6578,131.56
successive,1,0.2436947500100359,0.8783806130713777,0.8810916179337231,50,12.0,1,7,0.5,0.0,50,12.0,12,6916,138.32
successive,1,0.091321958010667,0.8782508856133252,0.8810916179337231,50,16.0,7,2,sqrt,0.0001,50,15.92,16,9894,197.88
successive,1,0.0921981249994132,0.8782508856133252,0.8810916179337231,50,16.0,7,5,sqrt,0.0001,50,15.92,16,9894,197.88
successive,1,0.0937689999991562,0.8782508856133252,0.8810916179337231,50,16.0,7,7,sqrt,0.0001,50,15.92,16,9894,197.88
successive,1,0.0908992909971857,0.8782508856133252,0.8810916179337231,50,16.0,7,10,sqrt,0.0001,50,15.92,16,9894,197.88
successive,1,0.2646153340028832,0.8781784518128649,0.8810916179337231,50,,4,10,0.5,0.001,50,25.38,30,7908,158.16
successive,1,0.0926821250031935,0.8781655065855826,0.8810916179337231,50,16.0,7,2,sqrt,0.001,50,15.9,16,7848,156.96
successive,1,0.0966198749956674,0.8781655065855826,0.8810916179337231,50,16.0,7,5,sqrt,0.001,50,15.9,16,7848,156.96
successive,1,0.0961343749950174,0.8781655065855826,0.8810916179337231,50,16.0,7,7,sqrt,0.001,50,15.9,16,7848,156.96
successive,1,0.0939845420070923,0.8781655065855826,0.8810916179337231,50,16.0,7,10,sqrt,0.001,50,15.9,16,7848,156.96
successive,1,0.0962968749954598,0.878021582807739,0.8810916179337231,50,16.0,10,2,sqrt,0.001,50,15.58,16,6566,131.32
successive,1,0.115231916992343,0.878021582807739,0.8810916179337231,50,16.0,10,5,sqrt,0.001,50,15.58,16,6566,131.32
successive,1,0.0957163330022012,0.878021582807739,0.8810916179337231,50,16.0,10,7,sqrt,0.001,50,15.58,16,6566,131.32
successive,1,0.0846810829971218,0.878021582807739,0.8810916179337231,50,16.0,10,10,sqrt,0.001,50,15.58,16,6566,131.32
successive,1,0.096759291991475,0.8779887568933676,0.8810916179337231,50,20.0,10,2,sqrt,0.001,50,17.22,20,6868,137.36
successive,1,0.0969044579978799,0.8779887568933676,0.8810916179337231,50,20.0,10,5,sqrt,0.001,50,17.22,20,6868,137.36
successive,1,0.0935858329903567,0.8779887568933676,0.8810916179337231,50,20.0,10,7,sqrt,0.001,50,17.22,20,6868,137.36
successive,1,0.0959812500077532,0.8779887568933676,0.8810916179337231,50,20.0,10,10,sqrt,0.001,50,17.22,20,6868,137.36
successive,1,0.0808947080076905,0.8777522862571027,0.8791423001949318,50,,7,2,log2,0.001,50,17.76,24,8812,176.24
successive,1,0.0905955000052927,0.8777522862571027,0.8791423001949318,50,,7,5,log2,0.001,50,17.76,24,8812,176.24
successive,1,0.0828996670024935,0.8777522862571027,0.8791423001949318,50,,7,7,log2,0.001,50,17.76,24,8812,176.24
successive,1,0.0813226660102373,0.8777522862571027,0.8791423001949318,50,,7,10,log2,0.001,50,17.76,24,8812,176.24
successive,2,0.185815167002147,0.877525821045261,0.8791423001949318,133,,10,2,log2,0.001,133,16.51127819548872,25,19339,145.406015037594
successive,2,0.1821219160046894,0.877525821045261,0.8791423001949318,133,,10,5,log2,0.001,133,16.51127819548872,25,19339,145.406015037594
successive,2,0.1985030000068945,0.877525821045261,0.8791423001949318,133,,10,7,log2,0.001,133,16.51127819548872,25,19339,145.406015037594
successive,2,0.1896314579935278,0.877525821045261,0.8791423001949318,133,,10,10,log2,0.001,133,16.51127819548872,25,19339,145.406015037594
successive,1,0.0832047080039046,0.8773290248345357,0.8791423001949318,50,16.0,7,2,log2,0.0001,50,15.68,16,10880,217.6
successive,1,0.0848377499933121,0.8773290248345357,0.8791423001949318,50,16.0,7,5,log2,0.0001,50,15.68,16,10880,217.6
successive,1,0.0803091670095454,0.8773290248345357,0.8791423001949318,50,16.0,7,7,log2,0.0001,50,15.68,16,10880,217.6
successive,1,0.0823117919935612,0.8773290248345357,0.8791423001949318,50,16.0,7,10,log2,0.0001,50,15.68,16,10880,217.6
successive,1,0.0811162500031059,0.8773290248345357,0.8791423001949318,50,16.0,7,2,log2,1e-05,50,15.7,16,11628,232.56
successive,1,0.0816301250015385,0.8773290248345357,0.8791423001949318,50,16.0,7,5,log2,1e-05,50,15.7,16,11628,232.56
successive,1,0.0827312920009717,0.8773290248345357,0.8791423001949318,50,16.0,7,7,log2,1e-05,50,15.7,16,11628,232.56
successive,1,0.0822040420025587,0.8773290248345357,0.8791423001949318,50,16.0,7,10,log2,1e-05,50,15.7,16,11628,232.56
successive,1,0.0807741669996175,0.8773290248345357,0.8791423001949318,50,16.0,7,2,log2,0.0,50,15.72,16,11994,239.88
successive,1,0.0833521669992478,0.8773290248345357,0.8791423001949318,50,16.0,7,5,log2,0.0,50,15.72,16,11994,239.88
successive,1,0.0788273329962976,0.8773290248345357,0.8791423001949318,50,16.0,7,7,log2,0.0,50,15.72,16,11994,239.88
successive,1,0.0842144589987583,0.8773290248345357,0.8791423001949318,50,16.0,7,10,log2,0.0,50,15.72,16,11994,239.88
successive,2,0.2116038329986622,0.877261642887845,0.8791423001949318,133,16.0,10,2,sqrt,0.0001,133,15.774436090225564,16,22213,167.01503759398497
successive,2,0.2090562920056982,0.877261642887845,0.8791423001949318,133,16.0,10,5,sqrt,0.0001,133,15.774436090225564,16,22213,167.01503759398497
successive,2,0.213096833002055,0.877261642887845,0.8791423001949318,133,16.0,10,7,sqrt,0.0001,133,15.774436090225564,16,22213,167.01503759398497
successive,2,0.2010544999939156,0.877261642887845,0.8791423001949318,133,16.0,10,10,sqrt,0.0001,133,15.774436090225564,16,22213,167.01503759398497
successive,2,0.2038272080098977,0.877261642887845,0.8791423001949318,133,16.0,10,2,sqrt,1e-05,133,15.781954887218046,16,23783,178.81954887218046
successive,2,0.2035170419985661,0.877261642887845,0.8791423001949318,133,16.0,10,5,sqrt,1e-05,133,15.781954887218046,16,23783,178.81954887218046
successive,2,0.2095504169992637,0.877261642887845,0.8791423001949318,133,16.0,10,7,sqrt,1e-05,133,15.781954887218046,16,23783,178.81954887218046
successive,2,0.2033713330019964,0.877261642887845,0.8791423001949318,133,16.0,10,10,sqrt,1e-05,133,15.781954887218046,16,23783,178.81954887218046
successive,2,0.2010301249974873,0.877261642887845,0.8791423001949318,133,16.0,10,2,sqrt,0.0,133,15.789473684210526,16,24705,185.75187969924812
successive,2,0.1935822079976787,0.877261642887845,0.8791423001949318,133,16.0,10,5,sqrt,0.0,133,15.789473684210526,16,24705,185.75187969924812
successive,2,0.1898852909944253,0.877261642887845,0.8791423001949318,133,16.0,10,7,sqrt,0.0,133,15.789473684210526,16,24705,185.75187969924812
successive,2,0.2028389580082148,0.877261642887845,0.8791423001949318,133,16.0,10,10,sqrt,0.0,133,15.789473684210526,16,24705,185.75187969924812
successive,2,0.2037197080062469,0.8772449571062589,0.8791423001949318,133,20.0,10,2,sqrt,0.0001,133,17.646616541353385,20,23087,173.58646616541353
successive,2,0.2009210410033119,0.8772449571062589,0.8791423001949318,133,20.0,10,5,sqrt,0.0001,133,17.646616541353385,20,23087,173.58646616541353
successive,2,0.2024552920047426,0.8772449571062589,0.8791423001949318,133,20.0,10,7,sqrt,0.0001,133,17.646616541353385,20,23087,173.58646616541353
successive,2,0.2084620419918792,0.8772449571062589,0.8791423001949318,133,20.0,10,10,sqrt,0.0001,133,17.646616541353385,20,23087,173.58646616541353
successive,2,0.1984052090119803,0.8772449571062589,0.8791423001949318,133,20.0,10,2,sqrt,1e-05,133,17.67669172932331,20,24753,186.11278195488725
successive,2,0.1985231659928104,0.8772449571062589,0.8791423001949318,133,20.0,10,5,sqrt,1e-05,133,17.67669172932331,20,24753,186.11278195488725
successive,2,0.207362875007675,0.8772449571062589,0.8791423001949318,133,20.0,10,7,sqrt,1e-05,133,17.67669172932331,20,24753,186.11278195488725
successive,2,0.1961619999929098,0.8772449571062589,0.8791423001949318,133,20.0,10,10,sqrt,1e-05,133,17.67669172932331,20,24753,186.11278195488725
successive,2,0.1986289999913424,0.8772449571062589,0.8791423001949318,133,20.0,10,2,sqrt,0.0,133,17.69924812030075,20,25689,193.1503759398496
successive,2,0.2009409160091309,0.8772449571062589,0.8791423001949318,133,20.0,10,5,sqrt,0.0,133,17.69924812030075,20,25689,193.1503759398496
successive,2,0.2113630829990143,0.8772449571062589,0.8791423001949318,133,20.0,10,7,sqrt,0.0,133,17.69924812030075,20,25689,193.1503759398496
successive,2,0.1984735410078428,0.8772449571062589,0.8791423001949318,133,20.0,10,10,sqrt,0.0,133,17.69924812030075,20,25689,193.1503759398496
successive,2,0.1861379579931963,0.8772042131701163,0.8791423001949318,133,,10,2,log2,0.0001,133,16.962406015037594,25,24635,185.2255639097744
successive,2,0.1781200420082314,0.8772042131701163,0.8791423001949318,133,,10,5,log2,0.0001,133,16.962406015037594,25,24635,185.2255639097744
successive,2,0.1743349999887868,0.8772042131701163,0.8791423001949318,133,,10,7,log2,0.0001,133,16.962406015037594,25,24635,185.2255639097744
successive,2,0.184359791004681,0.8772042131701163,0.8791423001949318,133,,10,10,log2,0.0001,133,16.962406015037594,25,24635,185.2255639097744
successive,2,0.187919874995714,0.8772042131701163,0.8791423001949318,133,,10,2,log2,1e-05,133,17.030075187969924,25,26231,197.2255639097744
successive,2,0.1860509590042056,0.8772042131701163,0.8791423001949318,133,,10,5,log2,1e-05,133,17.030075187969924,25,26231,197.2255639097744
successive,2,0.1887612499995157,0.8772042131701163,0.8791423001949318,133,,10,7,log2,1e-05,133,17.030075187969924,25,26231,197.2255639097744
successive,2,0.1797749169927556,0.8772042131701163,0.8791423001949318,133,,10,10,log2,1e-05,133,17.030075187969924,25,26231,197.2255639097744
successive,2,0.1778601670084754,0.8772042131701163,0.8791423001949318,133,,10,2,log2,0.0,133,17.06015037593985,25,26917,202.38345864661653
successive,2,0.1736276669980725,0.8772042131701163,0.8791423001949318,133,,10,5,log2,0.0,133,17.06015037593985,25,26917,202.38345864661653
successive,2,0.1805037500016624,0.8772042131701163,0.8791423001949318,133,,10,7,log2,0.0,133,17.06015037593985,25,26917,202.38345864661653
successive,2,0.1772899170027813,0.8772042131701163,0.8791423001949318,133,,10,10,log2,0.0,133,17.06015037593985,25,26917,202.38345864661653
successive,1,0.0897809169982792,0.8771552317663885,0.8791423001949318,50,,10,2,log2,0.001,50,16.48,24,7232,144.64
successive,1,0.0806662079994566,0.8771552317663885,0.8791423001949318,50,,10,5,log2,0.001,50,16.48,24,7232,144.64
successive,1,0.0833865000022342,0.8771552317663885,0.8791423001949318,50,,10,7,log2,0.001,50,16.48,24,7232,144.64
successive,1,0.0814316250034608,0.8771552317663885,0.8791423001949318,50,,10,10,log2,0.001,50,16.48,24,7232,144.64
successive,2,0.1759167499985778,0.8770520227986581,0.8791423001949318,133,8.0,4,2,log2,0.0001,133,8.0,8,17297,130.05263157894737
successive,2,0.1721983750030631,0.8770520227986581,0.8791423001949318,133,8.0,4,5,log2,0.0001,133,8.0,8,17297,130.05263157894737
successive,2,0.1782411250023869,0.8770520227986581,0.8791423001949318,133,8.0,4,7,log2,0.0001,133,8.0,8,17297,130.05263157894737
successive,2,0.1736138749984093,0.8770520227986581,0.8791423001949318,133,8.0,4,2,log2,1e-05,133,8.0,8,17645,132.66917293233084
successive,2,0.1742090420011663,0.8770520227986581,0.8791423001949318,133,8.0,4,5,log2,1e-05,133,8.0,8,17645,132.66917293233084
successive,2,0.1655890830006683,0.8770520227986581,0.8791423001949318,133,8.0,4,7,log2,1e-05,133,8.0,8,17645,132.66917293233084
successive,2,0.1789817919925553,0.8770520227986581,0.8791423001949318,133,8.0,4,2,log2,0.0,133,8.0,8,18079,135.93233082706766
successive,2,0.1838771659968188,0.8770520227986581,0.8791423001949318,133,8.0,4,5,log2,0.0,133,8.0,8,18079,135.93233082706766
successive,2,0.1689255829987814,0.8770520227986581,0.8791423001949318,133,8.0,4,7,log2,0.0,133,8.0,8,18079,135.93233082706766
successive,1,0.084084709000308,0.8769867590435341,0.8791423001949318,50,20.0,7,2,log2,0.001,50,17.44,20,8778,175.56
successive,1,0.0811308749980526,0.8769867590435341,0.8791423001949318,50,20.0,7,5,log2,0.001,50,17.44,20,8778,175.56
successive,1,0.0829552080103894,0.8769867590435341,0.8791423001949318,50,20.0,7,7,log2,0.001,50,17.44,20,8778,175.56
successive,1,0.082206999999471,0.8769867590435341,0.8791423001949318,50,20.0,7,10,log2,0.001,50,17.44,20,8778,175.56
successive,2,0.1990531249903142,0.8767990596572921,0.8791423001949318,133,8.0,1,7,sqrt,0.001,133,8.0,8,14225,106.95488721804512
successive,2,0.2119837080099387,0.8767298321306182,0.8791423001949318,133,20.0,7,2,sqrt,0.001,133,18.015037593984964,20,22065,165.90225563909777
successive,2,0.2134277919976739,0.8767298321306182,0.8791423001949318,133,20.0,7,5,sqrt,0.001,133,18.015037593984964,20,22065,165.90225563909777
successive,2,0.2141650419944198,0.8767298321306182,0.8791423001949318,133,20.0,7,7,sqrt,0.001,133,18.015037593984964,20,22065,165.90225563909777
successive,2,0.2122536249953555,0.8767298321306182,0.8791423001949318,133,20.0,7,10,sqrt,0.001,133,18.015037593984964,20,22065,165.90225563909777
successive,1,0.0931316250062082,0.8761224231544668,0.8791423001949318,50,,10,2,sqrt,0.001,50,17.46,27,6898,137.96
successive,1,0.0937866659951396,0.8761224231544668,0.8791423001949318,50,,10,5,sqrt,0.001,50,17.46,27,6898,137.96
successive,1,0.093655167001998,0.8761224231544668,0.8791423001949318,50,,10,7,sqrt,0.001,50,17.46,27,6898,137.96
successive,1,0.0940593749983236,0.8761224231544668,0.8791423001949318,50,,10,10,sqrt,0.001,50,17.46,27,6898,137.96
successive,1,0.2323742090084124,0.875729761526925,0.8771929824561403,50,12.0,1,2,0.5,0.0001,50,12.0,12,8498,169.96
successive,1,0.2378192080068402,0.875729761526925,0.8771929824561403,50,12.0,1,2,0.5,1e-05,50,12.0,12,8500,170.0
successive,1,0.2357028749975143,0.875729761526925,0.8771929824561403,50,12.0,1,2,0.5,0.0,50,12.0,12,9058,181.16
successive,2,0.6040842499933206,0.8756899982790158,0.8791423001949318,133,20.0,7,2,0.5,0.001,133,19.887218045112785,20,16327,122.7593984962406
successive,2,0.6183706250012619,0.8756899982790158,0.8791423001949318,133,20.0,7,5,0.5,0.001,133,19.887218045112785,20,16327,122.7593984962406
successive,2,0.6104508329881355,0.8756899982790158,0.8791423001949318,133,20.0,7,7,0.5,0.001,133,19.887218045112785,20,16327,122.7593984962406
successive,2,0.6004293330042856,0.8756899982790158,0.8791423001949318,133,20.0,7,10,0.5,0.001,133,19.887218045112785,20,16327,122.7593984962406
successive,2,0.6231064580060774,0.8756501294466443,0.8791423001949318,133,,7,2,0.5,0.001,133,23.1203007518797,29,17525,131.7669172932331
successive,2,0.630872374997125,0.8756501294466443,0.8791423001949318,133,,7,5,0.5,0.001,133,23.1203007518797,29,17525,131.7669172932331
successive,2,0.6077850829897216,0.8756501294466443,0.8791423001949318,133,,7,7,0.5,0.001,133,23.1203007518797,29,17525,131.7669172932331
successive,2,0.6130791670002509,0.8756501294466443,0.8791423001949318,133,,7,10,0.5,0.001,133,23.1203007518797,29,17525,131.7669172932331
successive,1,0.0828510410065064,0.8756449679948198,0.8771929824561403,50,8.0,1,5,log2,0.0001,50,8.0,8,7466,149.32
successive,1,0.0776867079985095,0.8756449679948198,0.8771929824561403,50,8.0,1,5,log2,1e-05,50,8.0,8,7508,150.16
successive,1,0.0793957499990938,0.8756449679948198,0.8771929824561403,50,8.0,1,5,log2,0.0,50,8.0,8,7678,153.56
successive,2,0.6045466250070604,0.8755998135599387,0.8791423001949318,133,20.0,7,2,0.5,0.0001,133,19.924812030075188,20,20215,151.99248120300751
successive,2,0.6051449999940814,0.8755998135599387,0.8791423001949318,133,20.0,7,5,0.5,0.0001,133,19.924812030075188,20,20215,151.99248120300751
successive,2,0.6000568339950405,0.8755998135599387,0.8791423001949318,133,20.0,7,7,0.5,0.0001,133,19.924812030075188,20,20215,151.99248120300751
successive,2,0.6124889579950832,0.8755998135599387,0.8791423001949318,133,20.0,7,10,0.5,0.0001,133,19.924812030075188,20,20215,151.99248120300751
successive,1,0.2465875419875374,0.8754433476353832,0.8771929824561403,50,16.0,7,2,0.5,0.0001,50,16.0,16,6494,129.88
successive,1,0.2490834580094088,0.8754433476353832,0.8771929824561403,50,16.0,7,5,0.5,0.0001,50,16.0,16,6494,129.88
successive,1,0.2452012079884298,0.8754433476353832,0.8771929824561403,50,16.0,7,7,0.5,0.0001,50,16.0,16,6494,129.88
successive,1,0.2480337080050958,0.8754433476353832,0.8771929824561403,50,16.0,7,10,0.5,0.0001,50,16.0,16,6494,129.88
successive,1,0.2440790840046247,0.8754433476353832,0.8771929824561403,50,16.0,7,2,0.5,1e-05,50,16.0,16,6890,137.8
successive,1,0.2469899580028141,0.8754433476353832,0.8771929824561403,50,16.0,7,5,0.5,1e-05,50,16.0,16,6890,137.8
successive,1,0.2405165840027621,0.8754433476353832,0.8771929824561403,50,16.0,7,7,0.5,1e-05,50,16.0,16,6890,137.8
successive,1,0.2413998330011963,0.8754433476353832,0.8771929824561403,50,16.0,7,10,0.5,1e-05,50,16.0,16,6890,137.8
successive,1,0.2497480000020004,0.8754433476353832,0.8771929824561403,50,16.0,7,2,0.5,0.0,50,16.0,16,7346,146.92
successive,1,0.2525382919993717,0.8754433476353832,0.8771929824561403,50,16.0,7,5,0.5,0.0,50,16.0,16,7346,146.92
successive,1,0.246742584000458,0.8754433476353832,0.8771929824561403,50,16.0,7,7,0.5,0.0,50,16.0,16,7346,146.92
successive,1,0.2482099999906495,0.8754433476353832,0.8771929824561403,50,16.0,7,10,0.5,0.0,50,16.0,16,7346,146.92
successive,2,0.1840061670081922,0.8753814229235013,0.8771929824561403,133,20.0,10,2,log2,0.0001,133,16.827067669172934,20,24601,184.9699248120301
successive,2,0.1850571670074714,0.8753814229235013,0.8771929824561403,133,20.0,10,5,log2,0.0001,133,16.827067669172934,20,24601,184.9699248120301
successive,2,0.1767214999999851,0.8753814229235013,0.8771929824561403,133,20.0,10,7,log2,0.0001,133,16.827067669172934,20,24601,184.9699248120301
successive,2,0.1820599579950794,0.8753814229235013,0.8771929824561403,133,20.0,10,10,log2,0.0001,133,16.827067669172934,20,24601,184.9699248120301
successive,2,0.1839167500002076,0.8753814229235013,0.8771929824561403,133,20.0,10,2,log2,1e-05,133,16.894736842105264,20,26185,196.8796992481203
successive,2,0.182966332999058,0.8753814229235013,0.8771929824561403,133,20.0,10,5,log2,1e-05,133,16.894736842105264,20,26185,196.8796992481203
successive,2,0.1806586659949971,0.8753814229235013,0.8771929824561403,133,20.0,10,7,log2,1e-05,133,16.894736842105264,20,26185,196.8796992481203
successive,1,0.0830482919991482,0.8753300828854716,0.8771929824561403,50,8.0,1,5,log2,0.001,50,8.0,8,6144,122.88
successive,2,0.6056047919992125,0.8752751968505945,0.8791423001949318,133,,7,2,0.5,0.0001,133,23.804511278195488,29,21761,163.61654135338347
successive,2,0.6070246670133201,0.8752751968505945,0.8791423001949318,133,,7,5,0.5,0.0001,133,23.804511278195488,29,21761,163.61654135338347
successive,2,0.6005995829909807,0.8752751968505945,0.8791423001949318,133,,7,7,0.5,0.0001,133,23.804511278195488,29,21761,163.61654135338347
successive,2,0.635176790994592,0.8752751968505945,0.8791423001949318,133,,7,10,0.5,0.0001,133,23.804511278195488,29,21761,163.61654135338347
successive,2,0.6055007919931086,0.8752751968505945,0.8791423001949318,133,,7,2,0.5,1e-05,133,23.93984962406015,29,23099,173.6766917293233
successive,2,0.5978134999895701,0.8752751968505945,0.8791423001949318,133,,7,5,0.5,1e-05,133,23.93984962406015,29,23099,173.6766917293233
successive,2,0.6063295000058133,0.8752751968505945,0.8791423001949318,133,,7,7,0.5,1e-05,133,23.93984962406015,29,23099,173.6766917293233
successive,2,0.6082207089930307,0.8752751968505945,0.8791423001949318,133,,7,10,0.5,1e-05,133,23.93984962406015,29,23099,173.6766917293233
successive,2,0.6195777920074761,0.8752751968505945,0.8791423001949318,133,,7,2,0.5,0.0,133,23.969924812030076,29,24469,183.97744360902257
successive,2,0.6111073750071228,0.8752751968505945,0.8791423001949318,133,,7,5,0.5,0.0,133,23.969924812030076,29,24469,183.97744360902257
successive,2,0.6089463749958668,0.8752751968505945,0.8791423001949318,133,,7,7,0.5,0.0,133,23.969924812030076,29,24469,183.97744360902257
successive,2,0.5973823329986772,0.8752751968505945,0.8791423001949318,133,,7,10,0.5,0.0,133,23.969924812030076,29,24469,183.97744360902257
successive,1,0.0804792500130133,0.8752249028299881,0.8771929824561403,50,8.0,4,2,log2,0.001,50,8.0,8,5166,103.32
successive,1,0.0823282500059576,0.8752249028299881,0.8771929824561403,50,8.0,4,5,log2,0.001,50,8.0,8,5166,103.32
successive,1,0.0816731660015648,0.8752249028299881,0.8771929824561403,50,8.0,4,7,log2,0.001,50,8.0,8,5166,103.32
successive,1,0.0832233340042876,0.8751912354531501,0.8771929824561403,50,8.0,4,2,log2,0.0001,50,8.0,8,6452,129.04
successive,1,0.0835953330097254,0.8751912354531501,0.8771929824561403,50,8.0,4,5,log2,0.0001,50,8.0,8,6452,129.04
successive,1,0.0822880839987192,0.8751912354531501,0.8771929824561403,50,8.0,4,7,log2,0.0001,50,8.0,8,6452,129.04
successive,1,0.0777339159976691,0.8751912354531501,0.8771929824561403,50,8.0,4,2,log2,1e-05,50,8.0,8,6590,131.8
successive,1,0.0831793749966891,0.8751912354531501,0.8771929824561403,50,8.0,4,5,log2,1e-05,50,8.0,8,6590,131.8
successive,1,0.0811833340121666,0.8751912354531501,0.8771929824561403,50,8.0,4,7,log2,1e-05,50,8.0,8,6590,131.8
successive,1,0.0825313340028515,0.8751912354531501,0.8771929824561403,50,8.0,4,2,log2,0.0,50,8.0,8,6760,135.2
successive,1,0.0803991249995306,0.8751912354531501,0.8771929824561403,50,8.0,4,5,log2,0.0,50,8.0,8,6760,135.2
successive,1,0.0840081670030485,0.8751912354531501,0.8771929824561403,50,8.0,4,7,log2,0.0,50,8.0,8,6760,135.2
successive,1,0.0826582500012591,0.8750919127345578,0.8771929824561403,50,12.0,4,2,log2,0.001,50,12.0,12,8740,174.8
successive,1,0.0805454999936046,0.8750919127345578,0.8771929824561403,50,12.0,4,5,log2,0.001,50,12.0,12,8740,174.8
successive,1,0.082981750005274,0.8750919127345578,0.8771929824561403,50,12.0,4,7,log2,0.001,50,12.0,12,8740,174.8
successive,1,0.0821822920115664,0.874907000081537,0.8771929824561403,50,20.0,10,2,log2,0.0001,50,16.74,20,9220,184.4
successive,1,0.0826701250043697,0.874907000081537,0.8771929824561403,50,20.0,10,5,log2,0.0001,50,16.74,20,9220,184.4
successive,1,0.0804353340063244,0.874907000081537,0.8771929824561403,50,20.0,10,7,log2,0.0001,50,16.74,20,9220,184.4
successive,1,0.0821739999955752,0.874907000081537,0.8771929824561403,50,20.0,10,10,log2,0.0001,50,16.74,20,9220,184.4
successive,1,0.1072623750078491,0.874907000081537,0.8771929824561403,50,20.0,10,2,log2,1e-05,50,16.84,20,9832,196.64
successive,1,0.0833994169952347,0.874907000081537,0.8771929824561403,50,20.0,10,5,log2,1e-05,50,16.84,20,9832,196.64
successive,1,0.0818839170096907,0.874907000081537,0.8771929824561403,50,20.0,10,7,log2,1e-05,50,16.84,20,9832,196.64
successive,1,0.0846029590029502,0.874907000081537,0.8771929824561403,50,20.0,10,10,log2,1e-05,50,16.84,20,9832,196.64
successive,1,0.0775268330035032,0.874907000081537,0.8771929824561403,50,20.0,10,2,log2,0.0,50,16.88,20,10092,201.84
successive,1,0.0847487499995622,0.874907000081537,0.8771929824561403,50,20.0,10,5,log2,0.0,50,16.88,20,10092,201.84
successive,1,0.0838699589949101,0.874907000081537,0.8771929824561403,50,20.0,10,7,log2,0.0,50,16.88,20,10092,201.84
successive,1,0.0823638750007376,0.874907000081537,0.8771929824561403,50,20.0,10,10,log2,0.0,50,16.88,20,10092,201.84
successive,2,0.2159531669894931,0.8748755703313139,0.8771929824561403,133,20.0,10,2,sqrt,0.001,133,17.285714285714285,20,18385,138.2330827067669
successive,2,0.2022818340046797,0.8748755703313139,0.8771929824561403,133,20.0,10,5,sqrt,0.001,133,17.285714285714285,20,18385,138.2330827067669
successive,2,0.2106064170075114,0.8748755703313139,0.8771929824561403,133,20.0,10,7,sqrt,0.001,133,17.285714285714285,20,18385,138.2330827067669
successive,2,0.2006277079926803,0.8748755703313139,0.8771929824561403,133,20.0,10,10,sqrt,0.001,133,17.285714285714285,20,18385,138.2330827067669
successive,2,0.2081503329973202,0.8748755703313139,0.8771929824561403,133,,10,2,sqrt,0.001,133,17.49624060150376,27,18449,138.71428571428572
successive,2,0.2057901670050341,0.8748755703313139,0.8771929824561403,133,,10,5,sqrt,0.001,133,17.49624060150376,27,18449,138.71428571428572
successive,2,0.2137257079884875,0.8748755703313139,0.8771929824561403,133,,10,7,sqrt,0.001,133,17.49624060150376,27,18449,138.71428571428572
successive,2,0.2032323329913197,0.8748755703313139,0.8771929824561403,133,,10,10,sqrt,0.001,133,17.49624060150376,27,18449,138.71428571428572
successive,1,0.0821981670014793,0.8747826799572169,0.8771929824561403,50,20.0,10,2,log2,0.001,50,16.32,20,7216,144.32
successive,1,0.0821533340058522,0.8747826799572169,0.8771929824561403,50,20.0,10,5,log2,0.001,50,16.32,20,7216,144.32
successive,1,0.081279917008942,0.8747826799572169,0.8771929824561403,50,20.0,10,7,log2,0.001,50,16.32,20,7216,144.32
successive,1,0.0801491659949533,0.8747826799572169,0.8771929824561403,50,20.0,10,10,log2,0.001,50,16.32,20,7216,144.32
successive,2,0.1790813749976223,0.8747542586844178,0.8771929824561403,133,16.0,7,2,log2,0.0001,133,15.789473684210526,16,29039,218.33834586466165
successive,2,0.1844707499985816,0.8747542586844178,0.8771929824561403,133,16.0,7,5,log2,0.0001,133,15.789473684210526,16,29039,218.33834586466165
successive,2,0.184848167002201,0.8747542586844178,0.8771929824561403,133,16.0,7,7,log2,0.0001,133,15.789473684210526,16,29039,218.33834586466165
successive,2,0.1816931250068592,0.8747542586844178,0.8771929824561403,133,16.0,7,10,log2,0.0001,133,15.789473684210526,16,29039,218.33834586466165
successive,2,0.2094852919981349,0.8747542586844178,0.8771929824561403,133,16.0,7,2,log2,1e-05,133,15.80451127819549,16,31025,233.27067669172936
successive,2,0.1762804169993614,0.8747542586844178,0.8771929824561403,133,16.0,7,5,log2,1e-05,133,15.80451127819549,16,31025,233.27067669172936
successive,2,0.1838300419913139,0.8747542586844178,0.8771929824561403,133,16.0,7,7,log2,1e-05,133,15.80451127819549,16,31025,233.27067669172936
successive,2,0.1761802499968325,0.8747542586844178,0.8771929824561403,133,16.0,7,10,log2,1e-05,133,15.80451127819549,16,31025,233.27067669172936
successive,2,0.1767724160017678,0.8747542586844178,0.8771929824561403,133,16.0,7,2,log2,0.0,133,15.81203007518797,16,32019,240.74436090225564
successive,2,0.1723765829956391,0.8747542586844178,0.8771929824561403,133,16.0,7,5,log2,0.0,133,15.81203007518797,16,32019,240.74436090225564
successive,2,0.1843290420074481,0.8747542586844178,0.8771929824561403,133,16.0,7,7,log2,0.0,133,15.81203007518797,16,32019,240.74436090225564
successive,2,0.1748690829990664,0.8747542586844178,0.8771929824561403,133,16.0,7,10,log2,0.0,133,15.81203007518797,16,32019,240.74436090225564
successive,2,0.5654660840082215,0.8747368405404309,0.8771929824561403,133,12.0,1,7,0.5,0.0001,133,12.0,12,17327,130.2781954887218
successive,2,0.5851534999965224,0.8747368405404309,0.8771929824561403,133,12.0,1,7,0.5,1e-05,133,12.0,12,17333,130.3233082706767
successive,2,0.565211500012083,0.8747368405404309,0.8771929824561403,133,12.0,1,7,0.5,0.0,133,12.0,12,18205,136.8796992481203
successive,1,0.2505483749991981,0.8746681719988348,0.8771929824561403,50,16.0,7,2,0.5,0.001,50,16.0,16,5252,105.04
successive,1,0.2567599579924717,0.8746681719988348,0.8771929824561403,50,16.0,7,5,0.5,0.001,50,16.0,16,5252,105.04
successive,1,0.2639858750044368,0.8746681719988348,0.8771929824561403,50,16.0,7,7,0.5,0.001,50,16.0,16,5252,105.04
successive,1,0.2787938330002362,0.8746681719988348,0.8771929824561403,50,16.0,7,10,0.5,0.001,50,16.0,16,5252,105.04
successive,2,0.2064104589953785,0.8746336768148597,0.8771929824561403,133,12.0,7,2,sqrt,0.001,133,12.0,12,17467,131.33082706766916
successive,2,0.2081616670038784,0.8746336768148597,0.8771929824561403,133,12.0,7,5,sqrt,0.001,133,12.0,12,17467,131.33082706766916
successive,2,0.198992208999698,0.8746336768148597,0.8771929824561403,133,12.0,7,7,sqrt,0.001,133,12.0,12,17467,131.33082706766916
successive,2,0.2238757080049254,0.8746336768148597,0.8771929824561403,133,12.0,7,10,sqrt,0.001,133,12.0,12,17467,131.33082706766916
successive,2,0.5607699999964098,0.8740210161179954,0.8752436647173489,133,12.0,1,5,0.5,0.0001,133,12.0,12,18469,138.86466165413535
successive,2,0.5703411249996861,0.8740210161179954,0.8752436647173489,133,12.0,1,5,0.5,1e-05,133,12.0,12,18473,138.89473684210526
successive,2,0.5800320410053246,0.8740210161179954,0.8752436647173489,133,12.0,1,5,0.5,0.0,133,12.0,12,19441,146.17293233082708
successive,2,0.6087052919901907,0.8739610556939816,0.8771929824561403,133,20.0,7,2,0.5,1e-05,133,19.93233082706767,20,21463,161.37593984962405
successive,2,0.6016583750024438,0.8739610556939816,0.8771929824561403,133,20.0,7,5,0.5,1e-05,133,19.93233082706767,20,21463,161.37593984962405
successive,2,0.637169041991001,0.8739610556939816,0.8771929824561403,133,20.0,7,7,0.5,1e-05,133,19.93233082706767,20,21463,161.37593984962405
successive,2,0.5979562919965247,0.8739610556939816,0.8771929824561403,133,20.0,7,10,0.5,1e-05,133,19.93233082706767,20,21463,161.37593984962405
successive,2,0.6080695830023615,0.8739610556939816,0.8771929824561403,133,20.0,7,2,0.5,0.0,133,19.93233082706767,20,22829,171.64661654135338
successive,2,0.5921419170044828,0.8739610556939816,0.8771929824561403,133,20.0,7,5,0.5,0.0,133,19.93233082706767,20,22829,171.64661654135338
successive,2,0.6321973750018515,0.8739610556939816,0.8771929824561403,133,20.0,7,7,0.5,0.0,133,19.93233082706767,20,22829,171.64661654135338
successive,2,0.612379707992659,0.8739610556939816,0.8771929824561403,133,20.0,7,10,0.5,0.0,133,19.93233082706767,20,22829,171.64661654135338
successive,2,0.176743042000453,0.8739220372330603,0.8752436647173489,133,8.0,1,5,log2,0.0001,133,8.0,8,20161,151.58646616541353
successive,2,0.166160166991176,0.8739220372330603,0.8752436647173489,133,8.0,1,5,log2,1e-05,133,8.0,8,20259,152.3233082706767
successive,2,0.1803224999894155,0.8739220372330603,0.8752436647173489,133,8.0,1,5,log2,0.0,133,8.0,8,20713,155.73684210526315
successive,1,0.0838614590029465,0.8736022642061757,0.8752436647173489,50,16.0,7,2,log2,0.001,50,15.52,16,8406,168.12
successive,1,0.0824428339983569,0.8736022642061757,0.8752436647173489,50,16.0,7,5,log2,0.001,50,15.52,16,8406,168.12
successive,1,0.0786176670080749,0.8736022642061757,0.8752436647173489,50,16.0,7,7,log2,0.001,50,15.52,16,8406,168.12
successive,1,0.080461292003747,0.8736022642061757,0.8752436647173489,50,16.0,7,10,log2,0.001,50,15.52,16,8406,168.12
successive,1,0.0828627079899888,0.8733840505601883,0.8752436647173489,50,8.0,1,7,log2,0.0001,50,8.0,8,7010,140.2
successive,1,0.0833000839920714,0.8733840505601883,0.8752436647173489,50,8.0,1,7,log2,1e-05,50,8.0,8,7050,141.0
successive,1,0.0790897080005379,0.8733840505601883,0.8752436647173489,50,8.0,1,7,log2,0.0,50,8.0,8,7198,143.96
successive,2,0.2027722919883672,0.8733036075860354,0.8752436647173489,133,16.0,10,2,sqrt,0.001,133,15.676691729323307,16,17699,133.0751879699248
successive,2,0.207924374990398,0.8733036075860354,0.8752436647173489,133,16.0,10,5,sqrt,0.001,133,15.676691729323307,16,17699,133.0751879699248
successive,2,0.204075792004005,0.8733036075860354,0.8752436647173489,133,16.0,10,7,sqrt,0.001,133,15.676691729323307,16,17699,133.0751879699248
successive,2,0.1982424159941729,0.8733036075860354,0.8752436647173489,133,16.0,10,10,sqrt,0.001,133,15.676691729323307,16,17699,133.0751879699248
successive,2,0.1757524590066168,0.8731674593218378,0.8752436647173489,133,,7,2,log2,0.0001,133,18.398496240601503,25,30499,229.31578947368425
successive,2,0.1798173340066569,0.8731674593218378,0.8752436647173489,133,,7,5,log2,0.0001,133,18.398496240601503,25,30499,229.31578947368425
successive,2,0.1756707080057822,0.8731674593218378,0.8752436647173489,133,,7,7,log2,0.0001,133,18.398496240601503,25,30499,229.31578947368425
successive,2,0.2000571670068893,0.8731674593218378,0.8752436647173489,133,,7,10,log2,0.0001,133,18.398496240601503,25,30499,229.31578947368425
successive,2,0.1834097919927444,0.8731674593218378,0.8752436647173489,133,,7,2,log2,1e-05,133,18.526315789473685,25,32587,245.01503759398497
successive,2,0.1876495000033173,0.8731674593218378,0.8752436647173489,133,,7,5,log2,1e-05,133,18.526315789473685,25,32587,245.01503759398497
successive,2,0.1786133340065134,0.8731674593218378,0.8752436647173489,133,,7,7,log2,1e-05,133,18.526315789473685,25,32587,245.01503759398497
successive,2,0.1834827919956296,0.8731674593218378,0.8752436647173489,133,,7,10,log2,1e-05,133,18.526315789473685,25,32587,245.01503759398497
successive,2,0.175862167001469,0.8731674593218378,0.8752436647173489,133,,7,2,log2,0.0,133,18.56390977443609,25,33637,252.90977443609023
successive,2,0.1751855410111602,0.8731674593218378,0.8752436647173489,133,,7,5,log2,0.0,133,18.56390977443609,25,33637,252.90977443609023
successive,2,0.1885397089936304,0.8731674593218378,0.8752436647173489,133,,7,7,log2,0.0,133,18.56390977443609,25,33637,252.90977443609023
successive,2,0.1880399999936344,0.8731674593218378,0.8752436647173489,133,,7,10,log2,0.0,133,18.56390977443609,25,33637,252.90977443609023
successive,2,0.1806452919990988,0.8731538318732253,0.8752436647173489,133,20.0,7,2,log2,0.001,133,17.36842105263158,20,23323,175.3609022556391
successive,2,0.1844587079976918,0.8731538318732253,0.8752436647173489,133,20.0,7,5,log2,0.001,133,17.36842105263158,20,23323,175.3609022556391
successive,2,0.182509416990797,0.8731538318732253,0.8752436647173489,133,20.0,7,7,log2,0.001,133,17.36842105263158,20,23323,175.3609022556391
successive,2,0.1903516659949673,0.8731538318732253,0.8752436647173489,133,20.0,7,10,log2,0.001,133,17.36842105263158,20,23323,175.3609022556391
successive,2,0.1769022079970454,0.8731262266282287,0.8752436647173489,133,,7,2,log2,0.001,133,17.661654135338345,24,23421,176.09774436090223
successive,2,0.1868905829905998,0.8731262266282287,0.8752436647173489,133,,7,5,log2,0.001,133,17.661654135338345,24,23421,176.09774436090223
successive,2,0.1882431670092046,0.8731262266282287,0.8752436647173489,133,,7,7,log2,0.001,133,17.661654135338345,24,23421,176.09774436090223
successive,2,0.1831492919882293,0.8731262266282287,0.8752436647173489,133,,7,10,log2,0.001,133,17.661654135338345,24,23421,176.09774436090223
successive,1,0.4653565829939907,0.8729652131418578,0.8752436647173489,50,8.0,1,2,log2,0.001,50,8.0,8,6390,127.8
successive,2,0.1884370000043418,0.8726398247661145,0.8752436647173489,133,12.0,4,2,log2,0.001,133,12.0,12,24107,181.25563909774436
successive,2,0.1793487090035341,0.8726398247661145,0.8752436647173489,133,12.0,4,5,log2,0.001,133,12.0,12,24107,181.25563909774436
successive,2,0.185152250007377,0.8726398247661145,0.8752436647173489,133,12.0,4,7,log2,0.001,133,12.0,12,24107,181.25563909774436
successive,1,0.0837166670098668,0.872628137754486,0.8752436647173489,50,16.0,10,2,log2,0.001,50,15.28,16,7048,140.96
successive,1,0.0791969590063672,0.872628137754486,0.8752436647173489,50,16.0,10,5,log2,0.001,50,15.28,16,7048,140.96
successive,1,0.0776946249970933,0.872628137754486,0.8752436647173489,50,16.0,10,7,log2,0.001,50,15.28,16,7048,140.96
successive,1,0.0800882920011645,0.872628137754486,0.8752436647173489,50,16.0,10,10,log2,0.001,50,15.28,16,7048,140.96
successive,1,0.0822656669915886,0.8725775006393567,0.8752436647173489,50,16.0,10,2,log2,0.0001,50,15.46,16,8962,179.24
successive,1,0.0809826659969985,0.8725775006393567,0.8752436647173489,50,16.0,10,5,log2,0.0001,50,15.46,16,8962,179.24
successive,1,0.0806160420033847,0.8725775006393567,0.8752436647173489,50,16.0,10,7,log2,0.0001,50,15.46,16,8962,179.24
successive,1,0.0809303330024704,0.8725775006393567,0.8752436647173489,50,16.0,10,10,log2,0.0001,50,15.46,16,8962,179.24
successive,1,0.078483834004146,0.8725775006393567,0.8752436647173489,50,16.0,10,2,log2,1e-05,50,15.52,16,9576,191.52
successive,1,0.0787654169980669,0.8725775006393567,0.8752436647173489,50,16.0,10,5,log2,1e-05,50,15.52,16,9576,191.52
successive,1,0.0833915839903056,0.8725775006393567,0.8752436647173489,50,16.0,10,7,log2,1e-05,50,15.52,16,9576,191.52
successive,1,0.0817311249993508,0.8725775006393567,0.8752436647173489,50,16.0,10,10,log2,1e-05,50,15.52,16,9576,191.52
successive,1,0.0801044579857261,0.8725775006393567,0.8752436647173489,50,16.0,10,2,log2,0.0,50,15.52,16,9842,196.84
successive,1,0.0822403329948429,0.8725775006393567,0.8752436647173489,50,16.0,10,5,log2,0.0,50,15.52,16,9842,196.84
successive,1,0.0827142500056652,0.8725775006393567,0.8752436647173489,50,16.0,10,7,log2,0.0,50,15.52,16,9842,196.84
successive,1,0.0811118749988963,0.8725775006393567,0.8752436647173489,50,16.0,10,10,log2,0.0,50,15.52,16,9842,196.84
successive,1,0.2604162920033559,0.871814103906928,0.8732943469785575,50,16.0,4,10,0.5,0.0001,50,16.0,16,7370,147.4
successive,1,0.2479989170096814,0.871814103906928,0.8732943469785575,50,16.0,4,10,0.5,1e-05,50,16.0,16,7384,147.68
successive,1,0.2471695839922176,0.871814103906928,0.8732943469785575,50,16.0,4,10,0.5,0.0,50,16.0,16,7804,156.08
successive,2,0.1844576669973321,0.8712730579494348,0.8732943469785575,133,20.0,7,2,log2,0.0001,133,17.954887218045112,20,30321,227.97744360902257
successive,2,0.1899248330009868,0.8712730579494348,0.8732943469785575,133,20.0,7,5,log2,0.0001,133,17.954887218045112,20,30321,227.97744360902257
successive,2,0.1830423339997651,0.8712730579494348,0.8732943469785575,133,20.0,7,7,log2,0.0001,133,17.954887218045112,20,30321,227.97744360902257
successive,2,0.1822307090042159,0.8712730579494348,0.8732943469785575,133,20.0,7,10,log2,0.0001,133,17.954887218045112,20,30321,227.97744360902257
successive,2,0.1819550840009469,0.8712730579494348,0.8732943469785575,133,20.0,7,2,log2,1e-05,133,18.03759398496241,20,32401,243.61654135338347
successive,2,0.189055915994686,0.8712730579494348,0.8732943469785575,133,20.0,7,5,log2,1e-05,133,18.03759398496241,20,32401,243.61654135338347
successive,2,0.1748487500008195,0.8712730579494348,0.8732943469785575,133,20.0,7,7,log2,1e-05,133,18.03759398496241,20,32401,243.61654135338347
successive,2,0.1847501670126803,0.8712730579494348,0.8732943469785575,133,20.0,7,10,log2,1e-05,133,18.03759398496241,20,32401,243.61654135338347
successive,2,0.1760727500077337,0.8712730579494348,0.8732943469785575,133,20.0,7,2,log2,0.0,133,18.075187969924812,20,33459,251.57142857142856
successive,2,0.1761507919873111,0.8712730579494348,0.8732943469785575,133,20.0,7,5,log2,0.0,133,18.075187969924812,20,33459,251.57142857142856
successive,2,0.1833822079934179,0.8712730579494348,0.8732943469785575,133,20.0,7,7,log2,0.0,133,18.075187969924812,20,33459,251.57142857142856
successive,2,0.1828452079935232,0.8712730579494348,0.8732943469785575,133,20.0,7,10,log2,0.0,133,18.075187969924812,20,33459,251.57142857142856
successive,1,0.0791532500006724,0.8710698838423849,0.8732943469785575,50,8.0,1,7,log2,0.001,50,8.0,8,5932,118.64
successive,1,0.0914587090082932,0.8710234555133579,0.8732943469785575,50,12.0,10,2,sqrt,1e-05,50,12.0,12,7532,150.64
successive,1,0.0956647079874528,0.8710234555133579,0.8732943469785575,50,12.0,10,5,sqrt,1e-05,50,12.0,12,7532,150.64
successive,1,0.094404207993648,0.8710234555133579,0.8732943469785575,50,12.0,10,7,sqrt,1e-05,50,12.0,12,7532,150.64
successive,1,0.0906878329988103,0.8710234555133579,0.8732943469785575,50,12.0,10,10,sqrt,1e-05,50,12.0,12,7532,150.64
successive,1,0.084534417008399,0.8710234555133579,0.8732943469785575,50,12.0,10,2,sqrt,0.0,50,12.0,12,7828,156.56
successive,1,0.0834768749919021,0.8710234555133579,0.8732943469785575,50,12.0,10,5,sqrt,0.0,50,12.0,12,7828,156.56
successive,1,0.1064358330040704,0.8710234555133579,0.8732943469785575,50,12.0,10,7,sqrt,0.0,50,12.0,12,7828,156.56
successive,1,0.0901942499913275,0.8710234555133579,0.8732943469785575,50,12.0,10,10,sqrt,0.0,50,12.0,12,7828,156.56
successive,1,0.0953123329964,0.8709977942996991,0.8732943469785575,50,12.0,10,2,sqrt,0.0001,50,12.0,12,6986,139.72
successive,1,0.0879955410055117,0.8709977942996991,0.8732943469785575,50,12.0,10,5,sqrt,0.0001,50,12.0,12,6986,139.72
successive,1,0.0956016249983804,0.8709977942996991,0.8732943469785575,50,12.0,10,7,sqrt,0.0001,50,12.0,12,6986,139.72
successive,1,0.0950523750070715,0.8709977942996991,0.8732943469785575,50,12.0,10,10,sqrt,0.0001,50,12.0,12,6986,139.72
successive,1,0.2316277500067372,0.8700293372533093,0.8693957115009746,50,12.0,1,10,0.5,0.0001,50,12.0,12,6228,124.56
successive,1,0.2343202080082846,0.8700293372533093,0.8693957115009746,50,12.0,1,10,0.5,1e-05,50,12.0,12,6234,124.68
successive,1,0.2356682919926243,0.8700293372533093,0.8693957115009746,50,12.0,1,10,0.5,0.0,50,12.0,12,6538,130.76
successive,1,0.256619916006457,0.8696027786904259,0.8713450292397661,50,16.0,4,10,0.5,0.001,50,16.0,16,5822,116.44
successive,1,0.0822676250099903,0.8693543774504039,0.8713450292397661,50,8.0,7,2,log2,0.0001,50,8.0,8,5262,105.24
successive,1,0.0811565000039991,0.8693543774504039,0.8713450292397661,50,8.0,7,5,log2,0.0001,50,8.0,8,5262,105.24
successive,1,0.082713000010699,0.8693543774504039,0.8713450292397661,50,8.0,7,7,log2,0.0001,50,8.0,8,5262,105.24
successive,1,0.0829708329983986,0.8693543774504039,0.8713450292397661,50,8.0,7,10,log2,0.0001,50,8.0,8,5262,105.24
successive,1,0.2603998339909594,0.8690252677870761,0.8713450292397661,50,12.0,1,5,0.5,0.001,50,12.0,12,5736,114.72
successive,1,0.0831203749985434,0.8678079851577903,0.8693957115009746,50,8.0,1,10,log2,0.001,50,8.0,8,5650,113.0
successive,2,0.1740931249951245,0.867689117812546,0.8693957115009746,133,8.0,1,5,log2,0.001,133,8.0,8,16555,124.47368421052632
successive,1,0.2356797499960521,0.8676792435078717,0.8732943469785575,50,12.0,1,7,0.5,0.001,50,12.0,12,5508,110.16
successive,1,0.0830197500035865,0.8674546075560996,0.8693957115009746,50,8.0,7,2,log2,1e-05,50,8.0,8,5578,111.56
successive,1,0.0833992080006282,0.8674546075560996,0.8693957115009746,50,8.0,7,5,log2,1e-05,50,8.0,8,5578,111.56
successive,1,0.0817060420085908,0.8674546075560996,0.8693957115009746,50,8.0,7,7,log2,1e-05,50,8.0,8,5578,111.56
successive,1,0.0822968749998835,0.8674546075560996,0.8693957115009746,50,8.0,7,10,log2,1e-05,50,8.0,8,5578,111.56
successive,1,0.0829692920087836,0.8674546075560996,0.8693957115009746,50,8.0,7,2,log2,0.0,50,8.0,8,5708,114.16
successive,1,0.0841465000121388,0.8674546075560996,0.8693957115009746,50,8.0,7,5,log2,0.0,50,8.0,8,5708,114.16
successive,1,0.081131999992067,0.8674546075560996,0.8693957115009746,50,8.0,7,7,log2,0.0,50,8.0,8,5708,114.16
successive,1,0.0813114170014159,0.8674546075560996,0.8693957115009746,50,8.0,7,10,log2,0.0,50,8.0,8,5708,114.16
successive,1,0.0815110840048873,0.8674093441839802,0.8693957115009746,50,8.0,7,2,log2,0.001,50,8.0,8,4350,87.0
successive,1,0.0842735000042012,0.8674093441839802,0.8693957115009746,50,8.0,7,5,log2,0.001,50,8.0,8,4350,87.0
successive,1,0.0828429579996736,0.8674093441839802,0.8693957115009746,50,8.0,7,7,log2,0.001,50,8.0,8,4350,87.0
successive,1,0.0810263750026933,0.8674093441839802,0.8693957115009746,50,8.0,7,10,log2,0.001,50,8.0,8,4350,87.0
successive,1,0.5389732500043465,0.8665079144585286,0.8674463937621832,50,8.0,1,2,sqrt,0.0001,50,8.0,8,7560,151.2
successive,1,0.7178986670041922,0.8665079144585286,0.8674463937621832,50,8.0,1,2,sqrt,1e-05,50,8.0,8,7568,151.36
successive,1,0.7975537090096623,0.8665079144585286,0.8674463937621832,50,8.0,1,2,sqrt,0.0,50,8.0,8,7892,157.84
successive,1,0.0835212920064805,0.8664303661915779,0.8693957115009746,50,12.0,10,2,log2,0.0001,50,12.0,12,7548,150.96
successive,1,0.0799102080054581,0.8664303661915779,0.8693957115009746,50,12.0,10,5,log2,0.0001,50,12.0,12,7548,150.96
successive,1,0.1013478749955538,0.8664303661915779,0.8693957115009746,50,12.0,10,7,log2,0.0001,50,12.0,12,7548,150.96
successive,1,0.0791934159933589,0.8664303661915779,0.8693957115009746,50,12.0,10,10,log2,0.0001,50,12.0,12,7548,150.96
successive,1,0.0834963329980382,0.8664303661915779,0.8693957115009746,50,12.0,10,2,log2,1e-05,50,12.0,12,8016,160.32
successive,1,0.0832609589997446,0.8664303661915779,0.8693957115009746,50,12.0,10,5,log2,1e-05,50,12.0,12,8016,160.32
successive,1,0.0806159170024329,0.8664303661915779,0.8693957115009746,50,12.0,10,7,log2,1e-05,50,12.0,12,8016,160.32
successive,1,0.0838780839985702,0.8664303661915779,0.8693957115009746,50,12.0,10,10,log2,1e-05,50,12.0,12,8016,160.32
successive,1,0.0816642499994486,0.8664303661915779,0.8693957115009746,50,12.0,10,2,log2,0.0,50,12.0,12,8256,165.12
successive,1,0.0837780419969931,0.8664303661915779,0.8693957115009746,50,12.0,10,5,log2,0.0,50,12.0,12,8256,165.12
successive,1,0.0838159999984782,0.8664303661915779,0.8693957115009746,50,12.0,10,7,log2,0.0,50,12.0,12,8256,165.12
successive,1,0.0837653749913442,0.8664303661915779,0.8693957115009746,50,12.0,10,10,log2,0.0,50,12.0,12,8256,165.12
successive,1,0.0822357919969363,0.8662448363143244,0.8693957115009746,50,12.0,10,2,log2,0.001,50,11.98,12,5948,118.96
successive,1,0.0833526249916758,0.8662448363143244,0.8693957115009746,50,12.0,10,5,log2,0.001,50,11.98,12,5948,118.96
successive,1,0.0809633339958963,0.8662448363143244,0.8693957115009746,50,12.0,10,7,log2,0.001,50,11.98,12,5948,118.96
successive,1,0.0802180830069119,0.8662448363143244,0.8693957115009746,50,12.0,10,10,log2,0.001,50,11.98,12,5948,118.96
successive,1,0.0793338329967809,0.8661251565498616,0.8693957115009746,50,8.0,4,10,log2,0.0001,50,8.0,8,5974,119.48
successive,1,0.0811535839893622,0.8661251565498616,0.8693957115009746,50,8.0,4,10,log2,1e-05,50,8.0,8,6096,121.92
successive,1,0.0808627079968573,0.8661251565498616,0.8693957115009746,50,8.0,4,10,log2,0.0,50,8.0,8,6218,124.36
successive,1,0.0814820000086911,0.8661159299936327,0.8693957115009746,50,8.0,4,10,log2,0.001,50,8.0,8,4888,97.76
successive,1,0.2365030410001054,0.8653414867667224,0.8674463937621832,50,12.0,1,10,0.5,0.001,50,12.0,12,5278,105.56
successive,1,0.2431076250068145,0.8650430770195836,0.8693957115009746,50,12.0,1,2,0.5,0.001,50,12.0,12,6074,121.48
successive,1,0.0932164169935276,0.8649612955084925,0.8674463937621832,50,8.0,1,5,sqrt,0.0001,50,8.0,8,6274,125.48
successive,1,0.0931615419976878,0.8649612955084925,0.8674463937621832,50,8.0,1,5,sqrt,1e-05,50,8.0,8,6290,125.8
successive,1,0.0949798329966142,0.8649612955084925,0.8674463937621832,50,8.0,1,5,sqrt,0.0,50,8.0,8,6462,129.24
successive,2,0.590425292000873,0.8644940812296533,0.8674463937621832,133,16.0,7,2,0.5,0.0001,133,16.0,16,17179,129.1654135338346
successive,2,0.6023490419902373,0.8644940812296533,0.8674463937621832,133,16.0,7,5,0.5,0.0001,133,16.0,16,17179,129.1654135338346
successive,2,0.5918952920037555,0.8644940812296533,0.8674463937621832,133,16.0,7,7,0.5,0.0001,133,16.0,16,17179,129.1654135338346
successive,2,0.5844986660085851,0.8644940812296533,0.8674463937621832,133,16.0,7,10,0.5,0.0001,133,16.0,16,17179,129.1654135338346
successive,2,0.5841639169957489,0.8644940812296533,0.8674463937621832,133,16.0,7,2,0.5,1e-05,133,16.0,16,18239,137.13533834586465
successive,2,0.5810977079963777,0.8644940812296533,0.8674463937621832,133,16.0,7,5,0.5,1e-05,133,16.0,16,18239,137.13533834586465
successive,2,0.5827093340049032,0.8644940812296533,0.8674463937621832,133,16.0,7,7,0.5,1e-05,133,16.0,16,18239,137.13533834586465
successive,2,0.5977404580044094,0.8644940812296533,0.8674463937621832,133,16.0,7,10,0.5,1e-05,133,16.0,16,18239,137.13533834586465
successive,2,0.5899676250119228,0.8644940812296533,0.8674463937621832,133,16.0,7,2,0.5,0.0,133,16.0,16,19471,146.3984962406015
successive,2,0.5894184169883374,0.8644940812296533,0.8674463937621832,133,16.0,7,5,0.5,0.0,133,16.0,16,19471,146.3984962406015
successive,2,0.5986767080030404,0.8644940812296533,0.8674463937621832,133,16.0,7,7,0.5,0.0,133,16.0,16,19471,146.3984962406015
successive,2,0.5998389169981238,0.8644940812296533,0.8674463937621832,133,16.0,7,10,0.5,0.0,133,16.0,16,19471,146.3984962406015
successive,1,0.0824285410053562,0.8644917240803007,0.8674463937621832,50,8.0,4,10,sqrt,0.0001,50,8.0,8,5420,108.4
successive,1,0.0817161250015487,0.8644917240803007,0.8674463937621832,50,8.0,4,10,sqrt,1e-05,50,8.0,8,5470,109.4
successive,1,0.0944351249927422,0.8644917240803007,0.8674463937621832,50,8.0,4,10,sqrt,0.0,50,8.0,8,5626,112.52
successive,1,0.0822645419975742,0.8643316761967358,0.8674463937621832,50,12.0,7,2,log2,0.0001,50,12.0,12,9092,181.84
successive,1,0.0807870410062605,0.8643316761967358,0.8674463937621832,50,12.0,7,5,log2,0.0001,50,12.0,12,9092,181.84
successive,1,0.0799976249982137,0.8643316761967358,0.8674463937621832,50,12.0,7,7,log2,0.0001,50,12.0,12,9092,181.84
successive,1,0.0809282080008415,0.8643316761967358,0.8674463937621832,50,12.0,7,10,log2,0.0001,50,12.0,12,9092,181.84
successive,1,0.0819875419983873,0.8642024648197307,0.8674463937621832,50,12.0,7,2,log2,1e-05,50,12.0,12,9676,193.52
successive,1,0.0802178339945385,0.8642024648197307,0.8674463937621832,50,12.0,7,5,log2,1e-05,50,12.0,12,9676,193.52
successive,1,0.0794449579989304,0.8642024648197307,0.8674463937621832,50,12.0,7,7,log2,1e-05,50,12.0,12,9676,193.52
successive,1,0.0845645840017823,0.8642024648197307,0.8674463937621832,50,12.0,7,10,log2,1e-05,50,12.0,12,9676,193.52
successive,1,0.0794022499903803,0.8642024648197307,0.8674463937621832,50,12.0,7,2,log2,0.0,50,12.0,12,9986,199.72
successive,1,0.0775303749978775,0.8642024648197307,0.8674463937621832,50,12.0,7,5,log2,0.0,50,12.0,12,9986,199.72
successive,1,0.0825956659973599,0.8642024648197307,0.8674463937621832,50,12.0,7,7,log2,0.0,50,12.0,12,9986,199.72
successive,1,0.0771900830004597,0.8642024648197307,0.8674463937621832,50,12.0,7,10,log2,0.0,50,12.0,12,9986,199.72
successive,1,0.081278249999741,0.8640376077497319,0.8654970760233918,50,8.0,1,10,log2,0.0001,50,8.0,8,6488,129.76
successive,1,0.0790206669917097,0.8640376077497319,0.8654970760233918,50,8.0,1,10,log2,1e-05,50,8.0,8,6550,131.0
successive,1,0.0823643330077175,0.8640376077497319,0.8654970760233918,50,8.0,1,10,log2,0.0,50,8.0,8,6674,133.48
successive,1,0.0850098749942844,0.863240041426234,0.8654970760233918,50,8.0,1,10,sqrt,0.0001,50,8.0,8,5542,110.84
successive,1,0.0876875829999335,0.863240041426234,0.8654970760233918,50,8.0,1,10,sqrt,1e-05,50,8.0,8,5566,111.32
successive,1,0.0940859580005053,0.863240041426234,0.8654970760233918,50,8.0,1,10,sqrt,0.0,50,8.0,8,5704,114.08
successive,1,0.4518919170077424,0.8628732054895499,0.8654970760233918,50,8.0,1,2,log2,0.0001,50,8.0,8,8712,174.24
successive,1,0.4665600830048788,0.8628732054895499,0.8654970760233918,50,8.0,1,2,log2,1e-05,50,8.0,8,8742,174.84
successive,1,0.5152536669920664,0.8628732054895499,0.8654970760233918,50,8.0,1,2,log2,0.0,50,8.0,8,9042,180.84
successive,1,0.0889842920005321,0.8624990138347371,0.8654970760233918,50,8.0,4,10,sqrt,0.001,50,8.0,8,4412,88.24
successive,1,0.0982515840005362,0.8611251705881516,0.8635477582846004,50,8.0,1,10,sqrt,0.001,50,8.0,8,4858,97.16
successive,1,0.0952905830054078,0.860920093277718,0.8635477582846004,50,8.0,4,2,sqrt,0.0001,50,8.0,8,5652,113.04
successive,1,0.0859184170112712,0.860920093277718,0.8635477582846004,50,8.0,4,5,sqrt,0.0001,50,8.0,8,5652,113.04
successive,1,0.0839171249972423,0.860920093277718,0.8635477582846004,50,8.0,4,7,sqrt,0.0001,50,8.0,8,5652,113.04
successive,1,0.1165077079931506,0.8606765521793542,0.8635477582846004,50,8.0,1,5,sqrt,0.001,50,8.0,8,5248,104.96
successive,1,0.2451977910095593,0.8598514988734592,0.8635477582846004,50,20.0,10,2,0.5,0.0001,50,19.88,20,6696,133.92
successive,1,0.2472327090072212,0.8598514988734592,0.8635477582846004,50,20.0,10,5,0.5,0.0001,50,19.88,20,6696,133.92
successive,1,0.2479710839979816,0.8598514988734592,0.8635477582846004,50,20.0,10,7,0.5,0.0001,50,19.88,20,6696,133.92
successive,1,0.2512955830025021,0.8598514988734592,0.8635477582846004,50,20.0,10,10,0.5,0.0001,50,19.88,20,6696,133.92
successive,1,0.0917602499976055,0.8595047584831491,0.8615984405458089,50,8.0,7,2,sqrt,0.001,50,8.0,8,3996,79.92
successive,1,0.0814762079971842,0.8595047584831491,0.8615984405458089,50,8.0,7,5,sqrt,0.001,50,8.0,8,3996,79.92
successive,1,0.0811359170038485,0.8595047584831491,0.8615984405458089,50,8.0,7,7,sqrt,0.001,50,8.0,8,3996,79.92
successive,1,0.0811100410064682,0.8595047584831491,0.8615984405458089,50,8.0,7,10,sqrt,0.001,50,8.0,8,3996,79.92
successive,1,0.0881387499975971,0.8595047584831491,0.8615984405458089,50,8.0,7,2,sqrt,0.0001,50,8.0,8,4794,95.88
successive,1,0.0906257080059731,0.8595047584831491,0.8615984405458089,50,8.0,7,5,sqrt,0.0001,50,8.0,8,4794,95.88
successive,1,0.0926550000003771,0.8595047584831491,0.8615984405458089,50,8.0,7,7,sqrt,0.0001,50,8.0,8,4794,95.88
successive,1,0.0821214169991435,0.8595047584831491,0.8615984405458089,50,8.0,7,10,sqrt,0.0001,50,8.0,8,4794,95.88
successive,1,0.0899591250054072,0.8595047584831491,0.8615984405458089,50,8.0,7,2,sqrt,1e-05,50,8.0,8,5068,101.36
successive,1,0.0827234580065123,0.8595047584831491,0.8615984405458089,50,8.0,7,5,sqrt,1e-05,50,8.0,8,5068,101.36
successive,1,0.0814378749928437,0.8595047584831491,0.8615984405458089,50,8.0,7,7,sqrt,1e-05,50,8.0,8,5068,101.36
successive,1,0.0827384589938446,0.8595047584831491,0.8615984405458089,50,8.0,7,10,sqrt,1e-05,50,8.0,8,5068,101.36
successive,1,0.0842585829959716,0.8595047584831491,0.8615984405458089,50,8.0,7,2,sqrt,0.0,50,8.0,8,5250,105.0
successive,1,0.0845931250078138,0.8595047584831491,0.8615984405458089,50,8.0,7,5,sqrt,0.0,50,8.0,8,5250,105.0
successive,1,0.0942004579992499,0.8595047584831491,0.8615984405458089,50,8.0,7,7,sqrt,0.0,50,8.0,8,5250,105.0
successive,1,0.083889082990936,0.8595047584831491,0.8615984405458089,50,8.0,7,10,sqrt,0.0,50,8.0,8,5250,105.0
successive,1,0.0821416660037357,0.859098230609236,0.8615984405458089,50,8.0,4,2,sqrt,0.001,50,8.0,8,4556,91.12
successive,1,0.0924509999895235,0.859098230609236,0.8615984405458089,50,8.0,4,5,sqrt,0.001,50,8.0,8,4556,91.12
successive,1,0.079747416995815,0.859098230609236,0.8615984405458089,50,8.0,4,7,sqrt,0.001,50,8.0,8,4556,91.12
successive,1,0.0817037090018857,0.85880577557018,0.8615984405458089,50,8.0,4,2,sqrt,1e-05,50,8.0,8,5726,114.52
successive,1,0.0814252910058712,0.85880577557018,0.8615984405458089,50,8.0,4,5,sqrt,1e-05,50,8.0,8,5726,114.52
successive,1,0.0827751250035362,0.85880577557018,0.8615984405458089,50,8.0,4,7,sqrt,1e-05,50,8.0,8,5726,114.52
successive,1,0.0808254590083379,0.85880577557018,0.8615984405458089,50,8.0,4,2,sqrt,0.0,50,8.0,8,5880,117.6
successive,1,0.0939837500045541,0.85880577557018,0.8615984405458089,50,8.0,4,5,sqrt,0.0,50,8.0,8,5880,117.6
successive,1,0.0825988339929608,0.85880577557018,0.8615984405458089,50,8.0,4,7,sqrt,0.0,50,8.0,8,5880,117.6
successive,1,0.0834536670008674,0.8585142454737476,0.8615984405458089,50,12.0,7,2,log2,0.001,50,12.0,12,7160,143.2
successive,1,0.0803398330026539,0.8585142454737476,0.8615984405458089,50,12.0,7,5,log2,0.001,50,12.0,12,7160,143.2
successive,1,0.0975946659891633,0.8585142454737476,0.8615984405458089,50,12.0,7,7,log2,0.001,50,12.0,12,7160,143.2
successive,1,0.0794956250028917,0.8585142454737476,0.8615984405458089,50,12.0,7,10,log2,0.001,50,12.0,12,7160,143.2
successive,1,0.2358786249969853,0.8582294123050848,0.8615984405458089,50,20.0,10,2,0.5,1e-05,50,19.88,20,7254,145.08
successive,1,0.2471722500049509,0.8582294123050848,0.8615984405458089,50,20.0,10,5,0.5,1e-05,50,19.88,20,7254,145.08
successive,1,0.2489469580032164,0.8582294123050848,0.8615984405458089,50,20.0,10,7,0.5,1e-05,50,19.88,20,7254,145.08
successive,1,0.2510964169923682,0.8582294123050848,0.8615984405458089,50,20.0,10,10,0.5,1e-05,50,19.88,20,7254,145.08
successive,1,0.2452276669937418,0.8582294123050848,0.8615984405458089,50,20.0,10,2,0.5,0.0,50,19.88,20,7760,155.2
successive,1,0.2485410829976899,0.8582294123050848,0.8615984405458089,50,20.0,10,5,0.5,0.0,50,19.88,20,7760,155.2
successive,1,0.2478151659888681,0.8582294123050848,0.8615984405458089,50,20.0,10,7,0.5,0.0,50,19.88,20,7760,155.2
successive,1,0.2389025829907041,0.8582294123050848,0.8615984405458089,50,20.0,10,10,0.5,0.0,50,19.88,20,7760,155.2
successive,1,0.0896147079911315,0.8580714838447075,0.8615984405458089,50,12.0,10,2,sqrt,0.001,50,12.0,12,5566,111.32
successive,1,0.0910524579958291,0.8580714838447075,0.8615984405458089,50,12.0,10,5,sqrt,0.001,50,12.0,12,5566,111.32
successive,1,0.0961114579986315,0.8580714838447075,0.8615984405458089,50,12.0,10,7,sqrt,0.001,50,12.0,12,5566,111.32
successive,1,0.0917473750014323,0.8580714838447075,0.8615984405458089,50,12.0,10,10,sqrt,0.001,50,12.0,12,5566,111.32
successive,1,0.5963511250010924,0.8576159941523752,0.8596491228070176,50,8.0,1,2,sqrt,0.001,50,8.0,8,5512,110.24
successive,1,0.2464305000030435,0.8574227908826804,0.8615984405458089,50,,10,2,0.5,0.0001,50,22.02,25,6988,139.76
successive,1,0.2450307919934857,0.8574227908826804,0.8615984405458089,50,,10,5,0.5,0.0001,50,22.02,25,6988,139.76
successive,1,0.2483246250048978,0.8574227908826804,0.8615984405458089,50,,10,7,0.5,0.0001,50,22.02,25,6988,139.76
successive,1,0.2490050829946994,0.8574227908826804,0.8615984405458089,50,,10,10,0.5,0.0001,50,22.02,25,6988,139.76
successive,1,0.2623956660099793,0.8574227908826804,0.8615984405458089,50,,10,2,0.5,1e-05,50,22.1,25,7566,151.32
successive,1,0.2504438329924596,0.8574227908826804,0.8615984405458089,50,,10,5,0.5,1e-05,50,22.1,25,7566,151.32
successive,1,0.2460974999994505,0.8574227908826804,0.8615984405458089,50,,10,7,0.5,1e-05,50,22.1,25,7566,151.32
successive,1,0.2472786250000354,0.8574227908826804,0.8615984405458089,50,,10,10,0.5,1e-05,50,22.1,25,7566,151.32
successive,1,0.2536343749961816,0.8574227908826804,0.8615984405458089,50,,10,2,0.5,0.0,50,22.12,25,8100,162.0
successive,1,0.2469978750013979,0.8574227908826804,0.8615984405458089,50,,10,5,0.5,0.0,50,22.12,25,8100,162.0
successive,1,0.2480844590027118,0.8574227908826804,0.8615984405458089,50,,10,7,0.5,0.0,50,22.12,25,8100,162.0
successive,1,0.2510459589975653,0.8574227908826804,0.8615984405458089,50,,10,10,0.5,0.0,50,22.12,25,8100,162.0
successive,1,0.2405237090133596,0.8572170731140211,0.8615984405458089,50,12.0,4,2,0.5,0.0001,50,12.0,12,6098,121.96
successive,1,0.2294822499970905,0.8572170731140211,0.8615984405458089,50,12.0,4,5,0.5,0.0001,50,12.0,12,6098,121.96
successive,1,0.2350194999889936,0.8572170731140211,0.8615984405458089,50,12.0,4,7,0.5,0.0001,50,12.0,12,6098,121.96
successive,1,0.2328810829931171,0.8572170731140211,0.8615984405458089,50,12.0,4,2,0.5,1e-05,50,12.0,12,6116,122.32
successive,1,0.2321840000076918,0.8572170731140211,0.8615984405458089,50,12.0,4,5,0.5,1e-05,50,12.0,12,6116,122.32
successive,1,0.2281010419974336,0.8572170731140211,0.8615984405458089,50,12.0,4,7,0.5,1e-05,50,12.0,12,6116,122.32
successive,1,0.2343815000058384,0.8572170731140211,0.8615984405458089,50,12.0,4,2,0.5,0.0,50,12.0,12,6460,129.2
successive,1,0.2350420000002486,0.8572170731140211,0.8615984405458089,50,12.0,4,5,0.5,0.0,50,12.0,12,6460,129.2
successive,1,0.236492084004567,0.8572170731140211,0.8615984405458089,50,12.0,4,7,0.5,0.0,50,12.0,12,6460,129.2
successive,1,0.2435775000049034,0.8553335938287199,0.8576998050682261,50,16.0,10,2,0.5,0.0001,50,16.0,16,5856,117.12
successive,1,0.2519582910026656,0.8553335938287199,0.8576998050682261,50,16.0,10,5,0.5,0.0001,50,16.0,16,5856,117.12
successive,1,0.2433731670025736,0.8553335938287199,0.8576998050682261,50,16.0,10,7,0.5,0.0001,50,16.0,16,5856,117.12
successive,1,0.2501643339928705,0.8553335938287199,0.8576998050682261,50,16.0,10,10,0.5,0.0001,50,16.0,16,5856,117.12
successive,1,0.2406113330071093,0.8553335938287199,0.8576998050682261,50,16.0,10,2,0.5,1e-05,50,16.0,16,6364,127.28
successive,1,0.2369055000017397,0.8553335938287199,0.8576998050682261,50,16.0,10,5,0.5,1e-05,50,16.0,16,6364,127.28
successive,1,0.2402262499963399,0.8553335938287199,0.8576998050682261,50,16.0,10,7,0.5,1e-05,50,16.0,16,6364,127.28
successive,1,0.235187832993688,0.8553335938287199,0.8576998050682261,50,16.0,10,10,0.5,1e-05,50,16.0,16,6364,127.28
successive,1,0.2361596660048235,0.8553335938287199,0.8576998050682261,50,16.0,10,2,0.5,0.0,50,16.0,16,6844,136.88
successive,1,0.2396637920028297,0.8553335938287199,0.8576998050682261,50,16.0,10,5,0.5,0.0,50,16.0,16,6844,136.88
successive,1,0.2455989160080207,0.8553335938287199,0.8576998050682261,50,16.0,10,7,0.5,0.0,50,16.0,16,6844,136.88
successive,1,0.2430304159934166,0.8553335938287199,0.8576998050682261,50,16.0,10,10,0.5,0.0,50,16.0,16,6844,136.88
successive,1,0.2238541670085396,0.854924849229404,0.8596491228070176,50,12.0,4,2,0.5,0.001,50,12.0,12,4806,96.12
successive,1,0.2330499590025283,0.854924849229404,0.8596491228070176,50,12.0,4,5,0.5,0.001,50,12.0,12,4806,96.12
successive,1,0.2284478330111596,0.854924849229404,0.8596491228070176,50,12.0,4,7,0.5,0.001,50,12.0,12,4806,96.12
successive,1,0.2393702499975916,0.8537359563381054,0.8576998050682261,50,20.0,10,2,0.5,0.001,50,19.78,20,5496,109.92
successive,1,0.2462394580070395,0.8537359563381054,0.8576998050682261,50,20.0,10,5,0.5,0.001,50,19.78,20,5496,109.92
successive,1,0.2496447919984348,0.8537359563381054,0.8576998050682261,50,20.0,10,7,0.5,0.001,50,19.78,20,5496,109.92
successive,1,0.2484408330055885,0.8537359563381054,0.8576998050682261,50,20.0,10,10,0.5,0.001,50,19.78,20,5496,109.92
successive,1,0.2460950410022633,0.852931659058417,0.8576998050682261,50,,10,2,0.5,0.001,50,21.5,25,5714,114.28
successive,1,0.2490152919926913,0.852931659058417,0.8576998050682261,50,,10,5,0.5,0.001,50,21.5,25,5714,114.28
successive,1,0.2534669169981498,0.852931659058417,0.8576998050682261,50,,10,7,0.5,0.001,50,21.5,25,5714,114.28
successive,1,0.2543688330042641,0.852931659058417,0.8576998050682261,50,,10,10,0.5,0.001,50,21.5,25,5714,114.28
successive,1,0.0927653329999884,0.8498225370592764,0.8557504873294347,50,20.0,1,2,sqrt,0.01,50,12.32,16,2586,51.72
successive,1,0.084128625006997,0.8478894186581629,0.8518518518518519,50,8.0,10,2,sqrt,0.0001,50,8.0,8,4304,86.08
successive,1,0.0895575419999659,0.8478894186581629,0.8518518518518519,50,8.0,10,5,sqrt,0.0001,50,8.0,8,4304,86.08
successive,1,0.0831336670089513,0.8478894186581629,0.8518518518518519,50,8.0,10,7,sqrt,0.0001,50,8.0,8,4304,86.08
successive,1,0.0805510420032078,0.8478894186581629,0.8518518518518519,50,8.0,10,10,sqrt,0.0001,50,8.0,8,4304,86.08
successive,1,0.0840167080023093,0.8478894186581629,0.8518518518518519,50,8.0,10,2,sqrt,1e-05,50,8.0,8,4582,91.64
successive,1,0.080680916988058,0.8478894186581629,0.8518518518518519,50,8.0,10,5,sqrt,1e-05,50,8.0,8,4582,91.64
successive,1,0.0823747910035308,0.8478894186581629,0.8518518518518519,50,8.0,10,7,sqrt,1e-05,50,8.0,8,4582,91.64
successive,1,0.083690082989051,0.8478894186581629,0.8518518518518519,50,8.0,10,10,sqrt,1e-05,50,8.0,8,4582,91.64
successive,1,0.0835892079921905,0.8478894186581629,0.8518518518518519,50,8.0,10,2,sqrt,0.0,50,8.0,8,4746,94.92
successive,1,0.080228792008711,0.8478894186581629,0.8518518518518519,50,8.0,10,5,sqrt,0.0,50,8.0,8,4746,94.92
successive,1,0.0907492919941432,0.8478894186581629,0.8518518518518519,50,8.0,10,7,sqrt,0.0,50,8.0,8,4746,94.92
successive,1,0.0807100840029306,0.8478894186581629,0.8518518518518519,50,8.0,10,10,sqrt,0.0,50,8.0,8,4746,94.92
successive,1,0.2513525840040529,0.8471552050027723,0.8499025341130604,50,16.0,10,2,0.5,0.001,50,16.0,16,4782,95.64
successive,1,0.2434925419947831,0.8471552050027723,0.8499025341130604,50,16.0,10,5,0.5,0.001,50,16.0,16,4782,95.64
successive,1,0.2420050829969113,0.8471552050027723,0.8499025341130604,50,16.0,10,7,0.5,0.001,50,16.0,16,4782,95.64
successive,1,0.2360602499975357,0.8471552050027723,0.8499025341130604,50,16.0,10,10,0.5,0.001,50,16.0,16,4782,95.64
successive,1,0.0924384170066332,0.8460281394163002,0.8499025341130604,50,8.0,10,2,sqrt,0.001,50,8.0,8,3564,71.28
successive,1,0.0819282920128898,0.8460281394163002,0.8499025341130604,50,8.0,10,5,sqrt,0.001,50,8.0,8,3564,71.28
successive,1,0.0934660839993739,0.8460281394163002,0.8499025341130604,50,8.0,10,7,sqrt,0.001,50,8.0,8,3564,71.28
successive,1,0.0838143750006565,0.8460281394163002,0.8499025341130604,50,8.0,10,10,sqrt,0.001,50,8.0,8,3564,71.28
successive,1,0.0838181250001071,0.8453761990077119,0.847953216374269,50,8.0,10,2,log2,0.001,50,8.0,8,3788,75.76
successive,1,0.0833120830066036,0.8453761990077119,0.847953216374269,50,8.0,10,5,log2,0.001,50,8.0,8,3788,75.76
successive,1,0.0829879579978296,0.8453761990077119,0.847953216374269,50,8.0,10,7,log2,0.001,50,8.0,8,3788,75.76
successive,1,0.0805830829922342,0.8453761990077119,0.847953216374269,50,8.0,10,10,log2,0.001,50,8.0,8,3788,75.76
successive,1,0.2280606249987613,0.844949321086257,0.8499025341130604,50,12.0,4,10,0.5,0.0001,50,12.0,12,5812,116.24
successive,1,0.2306386669952189,0.844949321086257,0.8499025341130604,50,12.0,4,10,0.5,1e-05,50,12.0,12,5824,116.48
successive,1,0.2296363329951418,0.844949321086257,0.8499025341130604,50,12.0,4,10,0.5,0.0,50,12.0,12,6126,122.52
successive,1,0.2313767909945454,0.844722860179745,0.8499025341130604,50,12.0,4,10,0.5,0.001,50,12.0,12,4590,91.8
successive,1,0.0834580829978222,0.8437387549366342,0.8460038986354775,50,8.0,10,2,log2,0.0001,50,8.0,8,4584,91.68
successive,1,0.0819743329921038,0.8437387549366342,0.8460038986354775,50,8.0,10,5,log2,0.0001,50,8.0,8,4584,91.68
successive,1,0.0826910000032512,0.8437387549366342,0.8460038986354775,50,8.0,10,7,log2,0.0001,50,8.0,8,4584,91.68
successive,1,0.0824271250021411,0.8437387549366342,0.8460038986354775,50,8.0,10,10,log2,0.0001,50,8.0,8,4584,91.68
successive,1,0.0830300830129999,0.8437387549366342,0.8460038986354775,50,8.0,10,2,log2,1e-05,50,8.0,8,4850,97.0
successive,1,0.0786607499903766,0.8437387549366342,0.8460038986354775,50,8.0,10,5,log2,1e-05,50,8.0,8,4850,97.0
successive,1,0.0826107079919893,0.8437387549366342,0.8460038986354775,50,8.0,10,7,log2,1e-05,50,8.0,8,4850,97.0
successive,1,0.082437042001402,0.8437387549366342,0.8460038986354775,50,8.0,10,10,log2,1e-05,50,8.0,8,4850,97.0
successive,1,0.082066124989069,0.8437387549366342,0.8460038986354775,50,8.0,10,2,log2,0.0,50,8.0,8,4974,99.48
successive,1,0.0806304580037249,0.8437387549366342,0.8460038986354775,50,8.0,10,5,log2,0.0,50,8.0,8,4974,99.48
successive,1,0.0831780000007711,0.8437387549366342,0.8460038986354775,50,8.0,10,7,log2,0.0,50,8.0,8,4974,99.48
successive,1,0.0789981659909244,0.8437387549366342,0.8460038986354775,50,8.0,10,10,log2,0.0,50,8.0,8,4974,99.48
successive,1,0.0971637079928768,0.8429269196177865,0.8499025341130604,50,12.0,7,2,sqrt,0.01,50,11.14,12,2440,48.8
successive,1,0.0894363330007763,0.8429269196177865,0.8499025341130604,50,12.0,7,5,sqrt,0.01,50,11.14,12,2440,48.8
successive,1,0.0881178750132676,0.8429269196177865,0.8499025341130604,50,12.0,7,7,sqrt,0.01,50,11.14,12,2440,48.8
successive,1,0.0935432500118622,0.8429269196177865,0.8499025341130604,50,12.0,7,10,sqrt,0.01,50,11.14,12,2440,48.8
successive,1,0.0944687919982243,0.8424783968708479,0.8499025341130604,50,,1,2,sqrt,0.01,50,12.24,15,2576,51.52
successive,1,0.2321112909994553,0.8392916903814976,0.8499025341130604,50,12.0,7,2,0.5,0.001,50,12.0,12,4088,81.76
successive,1,0.22263837500941,0.8392916903814976,0.8499025341130604,50,12.0,7,5,0.5,0.001,50,12.0,12,4088,81.76
successive,1,0.2280219170061173,0.8392916903814976,0.8499025341130604,50,12.0,7,7,0.5,0.001,50,12.0,12,4088,81.76
successive,1,0.2240392079984303,0.8392916903814976,0.8499025341130604,50,12.0,7,10,0.5,0.001,50,12.0,12,4088,81.76
successive,1,0.2323426670045592,0.8376992296941638,0.847953216374269,50,12.0,7,2,0.5,0.0001,50,12.0,12,5094,101.88
successive,1,0.2358239580062218,0.8376992296941638,0.847953216374269,50,12.0,7,5,0.5,0.0001,50,12.0,12,5094,101.88
successive,1,0.2333800829946994,0.8376992296941638,0.847953216374269,50,12.0,7,7,0.5,0.0001,50,12.0,12,5094,101.88
successive,1,0.2289710839977488,0.8376992296941638,0.847953216374269,50,12.0,7,10,0.5,0.0001,50,12.0,12,5094,101.88
successive,1,0.0793457909894641,0.8371359027977225,0.8421052631578947,50,12.0,1,5,log2,0.01,50,10.92,12,2322,46.44
successive,1,0.095293667007354,0.8364774551759321,0.8440545808966862,50,16.0,1,2,sqrt,0.01,50,12.1,16,2588,51.76
successive,1,0.0927173750096699,0.8363416831828429,0.8440545808966862,50,20.0,4,2,sqrt,0.01,50,12.46,17,2578,51.56
successive,1,0.0954091250023339,0.8363416831828429,0.8440545808966862,50,20.0,4,5,sqrt,0.01,50,12.46,17,2578,51.56
successive,1,0.0966794999985722,0.8363416831828429,0.8440545808966862,50,20.0,4,7,sqrt,0.01,50,12.46,17,2578,51.56
successive,1,0.2316767500014975,0.8361195555709935,0.8460038986354775,50,12.0,7,2,0.5,1e-05,50,12.0,12,5396,107.92
successive,1,0.2306928750040242,0.8361195555709935,0.8460038986354775,50,12.0,7,5,0.5,1e-05,50,12.0,12,5396,107.92
successive,1,0.2366419159952784,0.8361195555709935,0.8460038986354775,50,12.0,7,7,0.5,1e-05,50,12.0,12,5396,107.92
successive,1,0.2381328329938696,0.8361195555709935,0.8460038986354775,50,12.0,7,10,0.5,1e-05,50,12.0,12,5396,107.92
successive,1,0.2315965839952696,0.8361195555709935,0.8460038986354775,50,12.0,7,2,0.5,0.0,50,12.0,12,5728,114.56
successive,1,0.2250049580034101,0.8361195555709935,0.8460038986354775,50,12.0,7,5,0.5,0.0,50,12.0,12,5728,114.56
successive,1,0.2277600829984294,0.8361195555709935,0.8460038986354775,50,12.0,7,7,0.5,0.0,50,12.0,12,5728,114.56
successive,1,0.2210210830089636,0.8361195555709935,0.8460038986354775,50,12.0,7,10,0.5,0.0,50,12.0,12,5728,114.56
successive,1,0.0934305410046363,0.8355489495406859,0.8421052631578947,50,20.0,7,2,sqrt,0.01,50,11.96,17,2540,50.8
successive,1,0.0961162500025238,0.8355489495406859,0.8421052631578947,50,20.0,7,5,sqrt,0.01,50,11.96,17,2540,50.8
successive,1,0.0958070839988067,0.8355489495406859,0.8421052631578947,50,20.0,7,7,sqrt,0.01,50,11.96,17,2540,50.8
successive,1,0.1113651250052498,0.8355489495406859,0.8421052631578947,50,20.0,7,10,sqrt,0.01,50,11.96,17,2540,50.8
successive,1,0.0836943330068606,0.8333362315230651,0.8401559454191033,50,12.0,4,2,log2,0.01,50,10.76,12,2280,45.6
successive,1,0.0837230420002015,0.8333362315230651,0.8401559454191033,50,12.0,4,5,log2,0.01,50,10.76,12,2280,45.6
successive,1,0.0812815000099362,0.8333362315230651,0.8401559454191033,50,12.0,4,7,log2,0.01,50,10.76,12,2280,45.6
successive,1,0.0989769589941715,0.8333129856739515,0.8421052631578947,50,,1,5,sqrt,0.01,50,12.18,16,2540,50.8
successive,1,0.0840047499950742,0.8328734411746905,0.8421052631578947,50,16.0,4,2,log2,0.01,50,11.3,14,2360,47.2
successive,1,0.079483124995022,0.8328734411746905,0.8421052631578947,50,16.0,4,5,log2,0.01,50,11.3,14,2360,47.2
successive,1,0.0822245419985847,0.8328734411746905,0.8421052631578947,50,16.0,4,7,log2,0.01,50,11.3,14,2360,47.2
successive,1,0.2026111669983947,0.8319163428747597,0.8401559454191033,50,8.0,1,10,0.5,1e-05,50,8.0,8,3202,64.04
successive,1,0.2057299169973703,0.8319163428747597,0.8401559454191033,50,8.0,1,10,0.5,0.0001,50,8.0,8,3202,64.04
successive,1,0.1993481669924222,0.8319163428747597,0.8401559454191033,50,8.0,1,10,0.5,0.0,50,8.0,8,3366,67.32
successive,1,0.1903111249994253,0.8313295114846647,0.8401559454191033,50,8.0,1,7,0.5,1e-05,50,8.0,8,3298,65.96
successive,1,0.1980048330005956,0.8313295114846647,0.8401559454191033,50,8.0,1,7,0.5,0.0001,50,8.0,8,3298,65.96
successive,1,0.2019691250025062,0.8313295114846647,0.8401559454191033,50,8.0,1,7,0.5,0.0,50,8.0,8,3474,69.48
successive,1,0.0979441660019801,0.8312679289531402,0.8401559454191033,50,20.0,1,5,sqrt,0.01,50,12.1,15,2512,50.24
successive,1,0.0924479170062113,0.8308313675162907,0.8382066276803118,50,16.0,4,2,sqrt,0.01,50,12.32,16,2530,50.6
successive,1,0.0954901250079274,0.8308313675162907,0.8382066276803118,50,16.0,4,5,sqrt,0.01,50,12.32,16,2530,50.6
successive,1,0.0909029589965939,0.8308313675162907,0.8382066276803118,50,16.0,4,7,sqrt,0.01,50,12.32,16,2530,50.6
successive,1,0.0928153749991906,0.8302339162462918,0.8362573099415205,50,16.0,7,2,sqrt,0.01,50,11.96,16,2534,50.68
successive,1,0.0937962909956695,0.8302339162462918,0.8362573099415205,50,16.0,7,5,sqrt,0.01,50,11.96,16,2534,50.68
successive,1,0.0932364999898709,0.8302339162462918,0.8362573099415205,50,16.0,7,7,sqrt,0.01,50,11.96,16,2534,50.68
successive,1,0.0941017910081427,0.8302339162462918,0.8362573099415205,50,16.0,7,10,sqrt,0.01,50,11.96,16,2534,50.68
successive,1,0.192950958997244,0.8295792922980124,0.8401559454191033,50,8.0,1,7,0.5,0.001,50,8.0,8,2904,58.08
successive,1,0.0810169580072397,0.8289540714069273,0.8382066276803118,50,20.0,7,2,log2,0.01,50,11.42,16,2406,48.12
successive,1,0.0819383339985506,0.8289540714069273,0.8382066276803118,50,20.0,7,5,log2,0.01,50,11.42,16,2406,48.12
successive,1,0.0835453330073505,0.8289540714069273,0.8382066276803118,50,20.0,7,7,log2,0.01,50,11.42,16,2406,48.12
successive,1,0.0826077079982496,0.8289540714069273,0.8382066276803118,50,20.0,7,10,log2,0.01,50,11.42,16,2406,48.12
successive,1,0.0975709580088732,0.8289032724950143,0.8382066276803118,50,12.0,1,2,sqrt,0.01,50,11.58,12,2442,48.84
successive,1,0.0945922920072916,0.828737074062696,0.8382066276803118,50,,4,2,sqrt,0.01,50,12.46,17,2586,51.72
successive,1,0.0910986660019261,0.828737074062696,0.8382066276803118,50,,4,5,sqrt,0.01,50,12.46,17,2586,51.72
successive,1,0.0941029589885147,0.828737074062696,0.8382066276803118,50,,4,7,sqrt,0.01,50,12.46,17,2586,51.72
successive,1,0.0903312080044997,0.8284581296985106,0.8362573099415205,50,12.0,1,5,sqrt,0.01,50,11.5,12,2430,48.6
successive,1,0.0989639579929644,0.8278880047830268,0.8382066276803118,50,16.0,1,5,sqrt,0.01,50,12.3,16,2550,51.0
successive,1,0.0943129170045722,0.8275857919431895,0.834307992202729,50,,7,2,sqrt,0.01,50,11.96,17,2538,50.76
successive,1,0.0903575839911354,0.8275857919431895,0.834307992202729,50,,7,5,sqrt,0.01,50,11.96,17,2538,50.76
successive,1,0.0936564159928821,0.8275857919431895,0.834307992202729,50,,7,7,sqrt,0.01,50,11.96,17,2538,50.76
successive,1,0.0930403329984983,0.8275857919431895,0.834307992202729,50,,7,10,sqrt,0.01,50,11.96,17,2538,50.76
successive,1,0.0905642500001704,0.8270679372544035,0.8362573099415205,50,,7,2,log2,0.01,50,11.42,16,2416,48.32
successive,1,0.0790276669868035,0.8270679372544035,0.8362573099415205,50,,7,5,log2,0.01,50,11.42,16,2416,48.32
successive,1,0.0820062920101918,0.8270679372544035,0.8362573099415205,50,,7,7,log2,0.01,50,11.42,16,2416,48.32
successive,1,0.0842937910056207,0.8270679372544035,0.8362573099415205,50,,7,10,log2,0.01,50,11.42,16,2416,48.32
successive,1,0.1972741670033428,0.8269185037557049,0.8382066276803118,50,8.0,1,10,0.5,0.001,50,8.0,8,2842,56.84
successive,1,0.0842217919998802,0.8267235209548257,0.8362573099415205,50,16.0,7,2,log2,0.01,50,11.56,16,2426,48.52
successive,1,0.0838940420071594,0.8267235209548257,0.8362573099415205,50,16.0,7,5,log2,0.01,50,11.56,16,2426,48.52
successive,1,0.0843056660087313,0.8267235209548257,0.8362573099415205,50,16.0,7,7,log2,0.01,50,11.56,16,2426,48.52
successive,1,0.0923246669990476,0.8267235209548257,0.8362573099415205,50,16.0,7,10,log2,0.01,50,11.56,16,2426,48.52
successive,1,0.0967146670009242,0.8267117505396817,0.8362573099415205,50,16.0,10,2,sqrt,0.01,50,12.14,16,2544,50.88
successive,1,0.0952207090012962,0.8267117505396817,0.8362573099415205,50,16.0,10,5,sqrt,0.01,50,12.14,16,2544,50.88
successive,1,0.0948165000008884,0.8267117505396817,0.8362573099415205,50,16.0,10,7,sqrt,0.01,50,12.14,16,2544,50.88
successive,1,0.0917353749973699,0.8267117505396817,0.8362573099415205,50,16.0,10,10,sqrt,0.01,50,12.14,16,2544,50.88
successive,1,0.0860863330017309,0.8266954285667851,0.834307992202729,50,,1,2,log2,0.01,50,12.0,17,2390,47.8
successive,1,0.2310387500037904,0.8259948313276345,0.8323586744639376,50,12.0,10,2,0.5,0.0001,50,12.0,12,4690,93.8
successive,1,0.2295465829956811,0.8259948313276345,0.8323586744639376,50,12.0,10,5,0.5,0.0001,50,12.0,12,4690,93.8
successive,1,0.2323713750083698,0.8259948313276345,0.8323586744639376,50,12.0,10,7,0.5,0.0001,50,12.0,12,4690,93.8
successive,1,0.2269154999958118,0.8259948313276345,0.8323586744639376,50,12.0,10,10,0.5,0.0001,50,12.0,12,4690,93.8
successive,1,0.2265887500107055,0.8259948313276345,0.8323586744639376,50,12.0,10,2,0.5,1e-05,50,12.0,12,5066,101.32
successive,1,0.2287457079946762,0.8259948313276345,0.8323586744639376,50,12.0,10,5,0.5,1e-05,50,12.0,12,5066,101.32
successive,1,0.2214371250011026,0.8259948313276345,0.8323586744639376,50,12.0,10,7,0.5,1e-05,50,12.0,12,5066,101.32
successive,1,0.227741665992653,0.8259948313276345,0.8323586744639376,50,12.0,10,10,0.5,1e-05,50,12.0,12,5066,101.32
successive,1,0.2243001669994555,0.8259948313276345,0.8323586744639376,50,12.0,10,2,0.5,0.0,50,12.0,12,5448,108.96
successive,1,0.2257982080045621,0.8259948313276345,0.8323586744639376,50,12.0,10,5,0.5,0.0,50,12.0,12,5448,108.96
successive,1,0.2218411659996491,0.8259948313276345,0.8323586744639376,50,12.0,10,7,0.5,0.0,50,12.0,12,5448,108.96
successive,1,0.2276182499917922,0.8259948313276345,0.8323586744639376,50,12.0,10,10,0.5,0.0,50,12.0,12,5448,108.96
successive,1,0.1989320419961586,0.8256378871507617,0.834307992202729,50,8.0,1,5,0.5,1e-05,50,8.0,8,3438,68.76
successive,1,0.204531791008776,0.8256378871507617,0.834307992202729,50,8.0,1,5,0.5,0.0001,50,8.0,8,3438,68.76
successive,1,0.2018501249986002,0.8256378871507617,0.834307992202729,50,8.0,1,5,0.5,0.0,50,8.0,8,3602,72.04
successive,1,0.0801742500043474,0.8249670060176328,0.8323586744639376,50,8.0,10,2,log2,0.01,50,7.98,8,1838,36.76
successive,1,0.0832731660048011,0.8249670060176328,0.8323586744639376,50,8.0,10,5,log2,0.01,50,7.98,8,1838,36.76
successive,1,0.0811278339970158,0.8249670060176328,0.8323586744639376,50,8.0,10,7,log2,0.01,50,7.98,8,1838,36.76
successive,1,0.078287750002346,0.8249670060176328,0.8323586744639376,50,8.0,10,10,log2,0.01,50,7.98,8,1838,36.76
successive,1,0.2019950829999288,0.8245974690457484,0.834307992202729,50,8.0,4,10,0.5,0.001,50,8.0,8,2588,51.76
successive,1,0.2004435410053702,0.824171529913904,0.8323586744639376,50,8.0,4,10,0.5,1e-05,50,8.0,8,3100,62.0
successive,1,0.1958667089929804,0.824171529913904,0.8323586744639376,50,8.0,4,10,0.5,0.0001,50,8.0,8,3100,62.0
successive,1,0.200915541005088,0.824171529913904,0.8323586744639376,50,8.0,4,10,0.5,0.0,50,8.0,8,3260,65.2
successive,1,0.0822472500003641,0.8241333410849653,0.8323586744639376,50,20.0,1,10,log2,0.01,50,10.96,14,2330,46.6
successive,1,0.0821647080010734,0.8234182337763717,0.8304093567251462,50,20.0,4,10,log2,0.01,50,11.48,16,2368,47.36
successive,1,0.0796059999993303,0.8234182337763717,0.8304093567251462,50,,4,10,log2,0.01,50,11.48,16,2376,47.52
successive,1,0.0942935830098576,0.8232666686755955,0.8323586744639376,50,,1,10,sqrt,0.01,50,12.5,18,2544,50.88
successive,1,0.0796051659999648,0.8226446105320467,0.8323586744639376,50,12.0,1,2,log2,0.01,50,10.98,12,2360,47.2
successive,1,0.091726832994027,0.8224116582984098,0.8304093567251462,50,20.0,1,10,sqrt,0.01,50,12.46,18,2544,50.88
successive,1,0.091636124998331,0.8222952548788495,0.8323586744639376,50,,4,10,sqrt,0.01,50,12.48,15,2500,50.0
successive,1,0.0952404160052537,0.8222952548788495,0.8323586744639376,50,20.0,4,10,sqrt,0.01,50,12.48,15,2510,50.2
successive,1,0.0848109169892268,0.8221780282579387,0.8304093567251462,50,12.0,10,2,sqrt,0.01,50,11.22,12,2476,49.52
successive,1,0.0959912500111386,0.8221780282579387,0.8304093567251462,50,12.0,10,5,sqrt,0.01,50,11.22,12,2476,49.52
successive,1,0.0934353330085286,0.8221780282579387,0.8304093567251462,50,12.0,10,7,sqrt,0.01,50,11.22,12,2476,49.52
successive,1,0.0958460410038242,0.8221780282579387,0.8304093567251462,50,12.0,10,10,sqrt,0.01,50,11.22,12,2476,49.52
successive,1,0.2264965419890359,0.8219993717778469,0.8284600389863548,50,12.0,10,2,0.5,0.001,50,12.0,12,3782,75.64
successive,1,0.226542916992912,0.8219993717778469,0.8284600389863548,50,12.0,10,5,0.5,0.001,50,12.0,12,3782,75.64
successive,1,0.2316237499908311,0.8219993717778469,0.8284600389863548,50,12.0,10,7,0.5,0.001,50,12.0,12,3782,75.64
successive,1,0.2230623749928781,0.8219993717778469,0.8284600389863548,50,12.0,10,10,0.5,0.001,50,12.0,12,3782,75.64
successive,1,0.0799629170069238,0.8217820187657969,0.8304093567251462,50,12.0,4,10,log2,0.01,50,11.02,12,2318,46.36
successive,1,0.0976289160025771,0.821777064663822,0.8304093567251462,50,,10,2,sqrt,0.01,50,12.12,20,2540,50.8
successive,1,0.0977950410015182,0.821777064663822,0.8304093567251462,50,,10,5,sqrt,0.01,50,12.12,20,2540,50.8
successive,1,0.0933004170074127,0.821777064663822,0.8304093567251462,50,,10,7,sqrt,0.01,50,12.12,20,2540,50.8
successive,1,0.0960869999980786,0.821777064663822,0.8304093567251462,50,,10,10,sqrt,0.01,50,12.12,20,2540,50.8
successive,1,0.0831306670006597,0.8217472854674905,0.8265107212475633,50,16.0,4,10,log2,0.01,50,11.56,16,2400,48.0
successive,1,0.080573415994877,0.821566818393516,0.8304093567251462,50,,1,10,log2,0.01,50,10.94,14,2308,46.16
successive,1,0.2087742500007152,0.8213570206217469,0.8323586744639376,50,8.0,1,5,0.5,0.001,50,8.0,8,2970,59.4
successive,1,0.0957254999957513,0.8212291402428066,0.8304093567251462,50,20.0,10,2,sqrt,0.01,50,12.08,20,2532,50.64
successive,1,0.1101038329943548,0.8212291402428066,0.8304093567251462,50,20.0,10,5,sqrt,0.01,50,12.08,20,2532,50.64
successive,1,0.0859003749937983,0.8212291402428066,0.8304093567251462,50,20.0,10,7,sqrt,0.01,50,12.08,20,2532,50.64
successive,1,0.0949347919959109,0.8212291402428066,0.8304093567251462,50,20.0,10,10,sqrt,0.01,50,12.08,20,2532,50.64
successive,1,0.2866428330016788,0.8209292672617443,0.8304093567251462,50,20.0,4,2,0.5,0.01,50,15.46,19,2640,52.8
successive,1,0.2620237910014111,0.8209292672617443,0.8304093567251462,50,20.0,4,5,0.5,0.01,50,15.46,19,2640,52.8
successive,1,0.2594922079879325,0.8209292672617443,0.8304093567251462,50,20.0,4,7,0.5,0.01,50,15.46,19,2640,52.8
successive,1,0.0940121250023366,0.8208807340839624,0.8265107212475633,50,16.0,1,10,sqrt,0.01,50,12.44,16,2540,50.8
successive,1,0.0834080829954473,0.8205204631206503,0.8304093567251462,50,20.0,1,5,log2,0.01,50,11.78,15,2376,47.52
successive,1,0.0953204580000601,0.8202280240172966,0.8304093567251462,50,16.0,4,10,sqrt,0.01,50,12.48,16,2506,50.12
successive,1,0.2616522909956984,0.8198227929988047,0.8304093567251462,50,16.0,1,5,0.5,0.01,50,14.82,16,2560,51.2
successive,1,0.0834099579951725,0.819506748073395,0.8265107212475633,50,20.0,1,2,log2,0.01,50,11.8,15,2402,48.04
successive,1,0.0830690000002505,0.8194045218657433,0.8284600389863548,50,,4,2,log2,0.01,50,11.28,15,2342,46.84
successive,1,0.0826499579998198,0.8194045218657433,0.8284600389863548,50,,4,5,log2,0.01,50,11.28,15,2342,46.84
successive,1,0.0856617499957792,0.8194045218657433,0.8284600389863548,50,,4,7,log2,0.01,50,11.28,15,2342,46.84
successive,1,0.2679424170055426,0.8193459524538974,0.8284600389863548,50,20.0,1,5,0.5,0.01,50,15.04,18,2584,51.68
successive,1,0.2769118750002235,0.8189404569708323,0.8284600389863548,50,,4,2,0.5,0.01,50,15.36,19,2626,52.52
successive,1,0.2686070420022588,0.8189404569708323,0.8284600389863548,50,,4,5,0.5,0.01,50,15.36,19,2626,52.52
successive,1,0.2763292909949086,0.8189404569708323,0.8284600389863548,50,,4,7,0.5,0.01,50,15.36,19,2626,52.52
successive,1,0.081452291997266,0.8187474554003065,0.8284600389863548,50,,1,5,log2,0.01,50,11.8,16,2366,47.32
successive,1,0.0932525829994119,0.8181706809079442,0.8284600389863548,50,12.0,4,10,sqrt,0.01,50,11.28,12,2390,47.8
successive,1,0.0834506669925758,0.8169456222021374,0.8245614035087719,50,16.0,10,2,log2,0.01,50,11.38,15,2378,47.56
successive,1,0.0829637499991804,0.8169456222021374,0.8245614035087719,50,16.0,10,5,log2,0.01,50,11.38,15,2378,47.56
successive,1,0.0832429160072933,0.8169456222021374,0.8245614035087719,50,16.0,10,7,log2,0.01,50,11.38,15,2378,47.56
successive,1,0.0813003750081406,0.8169456222021374,0.8245614035087719,50,16.0,10,10,log2,0.01,50,11.38,15,2378,47.56
successive,1,0.5005734159931308,0.8169377673510643,0.8265107212475633,50,8.0,1,2,log2,0.01,50,8.0,8,1882,37.64
successive,1,0.2748455419932725,0.8164133229734507,0.8265107212475633,50,,1,5,0.5,0.01,50,15.06,18,2586,51.72
successive,1,0.0842840840050485,0.8162127675096457,0.8245614035087719,50,16.0,1,7,log2,0.01,50,11.54,15,2372,47.44
successive,1,0.0834171250025974,0.815846091568634,0.8245614035087719,50,20.0,10,2,log2,0.01,50,11.38,15,2372,47.44
successive,1,0.0821937500004423,0.815846091568634,0.8245614035087719,50,20.0,10,5,log2,0.01,50,11.38,15,2372,47.44
successive,1,0.0833031250076601,0.815846091568634,0.8245614035087719,50,20.0,10,7,log2,0.01,50,11.38,15,2372,47.44
successive,1,0.0797392920067068,0.815846091568634,0.8245614035087719,50,20.0,10,10,log2,0.01,50,11.38,15,2372,47.44
successive,1,0.0948866669932613,0.81554121997245,0.8245614035087719,50,12.0,4,2,sqrt,0.01,50,11.26,12,2462,49.24
successive,1,0.0963664169976254,0.81554121997245,0.8245614035087719,50,12.0,4,5,sqrt,0.01,50,11.26,12,2462,49.24
successive,1,0.1167724170081783,0.81554121997245,0.8245614035087719,50,12.0,4,7,sqrt,0.01,50,11.26,12,2462,49.24
successive,1,0.1053449169994564,0.8151520242114947,0.8265107212475633,50,,1,7,sqrt,0.01,50,12.24,15,2496,49.92
successive,1,0.271709374996135,0.8146642121694203,0.8245614035087719,50,,1,7,0.5,0.01,50,15.28,17,2586,51.72
successive,1,0.2665817920060362,0.8145718496446998,0.8245614035087719,50,20.0,1,7,0.5,0.01,50,15.28,18,2590,51.8
successive,1,0.0920931250002468,0.8144784696311386,0.8245614035087719,50,16.0,1,2,log2,0.01,50,11.44,16,2380,47.6
successive,1,0.0945943330007139,0.8144594573405012,0.8245614035087719,50,12.0,1,7,sqrt,0.01,50,11.42,12,2432,48.64
successive,1,0.2646234580024611,0.8143990816295096,0.8245614035087719,50,16.0,4,10,0.5,0.01,50,15.34,16,2584,51.68
successive,1,0.2536265419912524,0.8143694071902271,0.8245614035087719,50,16.0,4,2,0.5,0.01,50,15.0,16,2592,51.84
successive,1,0.2591729590058094,0.8143694071902271,0.8245614035087719,50,16.0,4,5,0.5,0.01,50,15.0,16,2592,51.84
successive,1,0.2583995839959243,0.8143694071902271,0.8245614035087719,50,16.0,4,7,0.5,0.01,50,15.0,16,2592,51.84
successive,1,0.1924188749981112,0.8142043199816956,0.8245614035087719,50,8.0,4,2,0.5,0.001,50,8.0,8,2684,53.68
successive,1,0.1970000419969437,0.8142043199816956,0.8245614035087719,50,8.0,4,5,0.5,0.001,50,8.0,8,2684,53.68
successive,1,0.1954563750041416,0.8142043199816956,0.8245614035087719,50,8.0,4,7,0.5,0.001,50,8.0,8,2684,53.68
successive,1,0.2562610839959234,0.8138821953312122,0.8245614035087719,50,,4,10,0.5,0.01,50,15.74,18,2628,52.56
successive,1,0.0785849170060828,0.8129409935492962,0.8226120857699805,50,,10,2,log2,0.01,50,11.38,15,2376,47.52
successive,1,0.0803233749902574,0.8129409935492962,0.8226120857699805,50,,10,5,log2,0.01,50,11.38,15,2376,47.52
successive,1,0.0854098330019041,0.8129409935492962,0.8226120857699805,50,,10,7,log2,0.01,50,11.38,15,2376,47.52
successive,1,0.0841981249977834,0.8129409935492962,0.8226120857699805,50,,10,10,log2,0.01,50,11.38,15,2376,47.52
successive,1,0.0824479169968981,0.8128995645814266,0.8226120857699805,50,20.0,4,2,log2,0.01,50,11.28,15,2356,47.12
successive,1,0.0838532910129288,0.8128995645814266,0.8226120857699805,50,20.0,4,5,log2,0.01,50,11.28,15,2356,47.12
successive,1,0.0805944169987924,0.8128995645814266,0.8226120857699805,50,20.0,4,7,log2,0.01,50,11.28,15,2356,47.12
successive,1,0.2528093750006519,0.8125331956576868,0.8245614035087719,50,16.0,1,7,0.5,0.01,50,15.04,16,2564,51.28
successive,1,0.0795693749969359,0.8122956986752956,0.8206627680311891,50,8.0,4,10,log2,0.01,50,7.98,8,1774,35.48
successive,1,0.2564377919916296,0.8121089072174744,0.8226120857699805,50,20.0,4,10,0.5,0.01,50,15.66,18,2620,52.4
successive,1,0.0799556249985471,0.811884828200003,0.8226120857699805,50,8.0,1,5,sqrt,0.01,50,7.98,8,1900,38.0
successive,1,0.0937919999996665,0.8114711029047503,0.8245614035087719,50,8.0,1,7,sqrt,0.01,50,8.0,8,1908,38.16
successive,1,0.188969792012358,0.8110763392962929,0.8226120857699805,50,8.0,4,2,0.5,0.0001,50,8.0,8,3216,64.32
successive,1,0.2063075000041863,0.8110763392962929,0.8226120857699805,50,8.0,4,5,0.5,0.0001,50,8.0,8,3216,64.32
successive,1,0.201604749992839,0.8110763392962929,0.8226120857699805,50,8.0,4,7,0.5,0.0001,50,8.0,8,3216,64.32
successive,1,0.2013311659975443,0.8110763392962929,0.8226120857699805,50,8.0,4,2,0.5,1e-05,50,8.0,8,3218,64.36
successive,1,0.1961701669933973,0.8110763392962929,0.8226120857699805,50,8.0,4,5,0.5,1e-05,50,8.0,8,3218,64.36
successive,1,0.199314333993243,0.8110763392962929,0.8226120857699805,50,8.0,4,7,0.5,1e-05,50,8.0,8,3218,64.36
successive,1,0.1922418330068467,0.8110763392962929,0.8226120857699805,50,8.0,4,2,0.5,0.0,50,8.0,8,3384,67.68
successive,1,0.194766124986927,0.8110763392962929,0.8226120857699805,50,8.0,4,5,0.5,0.0,50,8.0,8,3384,67.68
successive,1,0.1981873329932568,0.8110763392962929,0.8226120857699805,50,8.0,4,7,0.5,0.0,50,8.0,8,3384,67.68
successive,1,0.0985290840035304,0.8106050624593458,0.8206627680311891,50,12.0,1,10,sqrt,0.01,50,11.5,12,2486,49.72
successive,1,0.0798246250051306,0.8097453787057839,0.8187134502923976,50,12.0,7,2,log2,0.01,50,10.66,12,2344,46.88
successive,1,0.0802450829942245,0.8097453787057839,0.8187134502923976,50,12.0,7,5,log2,0.01,50,10.66,12,2344,46.88
successive,1,0.0796122500032652,0.8097453787057839,0.8187134502923976,50,12.0,7,7,log2,0.01,50,10.66,12,2344,46.88
successive,1,0.0787305000121705,0.8097453787057839,0.8187134502923976,50,12.0,7,10,log2,0.01,50,10.66,12,2344,46.88
successive,1,0.0961035840009572,0.8096507914944567,0.8187134502923976,50,16.0,1,7,sqrt,0.01,50,12.54,16,2536,50.72
successive,1,0.2431467499991413,0.8092318769995553,0.8187134502923976,50,,10,2,0.5,0.01,50,15.1,18,2596,51.92
successive,1,0.2457655000034719,0.8092318769995553,0.8187134502923976,50,,10,5,0.5,0.01,50,15.1,18,2596,51.92
successive,1,0.2524929999926826,0.8092318769995553,0.8187134502923976,50,,10,7,0.5,0.01,50,15.1,18,2596,51.92
successive,1,0.2515866659960011,0.8092318769995553,0.8187134502923976,50,,10,10,0.5,0.01,50,15.1,18,2596,51.92
successive,1,0.2746635829971637,0.8092057232474799,0.8187134502923976,50,20.0,10,2,0.5,0.01,50,15.06,18,2596,51.92
successive,1,0.2503242079983465,0.8092057232474799,0.8187134502923976,50,20.0,10,5,0.5,0.01,50,15.06,18,2596,51.92
successive,1,0.2432322919921716,0.8092057232474799,0.8187134502923976,50,20.0,10,7,0.5,0.01,50,15.06,18,2596,51.92
successive,1,0.2608136669878149,0.8092057232474799,0.8187134502923976,50,20.0,10,10,0.5,0.01,50,15.06,18,2596,51.92
successive,1,0.1893885419995058,0.8090001197287681,0.8226120857699805,50,8.0,7,2,0.5,0.001,50,8.0,8,2340,46.8
successive,1,0.1927669580036308,0.8090001197287681,0.8226120857699805,50,8.0,7,5,0.5,0.001,50,8.0,8,2340,46.8
successive,1,0.1965654590021586,0.8090001197287681,0.8226120857699805,50,8.0,7,7,0.5,0.001,50,8.0,8,2340,46.8
successive,1,0.1979378340038238,0.8090001197287681,0.8226120857699805,50,8.0,7,10,0.5,0.001,50,8.0,8,2340,46.8
successive,1,0.2540474580018781,0.8085609298874293,0.8187134502923976,50,20.0,7,2,0.5,0.01,50,15.18,17,2584,51.68
successive,1,0.2571761250001145,0.8085609298874293,0.8187134502923976,50,20.0,7,5,0.5,0.01,50,15.18,17,2584,51.68
successive,1,0.2510681249987101,0.8085609298874293,0.8187134502923976,50,20.0,7,7,0.5,0.01,50,15.18,17,2584,51.68
successive,1,0.2640152079984545,0.8085609298874293,0.8187134502923976,50,20.0,7,10,0.5,0.01,50,15.18,17,2584,51.68
successive,1,0.2541582080011721,0.8085039873440628,0.8206627680311891,50,16.0,7,2,0.5,0.01,50,15.0,16,2560,51.2
successive,1,0.248129666011664,0.8085039873440628,0.8206627680311891,50,16.0,7,5,0.5,0.01,50,15.0,16,2560,51.2
successive,1,0.2410039999958826,0.8085039873440628,0.8206627680311891,50,16.0,7,7,0.5,0.01,50,15.0,16,2560,51.2
successive,1,0.244426667006337,0.8085039873440628,0.8206627680311891,50,16.0,7,10,0.5,0.01,50,15.0,16,2560,51.2
successive,1,0.2405152499995893,0.8075849407870449,0.8265107212475633,50,12.0,1,7,0.5,0.01,50,12.0,12,2214,44.28
successive,1,0.0785546249971957,0.8073504369114819,0.8167641325536062,50,16.0,1,10,log2,0.01,50,10.88,16,2346,46.92
successive,1,0.1910076250060228,0.8068517433170875,0.8206627680311891,50,8.0,10,2,0.5,0.001,50,8.0,8,2296,45.92
successive,1,0.1961323340074159,0.8068517433170875,0.8206627680311891,50,8.0,10,5,0.5,0.001,50,8.0,8,2296,45.92
successive,1,0.2013050839887,0.8068517433170875,0.8206627680311891,50,8.0,10,7,0.5,0.001,50,8.0,8,2296,45.92
successive,1,0.1990212079981574,0.8068517433170875,0.8206627680311891,50,8.0,10,10,0.5,0.001,50,8.0,8,2296,45.92
successive,1,0.2012370000011287,0.8068426838591609,0.8206627680311891,50,8.0,10,2,0.5,0.0001,50,8.0,8,2696,53.92
successive,1,0.1998297919926699,0.8068426838591609,0.8206627680311891,50,8.0,10,5,0.5,0.0001,50,8.0,8,2696,53.92
successive,1,0.1973988749959971,0.8068426838591609,0.8206627680311891,50,8.0,10,7,0.5,0.0001,50,8.0,8,2696,53.92
successive,1,0.1967925829958403,0.8068426838591609,0.8206627680311891,50,8.0,10,10,0.5,0.0001,50,8.0,8,2696,53.92
successive,1,0.1992911249981261,0.8068426838591609,0.8206627680311891,50,8.0,10,2,0.5,1e-05,50,8.0,8,2892,57.84
successive,1,0.2091312499978812,0.8068426838591609,0.8206627680311891,50,8.0,10,5,0.5,1e-05,50,8.0,8,2892,57.84
successive,1,0.1998370410001371,0.8068426838591609,0.8206627680311891,50,8.0,10,7,0.5,1e-05,50,8.0,8,2892,57.84
successive,1,0.1967008749925298,0.8068426838591609,0.8206627680311891,50,8.0,10,10,0.5,1e-05,50,8.0,8,2892,57.84
successive,1,0.1865184999915072,0.8068426838591609,0.8206627680311891,50,8.0,10,2,0.5,0.0,50,8.0,8,3120,62.4
successive,1,0.1896212079882389,0.8068426838591609,0.8206627680311891,50,8.0,10,5,0.5,0.0,50,8.0,8,3120,62.4
successive,1,0.1938012500031618,0.8068426838591609,0.8206627680311891,50,8.0,10,7,0.5,0.0,50,8.0,8,3120,62.4
successive,1,0.1960088339983485,0.8068426838591609,0.8206627680311891,50,8.0,10,10,0.5,0.0,50,8.0,8,3120,62.4
successive,1,0.0947412909881677,0.8066379694257009,0.8187134502923976,50,20.0,1,7,sqrt,0.01,50,12.2,15,2494,49.88
successive,1,0.080898291998892,0.8060987505762548,0.8148148148148148,50,12.0,1,10,log2,0.01,50,10.76,12,2248,44.96
successive,1,0.2544224169978406,0.8055120502868256,0.8167641325536062,50,,7,2,0.5,0.01,50,15.18,17,2582,51.64
successive,1,0.2680303329980233,0.8055120502868256,0.8167641325536062,50,,7,5,0.5,0.01,50,15.18,17,2582,51.64
successive,1,0.253425333998166,0.8055120502868256,0.8167641325536062,50,,7,7,0.5,0.01,50,15.18,17,2582,51.64
successive,1,0.2600412500032689,0.8055120502868256,0.8167641325536062,50,,7,10,0.5,0.01,50,15.18,17,2582,51.64
successive,1,0.2008066669950494,0.8054836362122846,0.8206627680311891,50,8.0,7,2,0.5,0.0001,50,8.0,8,2822,56.44
successive,1,0.1956818329927045,0.8054836362122846,0.8206627680311891,50,8.0,7,5,0.5,0.0001,50,8.0,8,2822,56.44
successive,1,0.1913585000002058,0.8054836362122846,0.8206627680311891,50,8.0,7,7,0.5,0.0001,50,8.0,8,2822,56.44
successive,1,0.1968381250044331,0.8054836362122846,0.8206627680311891,50,8.0,7,10,0.5,0.0001,50,8.0,8,2822,56.44
successive,1,0.1929602079908363,0.8054836362122846,0.8206627680311891,50,8.0,7,2,0.5,1e-05,50,8.0,8,2928,58.56
successive,1,0.1948721249937079,0.8054836362122846,0.8206627680311891,50,8.0,7,5,0.5,1e-05,50,8.0,8,2928,58.56
successive,1,0.194976457991288,0.8054836362122846,0.8206627680311891,50,8.0,7,7,0.5,1e-05,50,8.0,8,2928,58.56
successive,1,0.2022066250065108,0.8054836362122846,0.8206627680311891,50,8.0,7,10,0.5,1e-05,50,8.0,8,2928,58.56
successive,1,0.1955653750046622,0.8054836362122846,0.8206627680311891,50,8.0,7,2,0.5,0.0,50,8.0,8,3114,62.28
successive,1,0.1927825409948127,0.8054836362122846,0.8206627680311891,50,8.0,7,5,0.5,0.0,50,8.0,8,3114,62.28
successive,1,0.1911711660068249,0.8054836362122846,0.8206627680311891,50,8.0,7,7,0.5,0.0,50,8.0,8,3114,62.28
successive,1,0.1957821249961853,0.8054836362122846,0.8206627680311891,50,8.0,7,10,0.5,0.0,50,8.0,8,3114,62.28
successive,1,0.0929839579912368,0.8053077279428915,0.8167641325536062,50,,1,7,log2,0.01,50,11.56,15,2362,47.24
successive,1,0.237773916000151,0.8048784551953159,0.8167641325536062,50,12.0,1,5,0.5,0.01,50,12.0,12,2234,44.68
successive,1,0.2691543749970151,0.8047524717384636,0.8128654970760234,50,20.0,1,2,0.5,0.01,50,15.32,19,2612,52.24
successive,1,0.2687583329970948,0.8047377167341341,0.8148148148148148,50,20.0,1,10,0.5,0.01,50,15.34,19,2616,52.32
successive,1,0.0910038750007515,0.8046677642555501,0.8167641325536062,50,20.0,1,7,log2,0.01,50,11.6,15,2406,48.12
successive,1,0.0827212089934619,0.8043653242216949,0.8148148148148148,50,12.0,10,2,log2,0.01,50,10.88,12,2342,46.84
successive,1,0.081038583011832,0.8043653242216949,0.8148148148148148,50,12.0,10,5,log2,0.01,50,10.88,12,2342,46.84
successive,1,0.0823959170083981,0.8043653242216949,0.8148148148148148,50,12.0,10,7,log2,0.01,50,10.88,12,2342,46.84
successive,1,0.0831448749959236,0.8043653242216949,0.8148148148148148,50,12.0,10,10,log2,0.01,50,10.88,12,2342,46.84
successive,1,0.0807887499977368,0.8037758558143157,0.8148148148148148,50,8.0,7,2,log2,0.01,50,7.96,8,1852,37.04
successive,1,0.0817506659950595,0.8037758558143157,0.8148148148148148,50,8.0,7,5,log2,0.01,50,7.96,8,1852,37.04
successive,1,0.0828612500044982,0.8037758558143157,0.8148148148148148,50,8.0,7,7,log2,0.01,50,7.96,8,1852,37.04
successive,1,0.0829609579959651,0.8037758558143157,0.8148148148148148,50,8.0,7,10,log2,0.01,50,7.96,8,1852,37.04
successive,1,0.2713373339938698,0.80345951772057,0.8128654970760234,50,,1,10,0.5,0.01,50,15.36,19,2622,52.44
successive,1,0.2409518749918788,0.8033305370916755,0.8128654970760234,50,16.0,10,2,0.5,0.01,50,14.8,16,2560,51.2
successive,1,0.2383169999957317,0.8033305370916755,0.8128654970760234,50,16.0,10,5,0.5,0.01,50,14.8,16,2560,51.2
successive,1,0.2391891250008484,0.8033305370916755,0.8128654970760234,50,16.0,10,7,0.5,0.01,50,14.8,16,2560,51.2
successive,1,0.2434336250007618,0.8033305370916755,0.8128654970760234,50,16.0,10,10,0.5,0.01,50,14.8,16,2560,51.2
successive,1,0.2658932500053197,0.8029758948175879,0.8128654970760234,50,16.0,1,10,0.5,0.01,50,14.94,16,2580,51.6
successive,1,0.2735916670062579,0.8028843072308688,0.8109161793372319,50,,1,2,0.5,0.01,50,15.32,19,2614,52.28
successive,1,0.0833577919984236,0.8010458204586028,0.8128654970760234,50,8.0,1,10,log2,0.01,50,8.0,8,1876,37.52
successive,1,0.0784338340017711,0.8002549070179474,0.8109161793372319,50,8.0,1,5,log2,0.01,50,8.0,8,1872,37.44
successive,1,0.0825707499898271,0.7996493990646951,0.8109161793372319,50,8.0,7,2,sqrt,0.01,50,7.98,8,1900,38.0
successive,1,0.1033909169927937,0.7996493990646951,0.8109161793372319,50,8.0,7,5,sqrt,0.01,50,7.98,8,1900,38.0
successive,1,0.0822798339941073,0.7996493990646951,0.8109161793372319,50,8.0,7,7,sqrt,0.01,50,7.98,8,1900,38.0
successive,1,0.0823415420018136,0.7996493990646951,0.8109161793372319,50,8.0,7,10,sqrt,0.01,50,7.98,8,1900,38.0
successive,1,0.0924437080102507,0.7994925816837316,0.8089668615984406,50,12.0,1,7,log2,0.01,50,10.92,12,2346,46.92
successive,1,0.2327212499949382,0.7987693174356184,0.8148148148148148,50,12.0,4,2,0.5,0.01,50,12.0,12,2244,44.88
successive,1,0.2314350419910624,0.7987693174356184,0.8148148148148148,50,12.0,4,5,0.5,0.01,50,12.0,12,2244,44.88
successive,1,0.2327929589955601,0.7987693174356184,0.8148148148148148,50,12.0,4,7,0.5,0.01,50,12.0,12,2244,44.88
successive,1,0.2641541249904549,0.7967200987750294,0.8070175438596491,50,16.0,1,2,0.5,0.01,50,14.84,16,2550,51.0
successive,1,0.2205254169966792,0.7960287124168339,0.8167641325536062,50,8.0,4,10,0.5,0.01,50,8.0,8,1614,32.28
successive,1,0.2330642500019166,0.7956118192415158,0.8187134502923976,50,12.0,7,2,0.5,0.01,50,12.0,12,2224,44.48
successive,1,0.2256376669974997,0.7956118192415158,0.8187134502923976,50,12.0,7,5,0.5,0.01,50,12.0,12,2224,44.48
successive,1,0.2355532499932451,0.7956118192415158,0.8187134502923976,50,12.0,7,7,0.5,0.01,50,12.0,12,2224,44.48
successive,1,0.2367727920063771,0.7956118192415158,0.8187134502923976,50,12.0,7,10,0.5,0.01,50,12.0,12,2224,44.48
successive,1,0.1904119160026312,0.7925174050877136,0.8128654970760234,50,8.0,4,2,0.5,0.01,50,8.0,8,1642,32.84
successive,1,0.2128178339917212,0.7925174050877136,0.8128654970760234,50,8.0,4,5,0.5,0.01,50,8.0,8,1642,32.84
successive,1,0.2025037499988684,0.7925174050877136,0.8128654970760234,50,8.0,4,7,0.5,0.01,50,8.0,8,1642,32.84
successive,1,0.0941554579912917,0.7924520109756265,0.8070175438596491,50,8.0,4,10,sqrt,0.01,50,7.98,8,1876,37.52
successive,1,0.0822768329962855,0.7923549059985769,0.8031189083820662,50,16.0,1,5,log2,0.01,50,11.82,15,2354,47.08
successive,1,0.0837100420030765,0.7913569977259811,0.8031189083820662,50,8.0,4,2,sqrt,0.01,50,8.0,8,1886,37.72
successive,1,0.0820182919997023,0.7913569977259811,0.8031189083820662,50,8.0,4,5,sqrt,0.01,50,8.0,8,1886,37.72
successive,1,0.0947542080102721,0.7913569977259811,0.8031189083820662,50,8.0,4,7,sqrt,0.01,50,8.0,8,1886,37.72
successive,1,0.2395187500078464,0.7909464047573531,0.8109161793372319,50,12.0,1,10,0.5,0.01,50,12.0,12,2226,44.52
successive,1,0.0909429159946739,0.7906412251059561,0.8050682261208577,50,8.0,1,10,sqrt,0.01,50,8.0,8,1938,38.76
successive,1,0.2359940410096896,0.7900711101835507,0.8128654970760234,50,12.0,4,10,0.5,0.01,50,12.0,12,2202,44.04
successive,1,0.2001182499952847,0.7891492985017973,0.8128654970760234,50,8.0,7,2,0.5,0.01,50,8.0,8,1592,31.84
successive,1,0.2029254579974804,0.7891492985017973,0.8128654970760234,50,8.0,7,5,0.5,0.01,50,8.0,8,1592,31.84
successive,1,0.1993417909980053,0.7891492985017973,0.8128654970760234,50,8.0,7,7,0.5,0.01,50,8.0,8,1592,31.84
successive,1,0.1949833329999819,0.7891492985017973,0.8128654970760234,50,8.0,7,10,0.5,0.01,50,8.0,8,1592,31.84
successive,1,0.5231995409994852,0.7884377094341529,0.7992202729044834,50,8.0,1,2,sqrt,0.01,50,8.0,8,1832,36.64
successive,1,0.2489304159971652,0.7883130962073662,0.8148148148148148,50,12.0,1,2,0.5,0.01,50,12.0,12,2250,45.0
successive,1,0.0947545420058304,0.787812792365222,0.8031189083820662,50,8.0,10,2,sqrt,0.01,50,7.98,8,1912,38.24
successive,1,0.0816666669998085,0.787812792365222,0.8031189083820662,50,8.0,10,5,sqrt,0.01,50,7.98,8,1912,38.24
successive,1,0.0934868330077733,0.787812792365222,0.8031189083820662,50,8.0,10,7,sqrt,0.01,50,7.98,8,1912,38.24
successive,1,0.088974957994651,0.787812792365222,0.8031189083820662,50,8.0,10,10,sqrt,0.01,50,7.98,8,1912,38.24
successive,1,0.1915948329988168,0.7876089148664592,0.8128654970760234,50,8.0,10,2,0.5,0.01,50,8.0,8,1630,32.6
successive,1,0.2008875000028638,0.7876089148664592,0.8128654970760234,50,8.0,10,5,0.5,0.01,50,8.0,8,1630,32.6
successive,1,0.1897893749992363,0.7876089148664592,0.8128654970760234,50,8.0,10,7,0.5,0.01,50,8.0,8,1630,32.6
successive,1,0.1973986249940935,0.7876089148664592,0.8128654970760234,50,8.0,10,10,0.5,0.01,50,8.0,8,1630,32.6
successive,1,0.0836663330119336,0.7874902843862852,0.8031189083820662,50,8.0,4,2,log2,0.01,50,7.98,8,1796,35.92
successive,1,0.0812377080001169,0.7874902843862852,0.8031189083820662,50,8.0,4,5,log2,0.01,50,7.98,8,1796,35.92
successive,1,0.0835528329916996,0.7874902843862852,0.8031189083820662,50,8.0,4,7,log2,0.01,50,7.98,8,1796,35.92
successive,1,0.2086175410076975,0.7858722464077599,0.8089668615984406,50,8.0,1,5,0.5,0.01,50,8.0,8,1592,31.84
successive,1,0.2224860830028774,0.7854604853777931,0.8031189083820662,50,12.0,10,2,0.5,0.01,50,12.0,12,2238,44.76
successive,1,0.2321163339947816,0.7854604853777931,0.8031189083820662,50,12.0,10,5,0.5,0.01,50,12.0,12,2238,44.76
successive,1,0.2274105839896947,0.7854604853777931,0.8031189083820662,50,12.0,10,7,0.5,0.01,50,12.0,12,2238,44.76
successive,1,0.2266054589999839,0.7854604853777931,0.8031189083820662,50,12.0,10,10,0.5,0.01,50,12.0,12,2238,44.76
successive,1,0.2045334169961279,0.7854239567812679,0.8109161793372319,50,8.0,1,10,0.5,0.01,50,8.0,8,1606,32.12
successive,1,0.0809420830046292,0.7832525241356908,0.7953216374269005,50,8.0,1,7,log2,0.01,50,7.96,8,1822,36.44
successive,1,0.1916304579935968,0.7831928275939071,0.8089668615984406,50,8.0,1,7,0.5,0.01,50,8.0,8,1604,32.08
successive,1,2.1639867080084514,0.7786265461284502,0.7894736842105263,50,8.0,1,2,0.5,1e-05,50,8.0,8,4196,83.92
successive,1,2.11740566600929,0.7786265461284502,0.7894736842105263,50,8.0,1,2,0.5,0.0001,50,8.0,8,4196,83.92
successive,1,1.91367458300374,0.7786265461284502,0.7894736842105263,50,8.0,1,2,0.5,0.0,50,8.0,8,4426,88.52
successive,1,1.5851325830008136,0.7663356575939554,0.7816764132553606,50,8.0,1,2,0.5,0.001,50,8.0,8,3174,63.48
successive,1,0.2073541669960832,0.7410201816684733,0.7680311890838206,50,8.0,1,2,0.5,0.01,50,8.0,8,1610,32.2
